<?xml version="1.0" encoding="utf-8" ?>
<kml xmlns="http://www.opengis.net/kml/2.2">
<Document id="root_doc">
<Schema name="hotosm_tha_railways_points_kml" id="hotosm_tha_railways_points_kml">
	<SimpleField name="name:en" type="string"></SimpleField>
	<SimpleField name="railway" type="string"></SimpleField>
	<SimpleField name="ele" type="string"></SimpleField>
	<SimpleField name="operator:type" type="string"></SimpleField>
	<SimpleField name="layer" type="string"></SimpleField>
	<SimpleField name="addr:full" type="string"></SimpleField>
	<SimpleField name="addr:city" type="string"></SimpleField>
	<SimpleField name="source" type="string"></SimpleField>
	<SimpleField name="name:th" type="string"></SimpleField>
	<SimpleField name="osm_id" type="string"></SimpleField>
	<SimpleField name="osm_type" type="string"></SimpleField>
</Schema>
<Folder><name>hotosm_tha_railways_points_kml</name>
  <Placemark>
	<name>ปากตะโก</name>
	<name>station</name>
	<description>Pak Tako</description>
	<ExtendedData><SchemaData schemaUrl="#hotosm_tha_railways_points_kml">
		<SimpleData name="addr:city">ปากตะโก</SimpleData>
		<SimpleData name="source">259775903</SimpleData>
		<SimpleData name="name:th">nodes</SimpleData>
	</SchemaData></ExtendedData>
      <Point><coordinates>99.1023848,10.0919069</coordinates></Point>
  </Placemark>
  <Placemark>
	<name>ท่ากิเลน</name>
	<name>station</name>
	<description>Tha Kilen</description>
	<ExtendedData><SchemaData schemaUrl="#hotosm_tha_railways_points_kml">
		<SimpleData name="addr:city">ท่ากิเลน</SimpleData>
		<SimpleData name="source">272303917</SimpleData>
		<SimpleData name="name:th">nodes</SimpleData>
	</SchemaData></ExtendedData>
      <Point><coordinates>99.257234,14.0405939</coordinates></Point>
  </Placemark>
  <Placemark>
	<name>วังโพ</name>
	<name>station</name>
	<description>Wang Pho</description>
	<ExtendedData><SchemaData schemaUrl="#hotosm_tha_railways_points_kml">
		<SimpleData name="addr:city">วังโพ</SimpleData>
		<SimpleData name="source">272304779</SimpleData>
		<SimpleData name="name:th">nodes</SimpleData>
	</SchemaData></ExtendedData>
      <Point><coordinates>99.1395448,14.1202345</coordinates></Point>
  </Placemark>
  <Placemark>
	<name>ชะอำ</name>
	<name>station</name>
	<description>Cha-am</description>
	<ExtendedData><SchemaData schemaUrl="#hotosm_tha_railways_points_kml">
		<SimpleData name="addr:city">ชะอำ</SimpleData>
		<SimpleData name="source">369742119</SimpleData>
		<SimpleData name="name:th">nodes</SimpleData>
	</SchemaData></ExtendedData>
      <Point><coordinates>99.9662102,12.7998336</coordinates></Point>
  </Placemark>
  <Placemark>
	<name>นาสาร</name>
	<name>station</name>
	<description>Na San</description>
	<ExtendedData><SchemaData schemaUrl="#hotosm_tha_railways_points_kml">
		<SimpleData name="addr:city">นาสาร</SimpleData>
		<SimpleData name="source">617272041</SimpleData>
		<SimpleData name="name:th">nodes</SimpleData>
	</SchemaData></ExtendedData>
      <Point><coordinates>99.3622274,8.8012577</coordinates></Point>
  </Placemark>
  <Placemark>
	<name>ชุมทางทุ่งสง</name>
	<name>station</name>
	<description>Thung Song Junction</description>
	<ExtendedData><SchemaData schemaUrl="#hotosm_tha_railways_points_kml">
		<SimpleData name="addr:city">ชุมทางทุ่งสง</SimpleData>
		<SimpleData name="source">999040784</SimpleData>
		<SimpleData name="name:th">nodes</SimpleData>
	</SchemaData></ExtendedData>
      <Point><coordinates>99.6794995,8.1707443</coordinates></Point>
  </Placemark>
  <Placemark>
	<name>ทุ่งประดู่</name>
	<name>station</name>
	<description>Thung Pradu</description>
	<ExtendedData><SchemaData schemaUrl="#hotosm_tha_railways_points_kml">
		<SimpleData name="addr:full">Bing</SimpleData>
		<SimpleData name="source">1199825436</SimpleData>
		<SimpleData name="name:th">nodes</SimpleData>
	</SchemaData></ExtendedData>
      <Point><coordinates>99.6358286,11.5266045</coordinates></Point>
  </Placemark>
  <Placemark>
	<name>สวี</name>
	<name>station</name>
	<description>Sawi</description>
	<ExtendedData><SchemaData schemaUrl="#hotosm_tha_railways_points_kml">
		<SimpleData name="addr:full">Wikipedia</SimpleData>
		<SimpleData name="source">2041271421</SimpleData>
		<SimpleData name="name:th">nodes</SimpleData>
	</SchemaData></ExtendedData>
      <Point><coordinates>99.1048493,10.2363261</coordinates></Point>
  </Placemark>
  <Placemark>
	<name>ท่าฉาง</name>
	<name>station</name>
	<description>Tha Chang</description>
	<ExtendedData><SchemaData schemaUrl="#hotosm_tha_railways_points_kml">
		<SimpleData name="addr:full">Wikipedia</SimpleData>
		<SimpleData name="source">2041271696</SimpleData>
		<SimpleData name="name:th">nodes</SimpleData>
	</SchemaData></ExtendedData>
      <Point><coordinates>99.1994232,9.2753412</coordinates></Point>
  </Placemark>
  <Placemark>
	<name>ละแม</name>
	<name>station</name>
	<description>Lamae</description>
	<ExtendedData><SchemaData schemaUrl="#hotosm_tha_railways_points_kml">
		<SimpleData name="source">2041271702</SimpleData>
		<SimpleData name="name:th">nodes</SimpleData>
	</SchemaData></ExtendedData>
      <Point><coordinates>99.107713,9.7747142</coordinates></Point>
  </Placemark>
  <Placemark>
	<name>วังก์พง</name>
	<name>station</name>
	<description>Wang Phong</description>
	<ExtendedData><SchemaData schemaUrl="#hotosm_tha_railways_points_kml">
		<SimpleData name="addr:city">วังก์พง</SimpleData>
		<SimpleData name="source">2606351396</SimpleData>
		<SimpleData name="name:th">nodes</SimpleData>
	</SchemaData></ExtendedData>
      <Point><coordinates>99.9322068,12.4007827</coordinates></Point>
  </Placemark>
  <Placemark>
	<name>เขาไชยราช</name>
	<name>station</name>
	<description>Khao Chai Rat</description>
	<ExtendedData><SchemaData schemaUrl="#hotosm_tha_railways_points_kml">
		<SimpleData name="source">2616988419</SimpleData>
		<SimpleData name="name:th">nodes</SimpleData>
	</SchemaData></ExtendedData>
      <Point><coordinates>99.3643169,10.9582864</coordinates></Point>
  </Placemark>
  <Placemark>
	<name>เขาเต่า</name>
	<name>station</name>
	<description>Khao Tao</description>
	<ExtendedData><SchemaData schemaUrl="#hotosm_tha_railways_points_kml">
		<SimpleData name="addr:city">เขาเต่า</SimpleData>
		<SimpleData name="source">2628162369</SimpleData>
		<SimpleData name="name:th">nodes</SimpleData>
	</SchemaData></ExtendedData>
      <Point><coordinates>99.9700404,12.4595676</coordinates></Point>
  </Placemark>
  <Placemark>
	<name>กระเบียด</name>
	<name>station</name>
	<description>Krabiat</description>
	<ExtendedData><SchemaData schemaUrl="#hotosm_tha_railways_points_kml">
		<SimpleData name="addr:full">Wikipedia</SimpleData>
		<SimpleData name="source">2668526882</SimpleData>
		<SimpleData name="name:th">nodes</SimpleData>
	</SchemaData></ExtendedData>
      <Point><coordinates>99.4733724,8.5251812</coordinates></Point>
  </Placemark>
  <Placemark>
	<name>บ้านส้อง</name>
	<name>station</name>
	<description>Ban Song</description>
	<ExtendedData><SchemaData schemaUrl="#hotosm_tha_railways_points_kml">
		<SimpleData name="addr:full">Wikipedia</SimpleData>
		<SimpleData name="source">3223188838</SimpleData>
		<SimpleData name="name:th">nodes</SimpleData>
	</SchemaData></ExtendedData>
      <Point><coordinates>99.3724273,8.6335944</coordinates></Point>
  </Placemark>
  <Placemark>
	<name>ไชยา</name>
	<name>station</name>
	<description>Chaiya</description>
	<ExtendedData><SchemaData schemaUrl="#hotosm_tha_railways_points_kml">
		<SimpleData name="addr:city">ไชยา</SimpleData>
		<SimpleData name="source">3385446681</SimpleData>
		<SimpleData name="name:th">nodes</SimpleData>
	</SchemaData></ExtendedData>
      <Point><coordinates>99.1953268,9.388465</coordinates></Point>
  </Placemark>
  <Placemark>
	<name>มาบอำมฤต</name>
	<name>station</name>
	<description>Map Ammarit</description>
	<ExtendedData><SchemaData schemaUrl="#hotosm_tha_railways_points_kml">
		<SimpleData name="source">3385450641</SimpleData>
		<SimpleData name="name:th">nodes</SimpleData>
	</SchemaData></ExtendedData>
      <Point><coordinates>99.3425951,10.8693013</coordinates></Point>
  </Placemark>
  <Placemark>
	<name>ห้วยสัก</name>
	<name>station</name>
	<description>Huai Sak</description>
	<ExtendedData><SchemaData schemaUrl="#hotosm_tha_railways_points_kml">
		<SimpleData name="addr:city">ห้วยสัก</SimpleData>
		<SimpleData name="source">3385451655</SimpleData>
		<SimpleData name="name:th">nodes</SimpleData>
	</SchemaData></ExtendedData>
      <Point><coordinates>99.4143861,11.0304699</coordinates></Point>
  </Placemark>
  <Placemark>
	<name>ช่องเขา</name>
	<name>station</name>
	<description>Chong Khao</description>
	<ExtendedData><SchemaData schemaUrl="#hotosm_tha_railways_points_kml">
		<SimpleData name="source">4059502588</SimpleData>
		<SimpleData name="name:th">nodes</SimpleData>
	</SchemaData></ExtendedData>
      <Point><coordinates>99.7690996,8.1423926</coordinates></Point>
  </Placemark>
  <Placemark>
	<name>สะพลี</name>
	<name>station</name>
	<description>Sa Phli</description>
	<ExtendedData><SchemaData schemaUrl="#hotosm_tha_railways_points_kml">
		<SimpleData name="addr:full">wikipedia</SimpleData>
		<SimpleData name="source">4529444531</SimpleData>
		<SimpleData name="name:th">nodes</SimpleData>
	</SchemaData></ExtendedData>
      <Point><coordinates>99.2389373,10.6097029</coordinates></Point>
  </Placemark>
  <Placemark>
	<name>บ้านดวด</name>
	<name>station</name>
	<description>Ban Duat</description>
	<ExtendedData><SchemaData schemaUrl="#hotosm_tha_railways_points_kml">
		<SimpleData name="addr:full">wikipedia</SimpleData>
		<SimpleData name="source">4531833383</SimpleData>
		<SimpleData name="name:th">nodes</SimpleData>
	</SchemaData></ExtendedData>
      <Point><coordinates>99.1238865,9.7186579</coordinates></Point>
  </Placemark>
  <Placemark>
	<name>คลองขนาน</name>
	<name>station</name>
	<description>Khlong Khanan</description>
	<ExtendedData><SchemaData schemaUrl="#hotosm_tha_railways_points_kml">
		<SimpleData name="addr:full">Wikipedia</SimpleData>
		<SimpleData name="source">4537610960</SimpleData>
		<SimpleData name="name:th">nodes</SimpleData>
	</SchemaData></ExtendedData>
      <Point><coordinates>99.0742678,9.8807626</coordinates></Point>
  </Placemark>
  <Placemark>
	<name>บ่อนอก</name>
	<name>station</name>
	<description>Bo Nok</description>
	<ExtendedData><SchemaData schemaUrl="#hotosm_tha_railways_points_kml">
		<SimpleData name="addr:city">บ่อนอก</SimpleData>
		<SimpleData name="source">4550450189</SimpleData>
		<SimpleData name="name:th">nodes</SimpleData>
	</SchemaData></ExtendedData>
      <Point><coordinates>99.8583773,12.0037673</coordinates></Point>
  </Placemark>
  <Placemark>
	<name>ลูกแก</name>
	<name>station</name>
	<description>Luk Kae</description>
	<ExtendedData><SchemaData schemaUrl="#hotosm_tha_railways_points_kml">
		<SimpleData name="addr:city">ลูกแก</SimpleData>
		<SimpleData name="source">4604984592</SimpleData>
		<SimpleData name="name:th">nodes</SimpleData>
	</SchemaData></ExtendedData>
      <Point><coordinates>99.8220991,13.8705578</coordinates></Point>
  </Placemark>
  <Placemark>
	<name>สามกระทาย</name>
	<name>station</name>
	<description>Sam Krathai</description>
	<ExtendedData><SchemaData schemaUrl="#hotosm_tha_railways_points_kml">
		<SimpleData name="addr:city">สามกระทาย</SimpleData>
		<SimpleData name="source">4746370626</SimpleData>
		<SimpleData name="name:th">nodes</SimpleData>
	</SchemaData></ExtendedData>
      <Point><coordinates>99.8610696,12.1603909</coordinates></Point>
  </Placemark>
  <Placemark>
	<name>เจ็ดเสมียน</name>
	<name>station</name>
	<description>Chet Samian</description>
	<ExtendedData><SchemaData schemaUrl="#hotosm_tha_railways_points_kml">
		<SimpleData name="addr:full">survey</SimpleData>
		<SimpleData name="source">4755912768</SimpleData>
		<SimpleData name="name:th">nodes</SimpleData>
	</SchemaData></ExtendedData>
      <Point><coordinates>99.8212699,13.6364385</coordinates></Point>
  </Placemark>
  <Placemark>
	<name>บางสะพานน้อย</name>
	<name>station</name>
	<description>Bang Saphan Noi</description>
	<ExtendedData><SchemaData schemaUrl="#hotosm_tha_railways_points_kml">
		<SimpleData name="source">5025291606</SimpleData>
		<SimpleData name="name:th">nodes</SimpleData>
	</SchemaData></ExtendedData>
      <Point><coordinates>99.4498617,11.0857887</coordinates></Point>
  </Placemark>
  <Placemark>
	<name>ทานพอ</name>
	<name>station</name>
	<description>Than Pho</description>
	<ExtendedData><SchemaData schemaUrl="#hotosm_tha_railways_points_kml">
		<SimpleData name="source">5398030103</SimpleData>
		<SimpleData name="name:th">nodes</SimpleData>
	</SchemaData></ExtendedData>
      <Point><coordinates>99.4919428,8.4672406</coordinates></Point>
  </Placemark>
  <Placemark>
	<name>สามร้อยยอด</name>
	<name>station</name>
	<description>Sam Roi Yot</description>
	<ExtendedData><SchemaData schemaUrl="#hotosm_tha_railways_points_kml">
		<SimpleData name="source">5455506590</SimpleData>
		<SimpleData name="name:th">nodes</SimpleData>
	</SchemaData></ExtendedData>
      <Point><coordinates>99.8807861,12.2126233</coordinates></Point>
  </Placemark>
  <Placemark>
	<name>เขาพลู</name>
	<name>station</name>
	<description>Khao Phlu</description>
	<ExtendedData><SchemaData schemaUrl="#hotosm_tha_railways_points_kml">
		<SimpleData name="source">6056133885</SimpleData>
		<SimpleData name="name:th">nodes</SimpleData>
	</SchemaData></ExtendedData>
      <Point><coordinates>99.2939772,8.973437</coordinates></Point>
  </Placemark>
  <Placemark>
	<name>บ้านนา</name>
	<name>station</name>
	<description>Ban Na</description>
	<ExtendedData><SchemaData schemaUrl="#hotosm_tha_railways_points_kml">
		<SimpleData name="source">6216331488</SimpleData>
		<SimpleData name="name:th">nodes</SimpleData>
	</SchemaData></ExtendedData>
      <Point><coordinates>99.3104517,8.8865728</coordinates></Point>
  </Placemark>
  <Placemark>
	<name>คันธุลี</name>
	<name>station</name>
	<description>Kan Thuli</description>
	<ExtendedData><SchemaData schemaUrl="#hotosm_tha_railways_points_kml">
		<SimpleData name="source">8958874234</SimpleData>
		<SimpleData name="name:th">nodes</SimpleData>
	</SchemaData></ExtendedData>
      <Point><coordinates>99.1459021,9.6666081</coordinates></Point>
  </Placemark>
  <Placemark>
	<name>ดอนธูป</name>
	<name>station</name>
	<description>Don Thup</description>
	<ExtendedData><SchemaData schemaUrl="#hotosm_tha_railways_points_kml">
		<SimpleData name="source">8958875745</SimpleData>
		<SimpleData name="name:th">nodes</SimpleData>
	</SchemaData></ExtendedData>
      <Point><coordinates>99.1551482,9.634762</coordinates></Point>
  </Placemark>
  <Placemark>
	<name>ชุมทางเขาชุมทอง</name>
	<name>station</name>
	<description>Khao Chum Thong Junction</description>
	<ExtendedData><SchemaData schemaUrl="#hotosm_tha_railways_points_kml">
		<SimpleData name="source">4059503590</SimpleData>
		<SimpleData name="name:th">nodes</SimpleData>
	</SchemaData></ExtendedData>
      <Point><coordinates>99.8822058,8.1478375</coordinates></Point>
  </Placemark>
  <Placemark>
	<name>ชะอวด</name>
	<name>station</name>
	<description>Cha-uat</description>
	<ExtendedData><SchemaData schemaUrl="#hotosm_tha_railways_points_kml">
		<SimpleData name="addr:full">Wikipedia</SimpleData>
		<SimpleData name="source">1044244528</SimpleData>
		<SimpleData name="name:th">nodes</SimpleData>
	</SchemaData></ExtendedData>
      <Point><coordinates>99.9977115,7.967133</coordinates></Point>
  </Placemark>
  <Placemark>
	<name>พัทลุง</name>
	<name>station</name>
	<description>Phatthalung</description>
	<ExtendedData><SchemaData schemaUrl="#hotosm_tha_railways_points_kml">
		<SimpleData name="source">1643213780</SimpleData>
		<SimpleData name="name:th">nodes</SimpleData>
	</SchemaData></ExtendedData>
      <Point><coordinates>100.0857001,7.6209574</coordinates></Point>
  </Placemark>
  <Placemark>
	<name>สุไหงโก-ลก</name>
	<name>station</name>
	<description>Su-ngai Kolok</description>
	<ExtendedData><SchemaData schemaUrl="#hotosm_tha_railways_points_kml">
		<SimpleData name="addr:city">สุไหงโก-ลก</SimpleData>
		<SimpleData name="source">1675411892</SimpleData>
		<SimpleData name="name:th">nodes</SimpleData>
	</SchemaData></ExtendedData>
      <Point><coordinates>101.9648719,6.0259786</coordinates></Point>
  </Placemark>
  <Placemark>
	<name>ยะลา</name>
	<name>station</name>
	<description>Yala</description>
	<ExtendedData><SchemaData schemaUrl="#hotosm_tha_railways_points_kml">
		<SimpleData name="addr:full">Wikipedia</SimpleData>
		<SimpleData name="addr:city">ยะลา</SimpleData>
		<SimpleData name="source">3107851976</SimpleData>
		<SimpleData name="name:th">nodes</SimpleData>
	</SchemaData></ExtendedData>
      <Point><coordinates>101.2929048,6.5604291</coordinates></Point>
  </Placemark>
  <Placemark>
	<name>นาประดู่</name>
	<name>station</name>
	<description>Na Pradu</description>
	<ExtendedData><SchemaData schemaUrl="#hotosm_tha_railways_points_kml">
		<SimpleData name="addr:full">http://www.geonames.org/1608412/ban-na-pradu-railway-station.html</SimpleData>
		<SimpleData name="addr:city">นาประดู่</SimpleData>
		<SimpleData name="source">3758665277</SimpleData>
		<SimpleData name="name:th">nodes</SimpleData>
	</SchemaData></ExtendedData>
      <Point><coordinates>101.1433246,6.6830008</coordinates></Point>
  </Placemark>
  <Placemark>
	<name>แหลมโตนด</name>
	<name>station</name>
	<description>Laem Tanot</description>
	<ExtendedData><SchemaData schemaUrl="#hotosm_tha_railways_points_kml">
		<SimpleData name="addr:full">Wikipedia</SimpleData>
		<SimpleData name="source">4733958566</SimpleData>
		<SimpleData name="name:th">nodes</SimpleData>
	</SchemaData></ExtendedData>
      <Point><coordinates>100.0473333,7.8133254</coordinates></Point>
  </Placemark>
  <Placemark>
	<name>บางแก้ว</name>
	<name>station</name>
	<description>Bang Kaeo</description>
	<ExtendedData><SchemaData schemaUrl="#hotosm_tha_railways_points_kml">
		<SimpleData name="addr:full">Wikipedia</SimpleData>
		<SimpleData name="source">4746081629</SimpleData>
		<SimpleData name="name:th">nodes</SimpleData>
	</SchemaData></ExtendedData>
      <Point><coordinates>100.1672346,7.4220091</coordinates></Point>
  </Placemark>
  <Placemark>
	<name>คลองทราย</name>
	<name>station</name>
	<description>Khlong Sai</description>
	<ExtendedData><SchemaData schemaUrl="#hotosm_tha_railways_points_kml">
		<SimpleData name="addr:city">คลองทราย</SimpleData>
		<SimpleData name="source">4770461560</SimpleData>
		<SimpleData name="name:th">nodes</SimpleData>
	</SchemaData></ExtendedData>
      <Point><coordinates>101.2184587,6.6445041</coordinates></Point>
  </Placemark>
  <Placemark>
	<name>มะรือโบ</name>
	<name>station</name>
	<description>Maruebo</description>
	<ExtendedData><SchemaData schemaUrl="#hotosm_tha_railways_points_kml">
		<SimpleData name="addr:full">Wikipedia</SimpleData>
		<SimpleData name="addr:city">มะรือโบ</SimpleData>
		<SimpleData name="source">4936302459</SimpleData>
		<SimpleData name="name:th">nodes</SimpleData>
	</SchemaData></ExtendedData>
      <Point><coordinates>101.6387143,6.3348826</coordinates></Point>
  </Placemark>
  <Placemark>
	<name>เทพา</name>
	<name>station</name>
	<description>Thepha Railway Station</description>
	<ExtendedData><SchemaData schemaUrl="#hotosm_tha_railways_points_kml">
		<SimpleData name="addr:city">เทพา</SimpleData>
		<SimpleData name="source">9226834041</SimpleData>
		<SimpleData name="name:th">nodes</SimpleData>
	</SchemaData></ExtendedData>
      <Point><coordinates>100.9703858,6.8238782</coordinates></Point>
  </Placemark>
  <Placemark>
	<name>ตาแปด</name>
	<name>station</name>
	<description>Ta Paet</description>
	<ExtendedData><SchemaData schemaUrl="#hotosm_tha_railways_points_kml">
		<SimpleData name="addr:city">ตาแปด</SimpleData>
		<SimpleData name="source">9226834042</SimpleData>
		<SimpleData name="name:th">nodes</SimpleData>
	</SchemaData></ExtendedData>
      <Point><coordinates>101.0269295,6.7800448</coordinates></Point>
  </Placemark>
  <Placemark>
	<name>ห้วยยอด</name>
	<name>station</name>
	<description>Huai Yot</description>
	<ExtendedData><SchemaData schemaUrl="#hotosm_tha_railways_points_kml">
		<SimpleData name="addr:city">ห้วยยอด</SimpleData>
		<SimpleData name="source">1922664606</SimpleData>
		<SimpleData name="name:th">nodes</SimpleData>
	</SchemaData></ExtendedData>
      <Point><coordinates>99.6381616,7.7860509</coordinates></Point>
  </Placemark>
  <Placemark>
	<name>บ้านหัน</name>
	<name>station</name>
	<description>Ban Han</description>
	<ExtendedData><SchemaData schemaUrl="#hotosm_tha_railways_points_kml">
		<SimpleData name="source">506448641</SimpleData>
		<SimpleData name="name:th">nodes</SimpleData>
	</SchemaData></ExtendedData>
      <Point><coordinates>102.6936676,15.9659606</coordinates></Point>
  </Placemark>
  <Placemark>
	<name>ห้วยเสียว</name>
	<name>station</name>
	<description>Huai Siao</description>
	<ExtendedData><SchemaData schemaUrl="#hotosm_tha_railways_points_kml">
		<SimpleData name="addr:full">Bing;sign</SimpleData>
		<SimpleData name="source">1584219772</SimpleData>
		<SimpleData name="name:th">nodes</SimpleData>
	</SchemaData></ExtendedData>
      <Point><coordinates>102.8708395,16.7569614</coordinates></Point>
  </Placemark>
  <Placemark>
	<name>เขาสวนกวาง</name>
	<name>station</name>
	<description>Khao Suan Kwang</description>
	<ExtendedData><SchemaData schemaUrl="#hotosm_tha_railways_points_kml">
		<SimpleData name="addr:full">Bing;sign</SimpleData>
		<SimpleData name="source">1600794994</SimpleData>
		<SimpleData name="name:th">nodes</SimpleData>
	</SchemaData></ExtendedData>
      <Point><coordinates>102.8765124,16.8500684</coordinates></Point>
  </Placemark>
  <Placemark>
	<name>บ้านแฮด</name>
	<name>station</name>
	<description>Ban Haet</description>
	<ExtendedData><SchemaData schemaUrl="#hotosm_tha_railways_points_kml">
		<SimpleData name="addr:full">Bing;sign</SimpleData>
		<SimpleData name="source">1752121478</SimpleData>
		<SimpleData name="name:th">nodes</SimpleData>
	</SchemaData></ExtendedData>
      <Point><coordinates>102.766287,16.1977256</coordinates></Point>
  </Placemark>
  <Placemark>
	<name>ห้วยเกิ้ง</name>
	<name>station</name>
	<description>Huai Koeng</description>
	<ExtendedData><SchemaData schemaUrl="#hotosm_tha_railways_points_kml">
		<SimpleData name="addr:full">Bing;sign</SimpleData>
		<SimpleData name="source">1948690601</SimpleData>
		<SimpleData name="name:th">nodes</SimpleData>
	</SchemaData></ExtendedData>
      <Point><coordinates>102.9279692,17.0422322</coordinates></Point>
  </Placemark>
  <Placemark>
	<name>สำราญ</name>
	<name>station</name>
	<description>Samran</description>
	<ExtendedData><SchemaData schemaUrl="#hotosm_tha_railways_points_kml">
		<SimpleData name="source">4919461595</SimpleData>
		<SimpleData name="name:th">nodes</SimpleData>
	</SchemaData></ExtendedData>
      <Point><coordinates>102.8430467,16.517094</coordinates></Point>
  </Placemark>
  <Placemark>
	<name>โนนสะอาด</name>
	<name>station</name>
	<description>Non Sa-at</description>
	<ExtendedData><SchemaData schemaUrl="#hotosm_tha_railways_points_kml">
		<SimpleData name="source">8100497820</SimpleData>
		<SimpleData name="name:th">nodes</SimpleData>
	</SchemaData></ExtendedData>
      <Point><coordinates>102.8974029,16.9669984</coordinates></Point>
  </Placemark>
  <Placemark>
	<name>นาทา</name>
	<name>station</name>
	<description>Na Tha</description>
	<ExtendedData><SchemaData schemaUrl="#hotosm_tha_railways_points_kml">
		<SimpleData name="source">8872215988</SimpleData>
		<SimpleData name="name:th">nodes</SimpleData>
	</SchemaData></ExtendedData>
      <Point><coordinates>102.7481592,17.8418383</coordinates></Point>
  </Placemark>
  <Placemark>
	<name>ท่าพระ</name>
	<name>station</name>
	<description>Tha Phra</description>
	<ExtendedData><SchemaData schemaUrl="#hotosm_tha_railways_points_kml">
		<SimpleData name="source">9218290527</SimpleData>
		<SimpleData name="name:th">nodes</SimpleData>
	</SchemaData></ExtendedData>
      <Point><coordinates>102.8046708,16.3385983</coordinates></Point>
  </Placemark>
  <Placemark>
	<name>ห้วยสามพาด</name>
	<name>station</name>
	<description>Huai Sam Phat</description>
	<ExtendedData><SchemaData schemaUrl="#hotosm_tha_railways_points_kml">
		<SimpleData name="source">9218290528</SimpleData>
		<SimpleData name="name:th">nodes</SimpleData>
	</SchemaData></ExtendedData>
      <Point><coordinates>102.9380964,17.2093598</coordinates></Point>
  </Placemark>
  <Placemark>
	<name>น้ำตก</name>
	<name>station</name>
	<description>Namtok</description>
	<ExtendedData><SchemaData schemaUrl="#hotosm_tha_railways_points_kml">
		<SimpleData name="addr:city">น้ำตก</SimpleData>
		<SimpleData name="source">5558367598</SimpleData>
		<SimpleData name="name:th">nodes</SimpleData>
	</SchemaData></ExtendedData>
      <Point><coordinates>99.0678579,14.2321281</coordinates></Point>
  </Placemark>
  <Placemark>
	<name>ตรัง</name>
	<name>station</name>
	<description>Trang</description>
	<ExtendedData><SchemaData schemaUrl="#hotosm_tha_railways_points_kml">
		<SimpleData name="source">3311473016</SimpleData>
		<SimpleData name="name:th">nodes</SimpleData>
	</SchemaData></ExtendedData>
      <Point><coordinates>99.6044951,7.5544139</coordinates></Point>
  </Placemark>
  <Placemark>
	<name>โคกคราม</name>
	<name>station</name>
	<description>Khok Khram</description>
	<ExtendedData><SchemaData schemaUrl="#hotosm_tha_railways_points_kml">
		<SimpleData name="source">4875026795</SimpleData>
		<SimpleData name="name:th">nodes</SimpleData>
	</SchemaData></ExtendedData>
      <Point><coordinates>99.9427088,8.2505904</coordinates></Point>
  </Placemark>
  <Placemark>
	<name>ที่วัง</name>
	<name>station</name>
	<description>Thi Wang</description>
	<ExtendedData><SchemaData schemaUrl="#hotosm_tha_railways_points_kml">
		<SimpleData name="source">8259935819</SimpleData>
		<SimpleData name="name:th">nodes</SimpleData>
	</SchemaData></ExtendedData>
      <Point><coordinates>99.6679751,8.0978292</coordinates></Point>
  </Placemark>
  <Placemark>
	<name>มาบกะเบา</name>
	<name>station</name>
	<description>Map Kabao</description>
	<ExtendedData><SchemaData schemaUrl="#hotosm_tha_railways_points_kml">
		<SimpleData name="addr:city">มาบกะเบา</SimpleData>
		<SimpleData name="source">237461291</SimpleData>
		<SimpleData name="name:th">nodes</SimpleData>
	</SchemaData></ExtendedData>
      <Point><coordinates>101.0836873,14.618946</coordinates></Point>
  </Placemark>
  <Placemark>
	<name>คลองพุทรา</name>
	<name>station</name>
	<description>Khlong Phutsa</description>
	<ExtendedData><SchemaData schemaUrl="#hotosm_tha_railways_points_kml">
		<SimpleData name="addr:full">GPS</SimpleData>
		<SimpleData name="addr:city">คลองพุทรา</SimpleData>
		<SimpleData name="source">236480470</SimpleData>
		<SimpleData name="name:th">nodes</SimpleData>
	</SchemaData></ExtendedData>
      <Point><coordinates>100.578298,14.1858735</coordinates></Point>
  </Placemark>
  <Placemark>
	<name>พิษณุโลก</name>
	<name>station</name>
	<description>Phitsanulok</description>
	<ExtendedData><SchemaData schemaUrl="#hotosm_tha_railways_points_kml">
		<SimpleData name="addr:city">พิษณุโลก</SimpleData>
		<SimpleData name="source">249364693</SimpleData>
		<SimpleData name="name:th">nodes</SimpleData>
	</SchemaData></ExtendedData>
      <Point><coordinates>100.2657009,16.8149757</coordinates></Point>
  </Placemark>
  <Placemark>
	<name>ลพบุรี</name>
	<name>station</name>
	<description>Lop Buri</description>
	<ExtendedData><SchemaData schemaUrl="#hotosm_tha_railways_points_kml">
		<SimpleData name="addr:city">ลพบุรี</SimpleData>
		<SimpleData name="source">249364994</SimpleData>
		<SimpleData name="name:th">nodes</SimpleData>
	</SchemaData></ExtendedData>
      <Point><coordinates>100.6153786,14.7985255</coordinates></Point>
  </Placemark>
  <Placemark>
	<name>หนองศาลา</name>
	<name>station</name>
	<description>Nong Sala</description>
	<ExtendedData><SchemaData schemaUrl="#hotosm_tha_railways_points_kml">
		<SimpleData name="addr:city">หนองศาลา</SimpleData>
		<SimpleData name="source">249644246</SimpleData>
		<SimpleData name="name:th">nodes</SimpleData>
	</SchemaData></ExtendedData>
      <Point><coordinates>99.9705603,12.9036673</coordinates></Point>
  </Placemark>
  <Placemark>
	<name>เขาพนมแบก</name>
	<name>station</name>
	<description>Khao Phanom Baek</description>
	<ExtendedData><SchemaData schemaUrl="#hotosm_tha_railways_points_kml">
		<SimpleData name="addr:city">เขาพนมแบก</SimpleData>
		<SimpleData name="source">250039674</SimpleData>
		<SimpleData name="name:th">nodes</SimpleData>
	</SchemaData></ExtendedData>
      <Point><coordinates>99.1793408,9.4706842</coordinates></Point>
  </Placemark>
  <Placemark>
	<name>ท่าชนะ</name>
	<name>station</name>
	<description>Tha Chana</description>
	<ExtendedData><SchemaData schemaUrl="#hotosm_tha_railways_points_kml">
		<SimpleData name="addr:city">ท่าชนะ</SimpleData>
		<SimpleData name="source">250039677</SimpleData>
		<SimpleData name="name:th">nodes</SimpleData>
	</SchemaData></ExtendedData>
      <Point><coordinates>99.1650513,9.5656451</coordinates></Point>
  </Placemark>
  <Placemark>
	<name>เขาสวนทุเรียน</name>
	<name>station</name>
	<description>Khao Suan Thurian</description>
	<ExtendedData><SchemaData schemaUrl="#hotosm_tha_railways_points_kml">
		<SimpleData name="addr:city">เขาสวนทุเรียน</SimpleData>
		<SimpleData name="source">250039724</SimpleData>
		<SimpleData name="name:th">nodes</SimpleData>
	</SchemaData></ExtendedData>
      <Point><coordinates>99.1057626,10.1668222</coordinates></Point>
  </Placemark>
  <Placemark>
	<name>บางมูลนาก</name>
	<name>station</name>
	<description>Bang Mun Nak</description>
	<ExtendedData><SchemaData schemaUrl="#hotosm_tha_railways_points_kml">
		<SimpleData name="addr:city">บางมูลนาก</SimpleData>
		<SimpleData name="source">259607218</SimpleData>
		<SimpleData name="name:th">nodes</SimpleData>
	</SchemaData></ExtendedData>
      <Point><coordinates>100.381161,16.0285797</coordinates></Point>
  </Placemark>
  <Placemark>
	<name>ดงมะกุ</name>
	<name>station</name>
	<description>Dong Maku</description>
	<ExtendedData><SchemaData schemaUrl="#hotosm_tha_railways_points_kml">
		<SimpleData name="addr:city">ดงมะกุ</SimpleData>
		<SimpleData name="source">259607223</SimpleData>
		<SimpleData name="name:th">nodes</SimpleData>
	</SchemaData></ExtendedData>
      <Point><coordinates>100.331565,15.3054778</coordinates></Point>
  </Placemark>
  <Placemark>
	<name>ชุมแสง</name>
	<name>station</name>
	<description>Chum Saeng</description>
	<ExtendedData><SchemaData schemaUrl="#hotosm_tha_railways_points_kml">
		<SimpleData name="addr:city">ชุมแสง</SimpleData>
		<SimpleData name="source">259607219</SimpleData>
		<SimpleData name="name:th">nodes</SimpleData>
	</SchemaData></ExtendedData>
      <Point><coordinates>100.3101192,15.8946494</coordinates></Point>
  </Placemark>
  <Placemark>
	<name>บ้านตาคลี</name>
	<name>station</name>
	<description>Ban Takhli</description>
	<ExtendedData><SchemaData schemaUrl="#hotosm_tha_railways_points_kml">
		<SimpleData name="addr:city">บ้านตาคลี</SimpleData>
		<SimpleData name="source">259607224</SimpleData>
		<SimpleData name="name:th">nodes</SimpleData>
	</SchemaData></ExtendedData>
      <Point><coordinates>100.3514746,15.25294</coordinates></Point>
  </Placemark>
  <Placemark>
	<name>หนองเต่า</name>
	<name>station</name>
	<description>Nong Tao</description>
	<ExtendedData><SchemaData schemaUrl="#hotosm_tha_railways_points_kml">
		<SimpleData name="addr:city">หนองเต่า</SimpleData>
		<SimpleData name="source">259719998</SimpleData>
		<SimpleData name="name:th">nodes</SimpleData>
	</SchemaData></ExtendedData>
      <Point><coordinates>100.5823779,14.9511896</coordinates></Point>
  </Placemark>
  <Placemark>
	<name>สุรศักดิ์</name>
	<name>station</name>
	<description>Surasak</description>
	<ExtendedData><SchemaData schemaUrl="#hotosm_tha_railways_points_kml">
		<SimpleData name="addr:city">สุรศักดิ์</SimpleData>
		<SimpleData name="source">257066779</SimpleData>
		<SimpleData name="name:th">nodes</SimpleData>
	</SchemaData></ExtendedData>
      <Point><coordinates>100.5214619,13.7192683</coordinates></Point>
  </Placemark>
  <Placemark>
	<name>ราชดำริ</name>
	<name>station</name>
	<description>Ratchadamri</description>
	<ExtendedData><SchemaData schemaUrl="#hotosm_tha_railways_points_kml">
		<SimpleData name="addr:city">ราชดำริ</SimpleData>
		<SimpleData name="source">257066809</SimpleData>
		<SimpleData name="name:th">nodes</SimpleData>
	</SchemaData></ExtendedData>
      <Point><coordinates>100.5394496,13.7394708</coordinates></Point>
  </Placemark>
  <Placemark>
	<name>สะพานตากสิน</name>
	<name>station</name>
	<description>Saphan Taksin</description>
	<ExtendedData><SchemaData schemaUrl="#hotosm_tha_railways_points_kml">
		<SimpleData name="addr:city">สะพานตากสิน</SimpleData>
		<SimpleData name="source">257067085</SimpleData>
		<SimpleData name="name:th">nodes</SimpleData>
	</SchemaData></ExtendedData>
      <Point><coordinates>100.514223,13.7188128</coordinates></Point>
  </Placemark>
  <Placemark>
	<name>หัวดง</name>
	<name>station</name>
	<description>Hua Dong</description>
	<ExtendedData><SchemaData schemaUrl="#hotosm_tha_railways_points_kml">
		<SimpleData name="addr:full">Wikipedia</SimpleData>
		<SimpleData name="addr:city">หัวดง</SimpleData>
		<SimpleData name="source">259607216</SimpleData>
		<SimpleData name="name:th">nodes</SimpleData>
	</SchemaData></ExtendedData>
      <Point><coordinates>100.4031372,16.3392934</coordinates></Point>
  </Placemark>
  <Placemark>
	<name>ช่องแค</name>
	<name>station</name>
	<description>Chong Khae</description>
	<ExtendedData><SchemaData schemaUrl="#hotosm_tha_railways_points_kml">
		<SimpleData name="addr:city">ช่องแค</SimpleData>
		<SimpleData name="source">259607225</SimpleData>
		<SimpleData name="name:th">nodes</SimpleData>
	</SchemaData></ExtendedData>
      <Point><coordinates>100.4204895,15.1649528</coordinates></Point>
  </Placemark>
  <Placemark>
	<name>ราชบุรี</name>
	<name>station</name>
	<description>Ratchaburi</description>
	<ExtendedData><SchemaData schemaUrl="#hotosm_tha_railways_points_kml">
		<SimpleData name="addr:city">ราชบุรี</SimpleData>
		<SimpleData name="source">259729391</SimpleData>
		<SimpleData name="name:th">nodes</SimpleData>
	</SchemaData></ExtendedData>
      <Point><coordinates>99.8242617,13.5305802</coordinates></Point>
  </Placemark>
  <Placemark>
	<name>เพชรบุรี</name>
	<name>station</name>
	<description>Phetchaburi</description>
	<ExtendedData><SchemaData schemaUrl="#hotosm_tha_railways_points_kml">
		<SimpleData name="addr:city">เพชรบุรี</SimpleData>
		<SimpleData name="source">259729393</SimpleData>
		<SimpleData name="name:th">nodes</SimpleData>
	</SchemaData></ExtendedData>
      <Point><coordinates>99.9411745,13.1164803</coordinates></Point>
  </Placemark>
  <Placemark>
	<name>ประจวบคีรีขันธ์</name>
	<name>station</name>
	<description>Prachuap Khiri Khan</description>
	<ExtendedData><SchemaData schemaUrl="#hotosm_tha_railways_points_kml">
		<SimpleData name="addr:city">ประจวบคีรีขันธ์</SimpleData>
		<SimpleData name="source">259771009</SimpleData>
		<SimpleData name="name:th">nodes</SimpleData>
	</SchemaData></ExtendedData>
      <Point><coordinates>99.7937417,11.8077762</coordinates></Point>
  </Placemark>
  <Placemark>
	<name>ชุมพร</name>
	<name>station</name>
	<description>Chumphon</description>
	<ExtendedData><SchemaData schemaUrl="#hotosm_tha_railways_points_kml">
		<SimpleData name="addr:city">ชุมพร</SimpleData>
		<SimpleData name="source">259775569</SimpleData>
		<SimpleData name="name:th">nodes</SimpleData>
	</SchemaData></ExtendedData>
      <Point><coordinates>99.1758183,10.5031021</coordinates></Point>
  </Placemark>
  <Placemark>
	<name>หัวลำโพง</name>
	<name>station</name>
	<description>Hua Lamphong</description>
	<ExtendedData><SchemaData schemaUrl="#hotosm_tha_railways_points_kml">
		<SimpleData name="addr:city">หัวลำโพง</SimpleData>
		<SimpleData name="source">280179404</SimpleData>
		<SimpleData name="name:th">nodes</SimpleData>
	</SchemaData></ExtendedData>
      <Point><coordinates>100.517135,13.7375708</coordinates></Point>
  </Placemark>
  <Placemark>
	<name>ศูนย์การประชุมแห่งชาติสิริกิติ์</name>
	<name>station</name>
	<description>Queen Sirikit National Convention Centre</description>
	<ExtendedData><SchemaData schemaUrl="#hotosm_tha_railways_points_kml">
		<SimpleData name="addr:city">ศูนย์การประชุมแห่งชาติสิริกิติ์</SimpleData>
		<SimpleData name="source">280179448</SimpleData>
		<SimpleData name="name:th">nodes</SimpleData>
	</SchemaData></ExtendedData>
      <Point><coordinates>100.5599134,13.7226725</coordinates></Point>
  </Placemark>
  <Placemark>
	<name>รัชดาภิเษก</name>
	<name>station</name>
	<description>Ratchadaphisek</description>
	<ExtendedData><SchemaData schemaUrl="#hotosm_tha_railways_points_kml">
		<SimpleData name="addr:city">รัชดาภิเษก</SimpleData>
		<SimpleData name="source">280239363</SimpleData>
		<SimpleData name="name:th">nodes</SimpleData>
	</SchemaData></ExtendedData>
      <Point><coordinates>100.5745537,13.7989706</coordinates></Point>
  </Placemark>
  <Placemark>
	<name>ศูนย์วัฒนธรรมแห่งประเทศไทย</name>
	<name>station</name>
	<description>Thailand Cultural Centre</description>
	<ExtendedData><SchemaData schemaUrl="#hotosm_tha_railways_points_kml">
		<SimpleData name="addr:city">ศูนย์วัฒนธรรมแห่งประเทศไทย</SimpleData>
		<SimpleData name="source">280240574</SimpleData>
		<SimpleData name="name:th">nodes</SimpleData>
	</SchemaData></ExtendedData>
      <Point><coordinates>100.570083,13.7662912</coordinates></Point>
  </Placemark>
  <Placemark>
	<name>ลาดพร้าว</name>
	<name>station</name>
	<description>Lat Phrao</description>
	<ExtendedData><SchemaData schemaUrl="#hotosm_tha_railways_points_kml">
		<SimpleData name="addr:city">ลาดพร้าว</SimpleData>
		<SimpleData name="source">280240577</SimpleData>
		<SimpleData name="name:th">nodes</SimpleData>
	</SchemaData></ExtendedData>
      <Point><coordinates>100.5728701,13.806503</coordinates></Point>
  </Placemark>
  <Placemark>
	<name>พหลโยธิน</name>
	<name>station</name>
	<description>Phahon Yothin</description>
	<ExtendedData><SchemaData schemaUrl="#hotosm_tha_railways_points_kml">
		<SimpleData name="addr:city">พหลโยธิน</SimpleData>
		<SimpleData name="source">280240580</SimpleData>
		<SimpleData name="name:th">nodes</SimpleData>
	</SchemaData></ExtendedData>
      <Point><coordinates>100.5614634,13.8128808</coordinates></Point>
  </Placemark>
  <Placemark>
	<name>สวนจตุจักร</name>
	<name>station</name>
	<description>Chatuchak Park</description>
	<ExtendedData><SchemaData schemaUrl="#hotosm_tha_railways_points_kml">
		<SimpleData name="addr:city">สวนจตุจักร</SimpleData>
		<SimpleData name="source">280240585</SimpleData>
		<SimpleData name="name:th">nodes</SimpleData>
	</SchemaData></ExtendedData>
      <Point><coordinates>100.5532845,13.8029643</coordinates></Point>
  </Placemark>
  <Placemark>
	<name>กำแพงเพชร</name>
	<name>station</name>
	<description>Kamphaeng Phet</description>
	<ExtendedData><SchemaData schemaUrl="#hotosm_tha_railways_points_kml">
		<SimpleData name="addr:city">กำแพงเพชร</SimpleData>
		<SimpleData name="source">280240589</SimpleData>
		<SimpleData name="name:th">nodes</SimpleData>
	</SchemaData></ExtendedData>
      <Point><coordinates>100.5478837,13.7979484</coordinates></Point>
  </Placemark>
  <Placemark>
	<name>เขาตังกวนชั้นล่าง</name>
	<name>station</name>
	<description>Tang Kuan Hill Lift lower station</description>
	<ExtendedData><SchemaData schemaUrl="#hotosm_tha_railways_points_kml">
		<SimpleData name="addr:city">เขาตังกวนชั้นล่าง</SimpleData>
		<SimpleData name="source">2508265533</SimpleData>
		<SimpleData name="name:th">nodes</SimpleData>
	</SchemaData></ExtendedData>
      <Point><coordinates>100.5907589,7.2108333</coordinates></Point>
  </Placemark>
  <Placemark>
	<name>ขอนแก่น</name>
	<name>station</name>
	<description>Khon Kaen</description>
	<ExtendedData><SchemaData schemaUrl="#hotosm_tha_railways_points_kml">
		<SimpleData name="addr:full">GPS;sign</SimpleData>
		<SimpleData name="addr:city">ขอนแก่น</SimpleData>
		<SimpleData name="source">387743020</SimpleData>
		<SimpleData name="name:th">nodes</SimpleData>
	</SchemaData></ExtendedData>
      <Point><coordinates>102.8256655,16.4268083</coordinates></Point>
  </Placemark>
  <Placemark>
	<name>เนินมะกอก</name>
	<name>station</name>
	<description>Noen Makok</description>
	<ExtendedData><SchemaData schemaUrl="#hotosm_tha_railways_points_kml">
		<SimpleData name="source">2623164794</SimpleData>
		<SimpleData name="name:th">nodes</SimpleData>
	</SchemaData></ExtendedData>
      <Point><coordinates>100.1730726,15.4757962</coordinates></Point>
  </Placemark>
  <Placemark>
	<name>วงเวียนใหญ่</name>
	<name>station</name>
	<description>Wongwian Yai</description>
	<ExtendedData><SchemaData schemaUrl="#hotosm_tha_railways_points_kml">
		<SimpleData name="addr:city">วงเวียนใหญ่</SimpleData>
		<SimpleData name="source">443815142</SimpleData>
		<SimpleData name="name:th">nodes</SimpleData>
	</SchemaData></ExtendedData>
      <Point><coordinates>100.4951594,13.7210816</coordinates></Point>
  </Placemark>
  <Placemark>
	<name>พิจิตร</name>
	<name>station</name>
	<description>Phichit</description>
	<ExtendedData><SchemaData schemaUrl="#hotosm_tha_railways_points_kml">
		<SimpleData name="addr:city">พิจิตร</SimpleData>
		<SimpleData name="source">259607213</SimpleData>
		<SimpleData name="name:th">nodes</SimpleData>
	</SchemaData></ExtendedData>
      <Point><coordinates>100.3466037,16.4478097</coordinates></Point>
  </Placemark>
  <Placemark>
	<name>ชุมทางบ้านดารา</name>
	<name>station</name>
	<description>Ban Dara Junction</description>
	<ExtendedData><SchemaData schemaUrl="#hotosm_tha_railways_points_kml">
		<SimpleData name="addr:city">ชุมทางบ้านดารา</SimpleData>
		<SimpleData name="source">998990360</SimpleData>
		<SimpleData name="name:th">nodes</SimpleData>
	</SchemaData></ExtendedData>
      <Point><coordinates>100.0827616,17.3832808</coordinates></Point>
  </Placemark>
  <Placemark>
	<name>หอไกร</name>
	<name>station</name>
	<description>Ho Krai</description>
	<ExtendedData><SchemaData schemaUrl="#hotosm_tha_railways_points_kml">
		<SimpleData name="source">6342985702</SimpleData>
		<SimpleData name="name:th">nodes</SimpleData>
	</SchemaData></ExtendedData>
      <Point><coordinates>100.4056695,16.0820508</coordinates></Point>
  </Placemark>
  <Placemark>
	<name>บ้านด่าน</name>
	<name>station</name>
	<description>Ban Dan</description>
	<ExtendedData><SchemaData schemaUrl="#hotosm_tha_railways_points_kml">
		<SimpleData name="source">7949322094</SimpleData>
		<SimpleData name="name:th">nodes</SimpleData>
	</SchemaData></ExtendedData>
      <Point><coordinates>100.1277406,17.7184486</coordinates></Point>
  </Placemark>
  <Placemark>
	<name>ตรอน</name>
	<name>station</name>
	<description>Tron</description>
	<ExtendedData><SchemaData schemaUrl="#hotosm_tha_railways_points_kml">
		<SimpleData name="source">8236063813</SimpleData>
		<SimpleData name="name:th">nodes</SimpleData>
	</SchemaData></ExtendedData>
      <Point><coordinates>100.1093356,17.4833185</coordinates></Point>
  </Placemark>
  <Placemark>
	<name>วังกรด</name>
	<name>station</name>
	<description>Wang Krot</description>
	<ExtendedData><SchemaData schemaUrl="#hotosm_tha_railways_points_kml">
		<SimpleData name="source">9221032842</SimpleData>
		<SimpleData name="name:th">nodes</SimpleData>
	</SchemaData></ExtendedData>
      <Point><coordinates>100.3894937,16.3989514</coordinates></Point>
  </Placemark>
  <Placemark>
	<name>ขุนตาน</name>
	<name>station</name>
	<description>Khun Tan</description>
	<ExtendedData><SchemaData schemaUrl="#hotosm_tha_railways_points_kml">
		<SimpleData name="name:en">578</SimpleData>
		<SimpleData name="addr:city">ขุนตาน</SimpleData>
		<SimpleData name="source">914733544</SimpleData>
		<SimpleData name="name:th">nodes</SimpleData>
	</SchemaData></ExtendedData>
      <Point><coordinates>99.2653484,18.5005161</coordinates></Point>
  </Placemark>
  <Placemark>
	<name>ศาลาผาลาด</name>
	<name>station</name>
	<description>Sala Pha Lat</description>
	<ExtendedData><SchemaData schemaUrl="#hotosm_tha_railways_points_kml">
		<SimpleData name="source">980061496</SimpleData>
		<SimpleData name="name:th">nodes</SimpleData>
	</SchemaData></ExtendedData>
      <Point><coordinates>99.595943,18.2387197</coordinates></Point>
  </Placemark>
  <Placemark>
	<name>แม่เมาะ</name>
	<name>station</name>
	<description>Mae Mo</description>
	<ExtendedData><SchemaData schemaUrl="#hotosm_tha_railways_points_kml">
		<SimpleData name="source">980061539</SimpleData>
		<SimpleData name="name:th">nodes</SimpleData>
	</SchemaData></ExtendedData>
      <Point><coordinates>99.7070391,18.2613977</coordinates></Point>
  </Placemark>
  <Placemark>
	<name>ปางป๋วย</name>
	<name>station</name>
	<description>Pang Puai</description>
	<ExtendedData><SchemaData schemaUrl="#hotosm_tha_railways_points_kml">
		<SimpleData name="addr:full">Sign</SimpleData>
		<SimpleData name="source">2062465221</SimpleData>
		<SimpleData name="name:th">nodes</SimpleData>
	</SchemaData></ExtendedData>
      <Point><coordinates>99.8583276,18.2989284</coordinates></Point>
  </Placemark>
  <Placemark>
	<name>หนองหล่ม</name>
	<name>station</name>
	<description>Nong Lom</description>
	<ExtendedData><SchemaData schemaUrl="#hotosm_tha_railways_points_kml">
		<SimpleData name="addr:city">หนองหล่ม</SimpleData>
		<SimpleData name="source">2094249668</SimpleData>
		<SimpleData name="name:th">nodes</SimpleData>
	</SchemaData></ExtendedData>
      <Point><coordinates>99.0571137,18.4622152</coordinates></Point>
  </Placemark>
  <Placemark>
	<name>ศาลาแม่ทา</name>
	<name>station</name>
	<description>Sala Mae Tha</description>
	<ExtendedData><SchemaData schemaUrl="#hotosm_tha_railways_points_kml">
		<SimpleData name="addr:city">ศาลาแม่ทา</SimpleData>
		<SimpleData name="source">2094249669</SimpleData>
		<SimpleData name="name:th">nodes</SimpleData>
	</SchemaData></ExtendedData>
      <Point><coordinates>99.1390165,18.4617297</coordinates></Point>
  </Placemark>
  <Placemark>
	<name>สารภี</name>
	<name>station</name>
	<description>Saraphi</description>
	<ExtendedData><SchemaData schemaUrl="#hotosm_tha_railways_points_kml">
		<SimpleData name="addr:city">สารภี</SimpleData>
		<SimpleData name="source">4087526293</SimpleData>
		<SimpleData name="name:th">nodes</SimpleData>
	</SchemaData></ExtendedData>
      <Point><coordinates>99.041803,18.7101912</coordinates></Point>
  </Placemark>
  <Placemark>
	<name>ปางต้นผึ้ง</name>
	<name>station</name>
	<description>Pang Ton Phueng</description>
	<ExtendedData><SchemaData schemaUrl="#hotosm_tha_railways_points_kml">
		<SimpleData name="source">7949322095</SimpleData>
		<SimpleData name="name:th">nodes</SimpleData>
	</SchemaData></ExtendedData>
      <Point><coordinates>100.076362,17.7998769</coordinates></Point>
  </Placemark>
  <Placemark>
	<name>บ้านทับช้าง</name>
	<name>station</name>
	<description>Ban Thap Chang</description>
	<ExtendedData><SchemaData schemaUrl="#hotosm_tha_railways_points_kml">
		<SimpleData name="addr:city">บ้านทับช้าง</SimpleData>
		<SimpleData name="source">444979563</SimpleData>
		<SimpleData name="name:th">nodes</SimpleData>
	</SchemaData></ExtendedData>
      <Point><coordinates>100.6887304,13.7329633</coordinates></Point>
  </Placemark>
  <Placemark>
	<name>บางกระทุ่ม</name>
	<name>station</name>
	<description>Bang Krathum</description>
	<ExtendedData><SchemaData schemaUrl="#hotosm_tha_railways_points_kml">
		<SimpleData name="source">4012268029</SimpleData>
		<SimpleData name="name:th">nodes</SimpleData>
	</SchemaData></ExtendedData>
      <Point><coordinates>100.2990041,16.5766834</coordinates></Point>
  </Placemark>
  <Placemark>
	<name>พรหมพิราม</name>
	<name>station</name>
	<description>Phrom Phiram</description>
	<ExtendedData><SchemaData schemaUrl="#hotosm_tha_railways_points_kml">
		<SimpleData name="source">4742573922</SimpleData>
		<SimpleData name="name:th">nodes</SimpleData>
	</SchemaData></ExtendedData>
      <Point><coordinates>100.2010978,17.0311693</coordinates></Point>
  </Placemark>
  <Placemark>
	<name>ท่าฬ่อ</name>
	<name>station</name>
	<description>Tha Lo</description>
	<ExtendedData><SchemaData schemaUrl="#hotosm_tha_railways_points_kml">
		<SimpleData name="source">4963021877</SimpleData>
		<SimpleData name="name:th">nodes</SimpleData>
	</SchemaData></ExtendedData>
      <Point><coordinates>100.3300883,16.5121501</coordinates></Point>
  </Placemark>
  <Placemark>
	<name>วังกร่าง</name>
	<name>station</name>
	<description>Wang Krang</description>
	<ExtendedData><SchemaData schemaUrl="#hotosm_tha_railways_points_kml">
		<SimpleData name="source">5034002970</SimpleData>
		<SimpleData name="name:th">nodes</SimpleData>
	</SchemaData></ExtendedData>
      <Point><coordinates>100.3477844,15.9768864</coordinates></Point>
  </Placemark>
  <Placemark>
	<name>ห้วยเกตุ</name>
	<name>station</name>
	<description>Huai Ket</description>
	<ExtendedData><SchemaData schemaUrl="#hotosm_tha_railways_points_kml">
		<SimpleData name="source">5307269229</SimpleData>
		<SimpleData name="name:th">nodes</SimpleData>
	</SchemaData></ExtendedData>
      <Point><coordinates>100.4253862,16.2733137</coordinates></Point>
  </Placemark>
  <Placemark>
	<name>หนองตม</name>
	<name>station</name>
	<description>Nong Tom</description>
	<ExtendedData><SchemaData schemaUrl="#hotosm_tha_railways_points_kml">
		<SimpleData name="source">5319764921</SimpleData>
		<SimpleData name="name:th">nodes</SimpleData>
	</SchemaData></ExtendedData>
      <Point><coordinates>100.1634161,17.1001417</coordinates></Point>
  </Placemark>
  <Placemark>
	<name>ท่าสัก</name>
	<name>station</name>
	<description>Tha Sak</description>
	<ExtendedData><SchemaData schemaUrl="#hotosm_tha_railways_points_kml">
		<SimpleData name="source">5319765021</SimpleData>
		<SimpleData name="name:th">nodes</SimpleData>
	</SchemaData></ExtendedData>
      <Point><coordinates>100.0974685,17.4113119</coordinates></Point>
  </Placemark>
  <Placemark>
	<name>บ้านเต็งหนาม</name>
	<name>station</name>
	<description>Ban Teng Nam</description>
	<ExtendedData><SchemaData schemaUrl="#hotosm_tha_railways_points_kml">
		<SimpleData name="source">5355110511</SimpleData>
		<SimpleData name="name:th">nodes</SimpleData>
	</SchemaData></ExtendedData>
      <Point><coordinates>100.2666171,16.8554916</coordinates></Point>
  </Placemark>
  <Placemark>
	<name>คลองปลากด</name>
	<name>station</name>
	<description>Khlong Pla Kot</description>
	<ExtendedData><SchemaData schemaUrl="#hotosm_tha_railways_points_kml">
		<SimpleData name="source">6342985701</SimpleData>
		<SimpleData name="name:th">nodes</SimpleData>
	</SchemaData></ExtendedData>
      <Point><coordinates>100.2835451,15.8149571</coordinates></Point>
  </Placemark>
  <Placemark>
	<name>เมืองพล</name>
	<name>station</name>
	<description>Mueang Phon</description>
	<ExtendedData><SchemaData schemaUrl="#hotosm_tha_railways_points_kml">
		<SimpleData name="addr:full">GPS;sign</SimpleData>
		<SimpleData name="addr:city">เมืองพล</SimpleData>
		<SimpleData name="source">506455114</SimpleData>
		<SimpleData name="name:th">nodes</SimpleData>
	</SchemaData></ExtendedData>
      <Point><coordinates>102.6005043,15.8196911</coordinates></Point>
  </Placemark>
  <Placemark>
	<name>บันไดม้า</name>
	<name>station</name>
	<description>Bandai Ma</description>
	<ExtendedData><SchemaData schemaUrl="#hotosm_tha_railways_points_kml">
		<SimpleData name="addr:full">GPS;sign</SimpleData>
		<SimpleData name="addr:city">บันไดม้า</SimpleData>
		<SimpleData name="source">506475580</SimpleData>
		<SimpleData name="name:th">nodes</SimpleData>
	</SchemaData></ExtendedData>
      <Point><coordinates>101.3694444,14.6728925</coordinates></Point>
  </Placemark>
  <Placemark>
	<name>บ้านไผ่</name>
	<name>station</name>
	<description>Ban Phai</description>
	<ExtendedData><SchemaData schemaUrl="#hotosm_tha_railways_points_kml">
		<SimpleData name="addr:full">GPS;sign</SimpleData>
		<SimpleData name="addr:city">บ้านไผ่</SimpleData>
		<SimpleData name="source">506448740</SimpleData>
		<SimpleData name="name:th">nodes</SimpleData>
	</SchemaData></ExtendedData>
      <Point><coordinates>102.7254663,16.0595155</coordinates></Point>
  </Placemark>
  <Placemark>
	<name>บ้านมะค่า</name>
	<name>station</name>
	<description>Ban Makha</description>
	<ExtendedData><SchemaData schemaUrl="#hotosm_tha_railways_points_kml">
		<SimpleData name="addr:full">GPS;sign</SimpleData>
		<SimpleData name="addr:city">บ้านมะค่า</SimpleData>
		<SimpleData name="source">506455116</SimpleData>
		<SimpleData name="name:th">nodes</SimpleData>
	</SchemaData></ExtendedData>
      <Point><coordinates>102.2952689,15.2811036</coordinates></Point>
  </Placemark>
  <Placemark>
	<name>น้ำพอง</name>
	<name>station</name>
	<description>Nam Phong</description>
	<ExtendedData><SchemaData schemaUrl="#hotosm_tha_railways_points_kml">
		<SimpleData name="addr:full">GPS;sign</SimpleData>
		<SimpleData name="addr:city">น้ำพอง</SimpleData>
		<SimpleData name="source">648953615</SimpleData>
		<SimpleData name="name:th">nodes</SimpleData>
	</SchemaData></ExtendedData>
      <Point><coordinates>102.8612221,16.7093642</coordinates></Point>
  </Placemark>
  <Placemark>
	<name>station</name>
	<ExtendedData><SchemaData schemaUrl="#hotosm_tha_railways_points_kml">
		<SimpleData name="source">2406197628</SimpleData>
		<SimpleData name="name:th">nodes</SimpleData>
	</SchemaData></ExtendedData>
      <Point><coordinates>99.9351992,13.1090115</coordinates></Point>
  </Placemark>
  <Placemark>
	<name>ศรีนครินทร์</name>
	<name>station</name>
	<description>Srinagarindra</description>
	<ExtendedData><SchemaData schemaUrl="#hotosm_tha_railways_points_kml">
		<SimpleData name="addr:city">ศรีนครินทร์</SimpleData>
		<SimpleData name="source">6124793517</SimpleData>
		<SimpleData name="name:th">nodes</SimpleData>
	</SchemaData></ExtendedData>
      <Point><coordinates>100.6090352,13.5919965</coordinates></Point>
  </Placemark>
  <Placemark>
	<name>อยุธยา</name>
	<name>station</name>
	<description>Ayutthaya</description>
	<ExtendedData><SchemaData schemaUrl="#hotosm_tha_railways_points_kml">
		<SimpleData name="addr:full">GPS;sign</SimpleData>
		<SimpleData name="addr:city">อยุธยา</SimpleData>
		<SimpleData name="source">237445803</SimpleData>
		<SimpleData name="name:th">nodes</SimpleData>
	</SchemaData></ExtendedData>
      <Point><coordinates>100.5832004,14.3567126</coordinates></Point>
  </Placemark>
  <Placemark>
	<name>ตลาดพลู</name>
	<name>station</name>
	<description>Talat Phlu</description>
	<ExtendedData><SchemaData schemaUrl="#hotosm_tha_railways_points_kml">
		<SimpleData name="addr:city">ตลาดพลู</SimpleData>
		<SimpleData name="source">674670328</SimpleData>
		<SimpleData name="name:th">nodes</SimpleData>
	</SchemaData></ExtendedData>
      <Point><coordinates>100.4780183,13.7208188</coordinates></Point>
  </Placemark>
  <Placemark>
	<name>วงเวียนใหญ่</name>
	<name>station</name>
	<description>Wongwian Yai</description>
	<ExtendedData><SchemaData schemaUrl="#hotosm_tha_railways_points_kml">
		<SimpleData name="addr:city">วงเวียนใหญ่</SimpleData>
		<SimpleData name="source">674670334</SimpleData>
		<SimpleData name="name:th">nodes</SimpleData>
	</SchemaData></ExtendedData>
      <Point><coordinates>100.4912323,13.7243925</coordinates></Point>
  </Placemark>
  <Placemark>
	<name>ลำพูน</name>
	<name>station</name>
	<description>Lamphun</description>
	<ExtendedData><SchemaData schemaUrl="#hotosm_tha_railways_points_kml">
		<SimpleData name="addr:city">ลำพูน</SimpleData>
		<SimpleData name="source">674670481</SimpleData>
		<SimpleData name="name:th">nodes</SimpleData>
	</SchemaData></ExtendedData>
      <Point><coordinates>99.0210889,18.5937573</coordinates></Point>
  </Placemark>
  <Placemark>
	<name>ป่าเส้า</name>
	<name>station</name>
	<description>Pa Sao</description>
	<ExtendedData><SchemaData schemaUrl="#hotosm_tha_railways_points_kml">
		<SimpleData name="addr:city">ป่าเส้า</SimpleData>
		<SimpleData name="source">674670498</SimpleData>
		<SimpleData name="name:th">nodes</SimpleData>
	</SchemaData></ExtendedData>
      <Point><coordinates>99.0422493,18.6375979</coordinates></Point>
  </Placemark>
  <Placemark>
	<name>หนองคาย</name>
	<name>station</name>
	<description>Nong Khai</description>
	<ExtendedData><SchemaData schemaUrl="#hotosm_tha_railways_points_kml">
		<SimpleData name="addr:full">GPS;sign</SimpleData>
		<SimpleData name="addr:city">หนองคาย</SimpleData>
		<SimpleData name="source">675449145</SimpleData>
		<SimpleData name="name:th">nodes</SimpleData>
	</SchemaData></ExtendedData>
      <Point><coordinates>102.7309677,17.8644642</coordinates></Point>
  </Placemark>
  <Placemark>
	<name>กุมภวาปี</name>
	<name>station</name>
	<description>Kumphawapi</description>
	<ExtendedData><SchemaData schemaUrl="#hotosm_tha_railways_points_kml">
		<SimpleData name="addr:full">GPS;sign</SimpleData>
		<SimpleData name="addr:city">กุมภวาปี</SimpleData>
		<SimpleData name="source">675458660</SimpleData>
		<SimpleData name="name:th">nodes</SimpleData>
	</SchemaData></ExtendedData>
      <Point><coordinates>102.9481029,17.1220424</coordinates></Point>
  </Placemark>
  <Placemark>
	<name>ลพบุรี 2</name>
	<name>station</name>
	<description>Lop Buri 2</description>
	<ExtendedData><SchemaData schemaUrl="#hotosm_tha_railways_points_kml">
		<SimpleData name="addr:city">ลพบุรี 2</SimpleData>
		<SimpleData name="source">12633287470</SimpleData>
		<SimpleData name="name:th">nodes</SimpleData>
	</SchemaData></ExtendedData>
      <Point><coordinates>100.5580852,14.7936369</coordinates></Point>
  </Placemark>
  <Placemark>
	<name>บางจาก</name>
	<name>station</name>
	<description>Bang Chak</description>
	<ExtendedData><SchemaData schemaUrl="#hotosm_tha_railways_points_kml">
		<SimpleData name="addr:city">บางจาก</SimpleData>
		<SimpleData name="source">966340925</SimpleData>
		<SimpleData name="name:th">nodes</SimpleData>
	</SchemaData></ExtendedData>
      <Point><coordinates>99.8996263,13.1599264</coordinates></Point>
  </Placemark>
  <Placemark>
	<name>เขาย้อย</name>
	<name>station</name>
	<description>Khao Yoi</description>
	<ExtendedData><SchemaData schemaUrl="#hotosm_tha_railways_points_kml">
		<SimpleData name="addr:city">เขาย้อย</SimpleData>
		<SimpleData name="source">966340976</SimpleData>
		<SimpleData name="name:th">nodes</SimpleData>
	</SchemaData></ExtendedData>
      <Point><coordinates>99.8610098,13.2395059</coordinates></Point>
  </Placemark>
  <Placemark>
	<name>หนองปลาไหล</name>
	<name>station</name>
	<description>Nong Pla Lai</description>
	<ExtendedData><SchemaData schemaUrl="#hotosm_tha_railways_points_kml">
		<SimpleData name="addr:city">หนองปลาไหล</SimpleData>
		<SimpleData name="source">966340903</SimpleData>
		<SimpleData name="name:th">nodes</SimpleData>
	</SchemaData></ExtendedData>
      <Point><coordinates>99.8719177,13.1892424</coordinates></Point>
  </Placemark>
  <Placemark>
	<name>หนองจอก</name>
	<name>station</name>
	<description>Nong Chok</description>
	<ExtendedData><SchemaData schemaUrl="#hotosm_tha_railways_points_kml">
		<SimpleData name="addr:city">หนองจอก</SimpleData>
		<SimpleData name="source">966341114</SimpleData>
		<SimpleData name="name:th">nodes</SimpleData>
	</SchemaData></ExtendedData>
      <Point><coordinates>99.9665562,12.9533134</coordinates></Point>
  </Placemark>
  <Placemark>
	<name>บ้านปิน</name>
	<name>station</name>
	<description>Ban Pin</description>
	<ExtendedData><SchemaData schemaUrl="#hotosm_tha_railways_points_kml">
		<SimpleData name="addr:city">บ้านปิน</SimpleData>
		<SimpleData name="source">980072550</SimpleData>
		<SimpleData name="name:th">nodes</SimpleData>
	</SchemaData></ExtendedData>
      <Point><coordinates>99.8669565,18.0961587</coordinates></Point>
  </Placemark>
  <Placemark>
	<name>นครลำปาง</name>
	<name>station</name>
	<description>Nakhon Lampang</description>
	<ExtendedData><SchemaData schemaUrl="#hotosm_tha_railways_points_kml">
		<SimpleData name="addr:city">นครลำปาง</SimpleData>
		<SimpleData name="source">998990326</SimpleData>
		<SimpleData name="name:th">nodes</SimpleData>
	</SchemaData></ExtendedData>
      <Point><coordinates>99.4726814,18.2795849</coordinates></Point>
  </Placemark>
  <Placemark>
	<name>เด่นชัย</name>
	<name>station</name>
	<description>Den Chai</description>
	<ExtendedData><SchemaData schemaUrl="#hotosm_tha_railways_points_kml">
		<SimpleData name="addr:city">เด่นชัย</SimpleData>
		<SimpleData name="source">998990373</SimpleData>
		<SimpleData name="name:th">nodes</SimpleData>
	</SchemaData></ExtendedData>
      <Point><coordinates>100.0462183,17.9805247</coordinates></Point>
  </Placemark>
  <Placemark>
	<name>สวรรคโลก</name>
	<name>station</name>
	<description>Sawankhalok</description>
	<ExtendedData><SchemaData schemaUrl="#hotosm_tha_railways_points_kml">
		<SimpleData name="addr:city">สวรรคโลก</SimpleData>
		<SimpleData name="source">998990378</SimpleData>
		<SimpleData name="name:th">nodes</SimpleData>
	</SchemaData></ExtendedData>
      <Point><coordinates>99.8323192,17.3146749</coordinates></Point>
  </Placemark>
  <Placemark>
	<name>วุฒากาศ</name>
	<name>station</name>
	<description>Wutthakat</description>
	<ExtendedData><SchemaData schemaUrl="#hotosm_tha_railways_points_kml">
		<SimpleData name="addr:city">วุฒากาศ</SimpleData>
		<SimpleData name="source">1113055052</SimpleData>
		<SimpleData name="name:th">nodes</SimpleData>
	</SchemaData></ExtendedData>
      <Point><coordinates>100.4689032,13.7130228</coordinates></Point>
  </Placemark>
  <Placemark>
	<name>วัดควนมีด</name>
	<name>station</name>
	<description>Wat Khuan Mit</description>
	<ExtendedData><SchemaData schemaUrl="#hotosm_tha_railways_points_kml">
		<SimpleData name="addr:city">วัดควนมีด</SimpleData>
		<SimpleData name="source">1177470943</SimpleData>
		<SimpleData name="name:th">nodes</SimpleData>
	</SchemaData></ExtendedData>
      <Point><coordinates>100.6663893,6.9720868</coordinates></Point>
  </Placemark>
  <Placemark>
	<name>บ้านแหลม</name>
	<name>station</name>
	<description>Ban Laem</description>
	<ExtendedData><SchemaData schemaUrl="#hotosm_tha_railways_points_kml">
		<SimpleData name="addr:city">บ้านแหลม</SimpleData>
		<SimpleData name="source">1183545603</SimpleData>
		<SimpleData name="name:th">nodes</SimpleData>
	</SchemaData></ExtendedData>
      <Point><coordinates>100.2700042,13.5419156</coordinates></Point>
  </Placemark>
  <Placemark>
	<name>รางโพธิ์</name>
	<name>station</name>
	<description>Rang Pho</description>
	<ExtendedData><SchemaData schemaUrl="#hotosm_tha_railways_points_kml">
		<SimpleData name="addr:city">รางโพธิ์</SimpleData>
		<SimpleData name="source">1183545761</SimpleData>
		<SimpleData name="name:th">nodes</SimpleData>
	</SchemaData></ExtendedData>
      <Point><coordinates>100.3982295,13.6391391</coordinates></Point>
  </Placemark>
  <Placemark>
	<name>ตันหยงมัส</name>
	<name>station</name>
	<description>Tanyong Mat</description>
	<ExtendedData><SchemaData schemaUrl="#hotosm_tha_railways_points_kml">
		<SimpleData name="addr:city">ตันหยงมัส</SimpleData>
		<SimpleData name="source">1675985122</SimpleData>
		<SimpleData name="name:th">nodes</SimpleData>
	</SchemaData></ExtendedData>
      <Point><coordinates>101.713793,6.2924946</coordinates></Point>
  </Placemark>
  <Placemark>
	<name>รือเสาะ</name>
	<name>station</name>
	<description>Rueso</description>
	<ExtendedData><SchemaData schemaUrl="#hotosm_tha_railways_points_kml">
		<SimpleData name="addr:city">รือเสาะ</SimpleData>
		<SimpleData name="source">1675985475</SimpleData>
		<SimpleData name="name:th">nodes</SimpleData>
	</SchemaData></ExtendedData>
      <Point><coordinates>101.5154324,6.3940374</coordinates></Point>
  </Placemark>
  <Placemark>
	<name>นครศรีธรรมราช</name>
	<name>station</name>
	<description>Nakhon Si Thammarat</description>
	<ExtendedData><SchemaData schemaUrl="#hotosm_tha_railways_points_kml">
		<SimpleData name="addr:city">นครศรีธรรมราช</SimpleData>
		<SimpleData name="source">1583925039</SimpleData>
		<SimpleData name="name:th">nodes</SimpleData>
	</SchemaData></ExtendedData>
      <Point><coordinates>99.9596411,8.4395129</coordinates></Point>
  </Placemark>
  <Placemark>
	<name>กันตัง</name>
	<name>station</name>
	<description>Kantang</description>
	<ExtendedData><SchemaData schemaUrl="#hotosm_tha_railways_points_kml">
		<SimpleData name="source">1635520395</SimpleData>
		<SimpleData name="name:th">nodes</SimpleData>
	</SchemaData></ExtendedData>
      <Point><coordinates>99.5145938,7.4109021</coordinates></Point>
  </Placemark>
  <Placemark>
	<name>มักกะสัน</name>
	<name>station</name>
	<description>Makkasan</description>
	<ExtendedData><SchemaData schemaUrl="#hotosm_tha_railways_points_kml">
		<SimpleData name="addr:city">มักกะสัน</SimpleData>
		<SimpleData name="source">1637548696</SimpleData>
		<SimpleData name="name:th">nodes</SimpleData>
	</SchemaData></ExtendedData>
      <Point><coordinates>100.5473663,13.7538606</coordinates></Point>
  </Placemark>
  <Placemark>
	<name>ปัตตานี</name>
	<name>station</name>
	<description>Pattani</description>
	<ExtendedData><SchemaData schemaUrl="#hotosm_tha_railways_points_kml">
		<SimpleData name="addr:full">sign;bing;http://www.geonames.org/1609818/pattani-khok-pho-railway-station.html</SimpleData>
		<SimpleData name="addr:city">ปัตตานี</SimpleData>
		<SimpleData name="source">1675984678</SimpleData>
		<SimpleData name="name:th">nodes</SimpleData>
	</SchemaData></ExtendedData>
      <Point><coordinates>101.094534,6.7290938</coordinates></Point>
  </Placemark>
  <Placemark>
	<name>สุไหงปาดี</name>
	<name>station</name>
	<description>Su-ngai Padi</description>
	<ExtendedData><SchemaData schemaUrl="#hotosm_tha_railways_points_kml">
		<SimpleData name="addr:city">สุไหงปาดี</SimpleData>
		<SimpleData name="source">1675984765</SimpleData>
		<SimpleData name="name:th">nodes</SimpleData>
	</SchemaData></ExtendedData>
      <Point><coordinates>101.8810002,6.0859165</coordinates></Point>
  </Placemark>
  <Placemark>
	<name>เกาะสะบ้า</name>
	<name>station</name>
	<description>Ko Saba</description>
	<ExtendedData><SchemaData schemaUrl="#hotosm_tha_railways_points_kml">
		<SimpleData name="addr:city">เกาะสะบ้า</SimpleData>
		<SimpleData name="source">1675986071</SimpleData>
		<SimpleData name="name:th">nodes</SimpleData>
	</SchemaData></ExtendedData>
      <Point><coordinates>100.8789057,6.8641192</coordinates></Point>
  </Placemark>
  <Placemark>
	<name>สยาม</name>
	<name>station</name>
	<description>Siam</description>
	<ExtendedData><SchemaData schemaUrl="#hotosm_tha_railways_points_kml">
		<SimpleData name="addr:city">สยาม</SimpleData>
		<SimpleData name="source">1692209237</SimpleData>
		<SimpleData name="name:th">nodes</SimpleData>
	</SchemaData></ExtendedData>
      <Point><coordinates>100.5342199,13.7456236</coordinates></Point>
  </Placemark>
  <Placemark>
	<name>บางละมุง</name>
	<name>station</name>
	<description>Bang Lamung</description>
	<ExtendedData><SchemaData schemaUrl="#hotosm_tha_railways_points_kml">
		<SimpleData name="layer">ตำบลบางละมุง</SimpleData>
		<SimpleData name="addr:city">บางละมุง</SimpleData>
		<SimpleData name="source">1757216505</SimpleData>
		<SimpleData name="name:th">nodes</SimpleData>
	</SchemaData></ExtendedData>
      <Point><coordinates>100.9400616,13.0344892</coordinates></Point>
  </Placemark>
  <Placemark>
	<name>บ้านห้วยขวาง</name>
	<name>station</name>
	<description>Ban Huai Khwang</description>
	<ExtendedData><SchemaData schemaUrl="#hotosm_tha_railways_points_kml">
		<SimpleData name="layer">เมืองพัทยา อำเภอบางละมุง</SimpleData>
		<SimpleData name="addr:city">บ้านห้วยขวาง</SimpleData>
		<SimpleData name="source">1757198540</SimpleData>
		<SimpleData name="name:th">nodes</SimpleData>
	</SchemaData></ExtendedData>
      <Point><coordinates>100.9214409,12.8263019</coordinates></Point>
  </Placemark>
  <Placemark>
	<name>โคกทราย</name>
	<name>station</name>
	<description>Khok Sai</description>
	<ExtendedData><SchemaData schemaUrl="#hotosm_tha_railways_points_kml">
		<SimpleData name="source">1933334389</SimpleData>
		<SimpleData name="name:th">nodes</SimpleData>
	</SchemaData></ExtendedData>
      <Point><coordinates>100.3115482,7.2379031</coordinates></Point>
  </Placemark>
  <Placemark>
	<name>แม่เทียบ</name>
	<name>station</name>
	<description>Mae Thiap</description>
	<ExtendedData><SchemaData schemaUrl="#hotosm_tha_railways_points_kml">
		<SimpleData name="source">2062465220</SimpleData>
		<SimpleData name="name:th">nodes</SimpleData>
	</SchemaData></ExtendedData>
      <Point><coordinates>100.2841875,16.6097579</coordinates></Point>
  </Placemark>
  <Placemark>
	<name>พิชัย</name>
	<name>station</name>
	<description>Phichai</description>
	<ExtendedData><SchemaData schemaUrl="#hotosm_tha_railways_points_kml">
		<SimpleData name="source">2062465222</SimpleData>
		<SimpleData name="name:th">nodes</SimpleData>
	</SchemaData></ExtendedData>
      <Point><coordinates>100.0882507,17.2890332</coordinates></Point>
  </Placemark>
  <Placemark>
	<name>ศิลาอาสน์</name>
	<name>station</name>
	<description>Sila At</description>
	<ExtendedData><SchemaData schemaUrl="#hotosm_tha_railways_points_kml">
		<SimpleData name="addr:city">ศิลาอาสน์</SimpleData>
		<SimpleData name="source">2062465352</SimpleData>
		<SimpleData name="name:th">nodes</SimpleData>
	</SchemaData></ExtendedData>
      <Point><coordinates>100.10104,17.6392683</coordinates></Point>
  </Placemark>
  <Placemark>
	<name>หนองแก</name>
	<name>station</name>
	<description>Nong Kae</description>
	<ExtendedData><SchemaData schemaUrl="#hotosm_tha_railways_points_kml">
		<SimpleData name="addr:city">หนองแก</SimpleData>
		<SimpleData name="source">2198941681</SimpleData>
		<SimpleData name="name:th">nodes</SimpleData>
	</SchemaData></ExtendedData>
      <Point><coordinates>99.96458,12.5328272</coordinates></Point>
  </Placemark>
  <Placemark>
	<name>ทาชมภู</name>
	<name>station</name>
	<description>Tha Chomphu</description>
	<ExtendedData><SchemaData schemaUrl="#hotosm_tha_railways_points_kml">
		<SimpleData name="addr:city">ทาชมภู</SimpleData>
		<SimpleData name="source">2094249670</SimpleData>
		<SimpleData name="name:th">nodes</SimpleData>
	</SchemaData></ExtendedData>
      <Point><coordinates>99.205463,18.5064871</coordinates></Point>
  </Placemark>
  <Placemark>
	<name>ตะพานหิน</name>
	<name>station</name>
	<description>Taphan Hin</description>
	<ExtendedData><SchemaData schemaUrl="#hotosm_tha_railways_points_kml">
		<SimpleData name="source">2327043258</SimpleData>
		<SimpleData name="name:th">nodes</SimpleData>
	</SchemaData></ExtendedData>
      <Point><coordinates>100.424099,16.2207012</coordinates></Point>
  </Placemark>
  <Placemark>
	<name>พระที่นั่งเพชรภูมิไพโรจน์</name>
	<name>station</name>
	<ExtendedData><SchemaData schemaUrl="#hotosm_tha_railways_points_kml">
		<SimpleData name="addr:city">พระที่นั่งเพชรภูมิไพโรจน์</SimpleData>
		<SimpleData name="source">2406197633</SimpleData>
		<SimpleData name="name:th">nodes</SimpleData>
	</SchemaData></ExtendedData>
      <Point><coordinates>99.9360883,13.1093928</coordinates></Point>
  </Placemark>
  <Placemark>
	<name>ท่าเรือน้อย</name>
	<name>station</name>
	<description>Tha Ruea Noi</description>
	<ExtendedData><SchemaData schemaUrl="#hotosm_tha_railways_points_kml">
		<SimpleData name="addr:city">ท่าเรือน้อย</SimpleData>
		<SimpleData name="source">2453876304</SimpleData>
		<SimpleData name="name:th">nodes</SimpleData>
	</SchemaData></ExtendedData>
      <Point><coordinates>99.7517548,13.9562</coordinates></Point>
  </Placemark>
  <Placemark>
	<name>หนองหิน</name>
	<name>station</name>
	<description>Nong Hin</description>
	<ExtendedData><SchemaData schemaUrl="#hotosm_tha_railways_points_kml">
		<SimpleData name="source">2546945892</SimpleData>
		<SimpleData name="name:th">nodes</SimpleData>
	</SchemaData></ExtendedData>
      <Point><coordinates>99.7675179,11.7421762</coordinates></Point>
  </Placemark>
  <Placemark>
	<name>ปราณบุรี</name>
	<name>station</name>
	<description>Pran Buri</description>
	<ExtendedData><SchemaData schemaUrl="#hotosm_tha_railways_points_kml">
		<SimpleData name="addr:city">ปราณบุรี</SimpleData>
		<SimpleData name="source">2628200781</SimpleData>
		<SimpleData name="name:th">nodes</SimpleData>
	</SchemaData></ExtendedData>
      <Point><coordinates>99.9261691,12.3764448</coordinates></Point>
  </Placemark>
  <Placemark>
	<name>วังเย็น</name>
	<name>station</name>
	<description>Wang Yen</description>
	<ExtendedData><SchemaData schemaUrl="#hotosm_tha_railways_points_kml">
		<SimpleData name="addr:city">วังเย็น</SimpleData>
		<SimpleData name="source">2683354074</SimpleData>
		<SimpleData name="name:th">nodes</SimpleData>
	</SchemaData></ExtendedData>
      <Point><coordinates>99.4158946,13.9432669</coordinates></Point>
  </Placemark>
  <Placemark>
	<name>ปะทิว</name>
	<name>station</name>
	<description>Pathio</description>
	<ExtendedData><SchemaData schemaUrl="#hotosm_tha_railways_points_kml">
		<SimpleData name="addr:city">ปะทิว</SimpleData>
		<SimpleData name="source">3440975083</SimpleData>
		<SimpleData name="name:th">nodes</SimpleData>
	</SchemaData></ExtendedData>
      <Point><coordinates>99.3162929,10.7111859</coordinates></Point>
  </Placemark>
  <Placemark>
	<name>บ้านเกาะใหญ่</name>
	<name>station</name>
	<description>Ban Ko Yai</description>
	<ExtendedData><SchemaData schemaUrl="#hotosm_tha_railways_points_kml">
		<SimpleData name="source">3286181097</SimpleData>
		<SimpleData name="name:th">nodes</SimpleData>
	</SchemaData></ExtendedData>
      <Point><coordinates>100.3852631,7.1459449</coordinates></Point>
  </Placemark>
  <Placemark>
	<name>ห้วยยาง</name>
	<name>station</name>
	<description>Huai Yang</description>
	<ExtendedData><SchemaData schemaUrl="#hotosm_tha_railways_points_kml">
		<SimpleData name="addr:full">Wikipedia</SimpleData>
		<SimpleData name="source">3385892809</SimpleData>
		<SimpleData name="name:th">nodes</SimpleData>
	</SchemaData></ExtendedData>
      <Point><coordinates>99.6720204,11.6050706</coordinates></Point>
  </Placemark>
  <Placemark>
	<name>วังด้วน</name>
	<name>station</name>
	<description>Wang Duan</description>
	<ExtendedData><SchemaData schemaUrl="#hotosm_tha_railways_points_kml">
		<SimpleData name="source">3385909908</SimpleData>
		<SimpleData name="name:th">nodes</SimpleData>
	</SchemaData></ExtendedData>
      <Point><coordinates>99.7224194,11.6879245</coordinates></Point>
  </Placemark>
  <Placemark>
	<name>สระแก้ว</name>
	<name>station</name>
	<description>Sa Kaeo</description>
	<ExtendedData><SchemaData schemaUrl="#hotosm_tha_railways_points_kml">
		<SimpleData name="addr:city">สระแก้ว</SimpleData>
		<SimpleData name="source">3435041090</SimpleData>
		<SimpleData name="name:th">nodes</SimpleData>
	</SchemaData></ExtendedData>
      <Point><coordinates>102.0751732,13.8272286</coordinates></Point>
  </Placemark>
  <Placemark>
	<name>ชุมทางตลิ่งชัน</name>
	<name>station</name>
	<description>Taling Chan Junction</description>
	<ExtendedData><SchemaData schemaUrl="#hotosm_tha_railways_points_kml">
		<SimpleData name="addr:city">ชุมทางตลิ่งชัน</SimpleData>
		<SimpleData name="source">3641278609</SimpleData>
		<SimpleData name="name:th">nodes</SimpleData>
	</SchemaData></ExtendedData>
      <Point><coordinates>100.4400797,13.7892723</coordinates></Point>
  </Placemark>
  <Placemark>
	<name>รามัน</name>
	<name>station</name>
	<description>Raman</description>
	<ExtendedData><SchemaData schemaUrl="#hotosm_tha_railways_points_kml">
		<SimpleData name="addr:full">survey;http://www.geonames.org/7013822/sathani-rotfai-raman.html</SimpleData>
		<SimpleData name="addr:city">รามัน</SimpleData>
		<SimpleData name="source">3758665279</SimpleData>
		<SimpleData name="name:th">nodes</SimpleData>
	</SchemaData></ExtendedData>
      <Point><coordinates>101.4318913,6.4769499</coordinates></Point>
  </Placemark>
  <Placemark>
	<name>บางยี่ขัน</name>
	<name>station</name>
	<description>Bang Yi Khan</description>
	<ExtendedData><SchemaData schemaUrl="#hotosm_tha_railways_points_kml">
		<SimpleData name="addr:city">บางยี่ขัน</SimpleData>
		<SimpleData name="source">3801037853</SimpleData>
		<SimpleData name="name:th">nodes</SimpleData>
	</SchemaData></ExtendedData>
      <Point><coordinates>100.4852556,13.777382</coordinates></Point>
  </Placemark>
  <Placemark>
	<name>บางอ้อ</name>
	<name>station</name>
	<description>Bang O</description>
	<ExtendedData><SchemaData schemaUrl="#hotosm_tha_railways_points_kml">
		<SimpleData name="addr:city">บางอ้อ</SimpleData>
		<SimpleData name="source">3801037855</SimpleData>
		<SimpleData name="name:th">nodes</SimpleData>
	</SchemaData></ExtendedData>
      <Point><coordinates>100.5097864,13.7989803</coordinates></Point>
  </Placemark>
  <Placemark>
	<name>บางแค</name>
	<name>station</name>
	<description>Bang Khae</description>
	<ExtendedData><SchemaData schemaUrl="#hotosm_tha_railways_points_kml">
		<SimpleData name="addr:city">บางแค</SimpleData>
		<SimpleData name="source">3801037856</SimpleData>
		<SimpleData name="name:th">nodes</SimpleData>
	</SchemaData></ExtendedData>
      <Point><coordinates>100.4223368,13.7119437</coordinates></Point>
  </Placemark>
  <Placemark>
	<name>บางโพ</name>
	<name>station</name>
	<description>Bang Pho</description>
	<ExtendedData><SchemaData schemaUrl="#hotosm_tha_railways_points_kml">
		<SimpleData name="addr:city">บางโพ</SimpleData>
		<SimpleData name="source">3801040557</SimpleData>
		<SimpleData name="name:th">nodes</SimpleData>
	</SchemaData></ExtendedData>
      <Point><coordinates>100.5210095,13.8064027</coordinates></Point>
  </Placemark>
  <Placemark>
	<name>บางไผ่</name>
	<name>station</name>
	<description>Bang Phai</description>
	<ExtendedData><SchemaData schemaUrl="#hotosm_tha_railways_points_kml">
		<SimpleData name="addr:city">บางไผ่</SimpleData>
		<SimpleData name="source">3801040558</SimpleData>
		<SimpleData name="name:th">nodes</SimpleData>
	</SchemaData></ExtendedData>
      <Point><coordinates>100.4650788,13.7246179</coordinates></Point>
  </Placemark>
  <Placemark>
	<name>ภาษีเจริญ</name>
	<name>station</name>
	<description>Phasi Charoen</description>
	<ExtendedData><SchemaData schemaUrl="#hotosm_tha_railways_points_kml">
		<SimpleData name="addr:city">ภาษีเจริญ</SimpleData>
		<SimpleData name="source">3801040559</SimpleData>
		<SimpleData name="name:th">nodes</SimpleData>
	</SchemaData></ExtendedData>
      <Point><coordinates>100.434326,13.7129105</coordinates></Point>
  </Placemark>
  <Placemark>
	<name>หลักสอง</name>
	<name>station</name>
	<description>Lak Song</description>
	<ExtendedData><SchemaData schemaUrl="#hotosm_tha_railways_points_kml">
		<SimpleData name="addr:city">หลักสอง</SimpleData>
		<SimpleData name="source">3801040561</SimpleData>
		<SimpleData name="name:th">nodes</SimpleData>
	</SchemaData></ExtendedData>
      <Point><coordinates>100.4094849,13.7108774</coordinates></Point>
  </Placemark>
  <Placemark>
	<name>เพชรเกษม 48</name>
	<name>station</name>
	<description>Phetkasem 48</description>
	<ExtendedData><SchemaData schemaUrl="#hotosm_tha_railways_points_kml">
		<SimpleData name="addr:city">เพชรเกษม 48</SimpleData>
		<SimpleData name="source">3801040564</SimpleData>
		<SimpleData name="name:th">nodes</SimpleData>
	</SchemaData></ExtendedData>
      <Point><coordinates>100.4454508,13.7155591</coordinates></Point>
  </Placemark>
  <Placemark>
	<name>คลองจัง</name>
	<name>station</name>
	<description>Khlong Chang</description>
	<ExtendedData><SchemaData schemaUrl="#hotosm_tha_railways_points_kml">
		<SimpleData name="addr:full">Wikipedia, Survey</SimpleData>
		<SimpleData name="source">4059503591</SimpleData>
		<SimpleData name="name:th">nodes</SimpleData>
	</SchemaData></ExtendedData>
      <Point><coordinates>99.621705,8.2408432</coordinates></Point>
  </Placemark>
  <Placemark>
	<name>ใสใหญ่</name>
	<name>station</name>
	<description>Sai Yai</description>
	<ExtendedData><SchemaData schemaUrl="#hotosm_tha_railways_points_kml">
		<SimpleData name="source">4059503597</SimpleData>
		<SimpleData name="name:th">nodes</SimpleData>
	</SchemaData></ExtendedData>
      <Point><coordinates>99.7214699,8.1602892</coordinates></Point>
  </Placemark>
  <Placemark>
	<name>บ้านใหม่</name>
	<name>station</name>
	<description>Ban Mai</description>
	<ExtendedData><SchemaData schemaUrl="#hotosm_tha_railways_points_kml">
		<SimpleData name="source">4012714486</SimpleData>
		<SimpleData name="name:th">nodes</SimpleData>
	</SchemaData></ExtendedData>
      <Point><coordinates>100.2729108,16.6901016</coordinates></Point>
  </Placemark>
  <Placemark>
	<name>ห้วยปริก</name>
	<name>station</name>
	<description>Huai Prik</description>
	<ExtendedData><SchemaData schemaUrl="#hotosm_tha_railways_points_kml">
		<SimpleData name="source">4059503589</SimpleData>
		<SimpleData name="name:th">nodes</SimpleData>
	</SchemaData></ExtendedData>
      <Point><coordinates>99.4566341,8.5686473</coordinates></Point>
  </Placemark>
  <Placemark>
	<name>ควนหนองคว้า</name>
	<name>station</name>
	<description>Khuan Nong Khwa</description>
	<ExtendedData><SchemaData schemaUrl="#hotosm_tha_railways_points_kml">
		<SimpleData name="source">4059503592</SimpleData>
		<SimpleData name="name:th">nodes</SimpleData>
	</SchemaData></ExtendedData>
      <Point><coordinates>99.9369431,8.1043111</coordinates></Point>
  </Placemark>
  <Placemark>
	<name>นาบอน</name>
	<name>station</name>
	<description>Na Bon</description>
	<ExtendedData><SchemaData schemaUrl="#hotosm_tha_railways_points_kml">
		<SimpleData name="addr:full">Wikipedia</SimpleData>
		<SimpleData name="source">4059503595</SimpleData>
		<SimpleData name="name:th">nodes</SimpleData>
	</SchemaData></ExtendedData>
      <Point><coordinates>99.5960322,8.2658818</coordinates></Point>
  </Placemark>
  <Placemark>
	<name>ร่อนพิบูลย์</name>
	<name>station</name>
	<description>Ron Phibun</description>
	<ExtendedData><SchemaData schemaUrl="#hotosm_tha_railways_points_kml">
		<SimpleData name="source">4059503596</SimpleData>
		<SimpleData name="name:th">nodes</SimpleData>
	</SchemaData></ExtendedData>
      <Point><coordinates>99.8407292,8.1541306</coordinates></Point>
  </Placemark>
  <Placemark>
	<name>สระโกสินารายณ์</name>
	<name>station</name>
	<description>Sa Kosinarai</description>
	<ExtendedData><SchemaData schemaUrl="#hotosm_tha_railways_points_kml">
		<SimpleData name="addr:city">สระโกสินารายณ์</SimpleData>
		<SimpleData name="source">4604984594</SimpleData>
		<SimpleData name="name:th">nodes</SimpleData>
	</SchemaData></ExtendedData>
      <Point><coordinates>99.8495351,13.8503382</coordinates></Point>
  </Placemark>
  <Placemark>
	<name>บ่อตะคร้อ</name>
	<name>station</name>
	<description>Bo Takhro</description>
	<ExtendedData><SchemaData schemaUrl="#hotosm_tha_railways_points_kml">
		<SimpleData name="addr:full">survey</SimpleData>
		<SimpleData name="addr:city">บ่อตะคร้อ</SimpleData>
		<SimpleData name="source">4755947793</SimpleData>
		<SimpleData name="name:th">nodes</SimpleData>
	</SchemaData></ExtendedData>
      <Point><coordinates>99.83501,13.4411378</coordinates></Point>
  </Placemark>
  <Placemark>
	<name>โนนทองหลาง</name>
	<name>station</name>
	<description>Non Thonglang</description>
	<ExtendedData><SchemaData schemaUrl="#hotosm_tha_railways_points_kml">
		<SimpleData name="source">4919461602</SimpleData>
		<SimpleData name="name:th">nodes</SimpleData>
	</SchemaData></ExtendedData>
      <Point><coordinates>102.3757797,15.512801</coordinates></Point>
  </Placemark>
  <Placemark>
	<name>บ้านดอนใหญ่</name>
	<name>station</name>
	<description>Ban Don Yai</description>
	<ExtendedData><SchemaData schemaUrl="#hotosm_tha_railways_points_kml">
		<SimpleData name="source">4919461603</SimpleData>
		<SimpleData name="name:th">nodes</SimpleData>
	</SchemaData></ExtendedData>
      <Point><coordinates>102.3128269,15.3892901</coordinates></Point>
  </Placemark>
  <Placemark>
	<name>เมืองคง</name>
	<name>station</name>
	<description>Mueang Khong</description>
	<ExtendedData><SchemaData schemaUrl="#hotosm_tha_railways_points_kml">
		<SimpleData name="source">4919461934</SimpleData>
		<SimpleData name="name:th">nodes</SimpleData>
	</SchemaData></ExtendedData>
      <Point><coordinates>102.3311877,15.4451048</coordinates></Point>
  </Placemark>
  <Placemark>
	<name>ฉวาง</name>
	<name>station</name>
	<description>Chawang</description>
	<ExtendedData><SchemaData schemaUrl="#hotosm_tha_railways_points_kml">
		<SimpleData name="source">4869119974</SimpleData>
		<SimpleData name="name:th">nodes</SimpleData>
	</SchemaData></ExtendedData>
      <Point><coordinates>99.5083719,8.4206392</coordinates></Point>
  </Placemark>
  <Placemark>
	<name>ดงตะขบ</name>
	<name>station</name>
	<description>Dong Takhop</description>
	<ExtendedData><SchemaData schemaUrl="#hotosm_tha_railways_points_kml">
		<SimpleData name="source">5034039625</SimpleData>
		<SimpleData name="name:th">nodes</SimpleData>
	</SchemaData></ExtendedData>
      <Point><coordinates>100.4148126,16.1386774</coordinates></Point>
  </Placemark>
  <Placemark>
	<name>ตลาดบางใหญ่</name>
	<name>station</name>
	<description>Talad Bang Yai</description>
	<ExtendedData><SchemaData schemaUrl="#hotosm_tha_railways_points_kml">
		<SimpleData name="addr:city">ตลาดบางใหญ่</SimpleData>
		<SimpleData name="source">5222843675</SimpleData>
		<SimpleData name="name:th">nodes</SimpleData>
	</SchemaData></ExtendedData>
      <Point><coordinates>100.409287,13.8810117</coordinates></Point>
  </Placemark>
  <Placemark>
	<name>สามแยกบางใหญ่</name>
	<name>station</name>
	<description>Sam Yaek Bang Yai</description>
	<ExtendedData><SchemaData schemaUrl="#hotosm_tha_railways_points_kml">
		<SimpleData name="addr:city">สามแยกบางใหญ่</SimpleData>
		<SimpleData name="source">5222843676</SimpleData>
		<SimpleData name="name:th">nodes</SimpleData>
	</SchemaData></ExtendedData>
      <Point><coordinates>100.4193624,13.8746749</coordinates></Point>
  </Placemark>
  <Placemark>
	<name>บางพลู</name>
	<name>station</name>
	<description>Bang Phlu</description>
	<ExtendedData><SchemaData schemaUrl="#hotosm_tha_railways_points_kml">
		<SimpleData name="addr:city">บางพลู</SimpleData>
		<SimpleData name="source">5222843677</SimpleData>
		<SimpleData name="name:th">nodes</SimpleData>
	</SchemaData></ExtendedData>
      <Point><coordinates>100.4338011,13.8757677</coordinates></Point>
  </Placemark>
  <Placemark>
	<name>บางรักใหญ่</name>
	<name>station</name>
	<description>Bang Rak Yai</description>
	<ExtendedData><SchemaData schemaUrl="#hotosm_tha_railways_points_kml">
		<SimpleData name="addr:city">บางรักใหญ่</SimpleData>
		<SimpleData name="source">5222843678</SimpleData>
		<SimpleData name="name:th">nodes</SimpleData>
	</SchemaData></ExtendedData>
      <Point><coordinates>100.4449359,13.876607</coordinates></Point>
  </Placemark>
  <Placemark>
	<name>ไทรม้า</name>
	<name>station</name>
	<description>Sai Ma</description>
	<ExtendedData><SchemaData schemaUrl="#hotosm_tha_railways_points_kml">
		<SimpleData name="addr:city">ไทรม้า</SimpleData>
		<SimpleData name="source">5222843680</SimpleData>
		<SimpleData name="name:th">nodes</SimpleData>
	</SchemaData></ExtendedData>
      <Point><coordinates>100.4666922,13.8705112</coordinates></Point>
  </Placemark>
  <Placemark>
	<name>สะพานพระนั่งเกล้า</name>
	<name>station</name>
	<description>Phra Nang Klao Bridge</description>
	<ExtendedData><SchemaData schemaUrl="#hotosm_tha_railways_points_kml">
		<SimpleData name="addr:city">สะพานพระนั่งเกล้า</SimpleData>
		<SimpleData name="source">5222843681</SimpleData>
		<SimpleData name="name:th">nodes</SimpleData>
	</SchemaData></ExtendedData>
      <Point><coordinates>100.4801284,13.8702897</coordinates></Point>
  </Placemark>
  <Placemark>
	<name>แยกนนทบุรี 1</name>
	<name>station</name>
	<description>Yaek Nonthaburi 1</description>
	<ExtendedData><SchemaData schemaUrl="#hotosm_tha_railways_points_kml">
		<SimpleData name="addr:city">แยกนนทบุรี 1</SimpleData>
		<SimpleData name="source">5222843682</SimpleData>
		<SimpleData name="name:th">nodes</SimpleData>
	</SchemaData></ExtendedData>
      <Point><coordinates>100.4940765,13.865961</coordinates></Point>
  </Placemark>
  <Placemark>
	<name>บางกระสอ</name>
	<name>station</name>
	<description>Bang Krasor</description>
	<ExtendedData><SchemaData schemaUrl="#hotosm_tha_railways_points_kml">
		<SimpleData name="addr:city">บางกระสอ</SimpleData>
		<SimpleData name="source">5222843683</SimpleData>
		<SimpleData name="name:th">nodes</SimpleData>
	</SchemaData></ExtendedData>
      <Point><coordinates>100.5046524,13.8616527</coordinates></Point>
  </Placemark>
  <Placemark>
	<name>บ้านคูบัว</name>
	<name>station</name>
	<description>Ban Khu Bua</description>
	<ExtendedData><SchemaData schemaUrl="#hotosm_tha_railways_points_kml">
		<SimpleData name="addr:city">บ้านคูบัว</SimpleData>
		<SimpleData name="source">5274916039</SimpleData>
		<SimpleData name="name:th">nodes</SimpleData>
	</SchemaData></ExtendedData>
      <Point><coordinates>99.8284098,13.4918773</coordinates></Point>
  </Placemark>
  <Placemark>
	<name>ปุณณวิถี</name>
	<name>station</name>
	<description>Punnawithi</description>
	<ExtendedData><SchemaData schemaUrl="#hotosm_tha_railways_points_kml">
		<SimpleData name="addr:city">ปุณณวิถี</SimpleData>
		<SimpleData name="source">5391616767</SimpleData>
		<SimpleData name="name:th">nodes</SimpleData>
	</SchemaData></ExtendedData>
      <Point><coordinates>100.6089963,13.689279</coordinates></Point>
  </Placemark>
  <Placemark>
	<name>พญาไท</name>
	<name>station</name>
	<description>Phaya Thai</description>
	<ExtendedData><SchemaData schemaUrl="#hotosm_tha_railways_points_kml">
		<SimpleData name="addr:city">พญาไท</SimpleData>
		<SimpleData name="source">5388610344</SimpleData>
		<SimpleData name="name:th">nodes</SimpleData>
	</SchemaData></ExtendedData>
      <Point><coordinates>100.5338214,13.7569644</coordinates></Point>
  </Placemark>
  <Placemark>
	<name>นานา</name>
	<name>station</name>
	<description>Nana</description>
	<ExtendedData><SchemaData schemaUrl="#hotosm_tha_railways_points_kml">
		<SimpleData name="addr:city">นานา</SimpleData>
		<SimpleData name="source">5391628766</SimpleData>
		<SimpleData name="name:th">nodes</SimpleData>
	</SchemaData></ExtendedData>
      <Point><coordinates>100.5554291,13.7405358</coordinates></Point>
  </Placemark>
  <Placemark>
	<name>เพลินจิต</name>
	<name>station</name>
	<description>Phloen Chit</description>
	<ExtendedData><SchemaData schemaUrl="#hotosm_tha_railways_points_kml">
		<SimpleData name="addr:city">เพลินจิต</SimpleData>
		<SimpleData name="source">5391631777</SimpleData>
		<SimpleData name="name:th">nodes</SimpleData>
	</SchemaData></ExtendedData>
      <Point><coordinates>100.5489762,13.7430684</coordinates></Point>
  </Placemark>
  <Placemark>
	<name>พระโขนง</name>
	<name>station</name>
	<description>Phra Khanong</description>
	<ExtendedData><SchemaData schemaUrl="#hotosm_tha_railways_points_kml">
		<SimpleData name="addr:city">พระโขนง</SimpleData>
		<SimpleData name="source">5391610985</SimpleData>
		<SimpleData name="name:th">nodes</SimpleData>
	</SchemaData></ExtendedData>
      <Point><coordinates>100.5912365,13.7151693</coordinates></Point>
  </Placemark>
  <Placemark>
	<name>หว้ากอ</name>
	<name>station</name>
	<description>Wa Ko</description>
	<ExtendedData><SchemaData schemaUrl="#hotosm_tha_railways_points_kml">
		<SimpleData name="source">5455506591</SimpleData>
		<SimpleData name="name:th">nodes</SimpleData>
	</SchemaData></ExtendedData>
      <Point><coordinates>99.7499113,11.7157664</coordinates></Point>
  </Placemark>
  <Placemark>
	<name>วิสัย</name>
	<name>station</name>
	<description>Wisai</description>
	<ExtendedData><SchemaData schemaUrl="#hotosm_tha_railways_points_kml">
		<SimpleData name="source">5455506593</SimpleData>
		<SimpleData name="name:th">nodes</SimpleData>
	</SchemaData></ExtendedData>
      <Point><coordinates>99.1116166,10.3282095</coordinates></Point>
  </Placemark>
  <Placemark>
	<name>หนองคาง</name>
	<name>station</name>
	<description>Nong Khang</description>
	<ExtendedData><SchemaData schemaUrl="#hotosm_tha_railways_points_kml">
		<SimpleData name="source">5455506756</SimpleData>
		<SimpleData name="name:th">nodes</SimpleData>
	</SchemaData></ExtendedData>
      <Point><coordinates>99.8906083,12.2842612</coordinates></Point>
  </Placemark>
  <Placemark>
	<name>แสงแดด</name>
	<name>station</name>
	<description>Saeng Daet</description>
	<ExtendedData><SchemaData schemaUrl="#hotosm_tha_railways_points_kml">
		<SimpleData name="source">5455506758</SimpleData>
		<SimpleData name="name:th">nodes</SimpleData>
	</SchemaData></ExtendedData>
      <Point><coordinates>99.1551651,10.4736982</coordinates></Point>
  </Placemark>
  <Placemark>
	<name>บ้านคอกม้า</name>
	<name>station</name>
	<description>Ban Khok Ma</description>
	<ExtendedData><SchemaData schemaUrl="#hotosm_tha_railways_points_kml">
		<SimpleData name="source">5455506854</SimpleData>
		<SimpleData name="name:th">nodes</SimpleData>
	</SchemaData></ExtendedData>
      <Point><coordinates>99.2740425,10.6526122</coordinates></Point>
  </Placemark>
  <Placemark>
	<name>นาชะอัง</name>
	<name>station</name>
	<description>Na Cha-ang</description>
	<ExtendedData><SchemaData schemaUrl="#hotosm_tha_railways_points_kml">
		<SimpleData name="source">5455506855</SimpleData>
		<SimpleData name="name:th">nodes</SimpleData>
	</SchemaData></ExtendedData>
      <Point><coordinates>99.206769,10.5360126</coordinates></Point>
  </Placemark>
  <Placemark>
	<name>สุรนารายณ์</name>
	<name>station</name>
	<description>Suranarai</description>
	<ExtendedData><SchemaData schemaUrl="#hotosm_tha_railways_points_kml">
		<SimpleData name="source">5480897290</SimpleData>
		<SimpleData name="name:th">nodes</SimpleData>
	</SchemaData></ExtendedData>
      <Point><coordinates>101.0172521,15.07013</coordinates></Point>
  </Placemark>
  <Placemark>
	<name>แก่งเสือเต้น</name>
	<name>station</name>
	<description>Kaeng Suea Ten</description>
	<ExtendedData><SchemaData schemaUrl="#hotosm_tha_railways_points_kml">
		<SimpleData name="source">5805282089</SimpleData>
		<SimpleData name="name:th">nodes</SimpleData>
	</SchemaData></ExtendedData>
      <Point><coordinates>101.0638116,14.8423132</coordinates></Point>
  </Placemark>
  <Placemark>
	<name>หนองมะเขือ</name>
	<name>station</name>
	<description>Nong Makhuea</description>
	<ExtendedData><SchemaData schemaUrl="#hotosm_tha_railways_points_kml">
		<SimpleData name="addr:city">หนองมะเขือ</SimpleData>
		<SimpleData name="source">5864454781</SimpleData>
		<SimpleData name="name:th">nodes</SimpleData>
	</SchemaData></ExtendedData>
      <Point><coordinates>102.5671728,15.7584027</coordinates></Point>
  </Placemark>
  <Placemark>
	<name>รังสิต</name>
	<name>station</name>
	<description>Rangsit</description>
	<ExtendedData><SchemaData schemaUrl="#hotosm_tha_railways_points_kml">
		<SimpleData name="addr:city">รังสิต</SimpleData>
		<SimpleData name="source">6024782068</SimpleData>
		<SimpleData name="name:th">nodes</SimpleData>
	</SchemaData></ExtendedData>
      <Point><coordinates>100.6021544,13.9905416</coordinates></Point>
  </Placemark>
  <Placemark>
	<name>บึงพระ</name>
	<name>station</name>
	<description>Bueng Phra</description>
	<ExtendedData><SchemaData schemaUrl="#hotosm_tha_railways_points_kml">
		<SimpleData name="source">6342986719</SimpleData>
		<SimpleData name="name:th">nodes</SimpleData>
	</SchemaData></ExtendedData>
      <Point><coordinates>100.2640645,16.7481115</coordinates></Point>
  </Placemark>
  <Placemark>
	<name>โพนทอง</name>
	<name>station</name>
	<description>Phon Thong</description>
	<ExtendedData><SchemaData schemaUrl="#hotosm_tha_railways_points_kml">
		<SimpleData name="source">6342990287</SimpleData>
		<SimpleData name="name:th">nodes</SimpleData>
	</SchemaData></ExtendedData>
      <Point><coordinates>100.3666748,15.2204313</coordinates></Point>
  </Placemark>
  <Placemark>
	<name>จันเสน</name>
	<name>station</name>
	<description>Chan Sen</description>
	<ExtendedData><SchemaData schemaUrl="#hotosm_tha_railways_points_kml">
		<SimpleData name="addr:city">จันเสน</SimpleData>
		<SimpleData name="source">259607226</SimpleData>
		<SimpleData name="name:th">nodes</SimpleData>
	</SchemaData></ExtendedData>
      <Point><coordinates>100.4597141,15.1220657</coordinates></Point>
  </Placemark>
  <Placemark>
	<name>บ้านหมี่</name>
	<name>station</name>
	<description>Ban Mi</description>
	<ExtendedData><SchemaData schemaUrl="#hotosm_tha_railways_points_kml">
		<SimpleData name="addr:city">บ้านหมี่</SimpleData>
		<SimpleData name="source">259719997</SimpleData>
		<SimpleData name="name:th">nodes</SimpleData>
	</SchemaData></ExtendedData>
      <Point><coordinates>100.5402215,15.0397893</coordinates></Point>
  </Placemark>
  <Placemark>
	<name>หนองทรายขาว</name>
	<name>station</name>
	<description>Nong Sai Khao</description>
	<ExtendedData><SchemaData schemaUrl="#hotosm_tha_railways_points_kml">
		<SimpleData name="source">8194821106</SimpleData>
		<SimpleData name="name:th">nodes</SimpleData>
	</SchemaData></ExtendedData>
      <Point><coordinates>100.5731995,14.9936156</coordinates></Point>
  </Placemark>
  <Placemark>
	<name>ห้วยแก้ว</name>
	<name>station</name>
	<description>Huai Kaeo</description>
	<ExtendedData><SchemaData schemaUrl="#hotosm_tha_railways_points_kml">
		<SimpleData name="source">8222508536</SimpleData>
		<SimpleData name="name:th">nodes</SimpleData>
	</SchemaData></ExtendedData>
      <Point><coordinates>100.510629,15.0702544</coordinates></Point>
  </Placemark>
  <Placemark>
	<name>หนองโพ</name>
	<name>station</name>
	<description>Nong Pho</description>
	<ExtendedData><SchemaData schemaUrl="#hotosm_tha_railways_points_kml">
		<SimpleData name="addr:city">หนองโพ</SimpleData>
		<SimpleData name="source">259607222</SimpleData>
		<SimpleData name="name:th">nodes</SimpleData>
	</SchemaData></ExtendedData>
      <Point><coordinates>100.2592545,15.3938345</coordinates></Point>
  </Placemark>
  <Placemark>
	<name>หัวงิ้ว</name>
	<name>station</name>
	<description>Hua Ngio</description>
	<ExtendedData><SchemaData schemaUrl="#hotosm_tha_railways_points_kml">
		<SimpleData name="source">6342990288</SimpleData>
		<SimpleData name="name:th">nodes</SimpleData>
	</SchemaData></ExtendedData>
      <Point><coordinates>100.2194591,15.427277</coordinates></Point>
  </Placemark>
  <Placemark>
	<name>คลองตาคด</name>
	<name>station</name>
	<description>Khlong Ta Khot</description>
	<ExtendedData><SchemaData schemaUrl="#hotosm_tha_railways_points_kml">
		<SimpleData name="addr:city">คลองตาคด</SimpleData>
		<SimpleData name="source">6474609286</SimpleData>
		<SimpleData name="name:th">nodes</SimpleData>
	</SchemaData></ExtendedData>
      <Point><coordinates>99.8499673,13.7344531</coordinates></Point>
  </Placemark>
  <Placemark>
	<name>เขาทอง</name>
	<name>station</name>
	<description>Khao Thong</description>
	<ExtendedData><SchemaData schemaUrl="#hotosm_tha_railways_points_kml">
		<SimpleData name="addr:city">เขาทอง</SimpleData>
		<SimpleData name="source">2623127898</SimpleData>
		<SimpleData name="name:th">nodes</SimpleData>
	</SchemaData></ExtendedData>
      <Point><coordinates>100.1762107,15.5719859</coordinates></Point>
  </Placemark>
  <Placemark>
	<name>หนองบัวลาย</name>
	<name>station</name>
	<description>Nong Bua Lai</description>
	<ExtendedData><SchemaData schemaUrl="#hotosm_tha_railways_points_kml">
		<SimpleData name="source">5864454782</SimpleData>
		<SimpleData name="name:th">nodes</SimpleData>
	</SchemaData></ExtendedData>
      <Point><coordinates>102.4966394,15.6683098</coordinates></Point>
  </Placemark>
  <Placemark>
	<name>พิพิธภัณฑ์กองทัพอากาศ</name>
	<name>station</name>
	<description>Royal Thai Air Force Museum</description>
	<ExtendedData><SchemaData schemaUrl="#hotosm_tha_railways_points_kml">
		<SimpleData name="addr:city">พิพิธภัณฑ์กองทัพอากาศ</SimpleData>
		<SimpleData name="source">6681609016</SimpleData>
		<SimpleData name="name:th">nodes</SimpleData>
	</SchemaData></ExtendedData>
      <Point><coordinates>100.621691,13.9179713</coordinates></Point>
  </Placemark>
  <Placemark>
	<name>พหลโยธิน 59</name>
	<name>station</name>
	<description>Phahonyothin 59</description>
	<ExtendedData><SchemaData schemaUrl="#hotosm_tha_railways_points_kml">
		<SimpleData name="addr:city">พหลโยธิน 59</SimpleData>
		<SimpleData name="source">6681609020</SimpleData>
		<SimpleData name="name:th">nodes</SimpleData>
	</SchemaData></ExtendedData>
      <Point><coordinates>100.6007312,13.8824483</coordinates></Point>
  </Placemark>
  <Placemark>
	<name>บางบัว</name>
	<name>station</name>
	<description>Bang Bua</description>
	<ExtendedData><SchemaData schemaUrl="#hotosm_tha_railways_points_kml">
		<SimpleData name="addr:city">บางบัว</SimpleData>
		<SimpleData name="source">6681609025</SimpleData>
		<SimpleData name="name:th">nodes</SimpleData>
	</SchemaData></ExtendedData>
      <Point><coordinates>100.5851786,13.856049</coordinates></Point>
  </Placemark>
  <Placemark>
	<name>กรมป่าไม้</name>
	<name>station</name>
	<description>Royal Forest Department</description>
	<ExtendedData><SchemaData schemaUrl="#hotosm_tha_railways_points_kml">
		<SimpleData name="addr:city">กรมป่าไม้</SimpleData>
		<SimpleData name="source">6681609026</SimpleData>
		<SimpleData name="name:th">nodes</SimpleData>
	</SchemaData></ExtendedData>
      <Point><coordinates>100.5818158,13.850326</coordinates></Point>
  </Placemark>
  <Placemark>
	<name>มหาวิทยาลัยเกษตรศาสตร์</name>
	<name>station</name>
	<description>Kasetsart University</description>
	<ExtendedData><SchemaData schemaUrl="#hotosm_tha_railways_points_kml">
		<SimpleData name="source">6681609027</SimpleData>
		<SimpleData name="name:th">nodes</SimpleData>
	</SchemaData></ExtendedData>
      <Point><coordinates>100.577105,13.8423141</coordinates></Point>
  </Placemark>
  <Placemark>
	<name>รัชโยธิน</name>
	<name>station</name>
	<description>Ratchayothin</description>
	<ExtendedData><SchemaData schemaUrl="#hotosm_tha_railways_points_kml">
		<SimpleData name="addr:city">รัชโยธิน</SimpleData>
		<SimpleData name="source">6681609029</SimpleData>
		<SimpleData name="name:th">nodes</SimpleData>
	</SchemaData></ExtendedData>
      <Point><coordinates>100.5697222,13.8297477</coordinates></Point>
  </Placemark>
  <Placemark>
	<name>พหลโยธิน 24</name>
	<name>station</name>
	<description>Phahonyothin 24</description>
	<ExtendedData><SchemaData schemaUrl="#hotosm_tha_railways_points_kml">
		<SimpleData name="addr:city">พหลโยธิน 24</SimpleData>
		<SimpleData name="source">6681609030</SimpleData>
		<SimpleData name="name:th">nodes</SimpleData>
	</SchemaData></ExtendedData>
      <Point><coordinates>100.5664253,13.8241206</coordinates></Point>
  </Placemark>
  <Placemark>
	<name>โรงพยาบาลภูมิพลอดุลยเดช</name>
	<name>station</name>
	<description>Bhumibol Adulyadej Hospital</description>
	<ExtendedData><SchemaData schemaUrl="#hotosm_tha_railways_points_kml">
		<SimpleData name="addr:city">โรงพยาบาลภูมิพลอดุลยเดช</SimpleData>
		<SimpleData name="source">6681609017</SimpleData>
		<SimpleData name="name:th">nodes</SimpleData>
	</SchemaData></ExtendedData>
      <Point><coordinates>100.6173961,13.910714</coordinates></Point>
  </Placemark>
  <Placemark>
	<name>สะพานใหม่</name>
	<name>station</name>
	<description>Saphan Mai</description>
	<ExtendedData><SchemaData schemaUrl="#hotosm_tha_railways_points_kml">
		<SimpleData name="addr:city">สะพานใหม่</SimpleData>
		<SimpleData name="source">6681609018</SimpleData>
		<SimpleData name="name:th">nodes</SimpleData>
	</SchemaData></ExtendedData>
      <Point><coordinates>100.6090774,13.8966129</coordinates></Point>
  </Placemark>
  <Placemark>
	<name>เสนานิคม</name>
	<name>station</name>
	<description>Sena Nikhom</description>
	<ExtendedData><SchemaData schemaUrl="#hotosm_tha_railways_points_kml">
		<SimpleData name="addr:city">เสนานิคม</SimpleData>
		<SimpleData name="source">6681609028</SimpleData>
		<SimpleData name="name:th">nodes</SimpleData>
	</SchemaData></ExtendedData>
      <Point><coordinates>100.5736286,13.8364057</coordinates></Point>
  </Placemark>
  <Placemark>
	<name>บ้านทับช้าง</name>
	<name>station</name>
	<description>Ban Thap Chang</description>
	<ExtendedData><SchemaData schemaUrl="#hotosm_tha_railways_points_kml">
		<SimpleData name="addr:city">บ้านทับช้าง</SimpleData>
		<SimpleData name="source">6711014684</SimpleData>
		<SimpleData name="name:th">nodes</SimpleData>
	</SchemaData></ExtendedData>
      <Point><coordinates>100.6908166,13.7328881</coordinates></Point>
  </Placemark>
  <Placemark>
	<name>เชียงใหม่</name>
	<name>station</name>
	<description>Chiang Mai</description>
	<ExtendedData><SchemaData schemaUrl="#hotosm_tha_railways_points_kml">
		<SimpleData name="addr:full">local knowledge</SimpleData>
		<SimpleData name="addr:city">เชียงใหม่</SimpleData>
		<SimpleData name="source">8797855637</SimpleData>
		<SimpleData name="name:th">nodes</SimpleData>
	</SchemaData></ExtendedData>
      <Point><coordinates>99.0168234,18.7835223</coordinates></Point>
  </Placemark>
  <Placemark>
	<name>นาพู่</name>
	<name>station</name>
	<description>Na Phu</description>
	<ExtendedData><SchemaData schemaUrl="#hotosm_tha_railways_points_kml">
		<SimpleData name="source">6805675717</SimpleData>
		<SimpleData name="name:th">nodes</SimpleData>
	</SchemaData></ExtendedData>
      <Point><coordinates>102.7727517,17.6198536</coordinates></Point>
  </Placemark>
  <Placemark>
	<name>เขาพระบาท</name>
	<name>station</name>
	<description>Khao Phra Bat</description>
	<ExtendedData><SchemaData schemaUrl="#hotosm_tha_railways_points_kml">
		<SimpleData name="layer">ตำบลบางพระ อำเภอศรีราชา</SimpleData>
		<SimpleData name="addr:city">เขาพระบาท</SimpleData>
		<SimpleData name="source">6813416102</SimpleData>
		<SimpleData name="name:th">nodes</SimpleData>
	</SchemaData></ExtendedData>
      <Point><coordinates>100.9416248,13.2024409</coordinates></Point>
  </Placemark>
  <Placemark>
	<name>ไฟฉาย</name>
	<name>station</name>
	<description>Fai Chai</description>
	<ExtendedData><SchemaData schemaUrl="#hotosm_tha_railways_points_kml">
		<SimpleData name="addr:city">ไฟฉาย</SimpleData>
		<SimpleData name="source">7096345624</SimpleData>
		<SimpleData name="name:th">nodes</SimpleData>
	</SchemaData></ExtendedData>
      <Point><coordinates>100.4693198,13.7558013</coordinates></Point>
  </Placemark>
  <Placemark>
	<name>โพธาราม</name>
	<name>station</name>
	<description>Photharam</description>
	<ExtendedData><SchemaData schemaUrl="#hotosm_tha_railways_points_kml">
		<SimpleData name="source">7627837931</SimpleData>
		<SimpleData name="name:th">nodes</SimpleData>
	</SchemaData></ExtendedData>
      <Point><coordinates>99.8507326,13.6936859</coordinates></Point>
  </Placemark>
  <Placemark>
	<name>สำโรง</name>
	<name>station</name>
	<description>Samrong</description>
	<ExtendedData><SchemaData schemaUrl="#hotosm_tha_railways_points_kml">
		<SimpleData name="addr:city">สำโรง</SimpleData>
		<SimpleData name="source">7781303392</SimpleData>
		<SimpleData name="name:th">nodes</SimpleData>
	</SchemaData></ExtendedData>
      <Point><coordinates>100.5966038,13.6450158</coordinates></Point>
  </Placemark>
  <Placemark>
	<name>จตุจักร</name>
	<name>station</name>
	<description>Chatuchak</description>
	<ExtendedData><SchemaData schemaUrl="#hotosm_tha_railways_points_kml">
		<SimpleData name="addr:city">จตุจักร</SimpleData>
		<SimpleData name="source">7787093471</SimpleData>
		<SimpleData name="name:th">nodes</SimpleData>
	</SchemaData></ExtendedData>
      <Point><coordinates>100.5494741,13.8266181</coordinates></Point>
  </Placemark>
  <Placemark>
	<name>วัดเสมียนนารี</name>
	<name>station</name>
	<description>Wat Samian Nari</description>
	<ExtendedData><SchemaData schemaUrl="#hotosm_tha_railways_points_kml">
		<SimpleData name="addr:city">วัดเสมียนนารี</SimpleData>
		<SimpleData name="source">7787093472</SimpleData>
		<SimpleData name="name:th">nodes</SimpleData>
	</SchemaData></ExtendedData>
      <Point><coordinates>100.5574987,13.8415934</coordinates></Point>
  </Placemark>
  <Placemark>
	<name>บางเขน</name>
	<name>station</name>
	<description>Bang Khen</description>
	<ExtendedData><SchemaData schemaUrl="#hotosm_tha_railways_points_kml">
		<SimpleData name="addr:city">บางเขน</SimpleData>
		<SimpleData name="source">7787093474</SimpleData>
		<SimpleData name="name:th">nodes</SimpleData>
	</SchemaData></ExtendedData>
      <Point><coordinates>100.5616724,13.8493659</coordinates></Point>
  </Placemark>
  <Placemark>
	<name>ทุ่งสองห้อง</name>
	<name>station</name>
	<description>Thung Song Hong</description>
	<ExtendedData><SchemaData schemaUrl="#hotosm_tha_railways_points_kml">
		<SimpleData name="addr:city">ทุ่งสองห้อง</SimpleData>
		<SimpleData name="source">7787093475</SimpleData>
		<SimpleData name="name:th">nodes</SimpleData>
	</SchemaData></ExtendedData>
      <Point><coordinates>100.5675309,13.8602057</coordinates></Point>
  </Placemark>
  <Placemark>
	<name>หลักสี่</name>
	<name>station</name>
	<description>Lak Si</description>
	<ExtendedData><SchemaData schemaUrl="#hotosm_tha_railways_points_kml">
		<SimpleData name="addr:city">หลักสี่</SimpleData>
		<SimpleData name="source">7787093476</SimpleData>
		<SimpleData name="name:th">nodes</SimpleData>
	</SchemaData></ExtendedData>
      <Point><coordinates>100.581936,13.8863144</coordinates></Point>
  </Placemark>
  <Placemark>
	<name>การเคหะ</name>
	<name>station</name>
	<description>Kan Kheha</description>
	<ExtendedData><SchemaData schemaUrl="#hotosm_tha_railways_points_kml">
		<SimpleData name="addr:city">การเคหะ</SimpleData>
		<SimpleData name="source">7787093477</SimpleData>
		<SimpleData name="name:th">nodes</SimpleData>
	</SchemaData></ExtendedData>
      <Point><coordinates>100.5888732,13.898657</coordinates></Point>
  </Placemark>
  <Placemark>
	<name>ดอนเมือง</name>
	<name>station</name>
	<description>Don Muang</description>
	<ExtendedData><SchemaData schemaUrl="#hotosm_tha_railways_points_kml">
		<SimpleData name="addr:city">ดอนเมือง</SimpleData>
		<SimpleData name="source">7787093478</SimpleData>
		<SimpleData name="name:th">nodes</SimpleData>
	</SchemaData></ExtendedData>
      <Point><coordinates>100.5978685,13.914688</coordinates></Point>
  </Placemark>
  <Placemark>
	<name>หลักหก (ม.รังสิต)</name>
	<name>station</name>
	<description>Lak Hok (Rangsit U.)</description>
	<ExtendedData><SchemaData schemaUrl="#hotosm_tha_railways_points_kml">
		<SimpleData name="source">7787093479</SimpleData>
		<SimpleData name="name:th">nodes</SimpleData>
	</SchemaData></ExtendedData>
      <Point><coordinates>100.6053753,13.9657233</coordinates></Point>
  </Placemark>
  <Placemark>
	<name>ห้วยไร่</name>
	<name>station</name>
	<description>Huai Rai</description>
	<ExtendedData><SchemaData schemaUrl="#hotosm_tha_railways_points_kml">
		<SimpleData name="source">7949322097</SimpleData>
		<SimpleData name="name:th">nodes</SimpleData>
	</SchemaData></ExtendedData>
      <Point><coordinates>100.0404497,17.8860118</coordinates></Point>
  </Placemark>
  <Placemark>
	<name>แม่จาง</name>
	<name>station</name>
	<description>Mae Chang</description>
	<ExtendedData><SchemaData schemaUrl="#hotosm_tha_railways_points_kml">
		<SimpleData name="source">7969770407</SimpleData>
		<SimpleData name="name:th">nodes</SimpleData>
	</SchemaData></ExtendedData>
      <Point><coordinates>99.7865146,18.2728984</coordinates></Point>
  </Placemark>
  <Placemark>
	<name>แม่ทะ</name>
	<name>station</name>
	<description>Mae Tha</description>
	<ExtendedData><SchemaData schemaUrl="#hotosm_tha_railways_points_kml">
		<SimpleData name="source">7969770409</SimpleData>
		<SimpleData name="name:th">nodes</SimpleData>
	</SchemaData></ExtendedData>
      <Point><coordinates>99.5566889,18.1999483</coordinates></Point>
  </Placemark>
  <Placemark>
	<name>หนองวัวเฒ่า</name>
	<name>station</name>
	<description>Nong Wua Thao</description>
	<ExtendedData><SchemaData schemaUrl="#hotosm_tha_railways_points_kml">
		<SimpleData name="source">7969770410</SimpleData>
		<SimpleData name="name:th">nodes</SimpleData>
	</SchemaData></ExtendedData>
      <Point><coordinates>99.5005291,18.2442127</coordinates></Point>
  </Placemark>
  <Placemark>
	<name>ผาคัน</name>
	<name>station</name>
	<description>Pha Khan</description>
	<ExtendedData><SchemaData schemaUrl="#hotosm_tha_railways_points_kml">
		<SimpleData name="source">7969809792</SimpleData>
		<SimpleData name="name:th">nodes</SimpleData>
	</SchemaData></ExtendedData>
      <Point><coordinates>99.8707507,18.2072368</coordinates></Point>
  </Placemark>
  <Placemark>
	<name>ห้างฉัตร</name>
	<name>station</name>
	<description>Hang Chat</description>
	<ExtendedData><SchemaData schemaUrl="#hotosm_tha_railways_points_kml">
		<SimpleData name="source">7969591773</SimpleData>
		<SimpleData name="name:th">nodes</SimpleData>
	</SchemaData></ExtendedData>
      <Point><coordinates>99.3695614,18.336169</coordinates></Point>
  </Placemark>
  <Placemark>
	<name>แม่ตานน้อย</name>
	<name>station</name>
	<description>Mae Tan Noi</description>
	<ExtendedData><SchemaData schemaUrl="#hotosm_tha_railways_points_kml">
		<SimpleData name="source">7969591774</SimpleData>
		<SimpleData name="name:th">nodes</SimpleData>
	</SchemaData></ExtendedData>
      <Point><coordinates>99.2630044,18.403941</coordinates></Point>
  </Placemark>
  <Placemark>
	<name>โคกกะเทียม</name>
	<name>station</name>
	<description>Khok Kathiam</description>
	<ExtendedData><SchemaData schemaUrl="#hotosm_tha_railways_points_kml">
		<SimpleData name="addr:city">โคกกะเทียม</SimpleData>
		<SimpleData name="source">8194821096</SimpleData>
		<SimpleData name="name:th">nodes</SimpleData>
	</SchemaData></ExtendedData>
      <Point><coordinates>100.59363,14.8998347</coordinates></Point>
  </Placemark>
  <Placemark>
	<name>ท่าแค</name>
	<name>station</name>
	<description>Tha Khae</description>
	<ExtendedData><SchemaData schemaUrl="#hotosm_tha_railways_points_kml">
		<SimpleData name="source">8194792368</SimpleData>
		<SimpleData name="name:th">nodes</SimpleData>
	</SchemaData></ExtendedData>
      <Point><coordinates>100.6063253,14.8401762</coordinates></Point>
  </Placemark>
  <Placemark>
	<name>บ้านตูม</name>
	<name>station</name>
	<description>Ban Tum</description>
	<ExtendedData><SchemaData schemaUrl="#hotosm_tha_railways_points_kml">
		<SimpleData name="source">8242922633</SimpleData>
		<SimpleData name="name:th">nodes</SimpleData>
	</SchemaData></ExtendedData>
      <Point><coordinates>100.2504351,16.9089905</coordinates></Point>
  </Placemark>
  <Placemark>
	<name>แควน้อย</name>
	<name>station</name>
	<description>Khwae Noi</description>
	<ExtendedData><SchemaData schemaUrl="#hotosm_tha_railways_points_kml">
		<SimpleData name="source">8242938519</SimpleData>
		<SimpleData name="name:th">nodes</SimpleData>
	</SchemaData></ExtendedData>
      <Point><coordinates>100.232373,16.9536611</coordinates></Point>
  </Placemark>
  <Placemark>
	<name>ทุ่งมะเม่า</name>
	<name>station</name>
	<description>Thung Mamao</description>
	<ExtendedData><SchemaData schemaUrl="#hotosm_tha_railways_points_kml">
		<SimpleData name="addr:city">ทุ่งมะเม่า</SimpleData>
		<SimpleData name="source">8261700510</SimpleData>
		<SimpleData name="name:th">nodes</SimpleData>
	</SchemaData></ExtendedData>
      <Point><coordinates>99.8196018,11.9216535</coordinates></Point>
  </Placemark>
  <Placemark>
	<name>บ้านทุ่งหล่อ</name>
	<name>station</name>
	<description>Ban Thung Lo</description>
	<ExtendedData><SchemaData schemaUrl="#hotosm_tha_railways_points_kml">
		<SimpleData name="source">8261709741</SimpleData>
		<SimpleData name="name:th">nodes</SimpleData>
	</SchemaData></ExtendedData>
      <Point><coordinates>99.921567,8.2222369</coordinates></Point>
  </Placemark>
  <Placemark>
	<name>หลักช้าง</name>
	<name>station</name>
	<description>Lak Chang</description>
	<ExtendedData><SchemaData schemaUrl="#hotosm_tha_railways_points_kml">
		<SimpleData name="source">8261839579</SimpleData>
		<SimpleData name="name:th">nodes</SimpleData>
	</SchemaData></ExtendedData>
      <Point><coordinates>99.5476544,8.322138</coordinates></Point>
  </Placemark>
  <Placemark>
	<name>คลองจันดี</name>
	<name>station</name>
	<description>Khlong Chan Di</description>
	<ExtendedData><SchemaData schemaUrl="#hotosm_tha_railways_points_kml">
		<SimpleData name="addr:full">Wikipedia</SimpleData>
		<SimpleData name="source">8262093903</SimpleData>
		<SimpleData name="name:th">nodes</SimpleData>
	</SchemaData></ExtendedData>
      <Point><coordinates>99.5401192,8.3818587</coordinates></Point>
  </Placemark>
  <Placemark>
	<name>ทองหล่อ</name>
	<name>station</name>
	<description>Thong Lo</description>
	<ExtendedData><SchemaData schemaUrl="#hotosm_tha_railways_points_kml">
		<SimpleData name="addr:city">ทองหล่อ</SimpleData>
		<SimpleData name="source">5391626092</SimpleData>
		<SimpleData name="name:th">nodes</SimpleData>
	</SchemaData></ExtendedData>
      <Point><coordinates>100.5785054,13.7242264</coordinates></Point>
  </Placemark>
  <Placemark>
	<name>บางจาก</name>
	<name>station</name>
	<description>Bang Chak</description>
	<ExtendedData><SchemaData schemaUrl="#hotosm_tha_railways_points_kml">
		<SimpleData name="addr:city">บางจาก</SimpleData>
		<SimpleData name="source">5391618414</SimpleData>
		<SimpleData name="name:th">nodes</SimpleData>
	</SchemaData></ExtendedData>
      <Point><coordinates>100.6053402,13.6967594</coordinates></Point>
  </Placemark>
  <Placemark>
	<name>พร้อมพงษ์</name>
	<name>station</name>
	<description>Phrom Phong</description>
	<ExtendedData><SchemaData schemaUrl="#hotosm_tha_railways_points_kml">
		<SimpleData name="addr:city">พร้อมพงษ์</SimpleData>
		<SimpleData name="source">5391626093</SimpleData>
		<SimpleData name="name:th">nodes</SimpleData>
	</SchemaData></ExtendedData>
      <Point><coordinates>100.5697129,13.7304345</coordinates></Point>
  </Placemark>
  <Placemark>
	<name>อ่อนนุช</name>
	<name>station</name>
	<description>On Nut</description>
	<ExtendedData><SchemaData schemaUrl="#hotosm_tha_railways_points_kml">
		<SimpleData name="addr:city">อ่อนนุช</SimpleData>
		<SimpleData name="source">5391620400</SimpleData>
		<SimpleData name="name:th">nodes</SimpleData>
	</SchemaData></ExtendedData>
      <Point><coordinates>100.601004,13.7056249</coordinates></Point>
  </Placemark>
  <Placemark>
	<name>เอกมัย</name>
	<name>station</name>
	<description>Ekkamai</description>
	<ExtendedData><SchemaData schemaUrl="#hotosm_tha_railways_points_kml">
		<SimpleData name="addr:city">เอกมัย</SimpleData>
		<SimpleData name="source">5405616025</SimpleData>
		<SimpleData name="name:th">nodes</SimpleData>
	</SchemaData></ExtendedData>
      <Point><coordinates>100.585111,13.7195385</coordinates></Point>
  </Placemark>
  <Placemark>
	<name>ปางม่วง</name>
	<name>station</name>
	<description>Pang Muang</description>
	<ExtendedData><SchemaData schemaUrl="#hotosm_tha_railways_points_kml">
		<SimpleData name="source">8278568529</SimpleData>
		<SimpleData name="name:th">nodes</SimpleData>
	</SchemaData></ExtendedData>
      <Point><coordinates>99.3249786,18.3700146</coordinates></Point>
  </Placemark>
  <Placemark>
	<name>คลองมะพลับ</name>
	<name>station</name>
	<description>Khlong Maphlap</description>
	<ExtendedData><SchemaData schemaUrl="#hotosm_tha_railways_points_kml">
		<SimpleData name="source">8326920954</SimpleData>
		<SimpleData name="name:th">nodes</SimpleData>
	</SchemaData></ExtendedData>
      <Point><coordinates>99.9833591,17.3473567</coordinates></Point>
  </Placemark>
  <Placemark>
	<name>วังกะพี้</name>
	<name>station</name>
	<description>Wang Kaphi</description>
	<ExtendedData><SchemaData schemaUrl="#hotosm_tha_railways_points_kml">
		<SimpleData name="source">8236066409</SimpleData>
		<SimpleData name="name:th">nodes</SimpleData>
	</SchemaData></ExtendedData>
      <Point><coordinates>100.1001621,17.5444627</coordinates></Point>
  </Placemark>
  <Placemark>
	<name>ไร่อ้อย</name>
	<name>station</name>
	<description>Rai Oi</description>
	<ExtendedData><SchemaData schemaUrl="#hotosm_tha_railways_points_kml">
		<SimpleData name="source">8236106912</SimpleData>
		<SimpleData name="name:th">nodes</SimpleData>
	</SchemaData></ExtendedData>
      <Point><coordinates>100.0779733,17.3463315</coordinates></Point>
  </Placemark>
  <Placemark>
	<name>บ้านโคน</name>
	<name>station</name>
	<description>Ban Khon</description>
	<ExtendedData><SchemaData schemaUrl="#hotosm_tha_railways_points_kml">
		<SimpleData name="source">8236498263</SimpleData>
		<SimpleData name="name:th">nodes</SimpleData>
	</SchemaData></ExtendedData>
      <Point><coordinates>100.0792858,17.1994741</coordinates></Point>
  </Placemark>
  <Placemark>
	<name>บ้านบุ่ง</name>
	<name>station</name>
	<description>Ban Bung</description>
	<ExtendedData><SchemaData schemaUrl="#hotosm_tha_railways_points_kml">
		<SimpleData name="source">8236498281</SimpleData>
		<SimpleData name="name:th">nodes</SimpleData>
	</SchemaData></ExtendedData>
      <Point><coordinates>100.1094936,17.1691087</coordinates></Point>
  </Placemark>
  <Placemark>
	<name>ห้วยยายจิ๋ว</name>
	<name>station</name>
	<description>Huai Yai Chio</description>
	<ExtendedData><SchemaData schemaUrl="#hotosm_tha_railways_points_kml">
		<SimpleData name="source">8491531936</SimpleData>
		<SimpleData name="name:th">nodes</SimpleData>
	</SchemaData></ExtendedData>
      <Point><coordinates>101.531124,15.4245651</coordinates></Point>
  </Placemark>
  <Placemark>
	<name>บำเหน็จณรงค์</name>
	<name>station</name>
	<description>Bamnet Narong</description>
	<ExtendedData><SchemaData schemaUrl="#hotosm_tha_railways_points_kml">
		<SimpleData name="source">8491548602</SimpleData>
		<SimpleData name="name:th">nodes</SimpleData>
	</SchemaData></ExtendedData>
      <Point><coordinates>101.6853737,15.4686432</coordinates></Point>
  </Placemark>
  <Placemark>
	<name>ช่องสำราญ</name>
	<name>station</name>
	<description>Chong Samran</description>
	<ExtendedData><SchemaData schemaUrl="#hotosm_tha_railways_points_kml">
		<SimpleData name="source">8489691454</SimpleData>
		<SimpleData name="name:th">nodes</SimpleData>
	</SchemaData></ExtendedData>
      <Point><coordinates>101.3869595,15.3521079</coordinates></Point>
  </Placemark>
  <Placemark>
	<name>อารีย์</name>
	<name>station</name>
	<description>Ari</description>
	<ExtendedData><SchemaData schemaUrl="#hotosm_tha_railways_points_kml">
		<SimpleData name="addr:city">อารีย์</SimpleData>
		<SimpleData name="source">5388607091</SimpleData>
		<SimpleData name="name:th">nodes</SimpleData>
	</SchemaData></ExtendedData>
      <Point><coordinates>100.5446201,13.7797077</coordinates></Point>
  </Placemark>
  <Placemark>
	<name>ราชเทวี</name>
	<name>station</name>
	<description>Ratchathewi</description>
	<ExtendedData><SchemaData schemaUrl="#hotosm_tha_railways_points_kml">
		<SimpleData name="addr:city">ราชเทวี</SimpleData>
		<SimpleData name="source">5388611982</SimpleData>
		<SimpleData name="name:th">nodes</SimpleData>
	</SchemaData></ExtendedData>
      <Point><coordinates>100.5315534,13.7518605</coordinates></Point>
  </Placemark>
  <Placemark>
	<name>สนามเป้า</name>
	<name>station</name>
	<description>Sanam Pao</description>
	<ExtendedData><SchemaData schemaUrl="#hotosm_tha_railways_points_kml">
		<SimpleData name="addr:city">สนามเป้า</SimpleData>
		<SimpleData name="source">5388638318</SimpleData>
		<SimpleData name="name:th">nodes</SimpleData>
	</SchemaData></ExtendedData>
      <Point><coordinates>100.5420729,13.7726225</coordinates></Point>
  </Placemark>
  <Placemark>
	<name>อนุสาวรีย์ชัยสมรภูมิ</name>
	<name>station</name>
	<description>Victory Monument</description>
	<ExtendedData><SchemaData schemaUrl="#hotosm_tha_railways_points_kml">
		<SimpleData name="addr:city">อนุสาวรีย์ชัยสมรภูมิ</SimpleData>
		<SimpleData name="source">5391611863</SimpleData>
		<SimpleData name="name:th">nodes</SimpleData>
	</SchemaData></ExtendedData>
      <Point><coordinates>100.5370529,13.7627589</coordinates></Point>
  </Placemark>
  <Placemark>
	<name>พญาไท</name>
	<name>station</name>
	<description>Phaya Thai</description>
	<ExtendedData><SchemaData schemaUrl="#hotosm_tha_railways_points_kml">
		<SimpleData name="addr:city">พญาไท</SimpleData>
		<SimpleData name="source">6711028526</SimpleData>
		<SimpleData name="name:th">nodes</SimpleData>
	</SchemaData></ExtendedData>
      <Point><coordinates>100.5349074,13.75671</coordinates></Point>
  </Placemark>
  <Placemark>
	<name>หนองฉิม</name>
	<name>station</name>
	<description>Nong Chim</description>
	<ExtendedData><SchemaData schemaUrl="#hotosm_tha_railways_points_kml">
		<SimpleData name="source">8500327354</SimpleData>
		<SimpleData name="name:th">nodes</SimpleData>
	</SchemaData></ExtendedData>
      <Point><coordinates>101.9527497,15.5717096</coordinates></Point>
  </Placemark>
  <Placemark>
	<name>หนองพลวง</name>
	<name>station</name>
	<description>Nong Phluang</description>
	<ExtendedData><SchemaData schemaUrl="#hotosm_tha_railways_points_kml">
		<SimpleData name="source">8502650930</SimpleData>
		<SimpleData name="name:th">nodes</SimpleData>
	</SchemaData></ExtendedData>
      <Point><coordinates>102.2484774,15.5989463</coordinates></Point>
  </Placemark>
  <Placemark>
	<name>จัตุรัส</name>
	<name>station</name>
	<description>Chatturat</description>
	<ExtendedData><SchemaData schemaUrl="#hotosm_tha_railways_points_kml">
		<SimpleData name="source">8497327551</SimpleData>
		<SimpleData name="name:th">nodes</SimpleData>
	</SchemaData></ExtendedData>
      <Point><coordinates>101.8399555,15.5556672</coordinates></Point>
  </Placemark>
  <Placemark>
	<name>บ้านเหลื่อม</name>
	<name>station</name>
	<description>Ban Lueam</description>
	<ExtendedData><SchemaData schemaUrl="#hotosm_tha_railways_points_kml">
		<SimpleData name="source">8500372086</SimpleData>
		<SimpleData name="name:th">nodes</SimpleData>
	</SchemaData></ExtendedData>
      <Point><coordinates>102.1199677,15.6001691</coordinates></Point>
  </Placemark>
  <Placemark>
	<name>คลองไทร</name>
	<name>station</name>
	<description>Khlong Sai</description>
	<ExtendedData><SchemaData schemaUrl="#hotosm_tha_railways_points_kml">
		<SimpleData name="source">8682021219</SimpleData>
		<SimpleData name="name:th">nodes</SimpleData>
	</SchemaData></ExtendedData>
      <Point><coordinates>99.1646422,9.208773</coordinates></Point>
  </Placemark>
  <Placemark>
	<name>ชุมทางบ้านทุ่งโพธิ์</name>
	<name>station</name>
	<description>Ban Thung Pho Junction</description>
	<ExtendedData><SchemaData schemaUrl="#hotosm_tha_railways_points_kml">
		<SimpleData name="source">8682072099</SimpleData>
		<SimpleData name="name:th">nodes</SimpleData>
	</SchemaData></ExtendedData>
      <Point><coordinates>99.2016282,9.1210468</coordinates></Point>
  </Placemark>
  <Placemark>
	<name>สุราษฎร์ธานี</name>
	<name>station</name>
	<description>Surat Thani</description>
	<ExtendedData><SchemaData schemaUrl="#hotosm_tha_railways_points_kml">
		<SimpleData name="addr:city">สุราษฎร์ธานี</SimpleData>
		<SimpleData name="source">8684768130</SimpleData>
		<SimpleData name="name:th">nodes</SimpleData>
	</SchemaData></ExtendedData>
      <Point><coordinates>99.230419,9.1041506</coordinates></Point>
  </Placemark>
  <Placemark>
	<name>เขาหัวควาย</name>
	<name>station</name>
	<description>Khao Hua Khwai</description>
	<ExtendedData><SchemaData schemaUrl="#hotosm_tha_railways_points_kml">
		<SimpleData name="source">8684864471</SimpleData>
		<SimpleData name="name:th">nodes</SimpleData>
	</SchemaData></ExtendedData>
      <Point><coordinates>99.2560012,9.0559089</coordinates></Point>
  </Placemark>
  <Placemark>
	<name>ห้วยมุด</name>
	<name>station</name>
	<description>Huai Mut</description>
	<ExtendedData><SchemaData schemaUrl="#hotosm_tha_railways_points_kml">
		<SimpleData name="source">8708367934</SimpleData>
		<SimpleData name="name:th">nodes</SimpleData>
	</SchemaData></ExtendedData>
      <Point><coordinates>99.3498793,8.8353416</coordinates></Point>
  </Placemark>
  <Placemark>
	<name>หลังสวน</name>
	<name>station</name>
	<description>Lang Suan</description>
	<ExtendedData><SchemaData schemaUrl="#hotosm_tha_railways_points_kml">
		<SimpleData name="addr:city">หลังสวน</SimpleData>
		<SimpleData name="source">8720267416</SimpleData>
		<SimpleData name="name:th">nodes</SimpleData>
	</SchemaData></ExtendedData>
      <Point><coordinates>99.0764176,9.9492883</coordinates></Point>
  </Placemark>
  <Placemark>
	<name>คลองวังช้าง</name>
	<name>station</name>
	<description>Khlong Wang Chang</description>
	<ExtendedData><SchemaData schemaUrl="#hotosm_tha_railways_points_kml">
		<SimpleData name="source">8794641524</SimpleData>
		<SimpleData name="name:th">nodes</SimpleData>
	</SchemaData></ExtendedData>
      <Point><coordinates>99.3346742,10.7524393</coordinates></Point>
  </Placemark>
  <Placemark>
	<name>เขาทโมน</name>
	<name>station</name>
	<description>Khao Thamon</description>
	<ExtendedData><SchemaData schemaUrl="#hotosm_tha_railways_points_kml">
		<SimpleData name="addr:city">เขาทโมน</SimpleData>
		<SimpleData name="source">966340803</SimpleData>
		<SimpleData name="name:th">nodes</SimpleData>
	</SchemaData></ExtendedData>
      <Point><coordinates>99.9597392,13.039481</coordinates></Point>
  </Placemark>
  <Placemark>
	<name>คั่นกระได</name>
	<name>station</name>
	<description>Khan Kradai</description>
	<ExtendedData><SchemaData schemaUrl="#hotosm_tha_railways_points_kml">
		<SimpleData name="source">1719462372</SimpleData>
		<SimpleData name="name:th">nodes</SimpleData>
	</SchemaData></ExtendedData>
      <Point><coordinates>99.811052,11.8712363</coordinates></Point>
  </Placemark>
  <Placemark>
	<name>ปากท่อ</name>
	<name>station</name>
	<description>Pak Tho</description>
	<ExtendedData><SchemaData schemaUrl="#hotosm_tha_railways_points_kml">
		<SimpleData name="addr:city">ปากท่อ</SimpleData>
		<SimpleData name="source">5274928464</SimpleData>
		<SimpleData name="name:th">nodes</SimpleData>
	</SchemaData></ExtendedData>
      <Point><coordinates>99.8436145,13.3743276</coordinates></Point>
  </Placemark>
  <Placemark>
	<name>บางเค็ม</name>
	<name>station</name>
	<description>Bang Khem</description>
	<ExtendedData><SchemaData schemaUrl="#hotosm_tha_railways_points_kml">
		<SimpleData name="source">8847695414</SimpleData>
		<SimpleData name="name:th">nodes</SimpleData>
	</SchemaData></ExtendedData>
      <Point><coordinates>99.8534803,13.2979208</coordinates></Point>
  </Placemark>
  <Placemark>
	<name>บ้านขอนหาด</name>
	<name>station</name>
	<description>Ban Khon Hat</description>
	<ExtendedData><SchemaData schemaUrl="#hotosm_tha_railways_points_kml">
		<SimpleData name="source">8827062952</SimpleData>
		<SimpleData name="name:th">nodes</SimpleData>
	</SchemaData></ExtendedData>
      <Point><coordinates>100.0286524,7.855173</coordinates></Point>
  </Placemark>
  <Placemark>
	<name>เขาชัยสน</name>
	<name>station</name>
	<description>Khao Chaison</description>
	<ExtendedData><SchemaData schemaUrl="#hotosm_tha_railways_points_kml">
		<SimpleData name="addr:full">Wikipedia</SimpleData>
		<SimpleData name="source">8821027040</SimpleData>
		<SimpleData name="name:th">nodes</SimpleData>
	</SchemaData></ExtendedData>
      <Point><coordinates>100.1403981,7.4598356</coordinates></Point>
  </Placemark>
  <Placemark>
	<name>ปากคลอง</name>
	<name>station</name>
	<description>Pak Khlong</description>
	<ExtendedData><SchemaData schemaUrl="#hotosm_tha_railways_points_kml">
		<SimpleData name="source">8821181011</SimpleData>
		<SimpleData name="name:th">nodes</SimpleData>
	</SchemaData></ExtendedData>
      <Point><coordinates>100.0769296,7.7371105</coordinates></Point>
  </Placemark>
  <Placemark>
	<name>พรุพี</name>
	<name>station</name>
	<description>Phru Phi</description>
	<ExtendedData><SchemaData schemaUrl="#hotosm_tha_railways_points_kml">
		<SimpleData name="source">8709088873</SimpleData>
		<SimpleData name="name:th">nodes</SimpleData>
	</SchemaData></ExtendedData>
      <Point><coordinates>99.3535366,8.7085139</coordinates></Point>
  </Placemark>
  <Placemark>
	<name>ลาดพร้าว</name>
	<name>station</name>
	<description>Lat Phrao</description>
	<ExtendedData><SchemaData schemaUrl="#hotosm_tha_railways_points_kml">
		<SimpleData name="addr:city">ลาดพร้าว</SimpleData>
		<SimpleData name="source">8717933838</SimpleData>
		<SimpleData name="name:th">nodes</SimpleData>
	</SchemaData></ExtendedData>
      <Point><coordinates>100.5747847,13.8069826</coordinates></Point>
  </Placemark>
  <Placemark>
	<name>บ้านพรุกระแชง</name>
	<name>station</name>
	<description>Ban Phru Krachaeng</description>
	<ExtendedData><SchemaData schemaUrl="#hotosm_tha_railways_points_kml">
		<SimpleData name="source">8835298717</SimpleData>
		<SimpleData name="name:th">nodes</SimpleData>
	</SchemaData></ExtendedData>
      <Point><coordinates>99.4212647,8.5932542</coordinates></Point>
  </Placemark>
  <Placemark>
	<name>บ้านกล้วย</name>
	<name>station</name>
	<description>Ban Kluai</description>
	<ExtendedData><SchemaData schemaUrl="#hotosm_tha_railways_points_kml">
		<SimpleData name="source">8855849024</SimpleData>
		<SimpleData name="name:th">nodes</SimpleData>
	</SchemaData></ExtendedData>
      <Point><coordinates>99.8156164,13.5883376</coordinates></Point>
  </Placemark>
  <Placemark>
	<name>คีรีรัฐนิคม</name>
	<name>station</name>
	<description>Khiri Rat Nikhom</description>
	<ExtendedData><SchemaData schemaUrl="#hotosm_tha_railways_points_kml">
		<SimpleData name="source">8838684612</SimpleData>
		<SimpleData name="name:th">nodes</SimpleData>
	</SchemaData></ExtendedData>
      <Point><coordinates>98.9470674,9.0312699</coordinates></Point>
  </Placemark>
  <Placemark>
	<name>ทุ่งคา</name>
	<name>station</name>
	<description>Thung Kha</description>
	<ExtendedData><SchemaData schemaUrl="#hotosm_tha_railways_points_kml">
		<SimpleData name="source">8839006334</SimpleData>
		<SimpleData name="name:th">nodes</SimpleData>
	</SchemaData></ExtendedData>
      <Point><coordinates>99.1377403,10.4025237</coordinates></Point>
  </Placemark>
  <Placemark>
	<name>บ้านนางหลง</name>
	<name>station</name>
	<description>Ban Nang Long</description>
	<ExtendedData><SchemaData schemaUrl="#hotosm_tha_railways_points_kml">
		<SimpleData name="source">8865425838</SimpleData>
		<SimpleData name="name:th">nodes</SimpleData>
	</SchemaData></ExtendedData>
      <Point><coordinates>100.0118198,7.9016238</coordinates></Point>
  </Placemark>
  <Placemark>
	<name>โนนพยอม</name>
	<name>station</name>
	<description>Non Phayom</description>
	<ExtendedData><SchemaData schemaUrl="#hotosm_tha_railways_points_kml">
		<SimpleData name="source">8872593330</SimpleData>
		<SimpleData name="name:th">nodes</SimpleData>
	</SchemaData></ExtendedData>
      <Point><coordinates>102.8186144,16.6432565</coordinates></Point>
  </Placemark>
  <Placemark>
	<name>นครชุมน์</name>
	<name>station</name>
	<description>Nakhon Chum</description>
	<ExtendedData><SchemaData schemaUrl="#hotosm_tha_railways_points_kml">
		<SimpleData name="source">8852374170</SimpleData>
		<SimpleData name="name:th">nodes</SimpleData>
	</SchemaData></ExtendedData>
      <Point><coordinates>99.8554475,13.7659756</coordinates></Point>
  </Placemark>
  <Placemark>
	<name>ควนหินมุ้ย</name>
	<name>station</name>
	<description>Khuan Hin Mui</description>
	<ExtendedData><SchemaData schemaUrl="#hotosm_tha_railways_points_kml">
		<SimpleData name="source">8864566824</SimpleData>
		<SimpleData name="name:th">nodes</SimpleData>
	</SchemaData></ExtendedData>
      <Point><coordinates>99.0912635,10.0098378</coordinates></Point>
  </Placemark>
  <Placemark>
	<name>บ้านดินลาน</name>
	<name>station</name>
	<description>Ban Din Lan</description>
	<ExtendedData><SchemaData schemaUrl="#hotosm_tha_railways_points_kml">
		<SimpleData name="source">8879040778</SimpleData>
		<SimpleData name="name:th">nodes</SimpleData>
	</SchemaData></ExtendedData>
      <Point><coordinates>100.432637,7.0476108</coordinates></Point>
  </Placemark>
  <Placemark>
	<name>หารเทา</name>
	<name>station</name>
	<description>Han Thao</description>
	<ExtendedData><SchemaData schemaUrl="#hotosm_tha_railways_points_kml">
		<SimpleData name="source">8875617833</SimpleData>
		<SimpleData name="name:th">nodes</SimpleData>
	</SchemaData></ExtendedData>
      <Point><coordinates>100.2720479,7.2932387</coordinates></Point>
  </Placemark>
  <Placemark>
	<name>ควนเนียง</name>
	<name>station</name>
	<description>Khuan Niang</description>
	<ExtendedData><SchemaData schemaUrl="#hotosm_tha_railways_points_kml">
		<SimpleData name="source">8875768458</SimpleData>
		<SimpleData name="name:th">nodes</SimpleData>
	</SchemaData></ExtendedData>
      <Point><coordinates>100.3503621,7.192323</coordinates></Point>
  </Placemark>
  <Placemark>
	<name>ท่าแมงลัก</name>
	<name>station</name>
	<description>Tha Maenglak</description>
	<ExtendedData><SchemaData schemaUrl="#hotosm_tha_railways_points_kml">
		<SimpleData name="addr:city">ท่าแมงลัก</SimpleData>
		<SimpleData name="source">8886750928</SimpleData>
		<SimpleData name="name:th">nodes</SimpleData>
	</SchemaData></ExtendedData>
      <Point><coordinates>100.805846,6.8908467</coordinates></Point>
  </Placemark>
  <Placemark>
	<name>แหลมฉบัง</name>
	<name>station</name>
	<description>Laem Chabang</description>
	<ExtendedData><SchemaData schemaUrl="#hotosm_tha_railways_points_kml">
		<SimpleData name="addr:city">แหลมฉบัง</SimpleData>
		<SimpleData name="source">2084277763</SimpleData>
		<SimpleData name="name:th">nodes</SimpleData>
	</SchemaData></ExtendedData>
      <Point><coordinates>100.8983441,13.0990761</coordinates></Point>
  </Placemark>
  <Placemark>
	<name>มาบตาพุด</name>
	<name>station</name>
	<description>Map Ta Phut</description>
	<ExtendedData><SchemaData schemaUrl="#hotosm_tha_railways_points_kml">
		<SimpleData name="source">8880244774</SimpleData>
		<SimpleData name="name:th">nodes</SimpleData>
	</SchemaData></ExtendedData>
      <Point><coordinates>101.1283275,12.6908417</coordinates></Point>
  </Placemark>
  <Placemark>
	<name>กรุงเทพอภิวัฒน์</name>
	<name>station</name>
	<description>Krung Thep Aphiwat</description>
	<ExtendedData><SchemaData schemaUrl="#hotosm_tha_railways_points_kml">
		<SimpleData name="layer">แขวงจตุจักร</SimpleData>
		<SimpleData name="addr:city">กรุงเทพอภิวัฒน์</SimpleData>
		<SimpleData name="source">8986366369</SimpleData>
		<SimpleData name="name:th">nodes</SimpleData>
	</SchemaData></ExtendedData>
      <Point><coordinates>100.5417111,13.8040313</coordinates></Point>
  </Placemark>
  <Placemark>
	<name>หนองขอนกว้าง</name>
	<name>station</name>
	<description>Nong Khon Kwang</description>
	<ExtendedData><SchemaData schemaUrl="#hotosm_tha_railways_points_kml">
		<SimpleData name="source">8872414113</SimpleData>
		<SimpleData name="name:th">nodes</SimpleData>
	</SchemaData></ExtendedData>
      <Point><coordinates>102.81311,17.3752613</coordinates></Point>
  </Placemark>
  <Placemark>
	<name>หนองตะไก้</name>
	<name>station</name>
	<description>Nong Takai</description>
	<ExtendedData><SchemaData schemaUrl="#hotosm_tha_railways_points_kml">
		<SimpleData name="source">8872427476</SimpleData>
		<SimpleData name="name:th">nodes</SimpleData>
	</SchemaData></ExtendedData>
      <Point><coordinates>102.8945569,17.2673053</coordinates></Point>
  </Placemark>
  <Placemark>
	<name>พระแก้ว</name>
	<name>station</name>
	<description>Phra Kaeo</description>
	<ExtendedData><SchemaData schemaUrl="#hotosm_tha_railways_points_kml">
		<SimpleData name="addr:city">พระแก้ว</SimpleData>
		<SimpleData name="source">237445837</SimpleData>
		<SimpleData name="name:th">nodes</SimpleData>
	</SchemaData></ExtendedData>
      <Point><coordinates>100.6855474,14.4287017</coordinates></Point>
  </Placemark>
  <Placemark>
	<name>พานทอง</name>
	<name>station</name>
	<description>Phan Thong</description>
	<ExtendedData><SchemaData schemaUrl="#hotosm_tha_railways_points_kml">
		<SimpleData name="source">9218260604</SimpleData>
		<SimpleData name="name:th">nodes</SimpleData>
	</SchemaData></ExtendedData>
      <Point><coordinates>101.0811134,13.462977</coordinates></Point>
  </Placemark>
  <Placemark>
	<name>ชุมทางหนองปลาดุก</name>
	<name>station</name>
	<description>Nong Pla Duk Junction</description>
	<ExtendedData><SchemaData schemaUrl="#hotosm_tha_railways_points_kml">
		<SimpleData name="addr:city">ชุมทางหนองปลาดุก</SimpleData>
		<SimpleData name="source">9207427072</SimpleData>
		<SimpleData name="name:th">nodes</SimpleData>
	</SchemaData></ExtendedData>
      <Point><coordinates>99.9108786,13.8176814</coordinates></Point>
  </Placemark>
  <Placemark>
	<name>ชลบุรี</name>
	<name>station</name>
	<description>Chon Buri</description>
	<ExtendedData><SchemaData schemaUrl="#hotosm_tha_railways_points_kml">
		<SimpleData name="source">9218260605</SimpleData>
		<SimpleData name="name:th">nodes</SimpleData>
	</SchemaData></ExtendedData>
      <Point><coordinates>100.9982915,13.3421976</coordinates></Point>
  </Placemark>
  <Placemark>
	<name>บางพระ</name>
	<name>station</name>
	<description>Bang Phra</description>
	<ExtendedData><SchemaData schemaUrl="#hotosm_tha_railways_points_kml">
		<SimpleData name="addr:city">บางพระ</SimpleData>
		<SimpleData name="source">9218260606</SimpleData>
		<SimpleData name="name:th">nodes</SimpleData>
	</SchemaData></ExtendedData>
      <Point><coordinates>100.9535761,13.2357646</coordinates></Point>
  </Placemark>
  <Placemark>
	<name>วัดช้างให้</name>
	<name>station</name>
	<description>Wat Chang Hai</description>
	<ExtendedData><SchemaData schemaUrl="#hotosm_tha_railways_points_kml">
		<SimpleData name="addr:city">วัดช้างให้</SimpleData>
		<SimpleData name="source">9226834044</SimpleData>
		<SimpleData name="name:th">nodes</SimpleData>
	</SchemaData></ExtendedData>
      <Point><coordinates>101.1703266,6.6673265</coordinates></Point>
  </Placemark>
  <Placemark>
	<name>ตาเซะ</name>
	<name>station</name>
	<description>Tase</description>
	<ExtendedData><SchemaData schemaUrl="#hotosm_tha_railways_points_kml">
		<SimpleData name="addr:city">ตาเซะ</SimpleData>
		<SimpleData name="source">9226834046</SimpleData>
		<SimpleData name="name:th">nodes</SimpleData>
	</SchemaData></ExtendedData>
      <Point><coordinates>101.2580581,6.6146526</coordinates></Point>
  </Placemark>
  <Placemark>
	<name>ไม้แก่น</name>
	<name>station</name>
	<description>Mai Kaen</description>
	<ExtendedData><SchemaData schemaUrl="#hotosm_tha_railways_points_kml">
		<SimpleData name="addr:city">ไม้แก่น</SimpleData>
		<SimpleData name="source">9226834048</SimpleData>
		<SimpleData name="name:th">nodes</SimpleData>
	</SchemaData></ExtendedData>
      <Point><coordinates>101.3683484,6.5116868</coordinates></Point>
  </Placemark>
  <Placemark>
	<name>บาลอ</name>
	<name>station</name>
	<description>Balo</description>
	<ExtendedData><SchemaData schemaUrl="#hotosm_tha_railways_points_kml">
		<SimpleData name="addr:city">บาลอ</SimpleData>
		<SimpleData name="source">9226834050</SimpleData>
		<SimpleData name="name:th">nodes</SimpleData>
	</SchemaData></ExtendedData>
      <Point><coordinates>101.4575193,6.4411997</coordinates></Point>
  </Placemark>
  <Placemark>
	<name>ป่าไผ่</name>
	<name>station</name>
	<description>Pa Phai</description>
	<ExtendedData><SchemaData schemaUrl="#hotosm_tha_railways_points_kml">
		<SimpleData name="addr:city">ป่าไผ่</SimpleData>
		<SimpleData name="source">9226834053</SimpleData>
		<SimpleData name="name:th">nodes</SimpleData>
	</SchemaData></ExtendedData>
      <Point><coordinates>101.75983,6.2672682</coordinates></Point>
  </Placemark>
  <Placemark>
	<name>เจาะไอร้อง</name>
	<name>station</name>
	<description>Cho-airong</description>
	<ExtendedData><SchemaData schemaUrl="#hotosm_tha_railways_points_kml">
		<SimpleData name="addr:city">เจาะไอร้อง</SimpleData>
		<SimpleData name="source">9226834054</SimpleData>
		<SimpleData name="name:th">nodes</SimpleData>
	</SchemaData></ExtendedData>
      <Point><coordinates>101.8006442,6.2359298</coordinates></Point>
  </Placemark>
  <Placemark>
	<name>บูกิต</name>
	<name>station</name>
	<description>Bukit</description>
	<ExtendedData><SchemaData schemaUrl="#hotosm_tha_railways_points_kml">
		<SimpleData name="addr:city">บูกิต</SimpleData>
		<SimpleData name="source">9226834055</SimpleData>
		<SimpleData name="name:th">nodes</SimpleData>
	</SchemaData></ExtendedData>
      <Point><coordinates>101.8187706,6.1982509</coordinates></Point>
  </Placemark>
  <Placemark>
	<name>โต๊ะเด็ง</name>
	<name>station</name>
	<description>Todeng</description>
	<ExtendedData><SchemaData schemaUrl="#hotosm_tha_railways_points_kml">
		<SimpleData name="addr:city">โต๊ะเด็ง</SimpleData>
		<SimpleData name="source">9226834057</SimpleData>
		<SimpleData name="name:th">nodes</SimpleData>
	</SchemaData></ExtendedData>
      <Point><coordinates>101.8583575,6.1190919</coordinates></Point>
  </Placemark>
  <Placemark>
	<name>ทิพวัล</name>
	<name>station</name>
	<description>Thipphawan</description>
	<ExtendedData><SchemaData schemaUrl="#hotosm_tha_railways_points_kml">
		<SimpleData name="addr:city">ทิพวัล</SimpleData>
		<SimpleData name="source">9734008618</SimpleData>
		<SimpleData name="name:th">nodes</SimpleData>
	</SchemaData></ExtendedData>
      <Point><coordinates>100.6098956,13.6367271</coordinates></Point>
  </Placemark>
  <Placemark>
	<name>ศรีเทพา</name>
	<name>station</name>
	<description>Si Thepha</description>
	<ExtendedData><SchemaData schemaUrl="#hotosm_tha_railways_points_kml">
		<SimpleData name="addr:city">ศรีเทพา</SimpleData>
		<SimpleData name="source">9734008619</SimpleData>
		<SimpleData name="name:th">nodes</SimpleData>
	</SchemaData></ExtendedData>
      <Point><coordinates>100.622688,13.6298427</coordinates></Point>
  </Placemark>
  <Placemark>
	<name>บ้านป่าหวาย</name>
	<name>station</name>
	<description>Ban Pa Wai</description>
	<ExtendedData><SchemaData schemaUrl="#hotosm_tha_railways_points_kml">
		<SimpleData name="source">2068459291</SimpleData>
		<SimpleData name="name:th">nodes</SimpleData>
	</SchemaData></ExtendedData>
      <Point><coordinates>100.6432369,14.7594533</coordinates></Point>
  </Placemark>
  <Placemark>
	<name>สถานีรถไฟศิลาอาสน์</name>
	<name>station</name>
	<ExtendedData><SchemaData schemaUrl="#hotosm_tha_railways_points_kml">
		<SimpleData name="source">11720643386</SimpleData>
		<SimpleData name="name:th">nodes</SimpleData>
	</SchemaData></ExtendedData>
      <Point><coordinates>100.10073,17.6394139</coordinates></Point>
  </Placemark>
  <Placemark>
	<name>มะลวน</name>
	<name>station</name>
	<description>Maluan</description>
	<ExtendedData><SchemaData schemaUrl="#hotosm_tha_railways_points_kml">
		<SimpleData name="source">10542265362</SimpleData>
		<SimpleData name="name:th">nodes</SimpleData>
	</SchemaData></ExtendedData>
      <Point><coordinates>99.158984,9.1653957</coordinates></Point>
  </Placemark>
  <Placemark>
	<name>บ้านดงพลอง</name>
	<name>station</name>
	<description>Ban Dong Phlong</description>
	<ExtendedData><SchemaData schemaUrl="#hotosm_tha_railways_points_kml">
		<SimpleData name="source">506448640</SimpleData>
		<SimpleData name="name:th">nodes</SimpleData>
	</SchemaData></ExtendedData>
      <Point><coordinates>102.2888154,15.2257634</coordinates></Point>
  </Placemark>
  <Placemark>
	<name>ศรีแบริ่ง</name>
	<name>station</name>
	<description>Si Bearing</description>
	<ExtendedData><SchemaData schemaUrl="#hotosm_tha_railways_points_kml">
		<SimpleData name="addr:city">ศรีแบริ่ง</SimpleData>
		<SimpleData name="source">10830450761</SimpleData>
		<SimpleData name="name:th">nodes</SimpleData>
	</SchemaData></ExtendedData>
      <Point><coordinates>100.6362735,13.6434906</coordinates></Point>
  </Placemark>
  <Placemark>
	<name>ศรีด่าน</name>
	<name>station</name>
	<description>Si Dan</description>
	<ExtendedData><SchemaData schemaUrl="#hotosm_tha_railways_points_kml">
		<SimpleData name="addr:city">ศรีด่าน</SimpleData>
		<SimpleData name="source">10830450760</SimpleData>
		<SimpleData name="name:th">nodes</SimpleData>
	</SchemaData></ExtendedData>
      <Point><coordinates>100.6301104,13.6331023</coordinates></Point>
  </Placemark>
  <Placemark>
	<name>ศรีอุดม</name>
	<name>station</name>
	<description>Si Udom</description>
	<ExtendedData><SchemaData schemaUrl="#hotosm_tha_railways_points_kml">
		<SimpleData name="addr:city">ศรีอุดม</SimpleData>
		<SimpleData name="source">10867419319</SimpleData>
		<SimpleData name="name:th">nodes</SimpleData>
	</SchemaData></ExtendedData>
      <Point><coordinates>100.6461707,13.6766379</coordinates></Point>
  </Placemark>
  <Placemark>
	<name>สวนหลวง ร.9</name>
	<name>station</name>
	<description>Suan Luang Rama IX</description>
	<ExtendedData><SchemaData schemaUrl="#hotosm_tha_railways_points_kml">
		<SimpleData name="addr:city">สวนหลวง ร.9</SimpleData>
		<SimpleData name="source">10867419320</SimpleData>
		<SimpleData name="name:th">nodes</SimpleData>
	</SchemaData></ExtendedData>
      <Point><coordinates>100.6471028,13.6908637</coordinates></Point>
  </Placemark>
  <Placemark>
	<name>ศรีนุช</name>
	<name>station</name>
	<description>Si Nut</description>
	<ExtendedData><SchemaData schemaUrl="#hotosm_tha_railways_points_kml">
		<SimpleData name="addr:city">ศรีนุช</SimpleData>
		<SimpleData name="source">10867419322</SimpleData>
		<SimpleData name="name:th">nodes</SimpleData>
	</SchemaData></ExtendedData>
      <Point><coordinates>100.6441957,13.7110971</coordinates></Point>
  </Placemark>
  <Placemark>
	<name>แยกลำสาลี</name>
	<name>station</name>
	<description>Yaek Lam Sali</description>
	<ExtendedData><SchemaData schemaUrl="#hotosm_tha_railways_points_kml">
		<SimpleData name="addr:city">แยกลำสาลี</SimpleData>
		<SimpleData name="source">10867419326</SimpleData>
		<SimpleData name="name:th">nodes</SimpleData>
	</SchemaData></ExtendedData>
      <Point><coordinates>100.6455722,13.7618191</coordinates></Point>
  </Placemark>
  <Placemark>
	<name>บางกะปิ</name>
	<name>station</name>
	<description>Bang Kapi</description>
	<ExtendedData><SchemaData schemaUrl="#hotosm_tha_railways_points_kml">
		<SimpleData name="addr:city">บางกะปิ</SimpleData>
		<SimpleData name="source">10867419327</SimpleData>
		<SimpleData name="name:th">nodes</SimpleData>
	</SchemaData></ExtendedData>
      <Point><coordinates>100.6397685,13.7690755</coordinates></Point>
  </Placemark>
  <Placemark>
	<name>กลันตัน</name>
	<name>station</name>
	<description>Kalantan</description>
	<ExtendedData><SchemaData schemaUrl="#hotosm_tha_railways_points_kml">
		<SimpleData name="addr:city">กลันตัน</SimpleData>
		<SimpleData name="source">10867419323</SimpleData>
		<SimpleData name="name:th">nodes</SimpleData>
	</SchemaData></ExtendedData>
      <Point><coordinates>100.6417798,13.7252705</coordinates></Point>
  </Placemark>
  <Placemark>
	<name>ศรีกรีฑา</name>
	<name>station</name>
	<description>Si Kritha</description>
	<ExtendedData><SchemaData schemaUrl="#hotosm_tha_railways_points_kml">
		<SimpleData name="addr:city">ศรีกรีฑา</SimpleData>
		<SimpleData name="source">10867419325</SimpleData>
		<SimpleData name="name:th">nodes</SimpleData>
	</SchemaData></ExtendedData>
      <Point><coordinates>100.6447881,13.7504111</coordinates></Point>
  </Placemark>
  <Placemark>
	<name>มหาดไทย</name>
	<name>station</name>
	<description>Mahatthai</description>
	<ExtendedData><SchemaData schemaUrl="#hotosm_tha_railways_points_kml">
		<SimpleData name="addr:city">มหาดไทย</SimpleData>
		<SimpleData name="source">10867419329</SimpleData>
		<SimpleData name="name:th">nodes</SimpleData>
	</SchemaData></ExtendedData>
      <Point><coordinates>100.6231602,13.7783677</coordinates></Point>
  </Placemark>
  <Placemark>
	<name>ภาวนา</name>
	<name>station</name>
	<description>Phawana</description>
	<ExtendedData><SchemaData schemaUrl="#hotosm_tha_railways_points_kml">
		<SimpleData name="addr:city">ภาวนา</SimpleData>
		<SimpleData name="source">10867419330</SimpleData>
		<SimpleData name="name:th">nodes</SimpleData>
	</SchemaData></ExtendedData>
      <Point><coordinates>100.5841952,13.8001638</coordinates></Point>
  </Placemark>
  <Placemark>
	<name>โชคชัย 4</name>
	<name>station</name>
	<description>Chok Chai 4</description>
	<ExtendedData><SchemaData schemaUrl="#hotosm_tha_railways_points_kml">
		<SimpleData name="addr:city">โชคชัย 4</SimpleData>
		<SimpleData name="source">10867419331</SimpleData>
		<SimpleData name="name:th">nodes</SimpleData>
	</SchemaData></ExtendedData>
      <Point><coordinates>100.5944302,13.7944253</coordinates></Point>
  </Placemark>
  <Placemark>
	<name>ลาดพร้าว 71</name>
	<name>station</name>
	<description>Lat Phrao 71</description>
	<ExtendedData><SchemaData schemaUrl="#hotosm_tha_railways_points_kml">
		<SimpleData name="addr:city">ลาดพร้าว 71</SimpleData>
		<SimpleData name="source">10867419332</SimpleData>
		<SimpleData name="name:th">nodes</SimpleData>
	</SchemaData></ExtendedData>
      <Point><coordinates>100.6075731,13.7870921</coordinates></Point>
  </Placemark>
  <Placemark>
	<name>ลาดพร้าว 83</name>
	<name>station</name>
	<description>Lat Phrao 83</description>
	<ExtendedData><SchemaData schemaUrl="#hotosm_tha_railways_points_kml">
		<SimpleData name="addr:city">ลาดพร้าว 83</SimpleData>
		<SimpleData name="source">10867419333</SimpleData>
		<SimpleData name="name:th">nodes</SimpleData>
	</SchemaData></ExtendedData>
      <Point><coordinates>100.6136576,13.7837002</coordinates></Point>
  </Placemark>
  <Placemark>
	<name>หัวหมาก</name>
	<name>station</name>
	<description>Hua Mak</description>
	<ExtendedData><SchemaData schemaUrl="#hotosm_tha_railways_points_kml">
		<SimpleData name="addr:city">หัวหมาก</SimpleData>
		<SimpleData name="source">11052599118</SimpleData>
		<SimpleData name="name:th">nodes</SimpleData>
	</SchemaData></ExtendedData>
      <Point><coordinates>100.6397067,13.7382388</coordinates></Point>
  </Placemark>
  <Placemark>
	<name>บางกล่ำ</name>
	<name>station</name>
	<description>Bang Klam</description>
	<ExtendedData><SchemaData schemaUrl="#hotosm_tha_railways_points_kml">
		<SimpleData name="addr:full">Wikipedia</SimpleData>
		<SimpleData name="source">3286015332</SimpleData>
		<SimpleData name="name:th">nodes</SimpleData>
	</SchemaData></ExtendedData>
      <Point><coordinates>100.4154354,7.0876974</coordinates></Point>
  </Placemark>
  <Placemark>
	<name>ควนเคี่ยม</name>
	<name>station</name>
	<description>Khuan Khiam</description>
	<ExtendedData><SchemaData schemaUrl="#hotosm_tha_railways_points_kml">
		<SimpleData name="source">5477117226</SimpleData>
		<SimpleData name="name:th">nodes</SimpleData>
	</SchemaData></ExtendedData>
      <Point><coordinates>100.2309929,7.34724</coordinates></Point>
  </Placemark>
  <Placemark>
	<name>บ้านต้นโดน</name>
	<name>station</name>
	<description>Ban Ton Don</description>
	<ExtendedData><SchemaData schemaUrl="#hotosm_tha_railways_points_kml">
		<SimpleData name="source">8873972657</SimpleData>
		<SimpleData name="name:th">nodes</SimpleData>
	</SchemaData></ExtendedData>
      <Point><coordinates>100.1095298,7.5311325</coordinates></Point>
  </Placemark>
  <Placemark>
	<name>สนามกีฬาแห่งชาติ</name>
	<name>station</name>
	<description>National Stadium</description>
	<ExtendedData><SchemaData schemaUrl="#hotosm_tha_railways_points_kml">
		<SimpleData name="addr:city">สนามกีฬาแห่งชาติ</SimpleData>
		<SimpleData name="source">11505460640</SimpleData>
		<SimpleData name="name:th">nodes</SimpleData>
	</SchemaData></ExtendedData>
      <Point><coordinates>100.5290855,13.74651</coordinates></Point>
  </Placemark>
  <Placemark>
	<name>สวนสนประดิพัทธ์</name>
	<name>station</name>
	<description>Suan Son Pradiphat</description>
	<ExtendedData><SchemaData schemaUrl="#hotosm_tha_railways_points_kml">
		<SimpleData name="addr:city">สวนสนประดิพัทธ์</SimpleData>
		<SimpleData name="source">2628162366</SimpleData>
		<SimpleData name="name:th">nodes</SimpleData>
	</SchemaData></ExtendedData>
      <Point><coordinates>99.9722806,12.4999283</coordinates></Point>
  </Placemark>
  <Placemark>
	<name>อิสรภาพ</name>
	<name>station</name>
	<description>Itsaraphap</description>
	<ExtendedData><SchemaData schemaUrl="#hotosm_tha_railways_points_kml">
		<SimpleData name="source">12803915080</SimpleData>
		<SimpleData name="name:th">nodes</SimpleData>
	</SchemaData></ExtendedData>
      <Point><coordinates>100.4857002,13.7383645</coordinates></Point>
  </Placemark>
  <Placemark>
	<name>เพชรบุรี</name>
	<name>station</name>
	<description>Phetchaburi</description>
	<ExtendedData><SchemaData schemaUrl="#hotosm_tha_railways_points_kml">
		<SimpleData name="addr:city">เพชรบุรี</SimpleData>
		<SimpleData name="source">12805950167</SimpleData>
		<SimpleData name="name:th">nodes</SimpleData>
	</SchemaData></ExtendedData>
      <Point><coordinates>100.5634165,13.7491853</coordinates></Point>
  </Placemark>
  <Placemark>
	<name>บางซื่อ</name>
	<name>station</name>
	<description>Bang Sue</description>
	<ExtendedData><SchemaData schemaUrl="#hotosm_tha_railways_points_kml">
		<SimpleData name="addr:city">บางซื่อ</SimpleData>
		<SimpleData name="source">12803915082</SimpleData>
		<SimpleData name="name:th">nodes</SimpleData>
	</SchemaData></ExtendedData>
      <Point><coordinates>100.5410464,13.8023925</coordinates></Point>
  </Placemark>
  <Placemark>
	<name>วิหารแดง</name>
	<name>station</name>
	<description>Wihan Daeng</description>
	<ExtendedData><SchemaData schemaUrl="#hotosm_tha_railways_points_kml">
		<SimpleData name="source">7896595827</SimpleData>
		<SimpleData name="name:th">nodes</SimpleData>
	</SchemaData></ExtendedData>
      <Point><coordinates>100.9805721,14.3393015</coordinates></Point>
  </Placemark>
  <Placemark>
	<name>องครักษ์</name>
	<name>station</name>
	<description>Ongkharak</description>
	<ExtendedData><SchemaData schemaUrl="#hotosm_tha_railways_points_kml">
		<SimpleData name="layer">อำเภอองครักษ์ จังหวัดนครนายก</SimpleData>
		<SimpleData name="source">7896595828</SimpleData>
		<SimpleData name="name:th">nodes</SimpleData>
	</SchemaData></ExtendedData>
      <Point><coordinates>100.9861266,14.1343194</coordinates></Point>
  </Placemark>
  <Placemark>
	<name>มวกเหล็กใหม่</name>
	<name>station</name>
	<ExtendedData><SchemaData schemaUrl="#hotosm_tha_railways_points_kml">
		<SimpleData name="source">12898495293</SimpleData>
		<SimpleData name="name:th">nodes</SimpleData>
	</SchemaData></ExtendedData>
      <Point><coordinates>101.1825785,14.659978</coordinates></Point>
  </Placemark>
  <Placemark>
	<name>บ้านตูล</name>
	<name>station</name>
	<description>Ban Tun</description>
	<ExtendedData><SchemaData schemaUrl="#hotosm_tha_railways_points_kml">
		<SimpleData name="addr:city">บ้านตูล</SimpleData>
		<SimpleData name="source">12898617351</SimpleData>
		<SimpleData name="name:th">nodes</SimpleData>
	</SchemaData></ExtendedData>
      <Point><coordinates>99.961299,8.0606432</coordinates></Point>
  </Placemark>
  <Placemark>
	<name>หินลับ</name>
	<name>station</name>
	<description>Hin Lap</description>
	<ExtendedData><SchemaData schemaUrl="#hotosm_tha_railways_points_kml">
		<SimpleData name="addr:full">GPS</SimpleData>
		<SimpleData name="addr:city">หินลับ</SimpleData>
		<SimpleData name="source">11808393628</SimpleData>
		<SimpleData name="name:th">nodes</SimpleData>
	</SchemaData></ExtendedData>
      <Point><coordinates>101.1332776,14.6631982</coordinates></Point>
  </Placemark>
  <Placemark>
	<name>หนองแซง</name>
	<name>station</name>
	<description>Nong Saeng</description>
	<ExtendedData><SchemaData schemaUrl="#hotosm_tha_railways_points_kml">
		<SimpleData name="addr:full">GPS</SimpleData>
		<SimpleData name="addr:city">หนองแซง</SimpleData>
		<SimpleData name="source">257164304</SimpleData>
		<SimpleData name="name:th">nodes</SimpleData>
	</SchemaData></ExtendedData>
      <Point><coordinates>100.784439,14.4907749</coordinates></Point>
  </Placemark>
  <Placemark>
	<name>เขาตังกวนชั้นบน</name>
	<name>station</name>
	<description>Tang Kuan Hill Lift upper station</description>
	<ExtendedData><SchemaData schemaUrl="#hotosm_tha_railways_points_kml">
		<SimpleData name="addr:city">เขาตังกวนชั้นบน</SimpleData>
		<SimpleData name="source">12909275113</SimpleData>
		<SimpleData name="name:th">nodes</SimpleData>
	</SchemaData></ExtendedData>
      <Point><coordinates>100.5895305,7.2105025</coordinates></Point>
  </Placemark>
  <Placemark>
	<name>ราชปรารภ</name>
	<name>station</name>
	<description>Ratchaprarop</description>
	<ExtendedData><SchemaData schemaUrl="#hotosm_tha_railways_points_kml">
		<SimpleData name="addr:city">ราชปรารภ</SimpleData>
		<SimpleData name="source">6711026524</SimpleData>
		<SimpleData name="name:th">nodes</SimpleData>
	</SchemaData></ExtendedData>
      <Point><coordinates>100.5421238,13.7551065</coordinates></Point>
  </Placemark>
  <Placemark>
	<name>แพรกษา</name>
	<name>station</name>
	<description>Phraek Sa</description>
	<ExtendedData><SchemaData schemaUrl="#hotosm_tha_railways_points_kml">
		<SimpleData name="addr:city">แพรกษา</SimpleData>
		<SimpleData name="source">6124793521</SimpleData>
		<SimpleData name="name:th">nodes</SimpleData>
	</SchemaData></ExtendedData>
      <Point><coordinates>100.607905,13.5841917</coordinates></Point>
  </Placemark>
  <Placemark>
	<name>ปากน้ำ</name>
	<name>station</name>
	<description>Pak Nam</description>
	<ExtendedData><SchemaData schemaUrl="#hotosm_tha_railways_points_kml">
		<SimpleData name="addr:city">ปากน้ำ</SimpleData>
		<SimpleData name="source">6124793516</SimpleData>
		<SimpleData name="name:th">nodes</SimpleData>
	</SchemaData></ExtendedData>
      <Point><coordinates>100.5970924,13.6021243</coordinates></Point>
  </Placemark>
  <Placemark>
	<name>สายลวด</name>
	<name>station</name>
	<description>Sai Luat</description>
	<ExtendedData><SchemaData schemaUrl="#hotosm_tha_railways_points_kml">
		<SimpleData name="addr:city">สายลวด</SimpleData>
		<SimpleData name="source">6124793522</SimpleData>
		<SimpleData name="name:th">nodes</SimpleData>
	</SchemaData></ExtendedData>
      <Point><coordinates>100.6054607,13.5777755</coordinates></Point>
  </Placemark>
  <Placemark>
	<name>บ้านกรูด</name>
	<name>station</name>
	<description>Ban Krut</description>
	<ExtendedData><SchemaData schemaUrl="#hotosm_tha_railways_points_kml">
		<SimpleData name="addr:city">บ้านกรูด</SimpleData>
		<SimpleData name="source">250039803</SimpleData>
		<SimpleData name="name:th">nodes</SimpleData>
	</SchemaData></ExtendedData>
      <Point><coordinates>99.5564684,11.3497221</coordinates></Point>
  </Placemark>
  <Placemark>
	<name>ดอนทราย</name>
	<name>station</name>
	<description>Don Sai</description>
	<ExtendedData><SchemaData schemaUrl="#hotosm_tha_railways_points_kml">
		<SimpleData name="source">2041271594</SimpleData>
		<SimpleData name="name:th">nodes</SimpleData>
	</SchemaData></ExtendedData>
      <Point><coordinates>99.6063103,11.4569016</coordinates></Point>
  </Placemark>
  <Placemark>
	<name>โคกตาหอม</name>
	<name>station</name>
	<description>Khok Ta Hom</description>
	<ExtendedData><SchemaData schemaUrl="#hotosm_tha_railways_points_kml">
		<SimpleData name="source">2518549593</SimpleData>
		<SimpleData name="name:th">nodes</SimpleData>
	</SchemaData></ExtendedData>
      <Point><coordinates>99.5944197,11.4060802</coordinates></Point>
  </Placemark>
  <Placemark>
	<name>นาผักขวง</name>
	<name>station</name>
	<description>Na Phak Khuang</description>
	<ExtendedData><SchemaData schemaUrl="#hotosm_tha_railways_points_kml">
		<SimpleData name="source">2566484069</SimpleData>
		<SimpleData name="name:th">nodes</SimpleData>
	</SchemaData></ExtendedData>
      <Point><coordinates>99.5310888,11.2588976</coordinates></Point>
  </Placemark>
  <Placemark>
	<name>ทับสะแก</name>
	<name>station</name>
	<description>Thap Sakae</description>
	<ExtendedData><SchemaData schemaUrl="#hotosm_tha_railways_points_kml">
		<SimpleData name="addr:city">ทับสะแก</SimpleData>
		<SimpleData name="source">3385883562</SimpleData>
		<SimpleData name="name:th">nodes</SimpleData>
	</SchemaData></ExtendedData>
      <Point><coordinates>99.623055,11.4990935</coordinates></Point>
  </Placemark>
  <Placemark>
	<name>ชะม่วง</name>
	<name>station</name>
	<description>Cha Muang</description>
	<ExtendedData><SchemaData schemaUrl="#hotosm_tha_railways_points_kml">
		<SimpleData name="source">2653481982</SimpleData>
		<SimpleData name="name:th">nodes</SimpleData>
	</SchemaData></ExtendedData>
      <Point><coordinates>99.4731886,11.1409967</coordinates></Point>
  </Placemark>
  <Placemark>
	<name>บางสะพานใหญ่</name>
	<name>station</name>
	<description>Bang Saphan Yai</description>
	<ExtendedData><SchemaData schemaUrl="#hotosm_tha_railways_points_kml">
		<SimpleData name="addr:city">บางสะพานใหญ่</SimpleData>
		<SimpleData name="source">3385452302</SimpleData>
		<SimpleData name="name:th">nodes</SimpleData>
	</SchemaData></ExtendedData>
      <Point><coordinates>99.5088906,11.2133382</coordinates></Point>
  </Placemark>
  <Placemark>
	<name>ชุมทางหนองปลาดุก</name>
	<name>station</name>
	<description>Nong Pla Duk Junction</description>
	<ExtendedData><SchemaData schemaUrl="#hotosm_tha_railways_points_kml">
		<SimpleData name="addr:city">ชุมทางหนองปลาดุก</SimpleData>
		<SimpleData name="source">13016716965</SimpleData>
		<SimpleData name="name:th">nodes</SimpleData>
	</SchemaData></ExtendedData>
      <Point><coordinates>99.9108884,13.8176406</coordinates></Point>
  </Placemark>
  <Placemark>
	<name>ชุมทางหนองปลาดุก</name>
	<name>station</name>
	<description>Nong Pla Duk Junction</description>
	<ExtendedData><SchemaData schemaUrl="#hotosm_tha_railways_points_kml">
		<SimpleData name="addr:city">ชุมทางหนองปลาดุก</SimpleData>
		<SimpleData name="source">13016716963</SimpleData>
		<SimpleData name="name:th">nodes</SimpleData>
	</SchemaData></ExtendedData>
      <Point><coordinates>99.9108619,13.8178251</coordinates></Point>
  </Placemark>
  <Placemark>
	<name>ชุมทางหนองปลาดุก</name>
	<name>station</name>
	<description>Nong Pla Duk Junction</description>
	<ExtendedData><SchemaData schemaUrl="#hotosm_tha_railways_points_kml">
		<SimpleData name="addr:city">ชุมทางหนองปลาดุก</SimpleData>
		<SimpleData name="source">13016716964</SimpleData>
		<SimpleData name="name:th">nodes</SimpleData>
	</SchemaData></ExtendedData>
      <Point><coordinates>99.9109005,13.8175521</coordinates></Point>
  </Placemark>
  <Placemark>
	<name>ลาดกระบัง</name>
	<name>station</name>
	<description>Lat Krabang</description>
	<ExtendedData><SchemaData schemaUrl="#hotosm_tha_railways_points_kml">
		<SimpleData name="addr:city">ลาดกระบัง</SimpleData>
		<SimpleData name="source">6711016582</SimpleData>
		<SimpleData name="name:th">nodes</SimpleData>
	</SchemaData></ExtendedData>
      <Point><coordinates>100.7485985,13.7276817</coordinates></Point>
  </Placemark>
  <Placemark>
	<name>บางบำหรุ</name>
	<name>station</name>
	<description>Bang Bamru</description>
	<ExtendedData><SchemaData schemaUrl="#hotosm_tha_railways_points_kml">
		<SimpleData name="addr:city">บางบำหรุ</SimpleData>
		<SimpleData name="source">4390539966</SimpleData>
		<SimpleData name="name:th">nodes</SimpleData>
	</SchemaData></ExtendedData>
      <Point><coordinates>100.4775032,13.7922078</coordinates></Point>
  </Placemark>
  <Placemark>
	<name>บางรักน้อยท่าอิฐ</name>
	<name>station</name>
	<description>Bang Rak Noi Tha It</description>
	<ExtendedData><SchemaData schemaUrl="#hotosm_tha_railways_points_kml">
		<SimpleData name="addr:city">บางรักน้อยท่าอิฐ</SimpleData>
		<SimpleData name="source">5222843679</SimpleData>
		<SimpleData name="name:th">nodes</SimpleData>
	</SchemaData></ExtendedData>
      <Point><coordinates>100.4559653,13.8748084</coordinates></Point>
  </Placemark>
  <Placemark>
	<name>หัวหมาก</name>
	<name>station</name>
	<description>Hua Mak</description>
	<ExtendedData><SchemaData schemaUrl="#hotosm_tha_railways_points_kml">
		<SimpleData name="addr:city">หัวหมาก</SimpleData>
		<SimpleData name="source">970112998</SimpleData>
		<SimpleData name="name:th">nodes</SimpleData>
	</SchemaData></ExtendedData>
      <Point><coordinates>100.6452618,13.7380166</coordinates></Point>
  </Placemark>
  <Placemark>
	<name>สุวรรณภูมิ</name>
	<name>station</name>
	<description>Suvarnabhumi</description>
	<ExtendedData><SchemaData schemaUrl="#hotosm_tha_railways_points_kml">
		<SimpleData name="addr:city">สุวรรณภูมิ</SimpleData>
		<SimpleData name="source">6711003839</SimpleData>
		<SimpleData name="name:th">nodes</SimpleData>
	</SchemaData></ExtendedData>
      <Point><coordinates>100.7512883,13.6942671</coordinates></Point>
  </Placemark>
  <Placemark>
	<name>เคหะฯ</name>
	<name>station</name>
	<description>Kheha</description>
	<ExtendedData><SchemaData schemaUrl="#hotosm_tha_railways_points_kml">
		<SimpleData name="addr:city">เคหะฯ</SimpleData>
		<SimpleData name="source">6124793523</SimpleData>
		<SimpleData name="name:th">nodes</SimpleData>
	</SchemaData></ExtendedData>
      <Point><coordinates>100.6076939,13.5676866</coordinates></Point>
  </Placemark>
  <Placemark>
	<name>โรงเรียนนายเรือ</name>
	<name>station</name>
	<description>Royal Thai Naval Academy</description>
	<ExtendedData><SchemaData schemaUrl="#hotosm_tha_railways_points_kml">
		<SimpleData name="addr:city">โรงเรียนนายเรือ</SimpleData>
		<SimpleData name="source">6124793515</SimpleData>
		<SimpleData name="name:th">nodes</SimpleData>
	</SchemaData></ExtendedData>
      <Point><coordinates>100.5949057,13.6084089</coordinates></Point>
  </Placemark>
  <Placemark>
	<name>เจริญนคร</name>
	<name>station</name>
	<description>Charoen Nakhon</description>
	<ExtendedData><SchemaData schemaUrl="#hotosm_tha_railways_points_kml">
		<SimpleData name="addr:city">เจริญนคร</SimpleData>
		<SimpleData name="source">5812248586</SimpleData>
		<SimpleData name="name:th">nodes</SimpleData>
	</SchemaData></ExtendedData>
      <Point><coordinates>100.5090694,13.7264621</coordinates></Point>
  </Placemark>
  <Placemark>
	<name>คลองสาน</name>
	<name>station</name>
	<description>Khlong San</description>
	<ExtendedData><SchemaData schemaUrl="#hotosm_tha_railways_points_kml">
		<SimpleData name="addr:city">คลองสาน</SimpleData>
		<SimpleData name="source">5812248587</SimpleData>
		<SimpleData name="name:th">nodes</SimpleData>
	</SchemaData></ExtendedData>
      <Point><coordinates>100.5077213,13.7303066</coordinates></Point>
  </Placemark>
  <Placemark>
	<name>กรุงธนบุรี</name>
	<name>station</name>
	<description>Krung Thon Buri</description>
	<ExtendedData><SchemaData schemaUrl="#hotosm_tha_railways_points_kml">
		<SimpleData name="addr:city">กรุงธนบุรี</SimpleData>
		<SimpleData name="source">7947551369</SimpleData>
		<SimpleData name="name:th">nodes</SimpleData>
	</SchemaData></ExtendedData>
      <Point><coordinates>100.5037147,13.7211055</coordinates></Point>
  </Placemark>
  <Placemark>
	<name>สะพานควาย</name>
	<name>station</name>
	<description>Saphan Khwai</description>
	<ExtendedData><SchemaData schemaUrl="#hotosm_tha_railways_points_kml">
		<SimpleData name="addr:city">สะพานควาย</SimpleData>
		<SimpleData name="source">1285516977</SimpleData>
		<SimpleData name="name:th">nodes</SimpleData>
	</SchemaData></ExtendedData>
      <Point><coordinates>100.5497114,13.7938228</coordinates></Point>
  </Placemark>
  <Placemark>
	<name>บางหว้า</name>
	<name>station</name>
	<description>Bang Wa</description>
	<ExtendedData><SchemaData schemaUrl="#hotosm_tha_railways_points_kml">
		<SimpleData name="addr:city">บางหว้า</SimpleData>
		<SimpleData name="source">7769639097</SimpleData>
		<SimpleData name="name:th">nodes</SimpleData>
	</SchemaData></ExtendedData>
      <Point><coordinates>100.4570233,13.7202698</coordinates></Point>
  </Placemark>
  <Placemark>
	<name>อรัญประเทศ</name>
	<name>station</name>
	<description>Aranyaprathet</description>
	<ExtendedData><SchemaData schemaUrl="#hotosm_tha_railways_points_kml">
		<SimpleData name="addr:city">อรัญประเทศ</SimpleData>
		<SimpleData name="source">2160903074</SimpleData>
		<SimpleData name="name:th">nodes</SimpleData>
	</SchemaData></ExtendedData>
      <Point><coordinates>102.5052012,13.6927071</coordinates></Point>
  </Placemark>
  <Placemark>
	<name>นาม่วง</name>
	<name>station</name>
	<description>Na Muang</description>
	<ExtendedData><SchemaData schemaUrl="#hotosm_tha_railways_points_kml">
		<SimpleData name="addr:city">นาม่วง</SimpleData>
		<SimpleData name="source">3307130672</SimpleData>
		<SimpleData name="name:th">nodes</SimpleData>
	</SchemaData></ExtendedData>
      <Point><coordinates>100.5551915,6.9655539</coordinates></Point>
  </Placemark>
  <Placemark>
	<name>กุยบุรี</name>
	<name>station</name>
	<description>Kui Buri</description>
	<ExtendedData><SchemaData schemaUrl="#hotosm_tha_railways_points_kml">
		<SimpleData name="addr:city">กุยบุรี</SimpleData>
		<SimpleData name="source">2592346328</SimpleData>
		<SimpleData name="name:th">nodes</SimpleData>
	</SchemaData></ExtendedData>
      <Point><coordinates>99.8720733,12.0695533</coordinates></Point>
  </Placemark>
  <Placemark>
	<name>ท่าพระ</name>
	<name>station</name>
	<description>Tha Phra</description>
	<ExtendedData><SchemaData schemaUrl="#hotosm_tha_railways_points_kml">
		<SimpleData name="addr:city">ท่าพระ</SimpleData>
		<SimpleData name="source">2094758805</SimpleData>
		<SimpleData name="name:th">nodes</SimpleData>
	</SchemaData></ExtendedData>
      <Point><coordinates>100.4740422,13.7296466</coordinates></Point>
  </Placemark>
  <Placemark>
	<name>ชิดลม</name>
	<name>station</name>
	<description>Chit Lom</description>
	<ExtendedData><SchemaData schemaUrl="#hotosm_tha_railways_points_kml">
		<SimpleData name="addr:city">ชิดลม</SimpleData>
		<SimpleData name="source">5391636575</SimpleData>
		<SimpleData name="name:th">nodes</SimpleData>
	</SchemaData></ExtendedData>
      <Point><coordinates>100.5430684,13.7440974</coordinates></Point>
  </Placemark>
  <Placemark>
	<name>กรุงธนบุรี</name>
	<name>station</name>
	<description>Krung Thon Buri</description>
	<ExtendedData><SchemaData schemaUrl="#hotosm_tha_railways_points_kml">
		<SimpleData name="addr:city">กรุงธนบุรี</SimpleData>
		<SimpleData name="source">443815144</SimpleData>
		<SimpleData name="name:th">nodes</SimpleData>
	</SchemaData></ExtendedData>
      <Point><coordinates>100.5027176,13.7209307</coordinates></Point>
  </Placemark>
  <Placemark>
	<name>จะนะ</name>
	<name>station</name>
	<description>Chana</description>
	<ExtendedData><SchemaData schemaUrl="#hotosm_tha_railways_points_kml">
		<SimpleData name="addr:city">จะนะ</SimpleData>
		<SimpleData name="source">4717896517</SimpleData>
		<SimpleData name="name:th">nodes</SimpleData>
	</SchemaData></ExtendedData>
      <Point><coordinates>100.7401095,6.9092194</coordinates></Point>
  </Placemark>
  <Placemark>
	<name>ลาดพร้าว 101</name>
	<name>station</name>
	<description>Lat Phrao 101</description>
	<ExtendedData><SchemaData schemaUrl="#hotosm_tha_railways_points_kml">
		<SimpleData name="addr:city">ลาดพร้าว 101</SimpleData>
		<SimpleData name="source">10867419328</SimpleData>
		<SimpleData name="name:th">nodes</SimpleData>
	</SchemaData></ExtendedData>
      <Point><coordinates>100.6298421,13.7746334</coordinates></Point>
  </Placemark>
  <Placemark>
	<name>เซนต์หลุยส์</name>
	<name>station</name>
	<description>Saint Louis</description>
	<ExtendedData><SchemaData schemaUrl="#hotosm_tha_railways_points_kml">
		<SimpleData name="addr:city">เซนต์หลุยส์</SimpleData>
		<SimpleData name="source">7781158247</SimpleData>
		<SimpleData name="name:th">nodes</SimpleData>
	</SchemaData></ExtendedData>
      <Point><coordinates>100.5266863,13.720816</coordinates></Point>
  </Placemark>
  <Placemark>
	<name>หมอชิต</name>
	<name>station</name>
	<description>Mo Chit</description>
	<ExtendedData><SchemaData schemaUrl="#hotosm_tha_railways_points_kml">
		<SimpleData name="addr:city">หมอชิต</SimpleData>
		<SimpleData name="source">5388599065</SimpleData>
		<SimpleData name="name:th">nodes</SimpleData>
	</SchemaData></ExtendedData>
      <Point><coordinates>100.5537959,13.8026054</coordinates></Point>
  </Placemark>
  <Placemark>
	<name>ช่องนนทรี</name>
	<name>station</name>
	<description>Chong Nonsi</description>
	<ExtendedData><SchemaData schemaUrl="#hotosm_tha_railways_points_kml">
		<SimpleData name="addr:city">ช่องนนทรี</SimpleData>
		<SimpleData name="source">257066790</SimpleData>
		<SimpleData name="name:th">nodes</SimpleData>
	</SchemaData></ExtendedData>
      <Point><coordinates>100.529325,13.7237969</coordinates></Point>
  </Placemark>
  <Placemark>
	<name>สีลม</name>
	<name>station</name>
	<description>Si Lom</description>
	<ExtendedData><SchemaData schemaUrl="#hotosm_tha_railways_points_kml">
		<SimpleData name="addr:city">สีลม</SimpleData>
		<SimpleData name="source">12803589960</SimpleData>
		<SimpleData name="name:th">nodes</SimpleData>
	</SchemaData></ExtendedData>
      <Point><coordinates>100.5370702,13.7291982</coordinates></Point>
  </Placemark>
  <Placemark>
	<name>ดอนสีนนท์</name>
	<name>station</name>
	<description>Don Si Non</description>
	<ExtendedData><SchemaData schemaUrl="#hotosm_tha_railways_points_kml">
		<SimpleData name="addr:city">ดอนสีนนท์</SimpleData>
		<SimpleData name="source">7158053585</SimpleData>
		<SimpleData name="name:th">nodes</SimpleData>
	</SchemaData></ExtendedData>
      <Point><coordinates>101.1089521,13.6009825</coordinates></Point>
  </Placemark>
  <Placemark>
	<name>แปดริ้ว</name>
	<name>station</name>
	<description>Paet Rio</description>
	<ExtendedData><SchemaData schemaUrl="#hotosm_tha_railways_points_kml">
		<SimpleData name="addr:city">แปดริ้ว</SimpleData>
		<SimpleData name="source">8286467706</SimpleData>
		<SimpleData name="name:th">nodes</SimpleData>
	</SchemaData></ExtendedData>
      <Point><coordinates>101.0768045,13.6932968</coordinates></Point>
  </Placemark>
  <Placemark>
	<name>ญาณสังวราราม</name>
	<name>station</name>
	<description>Yanasangwararam</description>
	<ExtendedData><SchemaData schemaUrl="#hotosm_tha_railways_points_kml">
		<SimpleData name="source">1757183325</SimpleData>
		<SimpleData name="name:th">nodes</SimpleData>
	</SchemaData></ExtendedData>
      <Point><coordinates>100.9224543,12.8013992</coordinates></Point>
  </Placemark>
  <Placemark>
	<name>พัทยา</name>
	<name>station</name>
	<description>Pattaya</description>
	<ExtendedData><SchemaData schemaUrl="#hotosm_tha_railways_points_kml">
		<SimpleData name="layer">พัทยา บางละมุง</SimpleData>
		<SimpleData name="addr:city">พัทยา</SimpleData>
		<SimpleData name="source">1757202181</SimpleData>
		<SimpleData name="name:th">nodes</SimpleData>
	</SchemaData></ExtendedData>
      <Point><coordinates>100.9094181,12.940201</coordinates></Point>
  </Placemark>
  <Placemark>
	<name>อู่ตะเภา</name>
	<name>station</name>
	<description>U-Tapao</description>
	<ExtendedData><SchemaData schemaUrl="#hotosm_tha_railways_points_kml">
		<SimpleData name="addr:city">อู่ตะเภา</SimpleData>
		<SimpleData name="source">9218260607</SimpleData>
		<SimpleData name="name:th">nodes</SimpleData>
	</SchemaData></ExtendedData>
      <Point><coordinates>100.9650818,12.6614518</coordinates></Point>
  </Placemark>
  <Placemark>
	<name>บ้านฉาง</name>
	<name>station</name>
	<description>Ban Chang</description>
	<ExtendedData><SchemaData schemaUrl="#hotosm_tha_railways_points_kml">
		<SimpleData name="layer">ตำบลบ้านฉาง อำเภอบ้านฉาง ระยอง</SimpleData>
		<SimpleData name="addr:city">บ้านฉาง</SimpleData>
		<SimpleData name="source">6815520154</SimpleData>
		<SimpleData name="name:th">nodes</SimpleData>
	</SchemaData></ExtendedData>
      <Point><coordinates>101.0546506,12.7062736</coordinates></Point>
  </Placemark>
  <Placemark>
	<name>เปรง</name>
	<name>station</name>
	<description>Preng</description>
	<ExtendedData><SchemaData schemaUrl="#hotosm_tha_railways_points_kml">
		<SimpleData name="source">6228668386</SimpleData>
		<SimpleData name="name:th">nodes</SimpleData>
	</SchemaData></ExtendedData>
      <Point><coordinates>100.9249376,13.7123679</coordinates></Point>
  </Placemark>
  <Placemark>
	<name>คลองตัน</name>
	<name>station</name>
	<description>Khlong Tan</description>
	<ExtendedData><SchemaData schemaUrl="#hotosm_tha_railways_points_kml">
		<SimpleData name="addr:city">คลองตัน</SimpleData>
		<SimpleData name="source">5472737123</SimpleData>
		<SimpleData name="name:th">nodes</SimpleData>
	</SchemaData></ExtendedData>
      <Point><coordinates>100.5895169,13.744339</coordinates></Point>
  </Placemark>
  <Placemark>
	<name>หัวตะเข้</name>
	<name>station</name>
	<description>Hua Takhe</description>
	<ExtendedData><SchemaData schemaUrl="#hotosm_tha_railways_points_kml">
		<SimpleData name="addr:city">หัวตะเข้</SimpleData>
		<SimpleData name="source">1347844713</SimpleData>
		<SimpleData name="name:th">nodes</SimpleData>
	</SchemaData></ExtendedData>
      <Point><coordinates>100.7829084,13.7282484</coordinates></Point>
  </Placemark>
  <Placemark>
	<name>พระจอมเกล้า</name>
	<name>station</name>
	<description>Phra Chom Klao</description>
	<ExtendedData><SchemaData schemaUrl="#hotosm_tha_railways_points_kml">
		<SimpleData name="addr:city">พระจอมเกล้า</SimpleData>
		<SimpleData name="source">2013379450</SimpleData>
		<SimpleData name="name:th">nodes</SimpleData>
	</SchemaData></ExtendedData>
      <Point><coordinates>100.7754678,13.7281797</coordinates></Point>
  </Placemark>
  <Placemark>
	<name>พระราม 9</name>
	<name>station</name>
	<description>Phra Ram 9</description>
	<ExtendedData><SchemaData schemaUrl="#hotosm_tha_railways_points_kml">
		<SimpleData name="addr:city">พระราม 9</SimpleData>
		<SimpleData name="source">280179427</SimpleData>
		<SimpleData name="name:th">nodes</SimpleData>
	</SchemaData></ExtendedData>
      <Point><coordinates>100.5652774,13.7578166</coordinates></Point>
  </Placemark>
  <Placemark>
	<name>ลุมพินี</name>
	<name>station</name>
	<description>Lumphini</description>
	<ExtendedData><SchemaData schemaUrl="#hotosm_tha_railways_points_kml">
		<SimpleData name="addr:city">ลุมพินี</SimpleData>
		<SimpleData name="source">280222462</SimpleData>
		<SimpleData name="name:th">nodes</SimpleData>
	</SchemaData></ExtendedData>
      <Point><coordinates>100.5457249,13.7256066</coordinates></Point>
  </Placemark>
  <Placemark>
	<name>ห้วยขวาง</name>
	<name>station</name>
	<description>Huai Khwang</description>
	<ExtendedData><SchemaData schemaUrl="#hotosm_tha_railways_points_kml">
		<SimpleData name="addr:city">ห้วยขวาง</SimpleData>
		<SimpleData name="source">280239009</SimpleData>
		<SimpleData name="name:th">nodes</SimpleData>
	</SchemaData></ExtendedData>
      <Point><coordinates>100.5735662,13.7786878</coordinates></Point>
  </Placemark>
  <Placemark>
	<name>สุทธิสาร</name>
	<name>station</name>
	<description>Sutthisan</description>
	<ExtendedData><SchemaData schemaUrl="#hotosm_tha_railways_points_kml">
		<SimpleData name="addr:city">สุทธิสาร</SimpleData>
		<SimpleData name="source">280239362</SimpleData>
		<SimpleData name="name:th">nodes</SimpleData>
	</SchemaData></ExtendedData>
      <Point><coordinates>100.5740801,13.7894884</coordinates></Point>
  </Placemark>
  <Placemark>
	<name>บางขุนนนท์</name>
	<name>station</name>
	<description>Bang Khun Non</description>
	<ExtendedData><SchemaData schemaUrl="#hotosm_tha_railways_points_kml">
		<SimpleData name="addr:city">บางขุนนนท์</SimpleData>
		<SimpleData name="source">2094758837</SimpleData>
		<SimpleData name="name:th">nodes</SimpleData>
	</SchemaData></ExtendedData>
      <Point><coordinates>100.4732959,13.7633253</coordinates></Point>
  </Placemark>
  <Placemark>
	<name>วัดมังกร</name>
	<name>station</name>
	<description>Wat Mangkon</description>
	<ExtendedData><SchemaData schemaUrl="#hotosm_tha_railways_points_kml">
		<SimpleData name="source">12803915074</SimpleData>
		<SimpleData name="name:th">nodes</SimpleData>
	</SchemaData></ExtendedData>
      <Point><coordinates>100.5099097,13.7422095</coordinates></Point>
  </Placemark>
  <Placemark>
	<name>สามยอด</name>
	<name>station</name>
	<description>Sam Yot</description>
	<ExtendedData><SchemaData schemaUrl="#hotosm_tha_railways_points_kml">
		<SimpleData name="source">12803915076</SimpleData>
		<SimpleData name="name:th">nodes</SimpleData>
	</SchemaData></ExtendedData>
      <Point><coordinates>100.5023022,13.7470004</coordinates></Point>
  </Placemark>
  <Placemark>
	<name>สามย่าน</name>
	<name>station</name>
	<description>Sam Yan</description>
	<ExtendedData><SchemaData schemaUrl="#hotosm_tha_railways_points_kml">
		<SimpleData name="addr:city">สามย่าน</SimpleData>
		<SimpleData name="source">12803915078</SimpleData>
		<SimpleData name="name:th">nodes</SimpleData>
	</SchemaData></ExtendedData>
      <Point><coordinates>100.5301206,13.7320608</coordinates></Point>
  </Placemark>
  <Placemark>
	<name>คลองหลวงแพ่ง</name>
	<name>station</name>
	<description>Khlong Luang Phaeng</description>
	<ExtendedData><SchemaData schemaUrl="#hotosm_tha_railways_points_kml">
		<SimpleData name="addr:city">คลองหลวงแพ่ง</SimpleData>
		<SimpleData name="source">6228668385</SimpleData>
		<SimpleData name="name:th">nodes</SimpleData>
	</SchemaData></ExtendedData>
      <Point><coordinates>100.8630607,13.7200739</coordinates></Point>
  </Placemark>
  <Placemark>
	<name>คลองบางพระ</name>
	<name>station</name>
	<description>Khlong Bang Phra</description>
	<ExtendedData><SchemaData schemaUrl="#hotosm_tha_railways_points_kml">
		<SimpleData name="source">6228668885</SimpleData>
		<SimpleData name="name:th">nodes</SimpleData>
	</SchemaData></ExtendedData>
      <Point><coordinates>100.9913951,13.7041552</coordinates></Point>
  </Placemark>
  <Placemark>
	<name>คลองเตย</name>
	<name>station</name>
	<description>Khlong Toei</description>
	<ExtendedData><SchemaData schemaUrl="#hotosm_tha_railways_points_kml">
		<SimpleData name="addr:city">คลองเตย</SimpleData>
		<SimpleData name="source">280729450</SimpleData>
		<SimpleData name="name:th">nodes</SimpleData>
	</SchemaData></ExtendedData>
      <Point><coordinates>100.5543696,13.7221264</coordinates></Point>
  </Placemark>
  <Placemark>
	<name>จรัญฯ 13</name>
	<name>station</name>
	<description>Charan 13</description>
	<ExtendedData><SchemaData schemaUrl="#hotosm_tha_railways_points_kml">
		<SimpleData name="addr:city">จรัญฯ 13</SimpleData>
		<SimpleData name="source">3801037850</SimpleData>
		<SimpleData name="name:th">nodes</SimpleData>
	</SchemaData></ExtendedData>
      <Point><coordinates>100.4707092,13.7401714</coordinates></Point>
  </Placemark>
  <Placemark>
	<name>อโศก</name>
	<name>station</name>
	<description>Asok</description>
	<ExtendedData><SchemaData schemaUrl="#hotosm_tha_railways_points_kml">
		<SimpleData name="addr:city">อโศก</SimpleData>
		<SimpleData name="source">5391625873</SimpleData>
		<SimpleData name="name:th">nodes</SimpleData>
	</SchemaData></ExtendedData>
      <Point><coordinates>100.5603571,13.7370432</coordinates></Point>
  </Placemark>
  <Placemark>
	<name>สิรินธร</name>
	<name>station</name>
	<description>Sirindhorn</description>
	<ExtendedData><SchemaData schemaUrl="#hotosm_tha_railways_points_kml">
		<SimpleData name="addr:city">สิรินธร</SimpleData>
		<SimpleData name="source">6563228219</SimpleData>
		<SimpleData name="name:th">nodes</SimpleData>
	</SchemaData></ExtendedData>
      <Point><coordinates>100.4933267,13.7838726</coordinates></Point>
  </Placemark>
  <Placemark>
	<name>ลำนารายณ์</name>
	<name>station</name>
	<description>Lam Narai</description>
	<ExtendedData><SchemaData schemaUrl="#hotosm_tha_railways_points_kml">
		<SimpleData name="source">3107784146</SimpleData>
		<SimpleData name="name:th">nodes</SimpleData>
	</SchemaData></ExtendedData>
      <Point><coordinates>101.1395215,15.2200983</coordinates></Point>
  </Placemark>
  <Placemark>
	<name>โคกสลุง</name>
	<name>station</name>
	<description>Khok Salung</description>
	<ExtendedData><SchemaData schemaUrl="#hotosm_tha_railways_points_kml">
		<SimpleData name="addr:city">โคกสลุง</SimpleData>
		<SimpleData name="source">3256263453</SimpleData>
		<SimpleData name="name:th">nodes</SimpleData>
	</SchemaData></ExtendedData>
      <Point><coordinates>101.0230995,14.987146</coordinates></Point>
  </Placemark>
  <Placemark>
	<name>แผ่นดินทอง</name>
	<name>station</name>
	<description>Phaendin Thong</description>
	<ExtendedData><SchemaData schemaUrl="#hotosm_tha_railways_points_kml">
		<SimpleData name="source">8342529462</SimpleData>
		<SimpleData name="name:th">nodes</SimpleData>
	</SchemaData></ExtendedData>
      <Point><coordinates>101.2605966,15.2502428</coordinates></Point>
  </Placemark>
  <Placemark>
	<name>โคกคลี</name>
	<name>station</name>
	<description>Khok Khli</description>
	<ExtendedData><SchemaData schemaUrl="#hotosm_tha_railways_points_kml">
		<SimpleData name="source">8342584337</SimpleData>
		<SimpleData name="name:th">nodes</SimpleData>
	</SchemaData></ExtendedData>
      <Point><coordinates>101.3691956,15.2745824</coordinates></Point>
  </Placemark>
  <Placemark>
	<name>บ้านวะตะแบก (เทพสถิต)</name>
	<name>station</name>
	<description>Ban Wa Tabaek (Thep Sathit)</description>
	<ExtendedData><SchemaData schemaUrl="#hotosm_tha_railways_points_kml">
		<SimpleData name="source">3118333383</SimpleData>
		<SimpleData name="name:th">nodes</SimpleData>
	</SchemaData></ExtendedData>
      <Point><coordinates>101.4535189,15.3971958</coordinates></Point>
  </Placemark>
  <Placemark>
	<name>หินซ้อน</name>
	<name>station</name>
	<description>Hin Son</description>
	<ExtendedData><SchemaData schemaUrl="#hotosm_tha_railways_points_kml">
		<SimpleData name="source">3927825445</SimpleData>
		<SimpleData name="name:th">nodes</SimpleData>
	</SchemaData></ExtendedData>
      <Point><coordinates>101.0510772,14.741291</coordinates></Point>
  </Placemark>
  <Placemark>
	<name>บ้านช่องใต้</name>
	<name>station</name>
	<description>Ban Chong Tai</description>
	<ExtendedData><SchemaData schemaUrl="#hotosm_tha_railways_points_kml">
		<SimpleData name="source">8286668352</SimpleData>
		<SimpleData name="name:th">nodes</SimpleData>
	</SchemaData></ExtendedData>
      <Point><coordinates>101.0181527,14.6151807</coordinates></Point>
  </Placemark>
  <Placemark>
	<name>ชุมทางหาดใหญ่</name>
	<name>station</name>
	<description>Hat Yai Junction</description>
	<ExtendedData><SchemaData schemaUrl="#hotosm_tha_railways_points_kml">
		<SimpleData name="addr:city">ชุมทางหาดใหญ่</SimpleData>
		<SimpleData name="source">8820285515</SimpleData>
		<SimpleData name="name:th">nodes</SimpleData>
	</SchemaData></ExtendedData>
      <Point><coordinates>100.4673248,7.0038736</coordinates></Point>
  </Placemark>
  <Placemark>
	<name>พลสงคราม</name>
	<name>station</name>
	<description>Phon Songkhram</description>
	<ExtendedData><SchemaData schemaUrl="#hotosm_tha_railways_points_kml">
		<SimpleData name="source">4919461937</SimpleData>
		<SimpleData name="name:th">nodes</SimpleData>
	</SchemaData></ExtendedData>
      <Point><coordinates>102.3035469,15.3483047</coordinates></Point>
  </Placemark>
  <Placemark>
	<name>บ้านกระโดน</name>
	<name>station</name>
	<description>Ban Kradon</description>
	<ExtendedData><SchemaData schemaUrl="#hotosm_tha_railways_points_kml">
		<SimpleData name="source">8985173783</SimpleData>
		<SimpleData name="name:th">nodes</SimpleData>
	</SchemaData></ExtendedData>
      <Point><coordinates>102.1869891,15.1042237</coordinates></Point>
  </Placemark>
  <Placemark>
	<name>ทับกฤช</name>
	<name>station</name>
	<description>Thap Krit</description>
	<ExtendedData><SchemaData schemaUrl="#hotosm_tha_railways_points_kml">
		<SimpleData name="addr:city">ทับกฤช</SimpleData>
		<SimpleData name="source">259607220</SimpleData>
		<SimpleData name="name:th">nodes</SimpleData>
	</SchemaData></ExtendedData>
      <Point><coordinates>100.2577093,15.7551421</coordinates></Point>
  </Placemark>
  <Placemark>
	<name>บึงบอระเพ็ด</name>
	<name>station</name>
	<description>Bueng Boraphet</description>
	<ExtendedData><SchemaData schemaUrl="#hotosm_tha_railways_points_kml">
		<SimpleData name="source">6342985699</SimpleData>
		<SimpleData name="name:th">nodes</SimpleData>
	</SchemaData></ExtendedData>
      <Point><coordinates>100.2109066,15.7241235</coordinates></Point>
  </Placemark>
  <Placemark>
	<name>ห้าแยกลาดพร้าว</name>
	<name>station</name>
	<description>Ha Yaek Lat Phrao</description>
	<ExtendedData><SchemaData schemaUrl="#hotosm_tha_railways_points_kml">
		<SimpleData name="source">6966466946</SimpleData>
		<SimpleData name="name:th">nodes</SimpleData>
	</SchemaData></ExtendedData>
      <Point><coordinates>100.5620359,13.8166807</coordinates></Point>
  </Placemark>
  <Placemark>
	<name>แบริ่ง</name>
	<name>station</name>
	<description>Bearing</description>
	<ExtendedData><SchemaData schemaUrl="#hotosm_tha_railways_points_kml">
		<SimpleData name="addr:city">แบริ่ง</SimpleData>
		<SimpleData name="source">5391599348</SimpleData>
		<SimpleData name="name:th">nodes</SimpleData>
	</SchemaData></ExtendedData>
      <Point><coordinates>100.6018056,13.6611846</coordinates></Point>
  </Placemark>
  <Placemark>
	<name>บางนา</name>
	<name>station</name>
	<description>Bang Na</description>
	<ExtendedData><SchemaData schemaUrl="#hotosm_tha_railways_points_kml">
		<SimpleData name="addr:city">บางนา</SimpleData>
		<SimpleData name="source">5391610964</SimpleData>
		<SimpleData name="name:th">nodes</SimpleData>
	</SchemaData></ExtendedData>
      <Point><coordinates>100.6046633,13.668138</coordinates></Point>
  </Placemark>
  <Placemark>
	<name>อุดมสุข</name>
	<name>station</name>
	<description>Udom Suk</description>
	<ExtendedData><SchemaData schemaUrl="#hotosm_tha_railways_points_kml">
		<SimpleData name="addr:city">อุดมสุข</SimpleData>
		<SimpleData name="source">5391613497</SimpleData>
		<SimpleData name="name:th">nodes</SimpleData>
	</SchemaData></ExtendedData>
      <Point><coordinates>100.6094698,13.6798746</coordinates></Point>
  </Placemark>
  <Placemark>
	<name>ปู่เจ้า</name>
	<name>station</name>
	<description>Pu Chao</description>
	<ExtendedData><SchemaData schemaUrl="#hotosm_tha_railways_points_kml">
		<SimpleData name="addr:city">ปู่เจ้า</SimpleData>
		<SimpleData name="source">6124793513</SimpleData>
		<SimpleData name="name:th">nodes</SimpleData>
	</SchemaData></ExtendedData>
      <Point><coordinates>100.5920064,13.6372768</coordinates></Point>
  </Placemark>
  <Placemark>
	<name>ช้างเอราวัณ</name>
	<name>station</name>
	<description>Chang Erawan</description>
	<ExtendedData><SchemaData schemaUrl="#hotosm_tha_railways_points_kml">
		<SimpleData name="addr:city">ช้างเอราวัณ</SimpleData>
		<SimpleData name="source">6124793514</SimpleData>
		<SimpleData name="name:th">nodes</SimpleData>
	</SchemaData></ExtendedData>
      <Point><coordinates>100.5901599,13.6215944</coordinates></Point>
  </Placemark>
  <Placemark>
	<name>วัดพระศรีมหาธาตุ</name>
	<name>station</name>
	<description>Wat Phra Sri Mahathat</description>
	<ExtendedData><SchemaData schemaUrl="#hotosm_tha_railways_points_kml">
		<SimpleData name="source">3805378261</SimpleData>
		<SimpleData name="name:th">nodes</SimpleData>
	</SchemaData></ExtendedData>
      <Point><coordinates>100.5967316,13.8752766</coordinates></Point>
  </Placemark>
  <Placemark>
	<name>แยก คปอ.</name>
	<name>station</name>
	<description>Yaek Kor Por Aor</description>
	<ExtendedData><SchemaData schemaUrl="#hotosm_tha_railways_points_kml">
		<SimpleData name="addr:city">แยก คปอ.</SimpleData>
		<SimpleData name="source">6681609012</SimpleData>
		<SimpleData name="name:th">nodes</SimpleData>
	</SchemaData></ExtendedData>
      <Point><coordinates>100.6258374,13.9250126</coordinates></Point>
  </Placemark>
  <Placemark>
	<name>บางหว้า</name>
	<name>station</name>
	<description>Bang Wa</description>
	<ExtendedData><SchemaData schemaUrl="#hotosm_tha_railways_points_kml">
		<SimpleData name="addr:city">บางหว้า</SimpleData>
		<SimpleData name="source">7769639096</SimpleData>
		<SimpleData name="name:th">nodes</SimpleData>
	</SchemaData></ExtendedData>
      <Point><coordinates>100.4577913,13.72079</coordinates></Point>
  </Placemark>
  <Placemark>
	<name>กาญจนบุรี</name>
	<name>station</name>
	<description>Kanchanaburi</description>
	<ExtendedData><SchemaData schemaUrl="#hotosm_tha_railways_points_kml">
		<SimpleData name="addr:city">กาญจนบุรี</SimpleData>
		<SimpleData name="source">528735648</SimpleData>
		<SimpleData name="name:th">nodes</SimpleData>
	</SchemaData></ExtendedData>
      <Point><coordinates>99.5256113,14.0342066</coordinates></Point>
  </Placemark>
  <Placemark>
	<name>สายหยุด</name>
	<name>station</name>
	<description>Sai Yud</description>
	<ExtendedData><SchemaData schemaUrl="#hotosm_tha_railways_points_kml">
		<SimpleData name="addr:city">สายหยุด</SimpleData>
		<SimpleData name="source">6681609019</SimpleData>
		<SimpleData name="name:th">nodes</SimpleData>
	</SchemaData></ExtendedData>
      <Point><coordinates>100.6042685,13.888451</coordinates></Point>
  </Placemark>
  <Placemark>
	<name>โพธิ์นิมิตร</name>
	<name>station</name>
	<description>Pho Nimit</description>
	<ExtendedData><SchemaData schemaUrl="#hotosm_tha_railways_points_kml">
		<SimpleData name="addr:city">โพธิ์นิมิตร</SimpleData>
		<SimpleData name="source">305693940</SimpleData>
		<SimpleData name="name:th">nodes</SimpleData>
	</SchemaData></ExtendedData>
      <Point><coordinates>100.4859681,13.7192426</coordinates></Point>
  </Placemark>
  <Placemark>
	<name>นครปฐม</name>
	<name>station</name>
	<description>Nakhon Pathom</description>
	<ExtendedData><SchemaData schemaUrl="#hotosm_tha_railways_points_kml">
		<SimpleData name="addr:city">นครปฐม</SimpleData>
		<SimpleData name="source">259729390</SimpleData>
		<SimpleData name="name:th">nodes</SimpleData>
	</SchemaData></ExtendedData>
      <Point><coordinates>100.0593425,13.8245027</coordinates></Point>
  </Placemark>
  <Placemark>
	<name>ปากน้ำโพ</name>
	<name>station</name>
	<description>Pak Nam Pho</description>
	<ExtendedData><SchemaData schemaUrl="#hotosm_tha_railways_points_kml">
		<SimpleData name="addr:city">ปากน้ำโพ</SimpleData>
		<SimpleData name="source">2062465253</SimpleData>
		<SimpleData name="name:th">nodes</SimpleData>
	</SchemaData></ExtendedData>
      <Point><coordinates>100.1541562,15.7041661</coordinates></Point>
  </Placemark>
  <Placemark>
	<name>อุดรธานี</name>
	<name>station</name>
	<description>Udon Thani</description>
	<ExtendedData><SchemaData schemaUrl="#hotosm_tha_railways_points_kml">
		<SimpleData name="addr:full">GPS;sign</SimpleData>
		<SimpleData name="addr:city">อุดรธานี</SimpleData>
		<SimpleData name="source">675458495</SimpleData>
		<SimpleData name="name:th">nodes</SimpleData>
	</SchemaData></ExtendedData>
      <Point><coordinates>102.8055689,17.4041726</coordinates></Point>
  </Placemark>
  <Placemark>
	<name>อุตรดิตถ์</name>
	<name>station</name>
	<description>Uttaradit</description>
	<ExtendedData><SchemaData schemaUrl="#hotosm_tha_railways_points_kml">
		<SimpleData name="addr:city">อุตรดิตถ์</SimpleData>
		<SimpleData name="source">998990357</SimpleData>
		<SimpleData name="name:th">nodes</SimpleData>
	</SchemaData></ExtendedData>
      <Point><coordinates>100.0972647,17.6203598</coordinates></Point>
  </Placemark>
  <Placemark>
	<name>สถานีรถไฟนครสวรรค์ (หนองปลิง)</name>
	<name>station</name>
	<description>Nakhon Sawan Station Nong Pling</description>
	<ExtendedData><SchemaData schemaUrl="#hotosm_tha_railways_points_kml">
		<SimpleData name="addr:city">สถานีรถไฟนครสวรรค์ (หนองปลิง)</SimpleData>
		<SimpleData name="source">4256125687</SimpleData>
		<SimpleData name="name:th">nodes</SimpleData>
	</SchemaData></ExtendedData>
      <Point><coordinates>100.1584587,15.663118</coordinates></Point>
  </Placemark>
  <Placemark>
	<name>สระบุรี</name>
	<name>station</name>
	<description>Saraburi</description>
	<ExtendedData><SchemaData schemaUrl="#hotosm_tha_railways_points_kml">
		<SimpleData name="source">5394772572</SimpleData>
		<SimpleData name="name:th">nodes</SimpleData>
	</SchemaData></ExtendedData>
      <Point><coordinates>100.916216,14.5273879</coordinates></Point>
  </Placemark>
  <Placemark>
	<name>ศาลาแดง</name>
	<name>station</name>
	<description>Sala Daeng</description>
	<ExtendedData><SchemaData schemaUrl="#hotosm_tha_railways_points_kml">
		<SimpleData name="addr:city">ศาลาแดง</SimpleData>
		<SimpleData name="source">451697335</SimpleData>
		<SimpleData name="name:th">nodes</SimpleData>
	</SchemaData></ExtendedData>
      <Point><coordinates>100.5343416,13.7285677</coordinates></Point>
  </Placemark>
  <Placemark>
	<name>ตลาดพลู</name>
	<name>station</name>
	<description>Talat Phlu</description>
	<ExtendedData><SchemaData schemaUrl="#hotosm_tha_railways_points_kml">
		<SimpleData name="addr:city">ตลาดพลู</SimpleData>
		<SimpleData name="source">340133002</SimpleData>
		<SimpleData name="name:th">nodes</SimpleData>
	</SchemaData></ExtendedData>
      <Point><coordinates>100.4766912,13.7142201</coordinates></Point>
  </Placemark>
  <Placemark>
	<name>เตาปูน</name>
	<name>station</name>
	<description>Tao Poon</description>
	<ExtendedData><SchemaData schemaUrl="#hotosm_tha_railways_points_kml">
		<SimpleData name="addr:city">เตาปูน</SimpleData>
		<SimpleData name="source">7769639098</SimpleData>
		<SimpleData name="name:th">nodes</SimpleData>
	</SchemaData></ExtendedData>
      <Point><coordinates>100.5307752,13.8061627</coordinates></Point>
  </Placemark>
  <Placemark>
	<name>สำโรง</name>
	<name>station</name>
	<description>Samrong</description>
	<ExtendedData><SchemaData schemaUrl="#hotosm_tha_railways_points_kml">
		<SimpleData name="addr:city">สำโรง</SimpleData>
		<SimpleData name="source">5391659126</SimpleData>
		<SimpleData name="name:th">nodes</SimpleData>
	</SchemaData></ExtendedData>
      <Point><coordinates>100.5957857,13.6464875</coordinates></Point>
  </Placemark>
  <Placemark>
	<name>คูคต</name>
	<name>station</name>
	<description>Khu Khot</description>
	<ExtendedData><SchemaData schemaUrl="#hotosm_tha_railways_points_kml">
		<SimpleData name="addr:city">คูคต</SimpleData>
		<SimpleData name="source">8214007176</SimpleData>
		<SimpleData name="name:th">nodes</SimpleData>
	</SchemaData></ExtendedData>
      <Point><coordinates>100.6465227,13.9323658</coordinates></Point>
  </Placemark>
  <Placemark>
	<name>บางซ่อน</name>
	<name>station</name>
	<description>Bang Son</description>
	<ExtendedData><SchemaData schemaUrl="#hotosm_tha_railways_points_kml">
		<SimpleData name="addr:city">บางซ่อน</SimpleData>
		<SimpleData name="source">5222817656</SimpleData>
		<SimpleData name="name:th">nodes</SimpleData>
	</SchemaData></ExtendedData>
      <Point><coordinates>100.5324581,13.820081</coordinates></Point>
  </Placemark>
  <Placemark>
	<name>บางซ่อน</name>
	<name>station</name>
	<description>Bang Son</description>
	<ExtendedData><SchemaData schemaUrl="#hotosm_tha_railways_points_kml">
		<SimpleData name="addr:city">บางซ่อน</SimpleData>
		<SimpleData name="source">8990382534</SimpleData>
		<SimpleData name="name:th">nodes</SimpleData>
	</SchemaData></ExtendedData>
      <Point><coordinates>100.534213,13.8221332</coordinates></Point>
  </Placemark>
  <Placemark>
	<name>อาคารผู้โดยสารหลัก</name>
	<name>station</name>
	<ExtendedData><SchemaData schemaUrl="#hotosm_tha_railways_points_kml">
		<SimpleData name="addr:city">อาคารผู้โดยสารหลัก</SimpleData>
		<SimpleData name="source">13373875189</SimpleData>
		<SimpleData name="name:th">nodes</SimpleData>
	</SchemaData></ExtendedData>
      <Point><coordinates>100.7504793,13.6914254</coordinates></Point>
  </Placemark>
  <Placemark>
	<name>วงศ์สว่าง</name>
	<name>station</name>
	<description>Wong Sawang</description>
	<ExtendedData><SchemaData schemaUrl="#hotosm_tha_railways_points_kml">
		<SimpleData name="addr:city">วงศ์สว่าง</SimpleData>
		<SimpleData name="source">5222817655</SimpleData>
		<SimpleData name="name:th">nodes</SimpleData>
	</SchemaData></ExtendedData>
      <Point><coordinates>100.526496,13.8298636</coordinates></Point>
  </Placemark>
  <Placemark>
	<name>แยกติวานนท์</name>
	<name>station</name>
	<description>Yaek Tiwanon</description>
	<ExtendedData><SchemaData schemaUrl="#hotosm_tha_railways_points_kml">
		<SimpleData name="addr:city">แยกติวานนท์</SimpleData>
		<SimpleData name="source">5222817654</SimpleData>
		<SimpleData name="name:th">nodes</SimpleData>
	</SchemaData></ExtendedData>
      <Point><coordinates>100.5149681,13.8395295</coordinates></Point>
  </Placemark>
  <Placemark>
	<name>คลองบางไผ่</name>
	<name>station</name>
	<description>Khlong Bang Phai</description>
	<ExtendedData><SchemaData schemaUrl="#hotosm_tha_railways_points_kml">
		<SimpleData name="addr:city">คลองบางไผ่</SimpleData>
		<SimpleData name="source">5222843674</SimpleData>
		<SimpleData name="name:th">nodes</SimpleData>
	</SchemaData></ExtendedData>
      <Point><coordinates>100.4082161,13.8924338</coordinates></Point>
  </Placemark>
  <Placemark>
	<name>สนามไชย</name>
	<name>station</name>
	<description>Sanam Chai</description>
	<ExtendedData><SchemaData schemaUrl="#hotosm_tha_railways_points_kml">
		<SimpleData name="addr:city">สนามไชย</SimpleData>
		<SimpleData name="source">12803915077</SimpleData>
		<SimpleData name="name:th">nodes</SimpleData>
	</SchemaData></ExtendedData>
      <Point><coordinates>100.4946239,13.7443259</coordinates></Point>
  </Placemark>
  <Placemark>
	<name>กรมทหารราบที่ 11</name>
	<name>station</name>
	<description>11th Infantry Regiment</description>
	<ExtendedData><SchemaData schemaUrl="#hotosm_tha_railways_points_kml">
		<SimpleData name="addr:city">กรมทหารราบที่ 11</SimpleData>
		<SimpleData name="source">6681609024</SimpleData>
		<SimpleData name="name:th">nodes</SimpleData>
	</SchemaData></ExtendedData>
      <Point><coordinates>100.5919727,13.8675784</coordinates></Point>
  </Placemark>
  <Placemark>
	<name>กระทรวงสาธารณสุข</name>
	<name>station</name>
	<description>Ministry of Public Health</description>
	<ExtendedData><SchemaData schemaUrl="#hotosm_tha_railways_points_kml">
		<SimpleData name="addr:city">กระทรวงสาธารณสุข</SimpleData>
		<SimpleData name="source">5222843685</SimpleData>
		<SimpleData name="name:th">nodes</SimpleData>
	</SchemaData></ExtendedData>
      <Point><coordinates>100.5147152,13.8485312</coordinates></Point>
  </Placemark>
  <Placemark>
	<name>แม่กลอง</name>
	<name>station</name>
	<description>Mae Klong</description>
	<ExtendedData><SchemaData schemaUrl="#hotosm_tha_railways_points_kml">
		<SimpleData name="addr:city">แม่กลอง</SimpleData>
		<SimpleData name="source">1085870067</SimpleData>
		<SimpleData name="name:th">nodes</SimpleData>
	</SchemaData></ExtendedData>
      <Point><coordinates>99.9984292,13.4074854</coordinates></Point>
  </Placemark>
  <Placemark>
	<name>ชุมทางบ้านภาชี</name>
	<name>station</name>
	<description>Ban Phachi Junction</description>
	<ExtendedData><SchemaData schemaUrl="#hotosm_tha_railways_points_kml">
		<SimpleData name="addr:full">GPS</SimpleData>
		<SimpleData name="addr:city">ชุมทางบ้านภาชี</SimpleData>
		<SimpleData name="source">2068459353</SimpleData>
		<SimpleData name="name:th">nodes</SimpleData>
	</SchemaData></ExtendedData>
      <Point><coordinates>100.7207717,14.4505571</coordinates></Point>
  </Placemark>
  <Placemark>
	<name>ศรีลาซาล</name>
	<name>station</name>
	<description>Si La Salle</description>
	<ExtendedData><SchemaData schemaUrl="#hotosm_tha_railways_points_kml">
		<SimpleData name="addr:city">ศรีลาซาล</SimpleData>
		<SimpleData name="source">10830450762</SimpleData>
		<SimpleData name="name:th">nodes</SimpleData>
	</SchemaData></ExtendedData>
      <Point><coordinates>100.6421608,13.6549747</coordinates></Point>
  </Placemark>
  <Placemark>
	<name>ศรีเอี่ยม</name>
	<name>station</name>
	<description>Si Iam</description>
	<ExtendedData><SchemaData schemaUrl="#hotosm_tha_railways_points_kml">
		<SimpleData name="addr:city">ศรีเอี่ยม</SimpleData>
		<SimpleData name="source">10830450763</SimpleData>
		<SimpleData name="name:th">nodes</SimpleData>
	</SchemaData></ExtendedData>
      <Point><coordinates>100.6450683,13.6676858</coordinates></Point>
  </Placemark>
  <Placemark>
	<name>ผาเสด็จ</name>
	<name>station</name>
	<description>Pha Sadet</description>
	<ExtendedData><SchemaData schemaUrl="#hotosm_tha_railways_points_kml">
		<SimpleData name="addr:full">GPS</SimpleData>
		<SimpleData name="addr:city">ผาเสด็จ</SimpleData>
		<SimpleData name="source">237461310</SimpleData>
		<SimpleData name="name:th">nodes</SimpleData>
	</SchemaData></ExtendedData>
      <Point><coordinates>101.1006416,14.6445175</coordinates></Point>
  </Placemark>
  <Placemark>
	<name>อาคารเทียบเครื่องบินรองหลังที่ 1</name>
	<name>station</name>
	<description>Midfield Satellite Concourse 1</description>
	<ExtendedData><SchemaData schemaUrl="#hotosm_tha_railways_points_kml">
		<SimpleData name="addr:city">อาคารเทียบเครื่องบินรองหลังที่ 1</SimpleData>
		<SimpleData name="source">13373875190</SimpleData>
		<SimpleData name="name:th">nodes</SimpleData>
	</SchemaData></ExtendedData>
      <Point><coordinates>100.7482188,13.6824933</coordinates></Point>
  </Placemark>
  <Placemark>
	<name>ศรีนครินทร์ 38</name>
	<name>station</name>
	<description>Srinagarindra 38</description>
	<ExtendedData><SchemaData schemaUrl="#hotosm_tha_railways_points_kml">
		<SimpleData name="addr:city">ศรีนครินทร์ 38</SimpleData>
		<SimpleData name="source">10867419321</SimpleData>
		<SimpleData name="name:th">nodes</SimpleData>
	</SchemaData></ExtendedData>
      <Point><coordinates>100.6464727,13.7011219</coordinates></Point>
  </Placemark>
  <Placemark>
	<name>หัวหมาก</name>
	<name>station</name>
	<description>Hua Mak</description>
	<ExtendedData><SchemaData schemaUrl="#hotosm_tha_railways_points_kml">
		<SimpleData name="addr:city">หัวหมาก</SimpleData>
		<SimpleData name="source">10867419324</SimpleData>
		<SimpleData name="name:th">nodes</SimpleData>
	</SchemaData></ExtendedData>
      <Point><coordinates>100.6411384,13.7361482</coordinates></Point>
  </Placemark>
  <Placemark>
	<name>บ้านม้า</name>
	<name>station</name>
	<description>Ban Ma</description>
	<ExtendedData><SchemaData schemaUrl="#hotosm_tha_railways_points_kml">
		<SimpleData name="source">2068459290</SimpleData>
		<SimpleData name="name:th">nodes</SimpleData>
	</SchemaData></ExtendedData>
      <Point><coordinates>100.597101,14.3841019</coordinates></Point>
  </Placemark>
  <Placemark>
	<name>โนนสูง</name>
	<name>station</name>
	<description>Non Sung</description>
	<ExtendedData><SchemaData schemaUrl="#hotosm_tha_railways_points_kml">
		<SimpleData name="source">4919461487</SimpleData>
		<SimpleData name="name:th">nodes</SimpleData>
	</SchemaData></ExtendedData>
      <Point><coordinates>102.2481227,15.1768901</coordinates></Point>
  </Placemark>
  <Placemark>
	<name>หนองแมว</name>
	<name>station</name>
	<description>Nong Maeo</description>
	<ExtendedData><SchemaData schemaUrl="#hotosm_tha_railways_points_kml">
		<SimpleData name="source">4919461939</SimpleData>
		<SimpleData name="name:th">nodes</SimpleData>
	</SchemaData></ExtendedData>
      <Point><coordinates>102.2163301,15.1408111</coordinates></Point>
  </Placemark>
  <Placemark>
	<name>บ้านโพ</name>
	<name>station</name>
	<description>Ban Pho</description>
	<ExtendedData><SchemaData schemaUrl="#hotosm_tha_railways_points_kml">
		<SimpleData name="addr:full">GPS</SimpleData>
		<SimpleData name="addr:city">บ้านโพ</SimpleData>
		<SimpleData name="source">257155688</SimpleData>
		<SimpleData name="name:th">nodes</SimpleData>
	</SchemaData></ExtendedData>
      <Point><coordinates>100.5886751,14.2821511</coordinates></Point>
  </Placemark>
  <Placemark>
	<name>บางปะอิน</name>
	<name>station</name>
	<description>Bang Pa-in</description>
	<ExtendedData><SchemaData schemaUrl="#hotosm_tha_railways_points_kml">
		<SimpleData name="addr:city">บางปะอิน</SimpleData>
		<SimpleData name="source">259723388</SimpleData>
		<SimpleData name="name:th">nodes</SimpleData>
	</SchemaData></ExtendedData>
      <Point><coordinates>100.5845885,14.2393509</coordinates></Point>
  </Placemark>
  <Placemark>
	<name>เชียงราก</name>
	<name>station</name>
	<description>Chiang Rak</description>
	<ExtendedData><SchemaData schemaUrl="#hotosm_tha_railways_points_kml">
		<SimpleData name="addr:city">เชียงราก</SimpleData>
		<SimpleData name="source">259723391</SimpleData>
		<SimpleData name="name:th">nodes</SimpleData>
	</SchemaData></ExtendedData>
      <Point><coordinates>100.5923849,14.055337</coordinates></Point>
  </Placemark>
  <Placemark>
	<name>ชุมทางถนนจิระ</name>
	<name>station</name>
	<description>Thanon Chira Junction</description>
	<ExtendedData><SchemaData schemaUrl="#hotosm_tha_railways_points_kml">
		<SimpleData name="addr:city">ชุมทางถนนจิระ</SimpleData>
		<SimpleData name="source">11809204381</SimpleData>
		<SimpleData name="name:th">nodes</SimpleData>
	</SchemaData></ExtendedData>
      <Point><coordinates>102.1018736,14.9678193</coordinates></Point>
  </Placemark>
  <Placemark>
	<name>บ้านเกาะ</name>
	<name>station</name>
	<description>Ban Ko</description>
	<ExtendedData><SchemaData schemaUrl="#hotosm_tha_railways_points_kml">
		<SimpleData name="addr:city">บ้านเกาะ</SimpleData>
		<SimpleData name="source">5864456980</SimpleData>
		<SimpleData name="name:th">nodes</SimpleData>
	</SchemaData></ExtendedData>
      <Point><coordinates>102.1385153,15.004304</coordinates></Point>
  </Placemark>
  <Placemark>
	<name>จันทึก</name>
	<name>station</name>
	<description>Chanthuek</description>
	<ExtendedData><SchemaData schemaUrl="#hotosm_tha_railways_points_kml">
		<SimpleData name="source">8280963302</SimpleData>
		<SimpleData name="name:th">nodes</SimpleData>
	</SchemaData></ExtendedData>
      <Point><coordinates>101.493403,14.8144387</coordinates></Point>
  </Placemark>
  <Placemark>
	<name>คลองขนานจิตร</name>
	<name>station</name>
	<description>Khlong Khanan Chit</description>
	<ExtendedData><SchemaData schemaUrl="#hotosm_tha_railways_points_kml">
		<SimpleData name="source">8280963303</SimpleData>
		<SimpleData name="name:th">nodes</SimpleData>
	</SchemaData></ExtendedData>
      <Point><coordinates>101.5443176,14.8425312</coordinates></Point>
  </Placemark>
  <Placemark>
	<name>คลองบางตาล</name>
	<name>station</name>
	<description>Khlong Bang Tan</description>
	<ExtendedData><SchemaData schemaUrl="#hotosm_tha_railways_points_kml">
		<SimpleData name="source">6474570596</SimpleData>
		<SimpleData name="name:th">nodes</SimpleData>
	</SchemaData></ExtendedData>
      <Point><coordinates>99.958662,13.8212395</coordinates></Point>
  </Placemark>
  <Placemark>
	<name>โพรงมะเดื่อ</name>
	<name>station</name>
	<description>Prong Maduea</description>
	<ExtendedData><SchemaData schemaUrl="#hotosm_tha_railways_points_kml">
		<SimpleData name="addr:city">โพรงมะเดื่อ</SimpleData>
		<SimpleData name="source">3906021069</SimpleData>
		<SimpleData name="name:th">nodes</SimpleData>
	</SchemaData></ExtendedData>
      <Point><coordinates>99.992481,13.8222782</coordinates></Point>
  </Placemark>
  <Placemark>
	<name>station</name>
	<ExtendedData><SchemaData schemaUrl="#hotosm_tha_railways_points_kml">
		<SimpleData name="source">13447234588</SimpleData>
		<SimpleData name="name:th">nodes</SimpleData>
	</SchemaData></ExtendedData>
      <Point><coordinates>102.2902081,12.0179215</coordinates></Point>
  </Placemark>
  <Placemark>
	<name>Funicular Station 4</name>
	<name>station</name>
	<ExtendedData><SchemaData schemaUrl="#hotosm_tha_railways_points_kml">
		<SimpleData name="source">13447234589</SimpleData>
		<SimpleData name="name:th">nodes</SimpleData>
	</SchemaData></ExtendedData>
      <Point><coordinates>102.2918158,12.0170061</coordinates></Point>
  </Placemark>
  <Placemark>
	<name>ศูนย์ราชการนนทบุรี</name>
	<name>station</name>
	<description>Nonthaburi Civic Center</description>
	<ExtendedData><SchemaData schemaUrl="#hotosm_tha_railways_points_kml">
		<SimpleData name="source">5222843684</SimpleData>
		<SimpleData name="name:th">nodes</SimpleData>
	</SchemaData></ExtendedData>
      <Point><coordinates>100.5130671,13.8601736</coordinates></Point>
  </Placemark>
  <Placemark>
	<name>อุบลราชธานี</name>
	<name>station</name>
	<description>Ubon Ratchathani</description>
	<ExtendedData><SchemaData schemaUrl="#hotosm_tha_railways_points_kml">
		<SimpleData name="addr:city">อุบลราชธานี</SimpleData>
		<SimpleData name="source">324255698</SimpleData>
		<SimpleData name="name:th">nodes</SimpleData>
	</SchemaData></ExtendedData>
      <Point><coordinates>104.8585546,15.2006718</coordinates></Point>
  </Placemark>
  <Placemark>
	<name>อุทุมพรพิสัย</name>
	<name>station</name>
	<description>Uthumphon Phisai</description>
	<ExtendedData><SchemaData schemaUrl="#hotosm_tha_railways_points_kml">
		<SimpleData name="source">1821195610</SimpleData>
		<SimpleData name="name:th">nodes</SimpleData>
	</SchemaData></ExtendedData>
      <Point><coordinates>104.1404286,15.1059962</coordinates></Point>
  </Placemark>
  <Placemark>
	<name>ห้วยราช</name>
	<name>station</name>
	<description>Huai Rat</description>
	<ExtendedData><SchemaData schemaUrl="#hotosm_tha_railways_points_kml">
		<SimpleData name="source">1831765444</SimpleData>
		<SimpleData name="name:th">nodes</SimpleData>
	</SchemaData></ExtendedData>
      <Point><coordinates>103.1900031,14.9727432</coordinates></Point>
  </Placemark>
  <Placemark>
	<name>บ้านคล้อ</name>
	<name>station</name>
	<description>Ban Khlo</description>
	<ExtendedData><SchemaData schemaUrl="#hotosm_tha_railways_points_kml">
		<SimpleData name="addr:full">Bing</SimpleData>
		<SimpleData name="source">2136529156</SimpleData>
		<SimpleData name="name:th">nodes</SimpleData>
	</SchemaData></ExtendedData>
      <Point><coordinates>104.5042048,15.1071517</coordinates></Point>
  </Placemark>
  <Placemark>
	<name>บุรีรัมย์</name>
	<name>station</name>
	<description>Buri Ram</description>
	<ExtendedData><SchemaData schemaUrl="#hotosm_tha_railways_points_kml">
		<SimpleData name="source">2389968745</SimpleData>
		<SimpleData name="name:th">nodes</SimpleData>
	</SchemaData></ExtendedData>
      <Point><coordinates>103.1079377,15.0033141</coordinates></Point>
  </Placemark>
  <Placemark>
	<name>สำโรงทาบ</name>
	<name>station</name>
	<description>Samrong Thap</description>
	<ExtendedData><SchemaData schemaUrl="#hotosm_tha_railways_points_kml">
		<SimpleData name="source">3107810705</SimpleData>
		<SimpleData name="name:th">nodes</SimpleData>
	</SchemaData></ExtendedData>
      <Point><coordinates>103.9405674,15.0209222</coordinates></Point>
  </Placemark>
  <Placemark>
	<name>ศีขรภูมิ</name>
	<name>station</name>
	<description>Sikhoraphum</description>
	<ExtendedData><SchemaData schemaUrl="#hotosm_tha_railways_points_kml">
		<SimpleData name="source">3107819171</SimpleData>
		<SimpleData name="name:th">nodes</SimpleData>
	</SchemaData></ExtendedData>
      <Point><coordinates>103.7863978,14.9452046</coordinates></Point>
  </Placemark>
  <Placemark>
	<name>สุรินทร์</name>
	<name>station</name>
	<description>Surin</description>
	<ExtendedData><SchemaData schemaUrl="#hotosm_tha_railways_points_kml">
		<SimpleData name="source">3107829713</SimpleData>
		<SimpleData name="name:th">nodes</SimpleData>
	</SchemaData></ExtendedData>
      <Point><coordinates>103.4939967,14.8915918</coordinates></Point>
  </Placemark>
  <Placemark>
	<name>ท่าช้าง</name>
	<name>station</name>
	<description>Tha Chang</description>
	<ExtendedData><SchemaData schemaUrl="#hotosm_tha_railways_points_kml">
		<SimpleData name="source">3455595495</SimpleData>
		<SimpleData name="name:th">nodes</SimpleData>
	</SchemaData></ExtendedData>
      <Point><coordinates>102.2743934,15.0019142</coordinates></Point>
  </Placemark>
  <Placemark>
	<name>บ้านหินโคน</name>
	<name>station</name>
	<description>Ban Hin Khon</description>
	<ExtendedData><SchemaData schemaUrl="#hotosm_tha_railways_points_kml">
		<SimpleData name="source">3457432249</SimpleData>
		<SimpleData name="name:th">nodes</SimpleData>
	</SchemaData></ExtendedData>
      <Point><coordinates>102.499074,15.0036407</coordinates></Point>
  </Placemark>
  <Placemark>
	<name>กระสัง</name>
	<name>station</name>
	<description>Krasang</description>
	<ExtendedData><SchemaData schemaUrl="#hotosm_tha_railways_points_kml">
		<SimpleData name="source">4739057021</SimpleData>
		<SimpleData name="name:th">nodes</SimpleData>
	</SchemaData></ExtendedData>
      <Point><coordinates>103.3026903,14.9269209</coordinates></Point>
  </Placemark>
  <Placemark>
	<name>ลำปลายมาศ</name>
	<name>station</name>
	<description>Lam Plai Mat</description>
	<ExtendedData><SchemaData schemaUrl="#hotosm_tha_railways_points_kml">
		<SimpleData name="source">5243054220</SimpleData>
		<SimpleData name="name:th">nodes</SimpleData>
	</SchemaData></ExtendedData>
      <Point><coordinates>102.8297065,15.02451</coordinates></Point>
  </Placemark>
  <Placemark>
	<name>หนองเต็ง</name>
	<name>station</name>
	<description>Nong Teng</description>
	<ExtendedData><SchemaData schemaUrl="#hotosm_tha_railways_points_kml">
		<SimpleData name="source">5243250020</SimpleData>
		<SimpleData name="name:th">nodes</SimpleData>
	</SchemaData></ExtendedData>
      <Point><coordinates>103.3630781,14.9088171</coordinates></Point>
  </Placemark>
  <Placemark>
	<name>ทะเมนชัย</name>
	<name>station</name>
	<description>Thamenchai</description>
	<ExtendedData><SchemaData schemaUrl="#hotosm_tha_railways_points_kml">
		<SimpleData name="source">5838574785</SimpleData>
		<SimpleData name="name:th">nodes</SimpleData>
	</SchemaData></ExtendedData>
      <Point><coordinates>102.9139059,15.0305257</coordinates></Point>
  </Placemark>
  <Placemark>
	<name>ห้วยแถลง</name>
	<name>station</name>
	<description>Huai Thalaeng</description>
	<ExtendedData><SchemaData schemaUrl="#hotosm_tha_railways_points_kml">
		<SimpleData name="source">6328479385</SimpleData>
		<SimpleData name="name:th">nodes</SimpleData>
	</SchemaData></ExtendedData>
      <Point><coordinates>102.6467614,14.9993907</coordinates></Point>
  </Placemark>
  <Placemark>
	<name>บ้านพะเนา</name>
	<name>station</name>
	<description>Ban Phanao</description>
	<ExtendedData><SchemaData schemaUrl="#hotosm_tha_railways_points_kml">
		<SimpleData name="source">8859210768</SimpleData>
		<SimpleData name="name:th">nodes</SimpleData>
	</SchemaData></ExtendedData>
      <Point><coordinates>102.1929714,14.9858888</coordinates></Point>
  </Placemark>
  <Placemark>
	<name>หนองมโนรมย์</name>
	<name>station</name>
	<description>Nong Manorom</description>
	<ExtendedData><SchemaData schemaUrl="#hotosm_tha_railways_points_kml">
		<SimpleData name="source">8859340201</SimpleData>
		<SimpleData name="name:th">nodes</SimpleData>
	</SchemaData></ExtendedData>
      <Point><coordinates>102.3467351,15.0131562</coordinates></Point>
  </Placemark>
  <Placemark>
	<name>หินดาษ</name>
	<name>station</name>
	<description>Hin Dat</description>
	<ExtendedData><SchemaData schemaUrl="#hotosm_tha_railways_points_kml">
		<SimpleData name="source">8859375025</SimpleData>
		<SimpleData name="name:th">nodes</SimpleData>
	</SchemaData></ExtendedData>
      <Point><coordinates>102.5656695,15.0028698</coordinates></Point>
  </Placemark>
  <Placemark>
	<name>หนองกระทิง</name>
	<name>station</name>
	<description>Nong Krathing</description>
	<ExtendedData><SchemaData schemaUrl="#hotosm_tha_railways_points_kml">
		<SimpleData name="source">8859462340</SimpleData>
		<SimpleData name="name:th">nodes</SimpleData>
	</SchemaData></ExtendedData>
      <Point><coordinates>102.7559092,15.0058898</coordinates></Point>
  </Placemark>
  <Placemark>
	<name>จักราช</name>
	<name>station</name>
	<description>Chakkarat</description>
	<ExtendedData><SchemaData schemaUrl="#hotosm_tha_railways_points_kml">
		<SimpleData name="source">8860689807</SimpleData>
		<SimpleData name="name:th">nodes</SimpleData>
	</SchemaData></ExtendedData>
      <Point><coordinates>102.4104258,15.0127766</coordinates></Point>
  </Placemark>
  <Placemark>
	<name>บ้านแสลงพัน</name>
	<name>station</name>
	<description>Ban Salaeng Phan</description>
	<ExtendedData><SchemaData schemaUrl="#hotosm_tha_railways_points_kml">
		<SimpleData name="source">8860790672</SimpleData>
		<SimpleData name="name:th">nodes</SimpleData>
	</SchemaData></ExtendedData>
      <Point><coordinates>102.9919894,15.0268075</coordinates></Point>
  </Placemark>
  <Placemark>
	<name>บ้านหนองตาด</name>
	<name>station</name>
	<description>Ban Nong Tat</description>
	<ExtendedData><SchemaData schemaUrl="#hotosm_tha_railways_points_kml">
		<SimpleData name="source">8860858574</SimpleData>
		<SimpleData name="name:th">nodes</SimpleData>
	</SchemaData></ExtendedData>
      <Point><coordinates>103.0211625,15.0208755</coordinates></Point>
  </Placemark>
  <Placemark>
	<name>กันทรารมย์</name>
	<name>station</name>
	<description>Kanthararom</description>
	<ExtendedData><SchemaData schemaUrl="#hotosm_tha_railways_points_kml">
		<SimpleData name="source">8862216704</SimpleData>
		<SimpleData name="name:th">nodes</SimpleData>
	</SchemaData></ExtendedData>
      <Point><coordinates>104.5783401,15.1072927</coordinates></Point>
  </Placemark>
  <Placemark>
	<name>บุ่งหวาย</name>
	<name>station</name>
	<description>Bung Wai</description>
	<ExtendedData><SchemaData schemaUrl="#hotosm_tha_railways_points_kml">
		<SimpleData name="source">8862249279</SimpleData>
		<SimpleData name="name:th">nodes</SimpleData>
	</SchemaData></ExtendedData>
      <Point><coordinates>104.7895869,15.1561825</coordinates></Point>
  </Placemark>
  <Placemark>
	<name>ห้วยขยุง</name>
	<name>station</name>
	<description>Huai Khayung</description>
	<ExtendedData><SchemaData schemaUrl="#hotosm_tha_railways_points_kml">
		<SimpleData name="source">8862249299</SimpleData>
		<SimpleData name="name:th">nodes</SimpleData>
	</SchemaData></ExtendedData>
      <Point><coordinates>104.6881416,15.1098032</coordinates></Point>
  </Placemark>
  <Placemark>
	<name>หนองแวง</name>
	<name>station</name>
	<description>Nong Waeng</description>
	<ExtendedData><SchemaData schemaUrl="#hotosm_tha_railways_points_kml">
		<SimpleData name="source">8862266307</SimpleData>
		<SimpleData name="name:th">nodes</SimpleData>
	</SchemaData></ExtendedData>
      <Point><coordinates>104.4391457,15.1070248</coordinates></Point>
  </Placemark>
  <Placemark>
	<name>ห้วยทับทัน</name>
	<name>station</name>
	<description>Huai Thap Than</description>
	<ExtendedData><SchemaData schemaUrl="#hotosm_tha_railways_points_kml">
		<SimpleData name="source">8862474536</SimpleData>
		<SimpleData name="name:th">nodes</SimpleData>
	</SchemaData></ExtendedData>
      <Point><coordinates>104.0300528,15.0590847</coordinates></Point>
  </Placemark>
  <Placemark>
	<name>กะโดนค้อ</name>
	<name>station</name>
	<description>Kadon Kho</description>
	<ExtendedData><SchemaData schemaUrl="#hotosm_tha_railways_points_kml">
		<SimpleData name="source">8862585256</SimpleData>
		<SimpleData name="name:th">nodes</SimpleData>
	</SchemaData></ExtendedData>
      <Point><coordinates>103.7269244,14.9219156</coordinates></Point>
  </Placemark>
  <Placemark>
	<name>บุฤๅษี</name>
	<name>station</name>
	<description>Bu Ruesi</description>
	<ExtendedData><SchemaData schemaUrl="#hotosm_tha_railways_points_kml">
		<SimpleData name="source">8862648561</SimpleData>
		<SimpleData name="name:th">nodes</SimpleData>
	</SchemaData></ExtendedData>
      <Point><coordinates>103.5763229,14.8899487</coordinates></Point>
  </Placemark>
  <Placemark>
	<name>ลำชี</name>
	<name>station</name>
	<description>Lam Chi</description>
	<ExtendedData><SchemaData schemaUrl="#hotosm_tha_railways_points_kml">
		<SimpleData name="source">8862699589</SimpleData>
		<SimpleData name="name:th">nodes</SimpleData>
	</SchemaData></ExtendedData>
      <Point><coordinates>103.4228262,14.8998501</coordinates></Point>
  </Placemark>
  <Placemark>
	<name>เมืองที</name>
	<name>station</name>
	<description>Mueang Thi</description>
	<ExtendedData><SchemaData schemaUrl="#hotosm_tha_railways_points_kml">
		<SimpleData name="source">8866451699</SimpleData>
		<SimpleData name="name:th">nodes</SimpleData>
	</SchemaData></ExtendedData>
      <Point><coordinates>103.6550328,14.8937362</coordinates></Point>
  </Placemark>
  <Placemark>
	<name>บ้านกะลัน</name>
	<name>station</name>
	<description>Ban Kalan</description>
	<ExtendedData><SchemaData schemaUrl="#hotosm_tha_railways_points_kml">
		<SimpleData name="source">8926918785</SimpleData>
		<SimpleData name="name:th">nodes</SimpleData>
	</SchemaData></ExtendedData>
      <Point><coordinates>103.8533067,14.9737514</coordinates></Point>
  </Placemark>
  <Placemark>
	<name>บ้านเนียม</name>
	<name>station</name>
	<description>Ban Niam</description>
	<ExtendedData><SchemaData schemaUrl="#hotosm_tha_railways_points_kml">
		<SimpleData name="source">8926971224</SimpleData>
		<SimpleData name="name:th">nodes</SimpleData>
	</SchemaData></ExtendedData>
      <Point><coordinates>104.2246212,15.1259574</coordinates></Point>
  </Placemark>
  <Placemark>
	<name>ชุมทางฉะเชิงเทรา</name>
	<name>station</name>
	<description>Chachoengsao Junction</description>
	<ExtendedData><SchemaData schemaUrl="#hotosm_tha_railways_points_kml">
		<SimpleData name="addr:city">ชุมทางฉะเชิงเทรา</SimpleData>
		<SimpleData name="source">13279861391</SimpleData>
		<SimpleData name="name:th">nodes</SimpleData>
	</SchemaData></ExtendedData>
      <Point><coordinates>101.0590886,13.6953962</coordinates></Point>
  </Placemark>
  <Placemark>
	<name>โยทะกา</name>
	<name>station</name>
	<description>Yothaka</description>
	<ExtendedData><SchemaData schemaUrl="#hotosm_tha_railways_points_kml">
		<SimpleData name="source">475004895</SimpleData>
		<SimpleData name="name:th">nodes</SimpleData>
	</SchemaData></ExtendedData>
      <Point><coordinates>101.1495678,13.9708151</coordinates></Point>
  </Placemark>
  <Placemark>
	<name>กบินทร์บุรี</name>
	<name>station</name>
	<description>Kabin Buri</description>
	<ExtendedData><SchemaData schemaUrl="#hotosm_tha_railways_points_kml">
		<SimpleData name="source">3034006266</SimpleData>
		<SimpleData name="name:th">nodes</SimpleData>
	</SchemaData></ExtendedData>
      <Point><coordinates>101.7226862,13.9895143</coordinates></Point>
  </Placemark>
  <Placemark>
	<name>หนองโดน</name>
	<name>station</name>
	<description>Nong Don</description>
	<ExtendedData><SchemaData schemaUrl="#hotosm_tha_railways_points_kml">
		<SimpleData name="addr:city">หนองโดน</SimpleData>
		<SimpleData name="source">259723384</SimpleData>
		<SimpleData name="name:th">nodes</SimpleData>
	</SchemaData></ExtendedData>
      <Point><coordinates>100.7062069,14.6834114</coordinates></Point>
  </Placemark>
  <Placemark>
	<name>บ้านหมอ</name>
	<name>station</name>
	<description>Ban Mo</description>
	<ExtendedData><SchemaData schemaUrl="#hotosm_tha_railways_points_kml">
		<SimpleData name="addr:city">บ้านหมอ</SimpleData>
		<SimpleData name="source">259723385</SimpleData>
		<SimpleData name="name:th">nodes</SimpleData>
	</SchemaData></ExtendedData>
      <Point><coordinates>100.7264164,14.6166606</coordinates></Point>
  </Placemark>
  <Placemark>
	<name>ท่าเรือ</name>
	<name>station</name>
	<description>Tha Rua</description>
	<ExtendedData><SchemaData schemaUrl="#hotosm_tha_railways_points_kml">
		<SimpleData name="addr:city">ท่าเรือ</SimpleData>
		<SimpleData name="source">259723386</SimpleData>
		<SimpleData name="name:th">nodes</SimpleData>
	</SchemaData></ExtendedData>
      <Point><coordinates>100.7243967,14.5624355</coordinates></Point>
  </Placemark>
  <Placemark>
	<name>หนองวิวัฒน์</name>
	<name>station</name>
	<description>Nong Wiwat</description>
	<ExtendedData><SchemaData schemaUrl="#hotosm_tha_railways_points_kml">
		<SimpleData name="addr:city">หนองวิวัฒน์</SimpleData>
		<SimpleData name="source">259723387</SimpleData>
		<SimpleData name="name:th">nodes</SimpleData>
	</SchemaData></ExtendedData>
      <Point><coordinates>100.7271563,14.5056014</coordinates></Point>
  </Placemark>
  <Placemark>
	<name>ชุมทางแก่งคอย</name>
	<name>station</name>
	<description>Kaeng Khoi Junction</description>
	<ExtendedData><SchemaData schemaUrl="#hotosm_tha_railways_points_kml">
		<SimpleData name="addr:full">GPS</SimpleData>
		<SimpleData name="addr:city">ชุมทางแก่งคอย</SimpleData>
		<SimpleData name="source">3442502719</SimpleData>
		<SimpleData name="name:th">nodes</SimpleData>
	</SchemaData></ExtendedData>
      <Point><coordinates>101.0053349,14.5874804</coordinates></Point>
  </Placemark>
  <Placemark>
	<name>บ้านป๊อกแป๊ก</name>
	<name>station</name>
	<description>Ban Pok Paek</description>
	<ExtendedData><SchemaData schemaUrl="#hotosm_tha_railways_points_kml">
		<SimpleData name="source">5632696630</SimpleData>
		<SimpleData name="name:th">nodes</SimpleData>
	</SchemaData></ExtendedData>
      <Point><coordinates>100.8642978,14.522363</coordinates></Point>
  </Placemark>
  <Placemark>
	<name>หนองสีดา</name>
	<name>station</name>
	<description>Nong Sida</description>
	<ExtendedData><SchemaData schemaUrl="#hotosm_tha_railways_points_kml">
		<SimpleData name="source">7018466486</SimpleData>
		<SimpleData name="name:th">nodes</SimpleData>
	</SchemaData></ExtendedData>
      <Point><coordinates>100.8247547,14.5161305</coordinates></Point>
  </Placemark>
  <Placemark>
	<name>หนองกวย</name>
	<name>station</name>
	<description>Nong Kuai</description>
	<ExtendedData><SchemaData schemaUrl="#hotosm_tha_railways_points_kml">
		<SimpleData name="source">7018483885</SimpleData>
		<SimpleData name="name:th">nodes</SimpleData>
	</SchemaData></ExtendedData>
      <Point><coordinates>100.7572108,14.4737413</coordinates></Point>
  </Placemark>
  <Placemark>
	<name>ชุมทางบ้านไผ่นาบุญ</name>
	<name>station</name>
	<description>Ban Phai Na Bun Junction</description>
	<ExtendedData><SchemaData schemaUrl="#hotosm_tha_railways_points_kml">
		<SimpleData name="addr:city">ชุมทางบ้านไผ่นาบุญ</SimpleData>
		<SimpleData name="source">7309249212</SimpleData>
		<SimpleData name="name:th">nodes</SimpleData>
	</SchemaData></ExtendedData>
      <Point><coordinates>100.9830144,14.5487424</coordinates></Point>
  </Placemark>
  <Placemark>
	<name>ชุมทางหนองบัว</name>
	<name>station</name>
	<description>Nong Bua Junction</description>
	<ExtendedData><SchemaData schemaUrl="#hotosm_tha_railways_points_kml">
		<SimpleData name="source">7896595825</SimpleData>
		<SimpleData name="name:th">nodes</SimpleData>
	</SchemaData></ExtendedData>
      <Point><coordinates>100.9627994,14.5557708</coordinates></Point>
  </Placemark>
  <Placemark>
	<name>บุใหญ่</name>
	<name>station</name>
	<description>Bu Yai</description>
	<ExtendedData><SchemaData schemaUrl="#hotosm_tha_railways_points_kml">
		<SimpleData name="source">7896595826</SimpleData>
		<SimpleData name="name:th">nodes</SimpleData>
	</SchemaData></ExtendedData>
      <Point><coordinates>101.0062401,14.4282723</coordinates></Point>
  </Placemark>
  <Placemark>
	<name>โคกมะกอก</name>
	<name>station</name>
	<description>Khok Makok</description>
	<ExtendedData><SchemaData schemaUrl="#hotosm_tha_railways_points_kml">
		<SimpleData name="source">3436696049</SimpleData>
		<SimpleData name="name:th">nodes</SimpleData>
	</SchemaData></ExtendedData>
      <Point><coordinates>101.4579158,14.0649298</coordinates></Point>
  </Placemark>
  <Placemark>
	<name>บ้านใหม่สำโรง</name>
	<name>station</name>
	<description>Ban Mai Samrong</description>
	<ExtendedData><SchemaData schemaUrl="#hotosm_tha_railways_points_kml">
		<SimpleData name="addr:full">GPS</SimpleData>
		<SimpleData name="addr:city">บ้านใหม่สำโรง</SimpleData>
		<SimpleData name="source">357994216</SimpleData>
		<SimpleData name="name:th">nodes</SimpleData>
	</SchemaData></ExtendedData>
      <Point><coordinates>101.6437321,14.868326</coordinates></Point>
  </Placemark>
  <Placemark>
	<name>ปากช่อง</name>
	<name>station</name>
	<description>Pak Chong</description>
	<ExtendedData><SchemaData schemaUrl="#hotosm_tha_railways_points_kml">
		<SimpleData name="addr:full">GPS;sign</SimpleData>
		<SimpleData name="addr:city">ปากช่อง</SimpleData>
		<SimpleData name="source">506475301</SimpleData>
		<SimpleData name="name:th">nodes</SimpleData>
	</SchemaData></ExtendedData>
      <Point><coordinates>101.4105911,14.7050481</coordinates></Point>
  </Placemark>
  <Placemark>
	<name>นครราชสีมา</name>
	<name>station</name>
	<description>Nakhon Ratchasima</description>
	<ExtendedData><SchemaData schemaUrl="#hotosm_tha_railways_points_kml">
		<SimpleData name="addr:city">นครราชสีมา</SimpleData>
		<SimpleData name="source">1384419468</SimpleData>
		<SimpleData name="name:th">nodes</SimpleData>
	</SchemaData></ExtendedData>
      <Point><coordinates>102.0788985,14.9722695</coordinates></Point>
  </Placemark>
  <Placemark>
	<name>หนองน้ำขุ่น</name>
	<name>station</name>
	<description>Nong Nam Khun</description>
	<ExtendedData><SchemaData schemaUrl="#hotosm_tha_railways_points_kml">
		<SimpleData name="source">8844014387</SimpleData>
		<SimpleData name="name:th">nodes</SimpleData>
	</SchemaData></ExtendedData>
      <Point><coordinates>101.6717591,14.8818589</coordinates></Point>
  </Placemark>
  <Placemark>
	<name>บ้านสร้าง</name>
	<name>station</name>
	<description>Ban Sang</description>
	<ExtendedData><SchemaData schemaUrl="#hotosm_tha_railways_points_kml">
		<SimpleData name="source">3436733210</SimpleData>
		<SimpleData name="name:th">nodes</SimpleData>
	</SchemaData></ExtendedData>
      <Point><coordinates>101.2028807,14.0151534</coordinates></Point>
  </Placemark>
  <Placemark>
	<name>ประจันตคาม</name>
	<name>station</name>
	<description>Prachantakham</description>
	<ExtendedData><SchemaData schemaUrl="#hotosm_tha_railways_points_kml">
		<SimpleData name="source">5819053337</SimpleData>
		<SimpleData name="name:th">nodes</SimpleData>
	</SchemaData></ExtendedData>
      <Point><coordinates>101.5186627,14.0631483</coordinates></Point>
  </Placemark>
  <Placemark>
	<name>บ้านปากพลี</name>
	<name>station</name>
	<description>Ban Pak Phli</description>
	<ExtendedData><SchemaData schemaUrl="#hotosm_tha_railways_points_kml">
		<SimpleData name="source">8792351366</SimpleData>
		<SimpleData name="name:th">nodes</SimpleData>
	</SchemaData></ExtendedData>
      <Point><coordinates>101.3153331,14.0741571</coordinates></Point>
  </Placemark>
  <Placemark>
	<name>บ้านดงบัง</name>
	<name>station</name>
	<description>Ban Dong Bang</description>
	<ExtendedData><SchemaData schemaUrl="#hotosm_tha_railways_points_kml">
		<SimpleData name="source">8818037793</SimpleData>
		<SimpleData name="name:th">nodes</SimpleData>
	</SchemaData></ExtendedData>
      <Point><coordinates>101.5988489,14.0404999</coordinates></Point>
  </Placemark>
  <Placemark>
	<name>หนองสัง</name>
	<name>station</name>
	<description>Nong Sang</description>
	<ExtendedData><SchemaData schemaUrl="#hotosm_tha_railways_points_kml">
		<SimpleData name="source">8829874926</SimpleData>
		<SimpleData name="name:th">nodes</SimpleData>
	</SchemaData></ExtendedData>
      <Point><coordinates>101.8253445,13.9807677</coordinates></Point>
  </Placemark>
  <Placemark>
	<name>ปราจีนบุรี</name>
	<name>station</name>
	<description>Prachin Buri</description>
	<ExtendedData><SchemaData schemaUrl="#hotosm_tha_railways_points_kml">
		<SimpleData name="source">12161630661</SimpleData>
		<SimpleData name="name:th">nodes</SimpleData>
	</SchemaData></ExtendedData>
      <Point><coordinates>101.3736795,14.0709368</coordinates></Point>
  </Placemark>
  <Placemark>
	<name>บางน้ำเปรี้ยว</name>
	<name>station</name>
	<description>Bang Nam Priao</description>
	<ExtendedData><SchemaData schemaUrl="#hotosm_tha_railways_points_kml">
		<SimpleData name="source">9218260609</SimpleData>
		<SimpleData name="name:th">nodes</SimpleData>
	</SchemaData></ExtendedData>
      <Point><coordinates>101.1019996,13.8500565</coordinates></Point>
  </Placemark>
  <Placemark>
	<name>ปางอโศก</name>
	<name>station</name>
	<description>Pang Asok</description>
	<ExtendedData><SchemaData schemaUrl="#hotosm_tha_railways_points_kml">
		<SimpleData name="addr:full">GPS</SimpleData>
		<SimpleData name="addr:city">ปางอโศก</SimpleData>
		<SimpleData name="source">257164308</SimpleData>
		<SimpleData name="name:th">nodes</SimpleData>
	</SchemaData></ExtendedData>
      <Point><coordinates>101.2999403,14.6534984</coordinates></Point>
  </Placemark>
  <Placemark>
	<name>ภูเขาลาด</name>
	<name>station</name>
	<description>Phukhao Lat</description>
	<ExtendedData><SchemaData schemaUrl="#hotosm_tha_railways_points_kml">
		<SimpleData name="addr:full">GPS</SimpleData>
		<SimpleData name="addr:city">ภูเขาลาด</SimpleData>
		<SimpleData name="source">357992316</SimpleData>
		<SimpleData name="name:th">nodes</SimpleData>
	</SchemaData></ExtendedData>
      <Point><coordinates>102.0237132,14.9561351</coordinates></Point>
  </Placemark>
  <Placemark>
	<name>โคกกรวด</name>
	<name>station</name>
	<description>Khok Kruat</description>
	<ExtendedData><SchemaData schemaUrl="#hotosm_tha_railways_points_kml">
		<SimpleData name="addr:full">GPS</SimpleData>
		<SimpleData name="addr:city">โคกกรวด</SimpleData>
		<SimpleData name="source">357993406</SimpleData>
		<SimpleData name="name:th">nodes</SimpleData>
	</SchemaData></ExtendedData>
      <Point><coordinates>101.9588749,14.9311964</coordinates></Point>
  </Placemark>
  <Placemark>
	<name>กุดจิก</name>
	<name>station</name>
	<description>Kut Chik</description>
	<ExtendedData><SchemaData schemaUrl="#hotosm_tha_railways_points_kml">
		<SimpleData name="addr:full">GPS</SimpleData>
		<SimpleData name="addr:city">กุดจิก</SimpleData>
		<SimpleData name="source">357993873</SimpleData>
		<SimpleData name="name:th">nodes</SimpleData>
	</SchemaData></ExtendedData>
      <Point><coordinates>101.8822018,14.905555</coordinates></Point>
  </Placemark>
  <Placemark>
	<name>สูงเนิน</name>
	<name>station</name>
	<description>Sung Noen</description>
	<ExtendedData><SchemaData schemaUrl="#hotosm_tha_railways_points_kml">
		<SimpleData name="addr:full">GPS</SimpleData>
		<SimpleData name="addr:city">สูงเนิน</SimpleData>
		<SimpleData name="source">357993955</SimpleData>
		<SimpleData name="name:th">nodes</SimpleData>
	</SchemaData></ExtendedData>
      <Point><coordinates>101.8147138,14.8999202</coordinates></Point>
  </Placemark>
  <Placemark>
	<name>สีคิ้ว</name>
	<name>station</name>
	<description>Sikhio</description>
	<ExtendedData><SchemaData schemaUrl="#hotosm_tha_railways_points_kml">
		<SimpleData name="addr:full">GPS;sign</SimpleData>
		<SimpleData name="addr:city">สีคิ้ว</SimpleData>
		<SimpleData name="source">357994059</SimpleData>
		<SimpleData name="name:th">nodes</SimpleData>
	</SchemaData></ExtendedData>
      <Point><coordinates>101.7213478,14.8931154</coordinates></Point>
  </Placemark>
  <Placemark>
	<name>คลองไผ่</name>
	<name>station</name>
	<description>Khlong Phai</description>
	<ExtendedData><SchemaData schemaUrl="#hotosm_tha_railways_points_kml">
		<SimpleData name="addr:full">GPS</SimpleData>
		<SimpleData name="addr:city">คลองไผ่</SimpleData>
		<SimpleData name="source">357994207</SimpleData>
		<SimpleData name="name:th">nodes</SimpleData>
	</SchemaData></ExtendedData>
      <Point><coordinates>101.5710511,14.8742742</coordinates></Point>
  </Placemark>
  <Placemark>
	<name>ซับม่วง</name>
	<name>station</name>
	<description>Sap Muang</description>
	<ExtendedData><SchemaData schemaUrl="#hotosm_tha_railways_points_kml">
		<SimpleData name="source">6328466890</SimpleData>
		<SimpleData name="name:th">nodes</SimpleData>
	</SchemaData></ExtendedData>
      <Point><coordinates>101.4555114,14.7617422</coordinates></Point>
  </Placemark>
  <Placemark>
	<name>กลางดง</name>
	<name>station</name>
	<description>Klang Dong</description>
	<ExtendedData><SchemaData schemaUrl="#hotosm_tha_railways_points_kml">
		<SimpleData name="source">8280904879</SimpleData>
		<SimpleData name="name:th">nodes</SimpleData>
	</SchemaData></ExtendedData>
      <Point><coordinates>101.25232,14.6479174</coordinates></Point>
  </Placemark>
  <Placemark>
	<name>ลาดบัวขาว</name>
	<name>station</name>
	<description>Lat Bua Khao</description>
	<ExtendedData><SchemaData schemaUrl="#hotosm_tha_railways_points_kml">
		<SimpleData name="source">8843999591</SimpleData>
		<SimpleData name="name:th">nodes</SimpleData>
	</SchemaData></ExtendedData>
      <Point><coordinates>101.5961409,14.8613312</coordinates></Point>
  </Placemark>
  <Placemark>
	<name>บ้านแก้ง</name>
	<name>station</name>
	<description>Ban Kaeng</description>
	<ExtendedData><SchemaData schemaUrl="#hotosm_tha_railways_points_kml">
		<SimpleData name="source">5157438015</SimpleData>
		<SimpleData name="name:th">nodes</SimpleData>
	</SchemaData></ExtendedData>
      <Point><coordinates>101.9690793,13.9172199</coordinates></Point>
  </Placemark>
  <Placemark>
	<name>ปาดังเบซาร์ (ไทย)</name>
	<name>station</name>
	<description>Padang Besar (Thai)</description>
	<ExtendedData><SchemaData schemaUrl="#hotosm_tha_railways_points_kml">
		<SimpleData name="addr:city">ปาดังเบซาร์ (ไทย)</SimpleData>
		<SimpleData name="source">8258975420</SimpleData>
		<SimpleData name="name:th">nodes</SimpleData>
	</SchemaData></ExtendedData>
      <Point><coordinates>100.324497,6.6688351</coordinates></Point>
  </Placemark>
  <Placemark>
	<name>บ้านกลับ</name>
	<name>station</name>
	<description>Ban Klap</description>
	<ExtendedData><SchemaData schemaUrl="#hotosm_tha_railways_points_kml">
		<SimpleData name="addr:city">บ้านกลับ</SimpleData>
		<SimpleData name="source">259723383</SimpleData>
		<SimpleData name="name:th">nodes</SimpleData>
	</SchemaData></ExtendedData>
      <Point><coordinates>100.6783748,14.7207202</coordinates></Point>
  </Placemark>
  <Placemark>
	<name>มาบพระจันทร์</name>
	<name>station</name>
	<description>Map Phra Chan</description>
	<ExtendedData><SchemaData schemaUrl="#hotosm_tha_railways_points_kml">
		<SimpleData name="addr:city">มาบพระจันทร์</SimpleData>
		<SimpleData name="source">2068459292</SimpleData>
		<SimpleData name="name:th">nodes</SimpleData>
	</SchemaData></ExtendedData>
      <Point><coordinates>100.6320805,14.4022844</coordinates></Point>
  </Placemark>
  <Placemark>
	<name>ชุมทางบางซื่อ</name>
	<name>station</name>
	<description>Bang Sue Junction</description>
	<ExtendedData><SchemaData schemaUrl="#hotosm_tha_railways_points_kml">
		<SimpleData name="addr:full">GPS;sign</SimpleData>
		<SimpleData name="addr:city">ชุมทางบางซื่อ</SimpleData>
		<SimpleData name="source">1724588735</SimpleData>
		<SimpleData name="name:th">nodes</SimpleData>
	</SchemaData></ExtendedData>
      <Point><coordinates>100.5399615,13.8041416</coordinates></Point>
  </Placemark>
  <Placemark>
	<name>วัฒนานคร</name>
	<name>station</name>
	<description>Watthana Nakhon</description>
	<ExtendedData><SchemaData schemaUrl="#hotosm_tha_railways_points_kml">
		<SimpleData name="source">5157438014</SimpleData>
		<SimpleData name="name:th">nodes</SimpleData>
	</SchemaData></ExtendedData>
      <Point><coordinates>102.3231926,13.7412648</coordinates></Point>
  </Placemark>
  <Placemark>
	<name>ลาดกระบัง</name>
	<name>station</name>
	<description>Lat Krabang</description>
	<ExtendedData><SchemaData schemaUrl="#hotosm_tha_railways_points_kml">
		<SimpleData name="addr:city">ลาดกระบัง</SimpleData>
		<SimpleData name="source">1726307666</SimpleData>
		<SimpleData name="name:th">nodes</SimpleData>
	</SchemaData></ExtendedData>
      <Point><coordinates>100.7485537,13.7275084</coordinates></Point>
  </Placemark>
  <Placemark>
	<name>สุพรรณบุรี</name>
	<name>station</name>
	<description>Suphan Buri</description>
	<ExtendedData><SchemaData schemaUrl="#hotosm_tha_railways_points_kml">
		<SimpleData name="addr:full">survey</SimpleData>
		<SimpleData name="source">946476017</SimpleData>
		<SimpleData name="name:th">nodes</SimpleData>
	</SchemaData></ExtendedData>
      <Point><coordinates>100.0950009,14.465631</coordinates></Point>
  </Placemark>
  <Placemark>
	<name>สุขุมวิท</name>
	<name>station</name>
	<description>Sukhumvit</description>
	<ExtendedData><SchemaData schemaUrl="#hotosm_tha_railways_points_kml">
		<SimpleData name="addr:city">สุขุมวิท</SimpleData>
		<SimpleData name="source">5391691787</SimpleData>
		<SimpleData name="name:th">nodes</SimpleData>
	</SchemaData></ExtendedData>
      <Point><coordinates>100.5613401,13.7373948</coordinates></Point>
  </Placemark>
  <Placemark>
	<name>มักกะสัน</name>
	<name>station</name>
	<description>Makkasan</description>
	<ExtendedData><SchemaData schemaUrl="#hotosm_tha_railways_points_kml">
		<SimpleData name="addr:city">มักกะสัน</SimpleData>
		<SimpleData name="source">6711023184</SimpleData>
		<SimpleData name="name:th">nodes</SimpleData>
	</SchemaData></ExtendedData>
      <Point><coordinates>100.5611427,13.7509089</coordinates></Point>
  </Placemark>
  <Placemark>
	<name>บ้านพลูตาหลวง</name>
	<name>station</name>
	<description>Ban Phlu Ta Luang</description>
	<ExtendedData><SchemaData schemaUrl="#hotosm_tha_railways_points_kml">
		<SimpleData name="layer">ตำบลพลูตาหลวง อำเภอสัตหีบ</SimpleData>
		<SimpleData name="source">6813416103</SimpleData>
		<SimpleData name="name:th">nodes</SimpleData>
	</SchemaData></ExtendedData>
      <Point><coordinates>100.9722522,12.7045627</coordinates></Point>
  </Placemark>
  <Placemark>
	<name>ชุมทางเขาชีจรรย์</name>
	<name>station</name>
	<description>Khao Chi Chan Junction</description>
	<ExtendedData><SchemaData schemaUrl="#hotosm_tha_railways_points_kml">
		<SimpleData name="layer">ตำบลบางเสร่ อำเภอสัตหีบ</SimpleData>
		<SimpleData name="addr:city">ชุมทางเขาชีจรรย์</SimpleData>
		<SimpleData name="source">6814271828</SimpleData>
		<SimpleData name="name:th">nodes</SimpleData>
	</SchemaData></ExtendedData>
      <Point><coordinates>100.9545837,12.7336884</coordinates></Point>
  </Placemark>
  <Placemark>
	<name>จุกเสม็ด</name>
	<name>station</name>
	<description>Chuk Samet</description>
	<ExtendedData><SchemaData schemaUrl="#hotosm_tha_railways_points_kml">
		<SimpleData name="addr:city">จุกเสม็ด</SimpleData>
		<SimpleData name="source">9218260608</SimpleData>
		<SimpleData name="name:th">nodes</SimpleData>
	</SchemaData></ExtendedData>
      <Point><coordinates>100.9216077,12.6247647</coordinates></Point>
  </Placemark>
  <Placemark>
	<name>รามคำแหง</name>
	<name>station</name>
	<description>Ramkhamhaeng</description>
	<ExtendedData><SchemaData schemaUrl="#hotosm_tha_railways_points_kml">
		<SimpleData name="addr:full">Ramkhamkhaeng</SimpleData>
		<SimpleData name="addr:city">รามคำแหง</SimpleData>
		<SimpleData name="source">6711009224</SimpleData>
		<SimpleData name="name:th">nodes</SimpleData>
	</SchemaData></ExtendedData>
      <Point><coordinates>100.6001541,13.7429933</coordinates></Point>
  </Placemark>
  <Placemark>
	<name>ชุมทางบัวใหญ่</name>
	<name>station</name>
	<description>Bua Yai Junction</description>
	<ExtendedData><SchemaData schemaUrl="#hotosm_tha_railways_points_kml">
		<SimpleData name="addr:full">GPS;sign</SimpleData>
		<SimpleData name="addr:city">ชุมทางบัวใหญ่</SimpleData>
		<SimpleData name="source">9218290525</SimpleData>
		<SimpleData name="name:th">nodes</SimpleData>
	</SchemaData></ExtendedData>
      <Point><coordinates>102.4285161,15.5875062</coordinates></Point>
  </Placemark>
  <Placemark>
	<name>แม่น้ำ</name>
	<name>station</name>
	<description>Mae Nam</description>
	<ExtendedData><SchemaData schemaUrl="#hotosm_tha_railways_points_kml">
		<SimpleData name="addr:city">แม่น้ำ</SimpleData>
		<SimpleData name="source">1692810681</SimpleData>
		<SimpleData name="name:th">nodes</SimpleData>
	</SchemaData></ExtendedData>
      <Point><coordinates>100.5538607,13.7139129</coordinates></Point>
  </Placemark>
  <Placemark>
	<name>จิตรลดา</name>
	<name>station</name>
	<description>Chitlada</description>
	<ExtendedData><SchemaData schemaUrl="#hotosm_tha_railways_points_kml">
		<SimpleData name="addr:city">จิตรลดา</SimpleData>
		<SimpleData name="source">259723396</SimpleData>
		<SimpleData name="name:th">nodes</SimpleData>
	</SchemaData></ExtendedData>
      <Point><coordinates>100.5247073,13.7665394</coordinates></Point>
  </Placemark>
  <Placemark>
	<name>ชุมทางคลองสิบเก้า</name>
	<name>station</name>
	<description>Khlong Sip Kao Junction</description>
	<ExtendedData><SchemaData schemaUrl="#hotosm_tha_railways_points_kml">
		<SimpleData name="addr:city">ชุมทางคลองสิบเก้า</SimpleData>
		<SimpleData name="source">9218260610</SimpleData>
		<SimpleData name="name:th">nodes</SimpleData>
	</SchemaData></ExtendedData>
      <Point><coordinates>101.1138118,13.9072212</coordinates></Point>
  </Placemark>
  <Placemark>
	<name>มวกเหล็ก</name>
	<name>station</name>
	<description>Muak Lek</description>
	<ExtendedData><SchemaData schemaUrl="#hotosm_tha_railways_points_kml">
		<SimpleData name="addr:full">GPS;sign</SimpleData>
		<SimpleData name="addr:city">มวกเหล็ก</SimpleData>
		<SimpleData name="source">11808393633</SimpleData>
		<SimpleData name="name:th">nodes</SimpleData>
	</SchemaData></ExtendedData>
      <Point><coordinates>101.1994149,14.6512518</coordinates></Point>
  </Placemark>
  <Placemark>
	<name>ด่านพรมแดนบ้านคลองลึก</name>
	<name>station</name>
	<description>Ban Klong Luk Border</description>
	<ExtendedData><SchemaData schemaUrl="#hotosm_tha_railways_points_kml">
		<SimpleData name="addr:city">ด่านพรมแดนบ้านคลองลึก</SimpleData>
		<SimpleData name="source">7472379054</SimpleData>
		<SimpleData name="name:th">nodes</SimpleData>
	</SchemaData></ExtendedData>
      <Point><coordinates>102.5484453,13.662873</coordinates></Point>
  </Placemark>
  <Placemark>
	<name>ชุมทางศรีราชา</name>
	<name>station</name>
	<description>Si Racha Junction</description>
	<ExtendedData><SchemaData schemaUrl="#hotosm_tha_railways_points_kml">
		<SimpleData name="addr:city">ชุมทางศรีราชา</SimpleData>
		<SimpleData name="source">3397729425</SimpleData>
		<SimpleData name="name:th">nodes</SimpleData>
	</SchemaData></ExtendedData>
      <Point><coordinates>100.9459405,13.1561998</coordinates></Point>
  </Placemark>
  <Placemark>
	<name>บางพลัด</name>
	<name>station</name>
	<description>Bang Phlat</description>
	<ExtendedData><SchemaData schemaUrl="#hotosm_tha_railways_points_kml">
		<SimpleData name="addr:city">บางพลัด</SimpleData>
		<SimpleData name="source">3801037852</SimpleData>
		<SimpleData name="name:th">nodes</SimpleData>
	</SchemaData></ExtendedData>
      <Point><coordinates>100.5048882,13.7924113</coordinates></Point>
  </Placemark>
  <Placemark>
	<name>Funicular Station 2</name>
	<name>station</name>
	<ExtendedData><SchemaData schemaUrl="#hotosm_tha_railways_points_kml">
		<SimpleData name="source">13447234591</SimpleData>
		<SimpleData name="name:th">nodes</SimpleData>
	</SchemaData></ExtendedData>
      <Point><coordinates>102.2906613,12.0176634</coordinates></Point>
  </Placemark>
  <Placemark>
	<name>Funicular Station 3</name>
	<name>station</name>
	<ExtendedData><SchemaData schemaUrl="#hotosm_tha_railways_points_kml">
		<SimpleData name="source">13447234592</SimpleData>
		<SimpleData name="name:th">nodes</SimpleData>
	</SchemaData></ExtendedData>
      <Point><coordinates>102.2912178,12.0173466</coordinates></Point>
  </Placemark>
  <Placemark>
	<name>ศาลายา</name>
	<name>station</name>
	<description>Sala Ya</description>
	<ExtendedData><SchemaData schemaUrl="#hotosm_tha_railways_points_kml">
		<SimpleData name="addr:city">ศาลายา</SimpleData>
		<SimpleData name="source">249644272</SimpleData>
		<SimpleData name="name:th">nodes</SimpleData>
	</SchemaData></ExtendedData>
      <Point><coordinates>100.3243619,13.8024806</coordinates></Point>
  </Placemark>
  <Placemark>
	<name>ต้นสำโรง</name>
	<name>station</name>
	<description>Ton Samrong</description>
	<ExtendedData><SchemaData schemaUrl="#hotosm_tha_railways_points_kml">
		<SimpleData name="addr:city">ต้นสำโรง</SimpleData>
		<SimpleData name="source">1201599831</SimpleData>
		<SimpleData name="name:th">nodes</SimpleData>
	</SchemaData></ExtendedData>
      <Point><coordinates>100.091305,13.8255586</coordinates></Point>
  </Placemark>
  <Placemark>
	<name>ศาลาธรรมสพน์</name>
	<name>station</name>
	<description>Sala Thammasop</description>
	<ExtendedData><SchemaData schemaUrl="#hotosm_tha_railways_points_kml">
		<SimpleData name="source">2122824255</SimpleData>
		<SimpleData name="name:th">nodes</SimpleData>
	</SchemaData></ExtendedData>
      <Point><coordinates>100.3707398,13.8008757</coordinates></Point>
  </Placemark>
  <Placemark>
	<name>ท่าแฉลบ</name>
	<name>station</name>
	<description>Tha Chalaep</description>
	<ExtendedData><SchemaData schemaUrl="#hotosm_tha_railways_points_kml">
		<SimpleData name="source">3144976437</SimpleData>
		<SimpleData name="name:th">nodes</SimpleData>
	</SchemaData></ExtendedData>
      <Point><coordinates>100.1317513,13.8122395</coordinates></Point>
  </Placemark>
  <Placemark>
	<name>นครชัยศรี</name>
	<name>station</name>
	<description>Nakhon Chai Si</description>
	<ExtendedData><SchemaData schemaUrl="#hotosm_tha_railways_points_kml">
		<SimpleData name="source">3144976438</SimpleData>
		<SimpleData name="name:th">nodes</SimpleData>
	</SchemaData></ExtendedData>
      <Point><coordinates>100.176047,13.8061763</coordinates></Point>
  </Placemark>
  <Placemark>
	<name>วัดงิ้วราย</name>
	<name>station</name>
	<description>Wat Ngio Rai</description>
	<ExtendedData><SchemaData schemaUrl="#hotosm_tha_railways_points_kml">
		<SimpleData name="source">3144976439</SimpleData>
		<SimpleData name="name:th">nodes</SimpleData>
	</SchemaData></ExtendedData>
      <Point><coordinates>100.2160471,13.8079539</coordinates></Point>
  </Placemark>
  <Placemark>
	<name>วัดสุวรรณ</name>
	<name>station</name>
	<description>Wat Suwan</description>
	<ExtendedData><SchemaData schemaUrl="#hotosm_tha_railways_points_kml">
		<SimpleData name="source">3144976440</SimpleData>
		<SimpleData name="name:th">nodes</SimpleData>
	</SchemaData></ExtendedData>
      <Point><coordinates>100.2834246,13.8056747</coordinates></Point>
  </Placemark>
  <Placemark>
	<name>ธนบุรี</name>
	<name>station</name>
	<description>Thonburi</description>
	<ExtendedData><SchemaData schemaUrl="#hotosm_tha_railways_points_kml">
		<SimpleData name="addr:city">ธนบุรี</SimpleData>
		<SimpleData name="source">7769630267</SimpleData>
		<SimpleData name="name:th">nodes</SimpleData>
	</SchemaData></ExtendedData>
      <Point><coordinates>100.4787465,13.7605974</coordinates></Point>
  </Placemark>
  <Placemark>
	<name>วัดสิงห์</name>
	<name>station</name>
	<description>Wat Sing</description>
	<ExtendedData><SchemaData schemaUrl="#hotosm_tha_railways_points_kml">
		<SimpleData name="addr:city">วัดสิงห์</SimpleData>
		<SimpleData name="source">674670289</SimpleData>
		<SimpleData name="name:th">nodes</SimpleData>
	</SchemaData></ExtendedData>
      <Point><coordinates>100.4476577,13.683249</coordinates></Point>
  </Placemark>
  <Placemark>
	<name>มหาชัย</name>
	<name>station</name>
	<description>Maha Chai</description>
	<ExtendedData><SchemaData schemaUrl="#hotosm_tha_railways_points_kml">
		<SimpleData name="addr:city">มหาชัย</SimpleData>
		<SimpleData name="source">674670262</SimpleData>
		<SimpleData name="name:th">nodes</SimpleData>
	</SchemaData></ExtendedData>
      <Point><coordinates>100.276623,13.5462511</coordinates></Point>
  </Placemark>
  <Placemark>
	<name>หัวหิน</name>
	<name>station</name>
	<description>Hua Hin</description>
	<ExtendedData><SchemaData schemaUrl="#hotosm_tha_railways_points_kml">
		<SimpleData name="addr:city">หัวหิน</SimpleData>
		<SimpleData name="source">2415640455</SimpleData>
		<SimpleData name="name:th">nodes</SimpleData>
	</SchemaData></ExtendedData>
      <Point><coordinates>99.9551707,12.5646241</coordinates></Point>
  </Placemark>
  <Placemark>
	<name>หัวหวาย</name>
	<name>station</name>
	<description>Hua Wai</description>
	<ExtendedData><SchemaData schemaUrl="#hotosm_tha_railways_points_kml">
		<SimpleData name="source">6342986693</SimpleData>
		<SimpleData name="name:th">nodes</SimpleData>
	</SchemaData></ExtendedData>
      <Point><coordinates>100.3127831,15.3492674</coordinates></Point>
  </Placemark>
  <Placemark>
	<name>บ้านโป่ง</name>
	<name>station</name>
	<description>Ban Pong</description>
	<ExtendedData><SchemaData schemaUrl="#hotosm_tha_railways_points_kml">
		<SimpleData name="addr:city">บ้านโป่ง</SimpleData>
		<SimpleData name="source">2041271680</SimpleData>
		<SimpleData name="name:th">nodes</SimpleData>
	</SchemaData></ExtendedData>
      <Point><coordinates>99.8751458,13.8097014</coordinates></Point>
  </Placemark>
  <Placemark>
	<name>ศรีสะเกษ</name>
	<name>station</name>
	<description>Si Sa Ket</description>
	<ExtendedData><SchemaData schemaUrl="#hotosm_tha_railways_points_kml">
		<SimpleData name="addr:city">ศรีสะเกษ</SimpleData>
		<SimpleData name="source">9218290523</SimpleData>
		<SimpleData name="name:th">nodes</SimpleData>
	</SchemaData></ExtendedData>
      <Point><coordinates>104.3273597,15.1163243</coordinates></Point>
  </Placemark>
  <Placemark>
	<name>กรุงเทพ</name>
	<name>station</name>
	<description>Bangkok</description>
	<ExtendedData><SchemaData schemaUrl="#hotosm_tha_railways_points_kml">
		<SimpleData name="layer">แขวงรองเมือง</SimpleData>
		<SimpleData name="addr:full">GPS;sign</SimpleData>
		<SimpleData name="addr:city">กรุงเทพ</SimpleData>
		<SimpleData name="source">7769630266</SimpleData>
		<SimpleData name="name:th">nodes</SimpleData>
	</SchemaData></ExtendedData>
      <Point><coordinates>100.5166499,13.7393113</coordinates></Point>
  </Placemark>
  <Placemark>
	<name>เชียงรากน้อย</name>
	<name>station</name>
	<description>Chiang Rak Noi</description>
	<ExtendedData><SchemaData schemaUrl="#hotosm_tha_railways_points_kml">
		<SimpleData name="addr:city">เชียงรากน้อย</SimpleData>
		<SimpleData name="source">259723390</SimpleData>
		<SimpleData name="name:th">nodes</SimpleData>
	</SchemaData></ExtendedData>
      <Point><coordinates>100.5820064,14.1313359</coordinates></Point>
  </Placemark>
</Folder>
</Document></kml>
