<?xml version="1.0" encoding="utf-8" ?>
<kml xmlns="http://www.opengis.net/kml/2.2">
<Document id="root_doc">
  <name>Thailand Railways - Complete Map</name>
  <description>SRT named routes (16 lines, red) with Lopburi Bypass merged into Chiang Mai, Kaeng Khoi chord added to Ban Khlong Luk Border, and Pha Sadet straightened in Ubon Ratchathani.</description>
  <Schema name="20260410railwaymapofthailand__lines" id="20260410railwaymapofthailand__lines">
	<SimpleField name="id" type="string"></SimpleField>
	<SimpleField name="timestamp" type="string"></SimpleField>
	<SimpleField name="begin" type="string"></SimpleField>
	<SimpleField name="end" type="string"></SimpleField>
	<SimpleField name="altitudeMode" type="string"></SimpleField>
	<SimpleField name="tessellate" type="int"></SimpleField>
	<SimpleField name="extrude" type="int"></SimpleField>
	<SimpleField name="visibility" type="int"></SimpleField>
	<SimpleField name="drawOrder" type="int"></SimpleField>
	<SimpleField name="icon" type="string"></SimpleField>
</Schema>
  <Folder>
    <name>Thailand Railways</name>
    <Placemark id="20260410railwaymapofthailand__lines.1">
	<name>Chiang Mai</name>
	<Style><LineStyle><color>ff0000ff</color></LineStyle><PolyStyle><fill>0</fill></PolyStyle></Style>
	<ExtendedData><SchemaData schemaUrl="#20260410railwaymapofthailand__lines">
		<SimpleData name="tessellate">1</SimpleData>
		<SimpleData name="extrude">0</SimpleData>
		<SimpleData name="visibility">-1</SimpleData>
	</SchemaData></ExtendedData>
      <LineString><tessellate>1</tessellate><coordinates>100.541605,13.803726 100.541678,13.803905 100.542607,13.806194 100.542983,13.806898 100.543487,13.808161 100.543879,13.808894 100.543554,13.808137 100.543178,13.807124 100.542953,13.806493 100.543254,13.807103 100.54358,13.80783 100.543675,13.808089 100.543841,13.808463 100.54401,13.808843 100.544499,13.810127 100.54468,13.810647 100.544847,13.811204 100.544913,13.811467 100.54509,13.812311 100.545437,13.814189 100.545609,13.815022 100.545746,13.815529 100.546118,13.816651 100.546238,13.817244 100.546321,13.817664 100.546483,13.818551 100.546613,13.819159 100.546662,13.8195 100.546734,13.82013 100.546816,13.820457 100.546899,13.820747 100.547243,13.821894 100.550294,13.827581 100.550565,13.828095 100.550848,13.828697 100.550971,13.828998 100.551954,13.830855 100.552253,13.831491 100.553194,13.833364 100.554724,13.83625 100.55547,13.837634 100.555764,13.838175 100.555917,13.838473 100.556187,13.838898 100.556248,13.839013 100.556369,13.839288 100.556733,13.840111 100.556881,13.840395 100.557514,13.841586 100.558057,13.842575 100.561688,13.849358 100.5627,13.8512 100.563633,13.852809 100.565413,13.856039 100.566542,13.858294 100.567546,13.860199 100.568787,13.862486 100.570343,13.865185 100.572284,13.86875 100.573515,13.871054 100.575257,13.874176 100.57604,13.87556 100.578665,13.880319 100.580522,13.883773 100.581952,13.886306 100.586208,13.89403 100.588889,13.898649 100.589522,13.899767 100.590645,13.90191 100.592115,13.90455 100.592705,13.905538 100.593564,13.906982 100.594848,13.909257 100.596136,13.91154 100.596952,13.913023 100.597882,13.914684 100.598667,13.916086 100.599555,13.917555 100.600674,13.919759 100.601353,13.920978 100.604132,13.925919 100.606954,13.930944 100.607294,13.93161 100.607481,13.932019 100.607669,13.932467 100.607848,13.932936 100.608089,13.933688 100.60822,13.934166 100.608317,13.934533 100.60838,13.934836 100.608433,13.935131 100.608533,13.935747 100.608567,13.936001 100.608642,13.936664 100.608661,13.936918 100.60868,13.937423 100.608685,13.938036 100.608661,13.938489 100.608619,13.938966 100.608263,13.94194 100.607623,13.947041 100.60746,13.948339 100.607442,13.948472 100.607076,13.950773 100.606306,13.956937 100.605685,13.96199 100.603854,13.976798 100.603416,13.980439 100.603367,13.980825 100.602648,13.986546 100.602571,13.987414 100.60254,13.987796 100.60237,13.989172 100.602092,13.991422 100.602031,13.99192 100.601744,13.994234 100.601539,13.995949 100.60128,13.997776 100.59983,14.009274 100.599825,14.009884 100.599773,14.010448 100.599156,14.015249 100.598753,14.018467 100.59873,14.018657 100.598352,14.021784 100.597555,14.028123 100.597396,14.029113 100.597327,14.029491 100.594566,14.043095 100.594055,14.045612 100.593854,14.046661 100.593793,14.046954 100.593237,14.049766 100.591896,14.058275 100.591445,14.061155 100.591357,14.061723 100.588592,14.079527 100.586942,14.090115 100.586224,14.096098 100.586206,14.096235 100.585223,14.104635 100.584139,14.113696 100.583635,14.117984 100.583335,14.120457 100.58309,14.122656 100.582486,14.127591 100.582372,14.128586 100.58235,14.128782 100.582264,14.129559 100.582215,14.1301 100.581896,14.132664 100.581719,14.134112 100.581577,14.135366 100.581406,14.136758 100.581329,14.137479 100.580861,14.141563 100.579235,14.155069 100.578105,14.164687 100.577125,14.172894 100.577093,14.173296 100.577076,14.173612 100.577076,14.173955 100.577085,14.174771 100.577133,14.175543 100.577223,14.176245 100.577713,14.180338 100.577742,14.180593 100.57777,14.180885 100.577842,14.181515 100.577934,14.1823 100.577971,14.18259 100.57808,14.183875 100.578347,14.185854 100.578907,14.19064 100.578951,14.19112 100.578981,14.192016 100.579333,14.194868 100.580374,14.203699 100.580655,14.206381 100.581266,14.21161 100.581394,14.212663 100.581925,14.217341 100.581946,14.217467 100.582722,14.223938 100.582762,14.224272 100.58297,14.226007 100.583061,14.226901 100.583905,14.233961 100.583943,14.23426 100.584145,14.23596 100.5842,14.236417 100.584391,14.237379 100.584497,14.238254 100.58495,14.242109 100.585189,14.244067 100.585267,14.244722 100.585273,14.245058 100.585293,14.245504 100.585325,14.245772 100.585423,14.246577 100.585793,14.249547 100.587125,14.260841 100.587369,14.262736 100.588327,14.270803 100.588564,14.27271 100.588668,14.27367 100.589067,14.276967 100.589118,14.277457 100.589147,14.278032 100.589137,14.278351 100.589116,14.278668 100.589083,14.279002 100.588906,14.280378 100.588843,14.280921 100.588104,14.28728 100.588091,14.288085 100.586471,14.301945 100.586451,14.302115 100.585,14.31458 100.584323,14.320332 100.582862,14.332992 100.582847,14.33364 100.582873,14.334286 100.582913,14.334745 100.582985,14.335202 100.584206,14.340744 100.584273,14.341052 100.584793,14.343412 100.58493,14.344002 100.585039,14.344609 100.585077,14.344849 100.585106,14.345025 100.585139,14.345534 100.585101,14.346497 100.58508,14.346663 100.58504,14.34697 100.584855,14.347698 100.584742,14.348125 100.5837,14.352227 100.583614,14.352661 100.583413,14.353692 100.583353,14.35464 100.583341,14.354948 100.583338,14.355158 100.583287,14.356402 100.583276,14.356611 100.583267,14.356791 100.583257,14.356962 100.583237,14.357347 100.583223,14.357764 100.583222,14.357794 100.583244,14.358209 100.583127,14.360723 100.58313,14.361536 100.583195,14.36214 100.583365,14.362908 100.583436,14.363132 100.583533,14.363439 100.583794,14.364067 100.58404,14.36459 100.584255,14.365178 100.584469,14.365651 100.585121,14.367053 100.587075,14.370804 100.587344,14.371395 100.587556,14.371969 100.587722,14.372507 100.587832,14.372954 100.588019,14.373871 100.588547,14.376313 100.588766,14.377021 100.589081,14.377807 100.589376,14.378369 100.589725,14.37893 100.590146,14.379492 100.590629,14.380028 100.591077,14.380466 100.591614,14.380936 100.59226,14.381413 100.592914,14.381812 100.593454,14.382108 100.594935,14.382888 100.59696,14.383931 100.597196,14.384049 100.597502,14.384208 100.598114,14.384526 100.602005,14.386557 100.602923,14.387036 100.603654,14.387505 100.603885,14.387626 100.604178,14.387779 100.604525,14.388003 100.612197,14.392 100.61441,14.393164 100.614486,14.393204 100.615033,14.393492 100.628743,14.400629 100.633614,14.403164 100.634043,14.403389 100.638181,14.405554 100.64465,14.408937 100.645575,14.409412 100.646088,14.409656 100.659993,14.415988 100.660082,14.416027 100.660323,14.416135 100.660374,14.416163 100.677703,14.42401 100.678615,14.424449 100.679056,14.424694 100.680861,14.425797 100.681455,14.426175 100.681817,14.426392 100.682248,14.426663 100.68379,14.427636 100.68418,14.427883 100.687177,14.429766 100.689343,14.431144 100.689825,14.431454 100.691072,14.432241 100.692947,14.433426 100.711376,14.444968 100.713691,14.446423 100.714317,14.446817 100.714455,14.446934 100.715036,14.447416 100.715404,14.447649 100.715843,14.447968 100.716441,14.448348 100.72175,14.451685 100.722328,14.452046 100.722762,14.452317 100.722816,14.452345 100.723657,14.452802 100.724035,14.453001 100.724511,14.453274 100.72499,14.453521 100.726178,14.454274 100.726391,14.454417 100.726607,14.454575 100.726989,14.454895 100.727278,14.45516 100.72751,14.45539 100.727781,14.455706 100.728018,14.456011 100.728206,14.456291 100.728406,14.456613 100.728597,14.456977 100.728742,14.457273 100.728859,14.457565 100.728998,14.458045 100.729069,14.458341 100.729146,14.458711 100.729192,14.459027 100.729213,14.459331 100.729226,14.459788 100.729204,14.46096 100.729177,14.461423 100.729011,14.464996 100.728822,14.469073 100.728821,14.469092 100.728819,14.469221 100.728818,14.469248 100.728342,14.479489 100.727392,14.500118 100.727274,14.502732 100.727172,14.504733 100.727147,14.505222 100.727133,14.5055 100.727106,14.506079 100.727084,14.506539 100.726881,14.510791 100.726719,14.51411 100.72667,14.514969 100.726652,14.515754 100.726628,14.516237 100.726568,14.517153 100.726519,14.518084 100.726483,14.51897 100.726455,14.51944 100.726416,14.520094 100.726381,14.520937 100.726297,14.522397 100.726059,14.527294 100.725958,14.529514 100.725957,14.529539 100.725938,14.529866 100.725935,14.529921 100.724804,14.553217 100.724576,14.557935 100.724531,14.558951 100.724427,14.561063 100.724408,14.561456 100.724407,14.561522 100.724327,14.563329 100.724314,14.563627 100.724274,14.565158 100.724296,14.566649 100.724301,14.566973 100.724368,14.56886 100.724478,14.570929 100.724926,14.581961 100.724928,14.582022 100.724945,14.582251 100.725156,14.587312 100.725735,14.602868 100.725969,14.607773 100.726142,14.611407 100.72621,14.612832 100.726233,14.613314 100.726249,14.614178 100.726331,14.615805 100.726335,14.615889 100.726415,14.617612 100.726432,14.617984 100.726566,14.620952 100.726603,14.621533 100.726615,14.621794 100.726716,14.624097 100.726875,14.627685 100.726884,14.627854 100.727034,14.631358 100.727078,14.63233 100.727073,14.632803 100.727055,14.633084 100.727019,14.633454 100.726972,14.633815 100.726876,14.634324 100.72675,14.634844 100.726677,14.635081 100.726432,14.635752 100.726091,14.63661 100.716661,14.658728 100.712944,14.667456 100.709188,14.676275 100.708421,14.678086 100.708302,14.678367 100.705568,14.684826 100.705007,14.686177 100.704789,14.686692 100.704721,14.686853 100.70465,14.687021 100.701631,14.694161 100.701251,14.694892 100.700838,14.695587 100.699985,14.696734 100.699523,14.697269 100.691805,14.705791 100.682278,14.716354 100.682167,14.716478 100.682016,14.716645 100.681603,14.717026 100.680368,14.718405 100.679819,14.719001 100.676808,14.722338 100.676518,14.72272 100.676224,14.723044 100.676151,14.723129 100.675551,14.723791 100.675412,14.723944 100.67479,14.724761 100.673417,14.725963 100.668816,14.731057 100.666908,14.733175 100.664903,14.73539 100.662339,14.738233 100.659863,14.740956 100.656817,14.744329 100.656017,14.745206 100.655682,14.74557 100.654393,14.746698 100.65315,14.747563 100.651999,14.74821 100.650736,14.748776 100.649585,14.749175 100.64824,14.749515 100.647237,14.749701 100.646325,14.749795 100.64437,14.749903 100.641941,14.750034 100.639927,14.750056 100.636104,14.75027 100.632952,14.7504 100.622436,14.750955 100.621897,14.751009 100.621356,14.751095 100.620904,14.751186 100.620458,14.751308 100.620035,14.751432 100.615317,14.752925 100.606611,14.755656 100.594486,14.759452 100.58769,14.761567 100.585244,14.762344 100.584191,14.762691 100.583077,14.763246 100.582213,14.76377 100.581399,14.764348 100.580812,14.764886 100.58029,14.76545 100.578242,14.76772 100.575706,14.770526 100.571244,14.775545 100.568639,14.778447 100.567688,14.779508 100.566067,14.78134 100.565619,14.781845 100.564557,14.783049 100.562794,14.785036 100.562446,14.785419 100.561795,14.786249 100.561306,14.787022 100.56104,14.787534 100.560793,14.787973 100.560434,14.788709 100.559976,14.789621 100.558463,14.793006 100.558148,14.793644 100.556807,14.796353 100.556308,14.797363 100.555999,14.797976 100.555508,14.799037 100.555135,14.799817 100.554866,14.800508 100.554699,14.801223 100.554616,14.801675 100.554523,14.802276 100.554454,14.802783 100.554389,14.803201 100.554029,14.805561 100.553941,14.806068 100.553691,14.80802 100.553554,14.809001 100.553491,14.809546 100.553453,14.810452 100.553511,14.811392 100.553639,14.812692 100.553778,14.813567 100.553884,14.814061 100.554015,14.814509 100.554591,14.816182 100.555078,14.817227 100.555654,14.818254 100.555952,14.818684 100.556707,14.819695 100.55709,14.82014 100.557877,14.820968 100.558516,14.821536 100.559362,14.822285 100.560491,14.823286 100.56556,14.827768 100.570155,14.831826 100.573109,14.834425 100.574445,14.835618 100.576816,14.837705 100.580279,14.840769 100.580537,14.840996 100.590999,14.850301 100.595122,14.853956 100.595838,14.854666 100.596285,14.855041 100.596685,14.855461 100.597436,14.856396 100.597957,14.857069 100.598412,14.857759 100.598737,14.858327 100.599187,14.859253 100.599356,14.859677 100.599566,14.860187 100.599848,14.860966 100.599987,14.86143 100.600224,14.862348 100.600348,14.862893 100.600414,14.863409 100.600489,14.864093 100.600542,14.86516 100.600525,14.865683 100.600487,14.866538 100.600465,14.866967 100.600078,14.869431 100.596665,14.885179 100.594272,14.896228 100.593507,14.89976 100.592854,14.902776 100.592652,14.903715 100.592615,14.903877 100.592614,14.903882 100.589051,14.920241 100.586409,14.932354 100.585734,14.93573 100.585594,14.936378 100.583375,14.946444 100.582844,14.948853 100.582754,14.94952 100.582675,14.949894 100.581843,14.953807 100.581643,14.954345 100.581531,14.95487 100.581244,14.956213 100.579664,14.963614 100.579624,14.963778 100.573778,14.99072 100.573677,14.991183 100.573078,14.993931 100.572457,14.996781 100.570401,15.006211 100.570346,15.006467 100.570342,15.006485 100.5701,15.007367 100.569717,15.0084 100.568815,15.010165 100.567982,15.011329 100.567231,15.012214 100.557288,15.02241 100.548787,15.031126 100.543226,15.036829 100.542266,15.037813 100.540705,15.039414 100.538826,15.041341 100.537719,15.042475 100.526609,15.05387 100.518013,15.062646 100.511506,15.069301 100.510621,15.070207 100.507911,15.072981 100.484615,15.096826 100.48274,15.098745 100.470837,15.110945 100.467803,15.114055 100.462586,15.119407 100.459818,15.12225 100.458775,15.123361 100.457948,15.124242 100.456292,15.12602 100.454223,15.128241 100.451248,15.131416 100.45093,15.131761 100.450422,15.13231 100.44443,15.138846 100.442607,15.140913 100.442068,15.141511 100.425904,15.159064 100.422533,15.162746 100.421393,15.163992 100.420417,15.165058 100.418023,15.167552 100.416046,15.169588 100.405395,15.180561 100.385471,15.201078 100.378301,15.208459 100.369047,15.217985 100.368879,15.218159 100.366675,15.220431 100.364842,15.222321 100.364464,15.222711 100.363453,15.223762 100.363018,15.224301 100.362615,15.224829 100.36221,15.225446 100.361882,15.225977 100.361481,15.226794 100.361181,15.227505 100.35798,15.235905 100.354291,15.245596 100.351008,15.254218 100.350889,15.254645 100.349627,15.257958 100.34931,15.258665 100.346991,15.264722 100.346901,15.264957 100.332964,15.301613 100.332513,15.302855 100.332209,15.30345 100.330691,15.307419 100.330587,15.30791 100.328479,15.31331 100.323019,15.327563 100.317316,15.34263 100.317029,15.343285 100.316543,15.344612 100.31635,15.345098 100.316235,15.345309 100.316151,15.345532 100.315977,15.345844 100.315673,15.346328 100.31554,15.346497 100.315347,15.346766 100.314946,15.347214 100.31477,15.347437 100.314255,15.347862 100.314024,15.348041 100.313825,15.348191 100.312812,15.349036 100.309522,15.351782 100.304189,15.35636 100.261786,15.39162 100.258814,15.394101 100.255154,15.397263 100.241111,15.408981 100.219583,15.426911 100.21527,15.430504 100.206272,15.438017 100.178494,15.461216 100.177519,15.462029 100.17655,15.462989 100.175924,15.463714 100.175637,15.464079 100.175112,15.464814 100.174864,15.465212 100.174525,15.465817 100.174304,15.466235 100.17413,15.466603 100.17364,15.467839 100.173319,15.468902 100.173183,15.469458 100.172994,15.470656 100.172966,15.470966 100.172937,15.471847 100.172992,15.473487 100.173039,15.473852 100.173047,15.473981 100.173176,15.478001 100.173168,15.478354 100.173206,15.479065 100.173406,15.484782 100.174542,15.518089 100.174954,15.531978 100.175963,15.557622 100.176132,15.566949 100.176235,15.569998 100.176215,15.570252 100.176215,15.570934 100.17629,15.573203 100.176357,15.575001 100.176376,15.575148 100.176414,15.575326 100.176568,15.579788 100.176792,15.586986 100.17677,15.587555 100.176708,15.588073 100.176551,15.58881 100.176264,15.590015 100.174237,15.598329 100.167321,15.626901 100.164512,15.638266 100.159779,15.657726 100.159749,15.65785 100.159425,15.659172 100.158747,15.661942 100.158459,15.663118 100.157896,15.665416 100.157291,15.667893 100.151273,15.692896 100.150284,15.697092 100.149999,15.69801 100.150008,15.698455 100.150035,15.698824 100.150108,15.699139 100.150235,15.699475 100.150438,15.699896 100.150619,15.700199 100.150919,15.70059 100.151834,15.701588 100.154156,15.704166 100.156004,15.706205 100.156697,15.70696 100.157299,15.707575 100.157912,15.708128 100.158644,15.708664 100.159564,15.709197 100.160289,15.70952 100.161204,15.709845 100.16232,15.710199 100.162586,15.710283 100.170844,15.712902 100.187472,15.718366 100.204907,15.724082 100.205683,15.724244 100.206391,15.724352 100.207079,15.724403 100.208546,15.724296 100.20909,15.724195 100.213674,15.723874 100.214206,15.723884 100.215189,15.72381 100.217156,15.723659 100.218242,15.72368 100.218992,15.723779 100.219753,15.72395 100.220858,15.724321 100.221855,15.72476 100.243055,15.735432 100.247292,15.737565 100.248333,15.738158 100.249066,15.738637 100.249625,15.739104 100.25011,15.739567 100.250522,15.740112 100.251033,15.740838 100.25148,15.741573 100.252073,15.742797 100.256291,15.752047 100.256372,15.752226 100.256834,15.753238 100.257429,15.754543 100.257709,15.755142 100.258603,15.757094 100.264948,15.770993 100.270577,15.783132 100.270877,15.783902 100.271145,15.784704 100.272896,15.790464 100.274059,15.794158 100.274235,15.79467 100.274432,15.795162 100.277406,15.801699 100.279369,15.805962 100.281884,15.811553 100.282228,15.812318 100.283131,15.814084 100.28334,15.814502 100.283545,15.814957 100.283891,15.815757 100.284503,15.817222 100.284617,15.817468 100.284966,15.818198 100.285182,15.818656 100.285472,15.819307 100.28569,15.819895 100.285849,15.820455 100.285963,15.82099 100.286034,15.82143 100.286077,15.822058 100.286068,15.822843 100.285908,15.828268 100.285563,15.839918 100.28562,15.840457 100.285721,15.840876 100.28586,15.841341 100.286328,15.84253 100.287039,15.844151 100.293993,15.85942 100.306515,15.886807 100.309023,15.892267 100.309543,15.893397 100.310119,15.894649 100.311321,15.897279 100.31134,15.897322 100.317397,15.91058 100.327615,15.932872 100.340038,15.959972 100.346599,15.97427 100.346875,15.97489 100.347784,15.976886 100.348991,15.979512 100.350632,15.983079 100.350909,15.98363 100.351135,15.984014 100.351553,15.984609 100.352876,15.986195 100.364572,16.000708 100.372562,16.010622 100.373148,16.011449 100.373616,16.012231 100.374516,16.014062 100.378201,16.022072 100.378289,16.022278 100.378483,16.022715 100.380012,16.026117 100.380124,16.026312 100.381913,16.030145 100.381931,16.030188 100.382045,16.030434 100.38213,16.030714 100.383832,16.034393 100.401249,16.07245 100.40446,16.079424 100.40528,16.081204 100.40567,16.082051 100.405835,16.082416 100.406844,16.084648 100.407378,16.085834 100.408905,16.089158 100.409127,16.089738 100.409273,16.09025 100.409423,16.091015 100.413201,16.124485 100.414383,16.134869 100.414813,16.138677 100.414924,16.139654 100.416551,16.153986 100.419232,16.177584 100.423485,16.215296 100.423751,16.217696 100.423775,16.217888 100.423878,16.218452 100.424386,16.222845 100.424387,16.223195 100.424568,16.224945 100.426102,16.238152 100.428103,16.255834 100.428774,16.261665 100.428812,16.26212 100.428821,16.262226 100.42885,16.263053 100.428802,16.263681 100.428717,16.264316 100.428611,16.26491 100.428448,16.265485 100.428275,16.26598 100.428097,16.26645 100.426552,16.270362 100.425386,16.273314 100.424636,16.275224 100.422099,16.28168 100.42203,16.281848 100.412717,16.305619 100.412678,16.305708 100.408574,16.316162 100.408417,16.316574 100.408273,16.31701 100.408187,16.317315 100.408098,16.317675 100.407133,16.321815 100.407093,16.321982 100.404544,16.333148 100.404478,16.333436 100.403267,16.338724 100.403137,16.339293 100.402829,16.340636 100.402006,16.344229 100.400831,16.349355 100.390649,16.393949 100.390618,16.394077 100.390375,16.395052 100.389494,16.398951 100.389166,16.400373 100.388967,16.401243 100.388839,16.40174 100.388633,16.40231 100.388478,16.402702 100.388294,16.403109 100.388117,16.403439 100.387908,16.403783 100.379332,16.416495 100.368486,16.432541 100.365101,16.437448 100.364983,16.437632 100.363225,16.440362 100.362866,16.440857 100.362596,16.441195 100.362274,16.441583 100.361934,16.441908 100.361626,16.44217 100.361262,16.442433 100.360897,16.442671 100.360525,16.442894 100.360079,16.443105 100.359608,16.443289 100.359172,16.443433 100.358776,16.443533 100.358442,16.4436 100.358112,16.443649 100.357775,16.44369 100.35741,16.443725 100.352938,16.444149 100.352569,16.444213 100.352181,16.444308 100.351679,16.444473 100.351136,16.444691 100.350676,16.444916 100.350302,16.445125 100.348792,16.446169 100.348504,16.44639 100.348245,16.446663 100.347258,16.447383 100.346763,16.447804 100.346383,16.448155 100.344784,16.449863 100.344465,16.450151 100.344153,16.450409 100.343626,16.451073 100.343403,16.451368 100.343184,16.451687 100.342957,16.452063 100.342767,16.45239 100.342402,16.453111 100.342056,16.45399 100.341907,16.454429 100.341702,16.455122 100.341606,16.45553 100.341509,16.456069 100.341386,16.45694 100.341345,16.457543 100.341322,16.458135 100.341341,16.458891 100.341418,16.459647 100.341483,16.460161 100.341733,16.461894 100.341781,16.462747 100.341778,16.463503 100.341729,16.464193 100.341624,16.464884 100.341519,16.465436 100.341389,16.465962 100.34121,16.466508 100.341009,16.46704 100.337954,16.474405 100.336559,16.477933 100.334224,16.483561 100.333765,16.484852 100.333613,16.485429 100.333318,16.487079 100.331974,16.497757 100.331565,16.500846 100.330426,16.509629 100.330213,16.511245 100.330088,16.51215 100.329957,16.513103 100.329909,16.513453 100.329803,16.514286 100.329729,16.51492 100.329653,16.515395 100.329565,16.515783 100.329432,16.516289 100.329247,16.516814 100.328998,16.517426 100.328731,16.517966 100.328521,16.518351 100.328213,16.518817 100.327637,16.519653 100.324776,16.523908 100.318905,16.532557 100.318613,16.533038 100.318384,16.533459 100.31821,16.533825 100.316321,16.537911 100.312518,16.546456 100.309703,16.552795 100.309516,16.553228 100.303183,16.567266 100.302199,16.569456 100.300483,16.573409 100.299996,16.574482 100.299849,16.574775 100.299376,16.575843 100.299004,16.576683 100.298637,16.577514 100.297819,16.57936 100.297491,16.580102 100.285034,16.607877 100.284883,16.608201 100.284661,16.608703 100.284469,16.609131 100.284378,16.609331 100.284188,16.609758 100.28401,16.610152 100.283456,16.611386 100.283383,16.611572 100.283157,16.612145 100.282934,16.612825 100.282763,16.613491 100.282672,16.614238 100.282611,16.61566 100.283008,16.633554 100.283198,16.642645 100.283199,16.642871 100.283526,16.656907 100.283527,16.657051 100.283477,16.65757 100.283418,16.657975 100.28336,16.658284 100.283186,16.65894 100.281372,16.664506 100.279017,16.671647 100.27744,16.676434 100.274876,16.684211 100.273958,16.686996 100.273249,16.689105 100.273183,16.689414 100.27313,16.689618 100.2722,16.692472 100.27208,16.692785 100.271901,16.693187 100.270466,16.697516 100.268893,16.702264 100.265287,16.713097 100.263784,16.717612 100.263552,16.71847 100.263438,16.719297 100.263402,16.719973 100.263909,16.741483 100.263969,16.743905 100.264051,16.747594 100.264065,16.748112 100.264077,16.748545 100.264111,16.750381 100.264138,16.751799 100.264227,16.755429 100.264547,16.765182 100.264622,16.767479 100.264695,16.771591 100.264725,16.774547 100.264747,16.776478 100.26493,16.783944 100.265382,16.804117 100.265554,16.810849 100.26556,16.811057 100.265596,16.812238 100.265616,16.81291 100.265701,16.814976 100.265793,16.81938 100.265809,16.820121 100.265822,16.820757 100.265872,16.823213 100.265922,16.825493 100.266029,16.830331 100.266204,16.838571 100.266542,16.852433 100.266559,16.853126 100.266606,16.855061 100.266617,16.855492 100.266624,16.855948 100.266692,16.858386 100.266792,16.861977 100.266828,16.864488 100.266886,16.866358 100.26688,16.866917 100.266837,16.86747 100.266786,16.867873 100.266766,16.868 100.266722,16.868237 100.266579,16.868862 100.266493,16.869164 100.26637,16.869528 100.266261,16.869816 100.263582,16.876431 100.263517,16.876576 100.262809,16.878358 100.255471,16.896512 100.252601,16.903623 100.251393,16.90666 100.25103,16.907544 100.250435,16.908991 100.250258,16.909421 100.248995,16.912497 100.248467,16.91378 100.247996,16.914947 100.246414,16.918896 100.242193,16.929416 100.241388,16.93141 100.23796,16.939965 100.234236,16.949146 100.233566,16.950804 100.232659,16.953045 100.232362,16.953768 100.232342,16.95383 100.232149,16.954309 100.23165,16.955545 100.230505,16.958383 100.230207,16.959122 100.229459,16.961015 100.229224,16.961488 100.228996,16.961866 100.228227,16.962968 100.227961,16.963373 100.227723,16.963792 100.227536,16.964181 100.22523,16.969979 100.225133,16.970279 100.225021,16.97072 100.224938,16.971119 100.224756,16.972272 100.224691,16.972569 100.224519,16.973153 100.224381,16.973539 100.22098,16.981945 100.219955,16.984504 100.217717,16.990097 100.214193,16.99884 100.208761,17.012269 100.202873,17.026754 100.202732,17.027104 100.202597,17.027604 100.200995,17.031604 100.200743,17.032053 100.200408,17.032886 100.199536,17.035061 100.197214,17.040846 100.194504,17.047598 100.184667,17.07195 100.184325,17.072799 100.183916,17.073587 100.183429,17.074365 100.182855,17.075135 100.179503,17.079296 100.177945,17.081411 100.170235,17.091264 100.167693,17.094606 100.165693,17.097195 100.164417,17.098847 100.164277,17.099103 100.164208,17.099248 100.16235,17.10165 100.162141,17.101864 100.161685,17.102383 100.161327,17.102845 100.157935,17.107136 100.15748,17.107737 100.154721,17.11133 100.153515,17.112935 100.153468,17.112994 100.153347,17.113144 100.153311,17.11319 100.141113,17.128865 100.132746,17.139654 100.131535,17.141199 100.127222,17.146732 100.123229,17.15185 100.112184,17.166122 100.110571,17.16801 100.110188,17.168413 100.109494,17.169109 100.108254,17.170372 100.107722,17.170916 100.104791,17.173761 100.100058,17.178411 100.095564,17.182844 100.091562,17.186818 100.090924,17.18745 100.085557,17.192773 100.081648,17.196642 100.081278,17.197019 100.081058,17.197293 100.080214,17.198138 100.079961,17.198434 100.079727,17.198731 100.079578,17.19897 100.079353,17.199428 100.078796,17.200745 100.078567,17.201157 100.078205,17.202004 100.078083,17.202445 100.078041,17.202834 100.07805,17.20335 100.07812,17.203845 100.078289,17.20454 100.078468,17.205276 100.081023,17.215199 100.081823,17.218395 100.084257,17.228021 100.084714,17.229551 100.088291,17.243713 100.090316,17.251679 100.091663,17.25699 100.092057,17.258646 100.092086,17.258757 100.092166,17.259076 100.092249,17.259504 100.092311,17.259933 100.09235,17.260318 100.092367,17.260641 100.09236,17.261474 100.092326,17.261969 100.092266,17.262428 100.092202,17.262797 100.091388,17.267619 100.089592,17.278216 100.089196,17.280483 100.088716,17.28339 100.088637,17.283846 100.088586,17.284338 100.088519,17.285365 100.088461,17.286644 100.088424,17.287745 100.088387,17.288151 100.088251,17.289033 100.087991,17.290614 100.087662,17.292333 100.087589,17.292749 100.087517,17.293112 100.087418,17.293512 100.087309,17.293896 100.08675,17.295765 100.086602,17.296214 100.086485,17.296678 100.086377,17.297138 100.086282,17.297649 100.084995,17.305407 100.08269,17.318903 100.080181,17.33345 100.078445,17.343537 100.078362,17.344028 100.077973,17.346332 100.077489,17.349205 100.076912,17.352625 100.074901,17.364545 100.074762,17.365642 100.074664,17.366703 100.074709,17.367721 100.074888,17.368645 100.075162,17.369562 100.075528,17.370503 100.076204,17.37172 100.07743,17.373821 100.081285,17.38071 100.081755,17.381528 100.082762,17.383281 100.083108,17.383878 100.083344,17.38432 100.083979,17.38539 100.084284,17.385903 100.094386,17.40343 100.095939,17.406188 100.096201,17.406847 100.096441,17.407557 100.096579,17.408237 100.097469,17.411312 100.097809,17.412489 100.098012,17.413191 100.098086,17.413409 100.09819,17.413988 100.098245,17.414515 100.09828,17.415122 100.098453,17.423711 100.098537,17.428758 100.098618,17.433925 100.098709,17.439035 100.098841,17.446906 100.099354,17.448877 100.101239,17.45434 100.10169,17.455612 100.106274,17.468827 100.109116,17.477069 100.10927,17.477616 100.10937,17.478274 100.109421,17.478794 100.109432,17.479343 100.109426,17.480002 100.109415,17.480435 100.109336,17.483319 100.109273,17.485599 100.10926,17.486094 100.109198,17.487821 100.108979,17.504346 100.108751,17.513724 100.108735,17.514082 100.108639,17.514788 100.108486,17.515445 100.108437,17.51561 100.10809,17.516566 100.107319,17.518509 100.103804,17.52715 100.101568,17.532569 100.100153,17.535967 100.099863,17.536893 100.099696,17.537832 100.099594,17.538717 100.099578,17.539032 100.099587,17.539286 100.099608,17.539723 100.099668,17.540445 100.099756,17.541299 100.100162,17.544463 100.100329,17.545803 100.10042,17.546798 100.100453,17.547821 100.100444,17.548493 100.100381,17.549092 100.099765,17.552737 100.097188,17.567915 100.096979,17.569312 100.09665,17.571292 100.096273,17.573415 100.094997,17.581124 100.09406,17.586638 100.094021,17.586926 100.093986,17.587277 100.093938,17.588124 100.093845,17.591502 100.093698,17.597317 100.093623,17.60049 100.093547,17.602533 100.093436,17.607588 100.093446,17.607983 100.093472,17.608381 100.093516,17.608722 100.093578,17.609088 100.093671,17.6095 100.093762,17.609845 100.093904,17.610249 100.09408,17.610718 100.094132,17.610857 100.095998,17.616077 100.09606,17.616258 100.096115,17.616423 100.096211,17.616711 100.096624,17.617891 100.096697,17.618129 100.096785,17.6185 100.096965,17.619382 100.09701,17.619549 100.097265,17.62036 100.097747,17.621695 100.098121,17.622613 100.098565,17.623894 100.09893,17.624936 100.099304,17.626107 100.099408,17.626598 100.09946,17.626976 100.099495,17.627544 100.099495,17.627793 100.099389,17.629926 100.099278,17.633196 100.099217,17.633965 100.099209,17.634073 100.09922,17.634358 100.099214,17.634449 100.099238,17.634843 100.099323,17.635155 100.099417,17.635368 100.099572,17.63567 100.099843,17.636084 100.100487,17.637243 100.101328,17.638835 100.101639,17.639437 100.101843,17.639751 100.102286,17.640793 100.102482,17.64124 100.102671,17.641695 100.102914,17.642305 100.103001,17.642501 100.103189,17.642982 100.103453,17.643643 100.103913,17.644495 100.104165,17.644937 100.104562,17.645489 100.1052,17.646077 100.105483,17.646291 100.105818,17.646482 100.106207,17.646633 100.106586,17.646729 100.107047,17.646794 100.107397,17.646808 100.107813,17.646797 100.108188,17.646745 100.108529,17.64666 100.112991,17.645017 100.113308,17.644929 100.113674,17.644863 100.114008,17.644833 100.114372,17.644825 100.114784,17.644868 100.115131,17.64494 100.11561,17.645089 100.115977,17.645246 100.11891,17.646512 100.11962,17.646828 100.119885,17.646972 100.120166,17.647168 100.120421,17.647398 100.120719,17.647701 100.120937,17.647987 100.121136,17.648287 100.121273,17.648534 100.121383,17.648799 100.121658,17.649779 100.122357,17.65264 100.122418,17.652939 100.122497,17.653352 100.122557,17.653816 100.122598,17.654237 100.122615,17.654647 100.122617,17.655165 100.122589,17.655604 100.122549,17.656086 100.1218,17.662781 100.121308,17.666836 100.121287,17.667278 100.121297,17.66776 100.12132,17.668296 100.121373,17.668776 100.121436,17.669158 100.121524,17.669573 100.122237,17.67213 100.123688,17.676968 100.123788,17.677475 100.123902,17.677953 100.123973,17.678472 100.124023,17.679041 100.124091,17.680022 100.124137,17.6805 100.124909,17.68632 100.125709,17.692235 100.127397,17.704518 100.127744,17.707084 100.127916,17.708307 100.128464,17.712227 100.128524,17.712623 100.128557,17.713102 100.128561,17.713534 100.128545,17.714077 100.128512,17.714568 100.128442,17.715066 100.128327,17.715694 100.128161,17.716424 100.127741,17.718449 100.127329,17.720527 100.127201,17.721098 100.126977,17.722217 100.126926,17.722581 100.126889,17.722941 100.126864,17.723312 100.126847,17.723745 100.126846,17.724172 100.126893,17.724627 100.126955,17.725076 100.127013,17.725422 100.127357,17.727076 100.127854,17.729661 100.1279,17.730049 100.127963,17.730893 100.128039,17.733437 100.128048,17.73361 100.128346,17.741704 100.128349,17.741988 100.128339,17.742211 100.12831,17.742569 100.128277,17.742838 100.128211,17.743139 100.128139,17.743393 100.128019,17.743732 100.1279,17.744031 100.127759,17.744304 100.127612,17.744569 100.127419,17.744867 100.127266,17.74507 100.12709,17.745287 100.126732,17.745638 100.126472,17.745852 100.126219,17.746029 100.125686,17.746376 100.124827,17.746895 100.124599,17.747038 100.124364,17.74721 100.124203,17.747355 100.124026,17.74753 100.123902,17.747696 100.123663,17.748088 100.123569,17.748311 100.123515,17.74852 100.123469,17.748734 100.123436,17.749 100.123425,17.749293 100.12344,17.749531 100.123476,17.749851 100.123785,17.751612 100.123853,17.752183 100.12384,17.752462 100.123807,17.752668 100.123752,17.752953 100.123664,17.753241 100.123507,17.753533 100.123339,17.753801 100.122801,17.754554 100.122606,17.754812 100.12239,17.755043 100.12198,17.755389 100.121786,17.755518 100.121505,17.755646 100.121279,17.755734 100.121021,17.755807 100.120716,17.755862 100.120465,17.755884 100.119903,17.755857 100.119577,17.755789 100.117836,17.755394 100.117611,17.755358 100.117275,17.755334 100.117081,17.755336 100.11684,17.755355 100.116642,17.755382 100.116412,17.75544 100.116217,17.755506 100.116066,17.755566 100.115899,17.755647 100.11576,17.755729 100.115654,17.755795 100.115532,17.755886 100.11541,17.75598 100.115297,17.756077 100.115173,17.756202 100.114527,17.756987 100.114382,17.75717 100.113803,17.757885 100.113662,17.758092 100.113467,17.758451 100.113373,17.758671 100.111326,17.763778 100.111239,17.763991 100.109382,17.768648 100.109026,17.769537 100.108937,17.769759 100.108225,17.771554 100.108114,17.771778 100.107962,17.77203 100.107793,17.772257 100.107617,17.772461 100.107416,17.772657 100.107261,17.772796 100.107085,17.772939 100.106867,17.773089 100.106627,17.773234 100.106373,17.773364 100.10615,17.773468 100.105925,17.773552 100.098081,17.775916 100.097855,17.775995 100.097676,17.776067 100.09751,17.776144 100.097158,17.776334 100.096768,17.776592 100.096552,17.776763 100.096375,17.776929 100.096197,17.777113 100.095939,17.777419 100.095779,17.777657 100.095633,17.777887 100.093821,17.781193 100.093054,17.782569 100.092603,17.783407 100.09208,17.784219 100.090605,17.786542 100.088737,17.78945 100.088583,17.789674 100.088399,17.789912 100.088241,17.790094 100.088038,17.790309 100.087773,17.790541 100.087537,17.79071 100.087341,17.790841 100.085276,17.792117 100.085081,17.792251 100.084891,17.792392 100.084684,17.792571 100.08453,17.792716 100.084338,17.792907 100.084099,17.793157 100.083633,17.793738 100.083369,17.794053 100.083181,17.79426 100.082955,17.794489 100.082773,17.794651 100.081768,17.795504 100.08165,17.795619 100.081556,17.795723 100.081263,17.796104 100.081078,17.796369 100.080505,17.797348 100.080359,17.797582 100.080271,17.797708 100.080153,17.79786 100.079894,17.798156 100.07977,17.79828 100.079628,17.798407 100.079481,17.798517 100.079326,17.798622 100.078964,17.798807 100.078679,17.798933 100.077194,17.799516 100.076783,17.799703 100.076164,17.800037 100.075978,17.800183 100.074455,17.801697 100.074291,17.801807 100.069663,17.806156 100.066551,17.809048 100.066305,17.80929 100.066205,17.809414 100.066074,17.809562 100.065947,17.809729 100.065841,17.809887 100.065671,17.81018 100.065568,17.810375 100.06543,17.810702 100.06407,17.813801 100.063547,17.814911 100.063471,17.815092 100.063396,17.815342 100.063352,17.815585 100.063349,17.815803 100.063368,17.816042 100.063442,17.816335 100.063533,17.816577 100.063679,17.816861 100.063826,17.817115 100.064023,17.817417 100.064128,17.817635 100.064219,17.817965 100.064247,17.818266 100.064241,17.818556 100.064177,17.818874 100.063963,17.819797 100.063898,17.820027 100.063786,17.820266 100.063657,17.820461 100.063493,17.820648 100.063297,17.820844 100.062855,17.821221 100.062567,17.821409 100.06227,17.82156 100.061954,17.821669 100.06164,17.821729 100.060463,17.821916 100.060148,17.821948 100.059769,17.821945 100.05936,17.821885 100.05901,17.821768 100.05867,17.821675 100.058293,17.821607 100.057939,17.821609 100.057666,17.821641 100.057468,17.821684 100.056227,17.822038 100.055926,17.822157 100.055615,17.822315 100.055351,17.822477 100.054165,17.823241 100.053821,17.823395 100.053586,17.823472 100.053366,17.823527 100.053163,17.823561 100.052232,17.82368 100.051982,17.82374 100.051789,17.823813 100.051594,17.823912 100.050492,17.824558 100.049525,17.825104 100.047143,17.826428 100.046982,17.82655 100.046827,17.826714 100.046705,17.826884 100.046581,17.827099 100.044667,17.830575 100.044584,17.830733 100.044506,17.830923 100.044448,17.831102 100.04441,17.831259 100.044393,17.83145 100.044394,17.831628 100.044405,17.83178 100.044432,17.831927 100.044478,17.832119 100.044835,17.833347 100.044947,17.83366 100.045054,17.833914 100.045168,17.834123 100.045303,17.834302 100.046071,17.835067 100.046232,17.83526 100.046344,17.835442 100.046413,17.835603 100.04648,17.835801 100.046533,17.835992 100.046564,17.836192 100.04657,17.83643 100.04656,17.836703 100.046528,17.837004 100.046393,17.838312 100.04636,17.838522 100.046274,17.83885 100.046213,17.839032 100.046127,17.839252 100.045981,17.839529 100.045209,17.840566 100.045022,17.840881 100.044907,17.841119 100.044843,17.841388 100.044804,17.841711 100.044813,17.841993 100.044836,17.842232 100.044891,17.84255 100.045339,17.844139 100.045376,17.84432 100.0454,17.844498 100.0454,17.844706 100.045382,17.844853 100.045298,17.84522 100.045209,17.845461 100.045074,17.845716 100.043718,17.848123 100.043289,17.848866 100.043219,17.849012 100.043139,17.849272 100.043108,17.849413 100.043091,17.849533 100.04308,17.849768 100.04309,17.849948 100.043123,17.850142 100.043146,17.850245 100.043934,17.853291 100.043968,17.853451 100.043995,17.853623 100.044015,17.853779 100.04403,17.853985 100.044031,17.854171 100.043946,17.855355 100.043944,17.855486 100.043953,17.855622 100.043982,17.855773 100.044033,17.855944 100.044101,17.856119 100.044177,17.856273 100.044417,17.856657 100.044812,17.857237 100.044907,17.857403 100.044994,17.857597 100.045069,17.857812 100.045101,17.858046 100.045092,17.858295 100.045061,17.858517 100.04497,17.858799 100.04485,17.859023 100.043885,17.860486 100.043726,17.860695 100.043567,17.860869 100.043381,17.861039 100.043199,17.861175 100.040128,17.863325 100.039697,17.863665 100.039511,17.863837 100.039181,17.864193 100.039038,17.864397 100.038927,17.864606 100.037876,17.866719 100.037807,17.86689 100.037703,17.867228 100.037672,17.867407 100.037644,17.867719 100.037637,17.867881 100.037642,17.86803 100.037683,17.86837 100.037713,17.868546 100.03775,17.86874 100.03788,17.869323 100.037918,17.869519 100.037972,17.86994 100.037982,17.8701 100.037979,17.87027 100.037971,17.870445 100.037955,17.870597 100.037921,17.870778 100.03785,17.871089 100.037682,17.871846 100.037631,17.872111 100.037615,17.872306 100.037616,17.872599 100.037647,17.872857 100.037699,17.873098 100.037764,17.873317 100.037844,17.873548 100.037942,17.873729 100.038099,17.873969 100.038303,17.874197 100.03851,17.874401 100.038713,17.874586 100.039197,17.875015 100.039589,17.875414 100.039736,17.875599 100.039853,17.875773 100.039984,17.875999 100.040094,17.876248 100.040226,17.876661 100.040386,17.877299 100.040885,17.879525 100.040915,17.879712 100.040934,17.879904 100.04093,17.880231 100.040762,17.882127 100.040773,17.88245 100.040764,17.882806 100.040622,17.884448 100.040605,17.884671 100.040425,17.886749 100.040372,17.887017 100.040337,17.887613 100.040345,17.887938 100.04037,17.88813 100.040407,17.88834 100.040491,17.888681 100.04054,17.888816 100.04062,17.889009 100.040734,17.889239 100.040835,17.889413 100.04092,17.889545 100.041143,17.889859 100.04138,17.89014 100.041826,17.890607 100.044624,17.893592 100.044796,17.893757 100.045046,17.893966 100.045151,17.894073 100.045306,17.894189 100.0456,17.894377 100.045779,17.894493 100.048945,17.896469 100.049302,17.896669 100.04949,17.896763 100.049677,17.896841 100.049894,17.896918 100.050151,17.896988 100.050379,17.897039 100.050612,17.897089 100.050785,17.897117 100.052669,17.897539 100.052886,17.897604 100.053082,17.897679 100.053248,17.89775 100.053437,17.897848 100.053747,17.89807 100.053928,17.898228 100.054079,17.898382 100.054233,17.898564 100.054389,17.898789 100.054661,17.899317 100.055541,17.901384 100.055651,17.901583 100.05575,17.901743 100.055884,17.901928 100.056017,17.902092 100.056155,17.902244 100.056451,17.902536 100.058452,17.904383 100.05898,17.904879 100.059765,17.905586 100.059992,17.90578 100.060387,17.906083 100.061523,17.906866 100.061686,17.90699 100.061831,17.907116 100.061962,17.907249 100.062091,17.907392 100.062172,17.907513 100.062266,17.907672 100.062366,17.907851 100.062451,17.908036 100.062522,17.908232 100.06262,17.908537 100.062707,17.908891 100.06308,17.910731 100.063119,17.911006 100.063138,17.91119 100.063461,17.914266 100.063475,17.914765 100.063465,17.915064 100.063428,17.915357 100.06337,17.915686 100.063205,17.916262 100.062295,17.919229 100.062233,17.919452 100.062192,17.919666 100.062146,17.920038 100.062133,17.920222 100.062136,17.920413 100.06215,17.920654 100.062303,17.921808 100.06232,17.921987 100.062321,17.922148 100.062309,17.922478 100.062287,17.922653 100.062222,17.922934 100.062181,17.923078 100.062134,17.923208 100.062045,17.923386 100.061892,17.923654 100.061679,17.923942 100.06156,17.924071 100.061425,17.9242 100.059783,17.925656 100.059657,17.925794 100.059443,17.926095 100.059335,17.92627 100.059163,17.926607 100.059,17.927007 100.058937,17.927214 100.058464,17.928971 100.058005,17.9306 100.057956,17.930924 100.057949,17.931127 100.057956,17.931315 100.057979,17.931499 100.058029,17.93176 100.058377,17.933401 100.058417,17.93365 100.058436,17.933859 100.058447,17.934081 100.058433,17.934342 100.058388,17.934584 100.05831,17.934787 100.058152,17.935097 100.057662,17.935941 100.056731,17.937604 100.055719,17.939423 100.055624,17.939625 100.055497,17.939969 100.055393,17.94032 100.055187,17.941079 100.054688,17.943047 100.054569,17.94344 100.054446,17.943776 100.053993,17.944855 100.053931,17.94506 100.053879,17.945279 100.053843,17.945545 100.05384,17.945772 100.053849,17.946013 100.053945,17.947081 100.053993,17.947406 100.054095,17.94778 100.054152,17.947959 100.054222,17.948135 100.05429,17.948285 100.05438,17.94844 100.054495,17.948619 100.054611,17.948775 100.05485,17.949039 100.058419,17.95265 100.058595,17.952918 100.058667,17.953049 100.058742,17.953209 100.058856,17.953539 100.058902,17.953716 100.058946,17.954059 100.058954,17.954216 100.05895,17.954385 100.058924,17.954608 100.058853,17.954968 100.057802,17.958199 100.057749,17.958389 100.057714,17.95856 100.05769,17.958782 100.05768,17.958993 100.057685,17.959196 100.057707,17.959385 100.057904,17.960354 100.057936,17.960574 100.057946,17.960984 100.057933,17.961173 100.057903,17.961377 100.057857,17.96163 100.057021,17.965614 100.05687,17.966528 100.056828,17.96691 100.056775,17.967231 100.056709,17.967478 100.056623,17.967732 100.056516,17.967972 100.056402,17.968175 100.056103,17.968533 100.052192,17.972612 100.051997,17.972859 100.051694,17.973339 100.051562,17.973606 100.051433,17.973928 100.051334,17.974247 100.050842,17.976003 100.050293,17.978403 100.050194,17.978657 100.050035,17.978886 100.04985,17.979092 100.049682,17.979233 100.049463,17.979386 100.049126,17.979521 100.049018,17.979547 100.048365,17.979779 100.047093,17.980215 100.046218,17.980525 100.044951,17.980954 100.043164,17.981613 100.036995,17.983744 100.034967,17.984468 100.034562,17.984589 100.033574,17.984933 100.030683,17.985931 100.022075,17.988929 100.016189,17.990962 100.011126,17.992733 100.010647,17.992929 100.008885,17.993797 100.006692,17.994852 100.005022,17.995656 100.004103,17.996081 100.003761,17.99625 100.0034,17.996421 100.00315,17.996568 100.002902,17.996754 100.00269,17.996952 100.002521,17.997131 100.002387,17.997306 100.002269,17.997496 100.002157,17.997713 100.002056,17.997957 100.00179,17.998659 100.001675,17.998895 100.001579,17.999075 100.001451,17.999259 100.001303,17.999448 100.001128,17.999622 100.000931,17.999794 100.000693,17.999967 100.000471,18.0001 100.000196,18.000212 99.999973,18.000289 99.9997,18.000354 99.999361,18.000408 99.999145,18.000418 99.998943,18.000408 99.998685,18.000374 99.998198,18.000274 99.996793,17.999906 99.99652,17.999841 99.996313,17.999803 99.99606,17.999786 99.995763,17.999781 99.995495,17.999811 99.995279,17.999849 99.995067,17.999912 99.994885,17.999976 99.99462,18.000095 99.994417,18.00021 99.994238,18.000342 99.993633,18.000845 99.993448,18.001006 99.993224,18.001168 99.993024,18.001292 99.992835,18.001395 99.992608,18.001488 99.990706,18.002182 99.990372,18.002273 99.990044,18.002338 99.989785,18.002373 99.989613,18.002385 99.989338,18.002378 99.988078,18.002209 99.987764,18.002134 99.987458,18.002036 99.987208,18.00193 99.987004,18.001824 99.986815,18.001703 99.98662,18.001567 99.984455,17.99985 99.984264,17.999713 99.984095,17.999611 99.983858,17.9995 99.983392,17.999336 99.983131,17.999284 99.982891,17.999256 99.982598,17.99924 99.982345,17.999256 99.982073,17.999309 99.981861,17.999359 99.981622,17.999442 99.9814,17.999541 99.981108,17.999695 99.980759,17.999957 99.9792,18.00138 99.978887,18.001655 99.97862,18.001845 99.978361,18.001993 99.978153,18.002093 99.977914,18.002198 99.977658,18.002285 99.975014,18.00311 99.974452,18.003266 99.973973,18.003369 99.973696,18.003412 99.972653,18.003522 99.972301,18.003583 99.972013,18.00366 99.97172,18.003777 99.971423,18.003926 99.969517,18.005109 99.969241,18.005294 99.96903,18.005455 99.968873,18.005584 99.968719,18.005738 99.968609,18.005868 99.96849,18.006027 99.968347,18.006257 99.968271,18.0064 99.968189,18.006577 99.96812,18.006764 99.968081,18.006913 99.968049,18.007072 99.968023,18.007316 99.968013,18.007569 99.968012,18.00782 99.968031,18.008878 99.968007,18.00913 99.967964,18.009336 99.967856,18.009664 99.967789,18.009817 99.967675,18.010025 99.967562,18.010204 99.967431,18.010384 99.96729,18.01054 99.967149,18.010678 99.966989,18.010807 99.966808,18.010936 99.966604,18.011059 99.966405,18.011161 99.96622,18.011235 99.966053,18.011291 99.96481,18.011663 99.964599,18.011739 99.964399,18.011826 99.962645,18.012702 99.962335,18.012826 99.962197,18.01287 99.962028,18.012914 99.961839,18.01295 99.961672,18.012965 99.961298,18.012958 99.96095,18.01293 99.960752,18.012922 99.960587,18.012934 99.960419,18.012959 99.960252,18.013006 99.960043,18.013084 99.95939,18.013373 99.959211,18.013443 99.959063,18.013492 99.958767,18.013558 99.958602,18.013578 99.958025,18.013625 99.957643,18.013681 99.957494,18.013716 99.957367,18.013762 99.956413,18.01422 99.956074,18.014358 99.955743,18.014481 99.95547,18.014567 99.954941,18.014673 99.95475,18.014696 99.954457,18.014717 99.953616,18.014731 99.953463,18.014738 99.953299,18.014768 99.953115,18.014818 99.95296,18.01488 99.952829,18.014948 99.952647,18.015057 99.952529,18.015156 99.952414,18.015272 99.952347,18.015356 99.952195,18.015576 99.9521,18.015778 99.952031,18.016029 99.95201,18.016137 99.952004,18.016281 99.952006,18.016444 99.952173,18.018668 99.95218,18.019029 99.952173,18.019266 99.952142,18.019472 99.952109,18.01964 99.952058,18.019813 99.952001,18.019979 99.95191,18.020165 99.951825,18.020321 99.95174,18.020454 99.951624,18.020617 99.951511,18.020755 99.951396,18.020878 99.951243,18.021022 99.951097,18.021146 99.950959,18.021246 99.950601,18.021479 99.949578,18.022053 99.94946,18.022133 99.949374,18.022209 99.949297,18.022288 99.948652,18.023104 99.948315,18.023446 99.948029,18.023778 99.947733,18.024106 99.947642,18.024197 99.94754,18.02429 99.947446,18.024365 99.947302,18.024465 99.94618,18.025141 99.945756,18.025424 99.945623,18.025527 99.945453,18.025674 99.945332,18.025799 99.945173,18.026008 99.944887,18.026447 99.944735,18.026765 99.944085,18.027708 99.943483,18.028543 99.943375,18.028716 99.943198,18.029023 99.943129,18.029178 99.943017,18.029465 99.942979,18.0296 99.942802,18.030288 99.942646,18.030984 99.9426,18.031146 99.942543,18.031309 99.942398,18.031647 99.942303,18.031813 99.942195,18.03197 99.942084,18.032116 99.941876,18.03233 99.941585,18.032579 99.941447,18.032674 99.941146,18.032853 99.940973,18.032938 99.940671,18.033045 99.940461,18.033098 99.940244,18.033137 99.939993,18.033161 99.939749,18.033171 99.938042,18.033122 99.937725,18.033106 99.937338,18.033071 99.93664,18.032982 99.932637,18.032347 99.932249,18.032277 99.931901,18.032225 99.931603,18.032203 99.931209,18.032202 99.930986,18.032214 99.930788,18.032236 99.930546,18.032273 99.929691,18.032429 99.929213,18.032489 99.92895,18.032502 99.928737,18.032503 99.928374,18.03248 99.928169,18.032448 99.927998,18.032407 99.927685,18.032312 99.927525,18.032253 99.927366,18.032184 99.927186,18.032102 99.926862,18.031932 99.926116,18.031482 99.925825,18.031339 99.925642,18.03126 99.925484,18.031203 99.925306,18.031151 99.925105,18.031117 99.92493,18.031095 99.924757,18.031082 99.924592,18.031078 99.924276,18.031091 99.924124,18.031108 99.923779,18.031184 99.923534,18.031269 99.923323,18.031367 99.923119,18.031475 99.922935,18.031598 99.922761,18.031724 99.922594,18.031878 99.922467,18.032008 99.922311,18.032197 99.922209,18.032347 99.922101,18.032538 99.922005,18.032735 99.921946,18.032889 99.921878,18.033111 99.921528,18.035262 99.921452,18.035534 99.921338,18.035813 99.921216,18.03606 99.921042,18.036323 99.920852,18.036569 99.918868,18.038758 99.916461,18.041544 99.915396,18.042787 99.913351,18.04517 99.912815,18.045803 99.912625,18.046049 99.912471,18.046298 99.912345,18.046517 99.912251,18.046705 99.91217,18.046929 99.912119,18.047117 99.912068,18.047338 99.912036,18.047566 99.912032,18.047799 99.91204,18.047995 99.912053,18.048183 99.912094,18.048408 99.912145,18.048621 99.912215,18.048805 99.912293,18.048976 99.912381,18.049187 99.912513,18.049405 99.912652,18.049617 99.912804,18.049792 99.913098,18.050086 99.913252,18.050224 99.915224,18.05182 99.915455,18.052029 99.915677,18.052256 99.915881,18.052487 99.916045,18.052716 99.916209,18.052969 99.916368,18.053235 99.916493,18.053488 99.916605,18.053743 99.918215,18.057826 99.918415,18.058374 99.91853,18.058791 99.918712,18.059539 99.918993,18.060892 99.919115,18.061365 99.919214,18.061699 99.919365,18.062101 99.919523,18.062501 99.920655,18.064811 99.920899,18.0654 99.921153,18.066228 99.921213,18.066418 99.922272,18.07056 99.922377,18.070946 99.922504,18.071677 99.922528,18.071996 99.922543,18.07245 99.922503,18.073568 99.922523,18.073753 99.922549,18.073899 99.922586,18.074042 99.922907,18.075055 99.923013,18.075511 99.923022,18.075732 99.923015,18.075956 99.922997,18.07618 99.922964,18.076433 99.922678,18.077874 99.922642,18.078012 99.922587,18.078175 99.92192,18.079958 99.921774,18.080498 99.921729,18.080743 99.921706,18.080964 99.921698,18.081169 99.921706,18.081344 99.921734,18.081543 99.92182,18.081765 99.921933,18.08199 99.92206,18.082183 99.922211,18.082364 99.922738,18.082832 99.922892,18.083002 99.922985,18.083172 99.923065,18.08334 99.923133,18.083517 99.923186,18.083692 99.923202,18.083905 99.923206,18.084063 99.923184,18.084223 99.922807,18.085718 99.922723,18.08589 99.922623,18.086021 99.922489,18.086151 99.922302,18.086283 99.921419,18.086829 99.921179,18.086949 99.920924,18.087029 99.920732,18.087081 99.920522,18.087108 99.920288,18.087115 99.920054,18.087088 99.919855,18.087049 99.918489,18.086567 99.918191,18.086475 99.917874,18.086389 99.914396,18.085578 99.914009,18.085509 99.913652,18.085478 99.91331,18.085486 99.912222,18.08559 99.911902,18.085597 99.910523,18.085508 99.910285,18.085499 99.910051,18.08551 99.909545,18.085587 99.908913,18.085622 99.908686,18.085608 99.908455,18.085559 99.907275,18.08514 99.907047,18.085073 99.906854,18.08503 99.906591,18.084988 99.906295,18.084949 99.905312,18.084974 99.904964,18.08497 99.904639,18.084951 99.904345,18.084906 99.904042,18.084827 99.903824,18.084741 99.903588,18.084633 99.903369,18.08449 99.903201,18.084363 99.901933,18.083139 99.901776,18.083009 99.901604,18.082881 99.900801,18.082319 99.899142,18.081218 99.897762,18.080331 99.897513,18.080182 99.896904,18.079889 99.896586,18.079774 99.896148,18.079652 99.895766,18.07958 99.895418,18.079531 99.890877,18.078986 99.890439,18.078947 99.889861,18.078914 99.88858,18.078923 99.888166,18.078902 99.887876,18.078876 99.88759,18.078835 99.887214,18.078765 99.885739,18.078443 99.885334,18.078381 99.884974,18.078359 99.884644,18.07836 99.884348,18.078373 99.884038,18.078396 99.883784,18.07843 99.883498,18.078492 99.883179,18.078579 99.882492,18.078802 99.881262,18.079213 99.880946,18.07934 99.880673,18.079478 99.88028,18.079742 99.880098,18.079889 99.879806,18.080167 99.877516,18.082886 99.877236,18.08321 99.876951,18.083516 99.874669,18.085755 99.874432,18.085995 99.874101,18.086354 99.873797,18.086761 99.868804,18.093665 99.868644,18.093881 99.868364,18.094255 99.867931,18.094835 99.867513,18.095395 99.866957,18.096159 99.866206,18.097177 99.86617,18.097227 99.865316,18.098475 99.863905,18.100469 99.863828,18.100573 99.862199,18.102837 99.861428,18.10387 99.860301,18.105438 99.860095,18.105779 99.859951,18.106038 99.859802,18.106342 99.858002,18.110416 99.857878,18.110725 99.857783,18.110994 99.857699,18.111325 99.857642,18.111706 99.857555,18.112681 99.857433,18.114123 99.857392,18.1144 99.857323,18.114685 99.857221,18.114992 99.857086,18.115292 99.85689,18.115647 99.856564,18.116102 99.85602,18.116771 99.855775,18.117034 99.855534,18.117258 99.855302,18.117463 99.85444,18.118101 99.853785,18.118483 99.853421,18.118648 99.852507,18.118953 99.852228,18.119072 99.851976,18.119209 99.851747,18.119382 99.851445,18.119648 99.851254,18.119853 99.851085,18.120094 99.850973,18.120313 99.850842,18.120594 99.850743,18.12089 99.85049,18.122146 99.850408,18.122433 99.850327,18.122678 99.849873,18.123858 99.849785,18.12413 99.84972,18.124413 99.849681,18.12472 99.849494,18.126273 99.849464,18.126576 99.849457,18.1268 99.849475,18.12704 99.849502,18.12725 99.849875,18.12928 99.849933,18.129506 99.85002,18.129699 99.850129,18.129916 99.850307,18.13023 99.850449,18.130426 99.85058,18.130574 99.85143,18.131457 99.851587,18.13169 99.851674,18.131925 99.851736,18.132214 99.851742,18.132538 99.851677,18.133192 99.851688,18.133504 99.851746,18.133855 99.852342,18.135715 99.852416,18.135889 99.853342,18.137702 99.853466,18.137931 99.853624,18.13813 99.853787,18.138309 99.854222,18.13867 99.854462,18.138914 99.854601,18.139119 99.854723,18.139371 99.854787,18.139543 99.854808,18.139744 99.854814,18.140059 99.854657,18.141443 99.854627,18.141965 99.85465,18.142317 99.854721,18.142631 99.854846,18.143252 99.854999,18.143658 99.855169,18.144017 99.855402,18.144415 99.855671,18.144845 99.855832,18.145087 99.857326,18.147224 99.857554,18.147537 99.857775,18.147804 99.857969,18.148006 99.858192,18.148183 99.858405,18.14831 99.858729,18.148469 99.859057,18.148584 99.859335,18.148654 99.859737,18.148719 99.860167,18.148718 99.86058,18.148676 99.861129,18.148597 99.861432,18.148598 99.861759,18.148654 99.862098,18.148796 99.862389,18.148983 99.862635,18.149266 99.862878,18.149738 99.862933,18.149991 99.862966,18.150818 99.86298,18.151003 99.863019,18.151222 99.863075,18.151406 99.863176,18.151613 99.865582,18.155134 99.865716,18.155442 99.865774,18.155781 99.865784,18.155959 99.86578,18.156179 99.865729,18.156996 99.865744,18.15729 99.865798,18.157576 99.865945,18.157877 99.866092,18.158074 99.866273,18.158272 99.86645,18.15842 99.866676,18.158539 99.866929,18.158642 99.868113,18.15896 99.868367,18.159085 99.868626,18.159235 99.868867,18.159436 99.869093,18.159713 99.869214,18.159924 99.869314,18.160174 99.869379,18.160422 99.869397,18.160635 99.869382,18.160934 99.869307,18.161223 99.869211,18.161509 99.868816,18.162777 99.868758,18.163044 99.868741,18.163266 99.868743,18.163497 99.868802,18.163815 99.868857,18.163996 99.869008,18.164274 99.869576,18.165271 99.86974,18.165649 99.869889,18.166093 99.86998,18.166381 99.870041,18.166811 99.870055,18.167153 99.870009,18.167422 99.869935,18.167683 99.869844,18.167893 99.869704,18.168071 99.869531,18.168224 99.869351,18.168366 99.86915,18.168482 99.868901,18.168599 99.868376,18.168778 99.868132,18.168886 99.867901,18.169028 99.867706,18.169179 99.867583,18.169319 99.867457,18.169499 99.867365,18.16971 99.867295,18.169924 99.867258,18.170112 99.867261,18.170331 99.867332,18.170983 99.86737,18.171253 99.867351,18.171525 99.867276,18.171788 99.867148,18.172032 99.866972,18.172247 99.866176,18.172902 99.86592,18.173228 99.865816,18.173406 99.865744,18.173624 99.865703,18.173968 99.865716,18.174267 99.865783,18.17455 99.86594,18.174882 99.866167,18.175161 99.866952,18.175858 99.867135,18.176042 99.867318,18.176296 99.867432,18.176559 99.867711,18.17734 99.867831,18.177576 99.867953,18.177762 99.868733,18.17877 99.868815,18.17895 99.868873,18.179147 99.868913,18.179337 99.868929,18.179496 99.868923,18.179712 99.86889,18.179947 99.868794,18.180221 99.868229,18.181227 99.868134,18.181413 99.868068,18.181589 99.868028,18.181769 99.868005,18.182018 99.868015,18.182226 99.868055,18.182455 99.868112,18.182675 99.868566,18.184253 99.868651,18.184484 99.868797,18.184753 99.868978,18.185003 99.869229,18.185245 99.870059,18.18582 99.870268,18.186039 99.87046,18.186282 99.870569,18.186519 99.870643,18.18676 99.870667,18.18701 99.870673,18.187255 99.87068,18.187984 99.870702,18.188212 99.870758,18.188442 99.871394,18.190023 99.871792,18.190956 99.871899,18.19138 99.871939,18.191845 99.871914,18.192147 99.871862,18.192405 99.871813,18.19258 99.87171,18.192806 99.87079,18.194194 99.870601,18.194435 99.870362,18.194698 99.869762,18.195266 99.86957,18.195488 99.869441,18.195683 99.869332,18.195894 99.869298,18.196086 99.869287,18.196377 99.869443,18.198226 99.869472,18.198465 99.869564,18.199179 99.869637,18.199439 99.869754,18.199679 99.8704,18.200771 99.870502,18.200926 99.870653,18.201117 99.871449,18.201824 99.87161,18.202004 99.871701,18.202153 99.871807,18.202403 99.871829,18.202539 99.871882,18.20273 99.871894,18.202919 99.87189,18.203084 99.871795,18.203576 99.871719,18.203937 99.87142,18.205214 99.871396,18.205332 99.871361,18.205518 99.871303,18.205818 99.871263,18.206145 99.871219,18.206363 99.871116,18.206675 99.870932,18.207058 99.870768,18.207324 99.870079,18.208073 99.869956,18.208224 99.869875,18.208345 99.869798,18.20849 99.869746,18.208618 99.869704,18.208749 99.869675,18.208883 99.869667,18.209055 99.869668,18.209192 99.869682,18.209349 99.869749,18.209637 99.869801,18.209759 99.86994,18.210005 99.8701,18.210196 99.870218,18.210311 99.870341,18.210409 99.870493,18.210502 99.870802,18.210712 99.871181,18.211021 99.872168,18.211712 99.872493,18.211929 99.872793,18.212103 99.873759,18.212635 99.873953,18.212763 99.874117,18.212893 99.874286,18.213059 99.874514,18.213307 99.87462,18.213447 99.874685,18.213564 99.875196,18.214535 99.875344,18.214735 99.875465,18.21488 99.875701,18.215086 99.876175,18.215456 99.877172,18.216131 99.877463,18.216412 99.877699,18.216722 99.877875,18.217037 99.878017,18.217371 99.878105,18.21774 99.878149,18.218109 99.878148,18.218479 99.878089,18.218817 99.877987,18.219151 99.877795,18.219538 99.877214,18.220588 99.877106,18.220822 99.876996,18.221138 99.876924,18.221498 99.876887,18.221867 99.876637,18.225034 99.876611,18.225382 99.876603,18.225625 99.87661,18.226078 99.876652,18.226628 99.876761,18.227743 99.876776,18.227952 99.876783,18.228185 99.876775,18.228484 99.876734,18.228855 99.876698,18.229053 99.876672,18.229178 99.876608,18.229428 99.876536,18.229668 99.876137,18.230866 99.876092,18.231039 99.876062,18.231188 99.87605,18.231384 99.876063,18.231598 99.876099,18.231791 99.876169,18.231992 99.876276,18.232202 99.876677,18.232889 99.87676,18.233079 99.876809,18.233284 99.876833,18.233506 99.876817,18.233703 99.876779,18.233908 99.876711,18.234119 99.876611,18.234353 99.876095,18.235342 99.876005,18.235579 99.87595,18.23584 99.87594,18.23598 99.87594,18.236171 99.875972,18.236407 99.876045,18.236679 99.876263,18.237258 99.876316,18.237468 99.876346,18.237679 99.87635,18.237922 99.876314,18.238146 99.876246,18.2384 99.876187,18.238546 99.875759,18.239256 99.875647,18.239464 99.875576,18.239681 99.875539,18.239899 99.875526,18.240111 99.875543,18.240357 99.87557,18.24053 99.875879,18.241683 99.875921,18.241909 99.875947,18.242121 99.875955,18.242366 99.875934,18.242608 99.875882,18.242898 99.875806,18.243163 99.875404,18.243998 99.875296,18.244265 99.875232,18.244489 99.875213,18.244664 99.875201,18.244889 99.875219,18.245101 99.875271,18.245312 99.875367,18.245588 99.8756,18.246196 99.875664,18.246438 99.875714,18.246787 99.875734,18.24709 99.875725,18.247958 99.87576,18.24834 99.875822,18.248705 99.875905,18.249036 99.876247,18.250029 99.876304,18.250313 99.876308,18.250546 99.876285,18.250774 99.876183,18.251095 99.875913,18.251747 99.87581,18.252076 99.875783,18.252341 99.875786,18.252685 99.875848,18.25297 99.875955,18.253256 99.876091,18.253514 99.876276,18.253712 99.876724,18.254236 99.876907,18.254512 99.877022,18.254811 99.877083,18.255134 99.877077,18.255466 99.877024,18.255782 99.876838,18.256467 99.876769,18.256793 99.876737,18.25714 99.876751,18.257521 99.876814,18.257866 99.876886,18.258144 99.877007,18.258399 99.878019,18.260011 99.878355,18.260506 99.879232,18.261707 99.879378,18.261961 99.87948,18.262178 99.879542,18.262374 99.879576,18.262557 99.879586,18.262751 99.879569,18.262932 99.879533,18.263073 99.879468,18.263245 99.879394,18.263409 99.879283,18.263602 99.879184,18.26374 99.879088,18.263851 99.878921,18.264007 99.878762,18.264167 99.878606,18.264308 99.877245,18.265465 99.877067,18.265587 99.876822,18.265723 99.876629,18.265808 99.87588,18.266095 99.875656,18.2662 99.87546,18.266316 99.875308,18.266435 99.875161,18.266571 99.875017,18.266775 99.874889,18.266969 99.874677,18.267318 99.87452,18.26759 99.87442,18.267715 99.874253,18.267883 99.873537,18.2684 99.873339,18.268515 99.873121,18.268606 99.872871,18.268685 99.872622,18.268712 99.872316,18.268705 99.872015,18.268635 99.870752,18.268139 99.870506,18.268078 99.870291,18.268059 99.870069,18.268084 99.869864,18.268142 99.869648,18.268232 99.869458,18.268338 99.869299,18.268454 99.869168,18.268566 99.86903,18.268714 99.868878,18.268901 99.868166,18.269859 99.867996,18.270128 99.867836,18.270406 99.867616,18.270965 99.867435,18.271597 99.86735,18.271825 99.867231,18.272053 99.867046,18.272331 99.866608,18.272842 99.86551,18.273953 99.865327,18.274167 99.865176,18.274385 99.865067,18.274578 99.864981,18.274799 99.864914,18.275089 99.864845,18.275658 99.864787,18.275907 99.864715,18.276092 99.864612,18.276277 99.864485,18.276476 99.864373,18.276601 99.864232,18.276731 99.863425,18.277345 99.863279,18.277502 99.863142,18.277712 99.863058,18.277872 99.862996,18.278061 99.86295,18.278226 99.862939,18.278416 99.86294,18.27858 99.862961,18.278771 99.863054,18.279073 99.863132,18.279236 99.863243,18.279408 99.863516,18.279744 99.865488,18.282227 99.865888,18.282783 99.865967,18.282915 99.866045,18.283051 99.866214,18.283395 99.866318,18.28363 99.866436,18.283951 99.866735,18.285015 99.866802,18.285206 99.866881,18.285374 99.866957,18.285511 99.867044,18.285648 99.867298,18.286013 99.867396,18.286169 99.867478,18.286322 99.86758,18.286579 99.867614,18.286711 99.867641,18.286864 99.867653,18.287053 99.867649,18.287205 99.86763,18.287391 99.867599,18.287545 99.86756,18.287698 99.867298,18.288424 99.867228,18.288629 99.867177,18.288814 99.867107,18.289189 99.866911,18.290568 99.866892,18.29077 99.866887,18.291095 99.866904,18.291281 99.867056,18.292224 99.867075,18.292382 99.867077,18.29253 99.867058,18.292694 99.867027,18.292846 99.866987,18.292977 99.866947,18.293079 99.86689,18.293196 99.866816,18.293324 99.866485,18.29383 99.866356,18.294008 99.866274,18.294099 99.866153,18.294221 99.866034,18.294323 99.865939,18.294391 99.865205,18.294829 99.865035,18.294944 99.86488,18.295085 99.864777,18.295194 99.864693,18.295303 99.864568,18.29549 99.864453,18.295703 99.863801,18.297281 99.863687,18.297486 99.863549,18.297671 99.863406,18.297826 99.86327,18.297931 99.863097,18.298037 99.862566,18.298336 99.862247,18.298496 99.862043,18.29859 99.861841,18.298671 99.861497,18.298766 99.86134,18.298796 99.861151,18.298824 99.860971,18.298837 99.858328,18.298928 99.856938,18.29897 99.856434,18.298985 99.856113,18.298987 99.855769,18.29897 99.855421,18.298944 99.854178,18.29878 99.853848,18.298744 99.853547,18.298715 99.852969,18.298705 99.852602,18.298734 99.852304,18.298769 99.851982,18.298818 99.851651,18.298887 99.851308,18.298983 99.851013,18.299097 99.850765,18.299211 99.850449,18.299369 99.850093,18.299581 99.848745,18.300478 99.848524,18.300611 99.848231,18.300806 99.847834,18.301028 99.847445,18.301201 99.847099,18.301345 99.846721,18.301456 99.845953,18.301661 99.845594,18.301769 99.845282,18.301881 99.845007,18.301992 99.844777,18.302114 99.843882,18.302631 99.843345,18.302934 99.843101,18.303041 99.84281,18.303144 99.84237,18.303262 99.842131,18.303309 99.84192,18.303332 99.841571,18.303359 99.841359,18.303357 99.841133,18.303344 99.8409,18.303318 99.840696,18.303281 99.840488,18.303231 99.84024,18.303157 99.84003,18.303082 99.839838,18.303003 99.839623,18.302898 99.839436,18.302785 99.838416,18.302209 99.83816,18.302073 99.83798,18.301987 99.837722,18.301878 99.837445,18.301782 99.837192,18.301713 99.836787,18.301627 99.836562,18.301596 99.836283,18.301569 99.836002,18.301559 99.835715,18.301565 99.834697,18.301616 99.834323,18.301625 99.834005,18.301623 99.833761,18.301612 99.833527,18.30159 99.833241,18.301548 99.832967,18.301498 99.832704,18.301429 99.832303,18.3013 99.832115,18.301233 99.831734,18.301079 99.830649,18.300574 99.83034,18.300418 99.829835,18.300124 99.829618,18.29995 99.829365,18.29976 99.8279,18.29842 99.827728,18.298289 99.827521,18.298143 99.827263,18.29798 99.827045,18.297858 99.826743,18.297713 99.826512,18.297612 99.826279,18.29753 99.825213,18.297229 99.824642,18.297087 99.824254,18.296961 99.823852,18.296814 99.823341,18.296603 99.822992,18.296424 99.822656,18.296241 99.822312,18.296021 99.821792,18.295628 99.821582,18.295439 99.820316,18.294228 99.820036,18.293991 99.81905,18.29324 99.818701,18.292961 99.818353,18.292676 99.818073,18.292427 99.817805,18.292146 99.817547,18.29183 99.817051,18.291196 99.816813,18.290827 99.816537,18.290326 99.814976,18.286499 99.81415,18.284589 99.813446,18.283092 99.813081,18.282393 99.812849,18.281987 99.812717,18.28177 99.812359,18.281264 99.811994,18.280817 99.811734,18.280521 99.811562,18.280338 99.81132,18.280095 99.811068,18.279865 99.810643,18.279496 99.810425,18.279333 99.808668,18.278144 99.808314,18.277925 99.808012,18.277777 99.807742,18.277672 99.807406,18.27757 99.807056,18.277508 99.806704,18.277474 99.806311,18.277471 99.802694,18.277644 99.802489,18.277646 99.802318,18.277645 99.800624,18.27756 99.800395,18.277557 99.798278,18.277583 99.798054,18.277579 99.797839,18.277565 99.797683,18.277548 99.797482,18.277517 99.797289,18.277479 99.797074,18.27742 99.796833,18.277342 99.79654,18.277236 99.790901,18.274796 99.790337,18.274541 99.788995,18.273968 99.788683,18.273804 99.788556,18.273737 99.785041,18.272187 99.784528,18.272033 99.783459,18.27157 99.777639,18.269047 99.777302,18.268914 99.77692,18.268795 99.776489,18.268691 99.776066,18.268614 99.766983,18.267165 99.766402,18.267087 99.765841,18.267049 99.765248,18.267029 99.761578,18.267026 99.752961,18.267033 99.752572,18.267019 99.752253,18.26699 99.751892,18.266934 99.75162,18.266861 99.75128,18.26675 99.750935,18.266599 99.750643,18.266434 99.750307,18.266191 99.750006,18.265917 99.749067,18.264921 99.748796,18.264655 99.748429,18.264329 99.748107,18.26412 99.747738,18.263934 99.747369,18.263783 99.74703,18.263671 99.746645,18.263589 99.746271,18.263561 99.745881,18.263563 99.745424,18.263604 99.744971,18.263712 99.738412,18.265458 99.738025,18.26554 99.737636,18.265605 99.737241,18.265657 99.736831,18.265681 99.736398,18.265683 99.723982,18.265173 99.723528,18.26516 99.723141,18.26517 99.722747,18.265209 99.722315,18.265282 99.718963,18.265975 99.718415,18.266074 99.718088,18.266106 99.717774,18.266108 99.717437,18.266089 99.716068,18.265973 99.713036,18.265677 99.711536,18.265516 99.71121,18.26547 99.711027,18.265417 99.710716,18.265304 99.710384,18.265119 99.710231,18.26502 99.710097,18.264916 99.709932,18.264767 99.709693,18.264501 99.709551,18.264294 99.708909,18.263229 99.708663,18.262887 99.708367,18.262557 99.707962,18.262282 99.707912,18.262238 99.706301,18.260831 99.705215,18.2599 99.705084,18.259765 99.704924,18.259581 99.704552,18.25926 99.704356,18.259082 99.704198,18.258915 99.704046,18.258741 99.703767,18.258385 99.70332,18.257744 99.702959,18.257204 99.702637,18.256653 99.702538,18.256458 99.702225,18.2558 99.70214,18.25561 99.702037,18.255404 99.701869,18.255159 99.701707,18.254955 99.701513,18.254754 99.701278,18.25455 99.701007,18.254395 99.70078,18.254279 99.700518,18.254187 99.698692,18.253727 99.698434,18.253679 99.698189,18.253655 99.697374,18.253629 99.696898,18.253597 99.696473,18.253532 99.696103,18.25343 99.695331,18.253194 99.694921,18.253087 99.694678,18.253056 99.694375,18.25304 99.694062,18.253058 99.693747,18.253115 99.693449,18.253183 99.690508,18.254042 99.688618,18.254601 99.68818,18.254721 99.687685,18.25483 99.687231,18.254906 99.68681,18.254966 99.686434,18.254992 99.686083,18.255022 99.685644,18.25503 99.685245,18.255007 99.684887,18.254974 99.67327,18.253592 99.672786,18.253538 99.67243,18.253521 99.672028,18.253516 99.671587,18.253536 99.671188,18.253567 99.670718,18.25362 99.670309,18.253683 99.659941,18.255462 99.659111,18.255612 99.657472,18.2559 99.640422,18.258927 99.63575,18.259631 99.635304,18.259692 99.634791,18.259759 99.634243,18.259803 99.633651,18.259817 99.633151,18.259796 99.632651,18.259745 99.63217,18.25968 99.63163,18.259571 99.631145,18.259454 99.630673,18.259312 99.630192,18.259138 99.629751,18.258947 99.629295,18.258719 99.620112,18.254008 99.61955,18.25371 99.618977,18.253376 99.61829,18.252917 99.613416,18.249484 99.612743,18.249039 99.612084,18.248666 99.608182,18.246681 99.607824,18.246516 99.607453,18.246364 99.602004,18.2446 99.600452,18.244082 99.599982,18.243898 99.599613,18.243706 99.599062,18.243369 99.59883,18.243189 99.598627,18.243004 99.5984,18.242768 99.597637,18.241762 99.597306,18.241244 99.596156,18.239157 99.595943,18.23872 99.595351,18.237477 99.594048,18.234819 99.593866,18.234434 99.593688,18.234113 99.593349,18.233607 99.593002,18.233107 99.5876,18.225784 99.579648,18.214912 99.579519,18.214748 99.579179,18.214426 99.578976,18.21428 99.578724,18.214124 99.57848,18.213994 99.578233,18.213878 99.577935,18.213788 99.57759,18.213727 99.577221,18.213684 99.575234,18.213628 99.574892,18.213598 99.574504,18.213534 99.574176,18.213467 99.573886,18.213389 99.573549,18.213273 99.573236,18.213152 99.572898,18.212993 99.572328,18.212645 99.57209,18.212482 99.571854,18.212292 99.570919,18.211458 99.57054,18.211142 99.570009,18.210763 99.569587,18.210513 99.569143,18.210283 99.568859,18.210161 99.56698,18.209502 99.565359,18.208933 99.564899,18.20872 99.564357,18.20843 99.564138,18.208293 99.56391,18.208132 99.563648,18.207936 99.563349,18.207698 99.562933,18.207301 99.562533,18.206876 99.562311,18.20661 99.560561,18.20411 99.5597,18.202898 99.558911,18.201773 99.558532,18.201336 99.558251,18.201087 99.558117,18.200986 99.556689,18.199948 99.556211,18.199614 99.555854,18.199361 99.555696,18.19926 99.555538,18.199169 99.555179,18.199014 99.555006,18.198948 99.544626,18.195627 99.544412,18.195567 99.544205,18.19552 99.543785,18.195456 99.538262,18.195028 99.537917,18.195033 99.53769,18.195047 99.537421,18.195084 99.537171,18.195149 99.536925,18.195245 99.536703,18.195349 99.536453,18.195485 99.53625,18.195652 99.536034,18.195857 99.534596,18.197516 99.534459,18.197704 99.534355,18.197898 99.534217,18.198217 99.534161,18.198398 99.534113,18.198601 99.534079,18.198784 99.534065,18.198952 99.534062,18.199115 99.5341,18.199863 99.534101,18.200168 99.534068,18.2005 99.53402,18.200772 99.533726,18.202172 99.533683,18.202354 99.533617,18.202559 99.533415,18.203037 99.533316,18.203228 99.533183,18.203432 99.533107,18.203537 99.532943,18.203735 99.53278,18.203913 99.532397,18.204261 99.531987,18.204556 99.531546,18.204854 99.528047,18.207236 99.527589,18.207583 99.527164,18.207938 99.526791,18.208297 99.526425,18.208721 99.526015,18.209268 99.521878,18.214875 99.513626,18.226203 99.50644,18.236086 99.501793,18.242475 99.501566,18.242865 99.499454,18.245766 99.499161,18.246094 99.497746,18.248044 99.492109,18.255813 99.482538,18.269019 99.477145,18.276347 99.47665,18.277006 99.476378,18.277314 99.476146,18.277532 99.47591,18.27773 99.475522,18.277989 99.475184,18.278186 99.474457,18.278589 99.472681,18.279585 99.470932,18.280521 99.470009,18.28105 99.469907,18.281105 99.469536,18.281302 99.469472,18.281337 99.465124,18.283724 99.462581,18.285149 99.462291,18.285321 99.461212,18.285938 99.45018,18.292042 99.4432,18.295865 99.44318,18.295876 99.43604,18.299789 99.433244,18.301328 99.428465,18.30394 99.427262,18.304588 99.411841,18.31305 99.409582,18.314289 99.383906,18.328328 99.371629,18.335068 99.370617,18.335589 99.370187,18.335827 99.369561,18.336169 99.367751,18.337169 99.366809,18.33769 99.366336,18.337968 99.359649,18.341702 99.356838,18.343288 99.356465,18.343523 99.35615,18.343769 99.355337,18.344476 99.355229,18.344583 99.355146,18.344673 99.353234,18.346594 99.348153,18.351822 99.347097,18.352907 99.33313,18.367114 99.332756,18.367403 99.33232,18.367733 99.331737,18.368019 99.330638,18.368349 99.327635,18.369205 99.327143,18.369382 99.325603,18.369835 99.325308,18.369929 99.32496,18.370062 99.324839,18.370115 99.323871,18.370614 99.323633,18.37071 99.323213,18.370933 99.322952,18.37112 99.322767,18.371292 99.322548,18.371572 99.322408,18.371822 99.322094,18.372496 99.321968,18.372729 99.321487,18.373447 99.321289,18.373717 99.321137,18.373875 99.320945,18.374047 99.320735,18.374219 99.320436,18.374337 99.320171,18.374407 99.319029,18.374553 99.318812,18.374594 99.318558,18.374687 99.31796,18.374958 99.3178,18.375027 99.317614,18.375086 99.316791,18.375257 99.316543,18.375328 99.316343,18.3754 99.315588,18.375723 99.315225,18.37582 99.314908,18.375828 99.314609,18.375777 99.313087,18.375369 99.312667,18.375227 99.312375,18.37518 99.312085,18.375191 99.311811,18.375235 99.311539,18.375325 99.3113,18.375464 99.311098,18.375609 99.310919,18.375797 99.310782,18.375989 99.310665,18.376217 99.310516,18.376781 99.310365,18.377153 99.31021,18.377404 99.31,18.377678 99.308586,18.379164 99.308288,18.379412 99.307872,18.379683 99.307522,18.379853 99.307188,18.379943 99.306768,18.380018 99.306404,18.380025 99.306057,18.379991 99.305599,18.37989 99.305282,18.379756 99.304959,18.37959 99.304662,18.379383 99.304411,18.379162 99.304122,18.378835 99.303898,18.378445 99.302763,18.376019 99.302624,18.375757 99.30244,18.375488 99.302245,18.375254 99.302007,18.375013 99.301609,18.374686 99.301228,18.374456 99.29678,18.372038 99.296531,18.371873 99.296317,18.371707 99.296085,18.371476 99.295497,18.370794 99.29503,18.370252 99.294769,18.370038 99.294433,18.369792 99.29408,18.369638 99.293672,18.369513 99.293264,18.36946 99.292419,18.369491 99.292055,18.369479 99.29172,18.369432 99.291396,18.369359 99.291099,18.369256 99.290742,18.369106 99.290453,18.36891 99.290209,18.368685 99.289941,18.368379 99.289773,18.368122 99.289204,18.367041 99.288675,18.365884 99.288505,18.365623 99.288288,18.365402 99.288021,18.365211 99.287718,18.365081 99.287343,18.365004 99.287008,18.364958 99.28671,18.364974 99.286438,18.365042 99.286175,18.365129 99.285946,18.365268 99.285742,18.365416 99.285513,18.365653 99.285332,18.365909 99.284503,18.367301 99.284344,18.36752 99.284177,18.367719 99.283943,18.367917 99.283665,18.368092 99.283357,18.368261 99.282011,18.368862 99.281698,18.369083 99.280535,18.370014 99.276308,18.373176 99.276085,18.373407 99.275806,18.373774 99.275607,18.37415 99.275485,18.374479 99.275206,18.375269 99.275096,18.375604 99.274987,18.375848 99.274405,18.377054 99.274269,18.37737 99.274168,18.377704 99.274119,18.37804 99.274107,18.37838 99.274162,18.378757 99.274421,18.379967 99.274442,18.380315 99.27442,18.380668 99.274348,18.381029 99.274253,18.381302 99.274111,18.381583 99.273885,18.381899 99.272859,18.383062 99.272589,18.383322 99.272292,18.383541 99.271503,18.383954 99.271093,18.384156 99.270542,18.384547 99.27036,18.384725 99.269621,18.385526 99.269415,18.385731 99.268096,18.386769 99.267762,18.387105 99.267513,18.387406 99.265979,18.389499 99.265772,18.389923 99.265619,18.390336 99.265575,18.390685 99.265562,18.391071 99.265971,18.394594 99.266109,18.395233 99.266774,18.39694 99.266875,18.397322 99.266906,18.397876 99.266843,18.398299 99.266714,18.398714 99.264704,18.402658 99.264574,18.402913 99.264446,18.403101 99.264327,18.403249 99.264166,18.403402 99.263944,18.403553 99.263728,18.403662 99.263004,18.403941 99.26261,18.404099 99.26241,18.404226 99.262251,18.404402 99.262106,18.404587 99.261997,18.4048 99.261903,18.405009 99.261858,18.405232 99.26183,18.405464 99.261877,18.406152 99.261891,18.406349 99.261914,18.40665 99.261982,18.407286 99.262039,18.407578 99.262113,18.407829 99.262233,18.40811 99.262434,18.408429 99.263314,18.409554 99.263468,18.409809 99.263566,18.41003 99.263671,18.410368 99.263736,18.41069 99.263862,18.411678 99.263926,18.412073 99.264027,18.412433 99.264775,18.414016 99.264908,18.4144 99.264976,18.414727 99.265022,18.415083 99.26504,18.41523 99.265061,18.415556 99.265051,18.415848 99.265014,18.416187 99.264903,18.416677 99.264783,18.417024 99.264571,18.417497 99.263849,18.418787 99.263704,18.419196 99.263642,18.41959 99.26362,18.419975 99.263682,18.420328 99.263861,18.420847 99.265068,18.423098 99.265221,18.423503 99.265279,18.423828 99.265312,18.424249 99.265263,18.425431 99.265293,18.425672 99.265424,18.426198 99.265483,18.426417 99.265975,18.428046 99.266051,18.428259 99.266151,18.428462 99.266254,18.428653 99.267206,18.430184 99.267258,18.430303 99.267299,18.430441 99.267322,18.430576 99.267335,18.430708 99.267329,18.430835 99.267309,18.430959 99.267244,18.431217 99.267052,18.431642 99.26644,18.432466 99.266314,18.43271 99.266212,18.432973 99.266191,18.433249 99.266236,18.43353 99.266727,18.434535 99.266949,18.43504 99.266999,18.435332 99.26698,18.435608 99.266939,18.435866 99.266845,18.436144 99.266337,18.436943 99.266183,18.437283 99.266122,18.437598 99.266133,18.437893 99.266182,18.438128 99.266276,18.438314 99.266855,18.439123 99.266964,18.439459 99.267014,18.439828 99.267006,18.440218 99.266918,18.44082 99.266841,18.44126 99.266761,18.442104 99.26667,18.442491 99.266613,18.442706 99.266504,18.442978 99.266179,18.443483 99.266047,18.443824 99.265942,18.444326 99.265934,18.4445 99.265877,18.445717 99.265838,18.446543 99.265832,18.446986 99.265874,18.447387 99.265956,18.447702 99.266399,18.448736 99.266481,18.449008 99.266525,18.449315 99.266616,18.450373 99.266619,18.450592 99.266521,18.451443 99.266515,18.451684 99.266527,18.451889 99.266668,18.453004 99.26668,18.453201 99.266675,18.453381 99.266433,18.454902 99.266301,18.456145 99.266241,18.456585 99.266203,18.456778 99.266152,18.456974 99.265896,18.457569 99.265754,18.457983 99.265717,18.458161 99.265698,18.458326 99.265689,18.458497 99.265716,18.459702 99.265734,18.460499 99.265686,18.460915 99.265558,18.461275 99.265329,18.461606 99.264441,18.462353 99.264208,18.46256 99.263956,18.462912 99.26386,18.463211 99.263737,18.46393 99.263607,18.464537 99.26338,18.465078 99.262905,18.465956 99.262737,18.466311 99.262675,18.466502 99.262622,18.466768 99.262622,18.467051 99.262754,18.468015 99.262772,18.468267 99.26273,18.468566 99.262466,18.469339 99.262425,18.469741 99.262488,18.470105 99.262654,18.470476 99.262851,18.470709 99.263117,18.470938 99.263888,18.471484 99.264191,18.471779 99.264301,18.471935 99.264432,18.472169 99.264522,18.472432 99.264553,18.472676 99.264588,18.473736 99.264622,18.47404 99.264736,18.474723 99.264742,18.474928 99.264709,18.475493 99.264731,18.475784 99.264797,18.476003 99.264881,18.476227 99.265112,18.477013 99.265199,18.477351 99.265185,18.477536 99.265119,18.477913 99.264706,18.479364 99.264622,18.480119 99.264607,18.480774 99.26463,18.481125 99.264741,18.481574 99.265337,18.483111 99.265388,18.483426 99.265382,18.483746 99.265332,18.483995 99.264883,18.484978 99.264756,18.485385 99.264719,18.485747 99.264759,18.486402 99.265462,18.498943 99.265474,18.499171 99.265444,18.49941 99.265428,18.499511 99.265413,18.499752 99.265397,18.49994 99.265386,18.500228 99.265394,18.500507 99.265446,18.500961 99.265509,18.501576 99.265612,18.501987 99.265682,18.502318 99.265708,18.502525 99.265728,18.502839 99.265731,18.503619 99.265693,18.504374 99.265631,18.504764 99.265504,18.505084 99.265227,18.505485 99.264477,18.506755 99.263919,18.508017 99.263725,18.508311 99.263507,18.508547 99.263232,18.50879 99.262415,18.509331 99.262142,18.509608 99.261983,18.50986 99.261859,18.510121 99.261795,18.510322 99.261757,18.510635 99.261779,18.511266 99.261859,18.512331 99.261828,18.512739 99.261762,18.513083 99.261598,18.513593 99.261397,18.514034 99.261086,18.514549 99.260802,18.514877 99.260486,18.515118 99.259923,18.515314 99.259381,18.515323 99.258919,18.515281 99.258463,18.51535 99.258049,18.515512 99.257739,18.515688 99.25716,18.5164 99.256462,18.517347 99.256243,18.517514 99.255963,18.517673 99.255701,18.517784 99.255377,18.517862 99.255031,18.51787 99.254678,18.517786 99.253287,18.517095 99.252921,18.516888 99.252556,18.516744 99.252117,18.516685 99.251008,18.516636 99.250455,18.516567 99.249847,18.516346 99.248479,18.515222 99.247796,18.515034 99.247251,18.515087 99.246388,18.515362 99.245946,18.515463 99.245422,18.515525 99.244942,18.51546 99.244425,18.515254 99.243893,18.514911 99.243476,18.514531 99.242869,18.513816 99.242311,18.513226 99.241918,18.513031 99.241474,18.512941 99.238255,18.512819 99.237694,18.512759 99.237225,18.512799 99.236767,18.512976 99.236474,18.513185 99.236254,18.513422 99.23611,18.513735 99.235981,18.514365 99.235744,18.514961 99.235505,18.515283 99.235162,18.51565 99.234402,18.51637 99.234047,18.516586 99.233685,18.516746 99.233182,18.51684 99.232698,18.516848 99.232236,18.516756 99.231754,18.516522 99.229136,18.514752 99.227677,18.513938 99.227338,18.513795 99.226903,18.513695 99.226351,18.513635 99.224716,18.513613 99.223908,18.513544 99.223552,18.51343 99.223371,18.513312 99.223158,18.513149 99.222915,18.512941 99.222619,18.512547 99.222012,18.511191 99.221733,18.510642 99.221376,18.510341 99.220961,18.510133 99.220495,18.509966 99.219995,18.509909 99.219473,18.50999 99.219051,18.510133 99.218443,18.510483 99.217655,18.510879 99.21694,18.511209 99.216548,18.511302 99.215918,18.511334 99.213191,18.510844 99.210342,18.510321 99.209683,18.510123 99.20921,18.509901 99.20869,18.509636 99.208135,18.509232 99.207261,18.508382 99.20633,18.507405 99.205461,18.506488 99.20332,18.504203 99.20137,18.502035 99.200345,18.501065 99.19996,18.500767 99.199224,18.500278 99.198595,18.49989 99.198214,18.49965 99.197663,18.499261 99.197153,18.498864 99.196779,18.498521 99.196306,18.498015 99.194477,18.495979 99.194041,18.495428 99.193633,18.494803 99.19317,18.494031 99.192585,18.493098 99.192318,18.492693 99.192056,18.492372 99.190961,18.491202 99.187731,18.48808 99.186726,18.487279 99.185641,18.486439 99.185415,18.486274 99.183694,18.48495 99.183176,18.484467 99.182744,18.483891 99.181691,18.482044 99.181278,18.481509 99.180973,18.481147 99.18069,18.480873 99.180322,18.480593 99.171546,18.475443 99.166789,18.473369 99.165295,18.472702 99.163763,18.47205 99.158183,18.469674 99.155261,18.468627 99.154513,18.468302 99.150148,18.466832 99.148729,18.466292 99.147753,18.465856 99.144773,18.4645 99.141148,18.462763 99.140821,18.462644 99.140346,18.462459 99.13916,18.461885 99.137523,18.461119 99.13729,18.460973 99.136981,18.46078 99.136492,18.460546 99.135356,18.460025 99.13213,18.458547 99.129143,18.457106 99.128349,18.456668 99.127639,18.456169 99.12712,18.455776 99.124082,18.453209 99.123431,18.452785 99.123004,18.452579 99.122386,18.452388 99.12182,18.452258 99.12119,18.452194 99.119559,18.452139 99.117529,18.45209 99.116547,18.452175 99.112966,18.452809 99.111368,18.453063 99.110757,18.453122 99.110323,18.453151 99.109779,18.453146 99.106194,18.452929 99.103653,18.452797 99.103221,18.452786 99.102813,18.4528 99.102368,18.452841 99.1019,18.4529 99.101484,18.452985 99.101078,18.45308 99.09164,18.455436 99.089798,18.455885 99.089458,18.455952 99.089139,18.456002 99.088718,18.456045 99.088324,18.45606 99.08798,18.456042 99.087528,18.456005 99.087125,18.455935 99.086696,18.45583 99.08631,18.455706 99.085833,18.455507 99.085494,18.45533 99.085207,18.45515 99.084865,18.454915 99.083423,18.453843 99.083134,18.453653 99.082873,18.453493 99.082646,18.453362 99.082432,18.453253 99.082137,18.453123 99.081894,18.453034 99.081569,18.452929 99.07774,18.45183 99.072835,18.450449 99.072242,18.450263 99.071983,18.450172 99.071475,18.449966 99.071095,18.449781 99.070803,18.449629 99.070572,18.449498 99.070367,18.449367 99.070097,18.449163 99.069792,18.448926 99.069173,18.448407 99.065515,18.445228 99.062312,18.442463 99.062087,18.442291 99.061848,18.442128 99.061402,18.441879 99.061198,18.441774 99.060991,18.441679 99.060731,18.441581 99.060495,18.441503 99.060296,18.441444 99.06002,18.441373 99.058188,18.441049 99.057855,18.441008 99.057537,18.440995 99.057203,18.440994 99.056866,18.441005 99.05651,18.441044 99.05611,18.441111 99.055798,18.441187 99.055623,18.441244 99.055229,18.441377 99.053847,18.441911 99.053694,18.441977 99.053505,18.442077 99.053365,18.44217 99.053186,18.44231 99.053072,18.442415 99.052968,18.442534 99.052876,18.442657 99.052789,18.442795 99.052672,18.443064 99.052634,18.44321 99.052608,18.44336 99.052594,18.443511 99.052589,18.443663 99.052599,18.443815 99.052626,18.443981 99.052662,18.444129 99.052703,18.444257 99.05277,18.444429 99.052838,18.444559 99.052941,18.444699 99.05308,18.444871 99.053885,18.445787 99.054038,18.445975 99.054235,18.446247 99.054515,18.446718 99.054603,18.446896 99.055647,18.44949 99.055832,18.449928 99.056036,18.450317 99.057004,18.451902 99.057129,18.452116 99.057303,18.45247 99.057369,18.452646 99.057576,18.453278 99.057638,18.453584 99.057688,18.453869 99.057727,18.454215 99.057737,18.454519 99.057742,18.454928 99.057711,18.457586 99.057702,18.457917 99.057681,18.458214 99.057651,18.458504 99.057343,18.460419 99.057313,18.460651 99.057114,18.462215 99.056654,18.465454 99.056614,18.465756 99.0564,18.470243 99.056396,18.470739 99.056435,18.471111 99.056493,18.471463 99.05656,18.471749 99.056657,18.47206 99.056805,18.47244 99.056981,18.472773 99.057179,18.473096 99.057435,18.473461 99.058478,18.475154 99.058642,18.475523 99.058756,18.475877 99.058841,18.47627 99.0589,18.476608 99.058939,18.476964 99.058953,18.477343 99.058948,18.477643 99.058912,18.478003 99.058562,18.480372 99.058561,18.480379 99.058356,18.481858 99.058326,18.482256 99.058328,18.482606 99.058348,18.482915 99.058389,18.483211 99.058444,18.483463 99.058516,18.483741 99.058599,18.483992 99.058698,18.484246 99.058819,18.484517 99.058975,18.484825 99.05953,18.485731 99.059698,18.486028 99.059845,18.486332 99.060109,18.487037 99.060204,18.487459 99.060273,18.487908 99.060293,18.488391 99.060272,18.488795 99.060228,18.489212 99.060143,18.489805 99.06011,18.490101 99.060101,18.490355 99.060105,18.490622 99.060125,18.490925 99.060418,18.493078 99.06043,18.493262 99.060434,18.493485 99.060406,18.494121 99.060377,18.494393 99.060273,18.494891 99.060166,18.495242 99.059799,18.496231 99.059596,18.496906 99.059541,18.497269 99.059511,18.497572 99.059487,18.498057 99.059488,18.498361 99.059497,18.498666 99.059552,18.499549 99.059546,18.500099 99.059495,18.500562 99.059437,18.500931 99.059367,18.501255 99.059249,18.501614 99.059113,18.501957 99.058939,18.502287 99.058768,18.502584 99.058555,18.502906 99.058298,18.503205 99.057982,18.503558 99.057678,18.503872 99.057421,18.504102 99.057173,18.504375 99.056871,18.504676 99.056691,18.504907 99.056464,18.505235 99.056238,18.505588 99.056063,18.505943 99.055926,18.506311 99.055804,18.506674 99.055733,18.506979 99.05568,18.507287 99.055641,18.507641 99.055471,18.51129 99.055361,18.5141 99.05532,18.514359 99.055251,18.514573 99.055145,18.514802 99.055021,18.51502 99.054765,18.515358 99.054609,18.515523 99.054445,18.515672 99.054158,18.515885 99.053219,18.516422 99.053017,18.516545 99.052736,18.516735 99.052516,18.516926 99.052323,18.517111 99.05217,18.51729 99.05206,18.517456 99.051949,18.517664 99.051846,18.517899 99.051784,18.518104 99.051726,18.518374 99.051701,18.518574 99.0517,18.518832 99.051714,18.519041 99.051746,18.519264 99.051803,18.51951 99.051865,18.519676 99.051938,18.519843 99.052392,18.520755 99.052596,18.521258 99.052665,18.521482 99.052783,18.522068 99.052836,18.522521 99.052865,18.522963 99.052809,18.526074 99.052796,18.52652 99.052772,18.526938 99.052724,18.527268 99.052612,18.527865 99.052481,18.528428 99.051688,18.531595 99.050013,18.538176 99.049839,18.538924 99.049068,18.541942 99.047746,18.547234 99.046209,18.553298 99.045931,18.554292 99.045742,18.554831 99.045509,18.555312 99.045235,18.555847 99.045015,18.556199 99.04464,18.556767 99.044331,18.557166 99.043928,18.557639 99.043451,18.558168 99.036899,18.564779 99.029439,18.572285 99.027431,18.574359 99.024132,18.577696 99.0238,18.578072 99.023524,18.57842 99.02321,18.578837 99.022877,18.57937 99.022468,18.580192 99.02231,18.58055 99.022093,18.581171 99.021998,18.581483 99.021914,18.581814 99.021852,18.582166 99.021811,18.582471 99.021701,18.583605 99.021677,18.583944 99.021638,18.584694 99.021558,18.585785 99.021506,18.586557 99.021404,18.588509 99.021205,18.591748 99.021215,18.591845 99.021157,18.592715 99.021183,18.593192 99.020992,18.596125 99.020897,18.596698 99.020875,18.597014 99.020883,18.597458 99.020911,18.59768 99.02096,18.597988 99.021044,18.598291 99.021139,18.598576 99.021298,18.598913 99.022471,18.601317 99.025133,18.606842 99.026025,18.608696 99.026111,18.608875 99.027373,18.611483 99.027494,18.611695 99.027932,18.61254 99.028382,18.613364 99.028881,18.614147 99.029798,18.615433 99.034404,18.621683 99.034923,18.622343 99.036739,18.624827 99.03906,18.627991 99.039296,18.628342 99.039466,18.628612 99.03963,18.628897 99.039765,18.629168 99.040004,18.629654 99.040091,18.629866 99.040195,18.630144 99.040284,18.630406 99.041865,18.636228 99.041921,18.636413 99.042122,18.637137 99.042249,18.637598 99.042363,18.63801 99.042867,18.639916 99.044171,18.6447 99.044279,18.645138 99.04435,18.645477 99.044414,18.645846 99.044468,18.64623 99.044488,18.646663 99.044499,18.647073 99.04449,18.647626 99.044487,18.647763 99.044486,18.648653 99.044483,18.64879 99.044488,18.649121 99.044496,18.650975 99.044452,18.674969 99.044469,18.677629 99.044485,18.67911 99.044524,18.679988 99.04458,18.680921 99.044735,18.683534 99.045026,18.687534 99.045393,18.69359 99.045708,18.698307 99.045751,18.69904 99.045757,18.69928 99.045744,18.699616 99.045724,18.699927 99.045686,18.700309 99.04563,18.700679 99.04557,18.701006 99.045388,18.701692 99.045275,18.702032 99.045112,18.702447 99.045001,18.702721 99.044036,18.704949 99.042862,18.707737 99.042536,18.708495 99.042168,18.709348 99.041803,18.710191 99.041439,18.711013 99.041195,18.711575 99.040801,18.712495 99.039202,18.716232 99.037677,18.71985 99.035532,18.724798 99.033987,18.728416 99.033113,18.730315 99.032293,18.732228 99.031679,18.733609 99.031039,18.735109 99.02991,18.737926 99.025969,18.747066 99.02553,18.748091 99.020926,18.758807 99.019768,18.761416 99.018986,18.763238 99.017918,18.765697 99.017797,18.76599 99.017703,18.766238 99.017565,18.766669 99.017509,18.766869 99.017409,18.767324 99.017367,18.767543 99.017316,18.767839 99.01729,18.768065 99.017259,18.768361 99.017249,18.768572 99.017219,18.770626 99.017187,18.776166 99.017182,18.777813 99.017164,18.778263 99.017101,18.778743 99.016984,18.779492 99.016923,18.779942 99.016905,18.780225 99.01688,18.783367</coordinates></LineString>
  </Placemark>
<Placemark id="20260410railwaymapofthailand__lines.2">
	<name>Sawankhalok</name>
	<Style><LineStyle><color>ff0000ff</color></LineStyle><PolyStyle><fill>0</fill></PolyStyle></Style>
	<ExtendedData><SchemaData schemaUrl="#20260410railwaymapofthailand__lines">
		<SimpleData name="tessellate">1</SimpleData>
		<SimpleData name="extrude">0</SimpleData>
		<SimpleData name="visibility">-1</SimpleData>
	</SchemaData></ExtendedData>
      <LineString><coordinates>100.082744,17.383272,58.5 100.082664,17.383132,58.5 100.082161,17.382271,59.75 100.081751,17.381626,59.75 100.081271,17.380959,58.75 100.080797,17.380453,58 100.079938,17.379685,57.5 100.079008,17.379172,56.75 100.078197,17.378917,59 100.077246,17.378761,58.25 100.075925,17.378785,58.25 100.072523,17.379021,59 100.071659,17.379091,58.25 100.070933,17.379057,57.25 100.069859,17.378893,57.75 100.068764,17.378525,56.75 100.067937,17.378021,56.5 100.067355,17.377582,56.75 100.066925,17.377087,56.25 100.066451,17.376403,57 100.066018,17.375489,57.75 100.065725,17.374534,57.75 100.065457,17.371385,56.25 100.065437,17.371199,56.5 100.065167,17.370269,58.25 100.064751,17.369401,58.25 100.064184,17.368686,57 100.063455,17.368075,56.75 100.05839,17.364691,56.5 100.057278,17.364016,57 100.055731,17.363267,56.75 100.054683,17.362999,56.5 100.05363,17.362839,56.5 100.052598,17.362837,56.5 100.050172,17.362818,55.5 100.048197,17.362921,55.75 100.04181,17.363091,56.5 100.040805,17.36302,56.5 100.040027,17.362894,56.5 100.039186,17.362692,55.75 100.038403,17.362415,55 100.037563,17.361994,55.75 100.030124,17.357749,58 100.029351,17.357345,59 100.028546,17.357031,59 100.026366,17.356512,57.75 100.025975,17.356425,57.5 100.023119,17.355791,59.75 100.011305,17.353295,58 100.002712,17.35148,58.25 100.002145,17.35136,58.75 99.993724,17.349576,56.5 99.986025,17.347914,60.25 99.985456,17.347795,60.5 99.983815,17.347452,59.5 99.983359,17.347357,60 99.982502,17.347178,59.75 99.980881,17.346839,58.5 99.98045,17.346749,57.75 99.964196,17.343316,56.75 99.955059,17.34137,55.75 99.954738,17.341305,55.5 99.943948,17.339118,56.75 99.939961,17.338698,56.25 99.937058,17.338392,56.25 99.922378,17.336834,59 99.922009,17.336793,59 99.91614,17.336276,59.75 99.908183,17.335571,59.25 99.904425,17.335145,60.75 99.891502,17.333923,61.75 99.885104,17.333223,61.5 99.875785,17.332265,65.25 99.872981,17.331972,64 99.872208,17.331892,64 99.871613,17.331778,64.75 99.870631,17.331482,64.25 99.868104,17.330636,63.75 99.863998,17.329193,65 99.863054,17.328866,66.5 99.862169,17.328555,65.25 99.85979,17.327722,63.5 99.858787,17.327466,64.25 99.857945,17.327274,63.5 99.856411,17.327024,62.5 99.84783,17.325753,59.75 99.842591,17.325036,62.75 99.841146,17.324742,63.25 99.839795,17.324351,64.25 99.83851,17.323718,65 99.837288,17.322893,65.25 99.836456,17.322102,65.25 99.835751,17.321185,66.5 99.835064,17.319888,66 99.834013,17.317978,66.25 99.833644,17.317256,66 99.832892,17.315794,65.5 99.832513,17.315049,65.75 99.832324,17.314684,66</coordinates></LineString>
  </Placemark>
<Placemark id="20260410railwaymapofthailand__lines.3">
	<name>Ubon Ratchathani</name>
	<Style><LineStyle><color>ff0000ff</color></LineStyle><PolyStyle><fill>0</fill></PolyStyle></Style>
	<ExtendedData><SchemaData schemaUrl="#20260410railwaymapofthailand__lines">
		<SimpleData name="tessellate">1</SimpleData>
		<SimpleData name="extrude">0</SimpleData>
		<SimpleData name="visibility">-1</SimpleData>
	</SchemaData></ExtendedData>
      <MultiGeometry><LineString><tessellate>1</tessellate><coordinates>100.541604,13.803723 100.541678,13.803905 100.542607,13.806194 100.542983,13.806898 100.543487,13.808161 100.543879,13.808894 100.543554,13.808137 100.543178,13.807124 100.542953,13.806493 100.543254,13.807103 100.54358,13.80783 100.543675,13.808089 100.543841,13.808463 100.54401,13.808843 100.544499,13.810127 100.54468,13.810647 100.544847,13.811204 100.544913,13.811467 100.54509,13.812311 100.545437,13.814189 100.545609,13.815022 100.545746,13.815529 100.546118,13.816651 100.546238,13.817244 100.546321,13.817664 100.546483,13.818551 100.546613,13.819159 100.546662,13.8195 100.546734,13.82013 100.546816,13.820457 100.546899,13.820747 100.547243,13.821894 100.550294,13.827581 100.550565,13.828095 100.550848,13.828697 100.550971,13.828998 100.551954,13.830855 100.552253,13.831491 100.553194,13.833364 100.554724,13.83625 100.55547,13.837634 100.555764,13.838175 100.555917,13.838473 100.556187,13.838898 100.556248,13.839013 100.556369,13.839288 100.556733,13.840111 100.556881,13.840395 100.557514,13.841586 100.558057,13.842575 100.561688,13.849358 100.5627,13.8512 100.563633,13.852809 100.565413,13.856039 100.566542,13.858294 100.567546,13.860199 100.568787,13.862486 100.570343,13.865185 100.572284,13.86875 100.573515,13.871054 100.575257,13.874176 100.57604,13.87556 100.578665,13.880319 100.580522,13.883773 100.581952,13.886306 100.586208,13.89403 100.588889,13.898649 100.589522,13.899767 100.590645,13.90191 100.592115,13.90455 100.592705,13.905538 100.593564,13.906982 100.594848,13.909257 100.596136,13.91154 100.596952,13.913023 100.597882,13.914684 100.598667,13.916086 100.599555,13.917555 100.600674,13.919759 100.601353,13.920978 100.604132,13.925919 100.606954,13.930944 100.607294,13.93161 100.607481,13.932019 100.607669,13.932467 100.607848,13.932936 100.608089,13.933688 100.60822,13.934166 100.608317,13.934533 100.60838,13.934836 100.608433,13.935131 100.608533,13.935747 100.608567,13.936001 100.608642,13.936664 100.608661,13.936918 100.60868,13.937423 100.608685,13.938036 100.608661,13.938489 100.608619,13.938966 100.608263,13.94194 100.607623,13.947041 100.60746,13.948339 100.607442,13.948472 100.607076,13.950773 100.606306,13.956937 100.605685,13.96199 100.603854,13.976798 100.603416,13.980439 100.603367,13.980825 100.602648,13.986546 100.602571,13.987414 100.60254,13.987796 100.60237,13.989172 100.602092,13.991422 100.602031,13.99192 100.601744,13.994234 100.601539,13.995949 100.60128,13.997776 100.59983,14.009274 100.599825,14.009884 100.599773,14.010448 100.599156,14.015249 100.598753,14.018467 100.59873,14.018657 100.598352,14.021784 100.597555,14.028123 100.597396,14.029113 100.597327,14.029491 100.594566,14.043095 100.594055,14.045612 100.593854,14.046661 100.593793,14.046954 100.593237,14.049766 100.591896,14.058275 100.591445,14.061155 100.591357,14.061723 100.588592,14.079527 100.586942,14.090115 100.586224,14.096098 100.586206,14.096235 100.585223,14.104635 100.584139,14.113696 100.583635,14.117984 100.583335,14.120457 100.58309,14.122656 100.582486,14.127591 100.582372,14.128586 100.58235,14.128782 100.582264,14.129559 100.582215,14.1301 100.581896,14.132664 100.581719,14.134112 100.581577,14.135366 100.581406,14.136758 100.581329,14.137479 100.580861,14.141563 100.579235,14.155069 100.578105,14.164687 100.577125,14.172894 100.577093,14.173296 100.577076,14.173612 100.577076,14.173955 100.577085,14.174771 100.577133,14.175543 100.577223,14.176245 100.577713,14.180338 100.577742,14.180593 100.57777,14.180885 100.577842,14.181515 100.577934,14.1823 100.577971,14.18259 100.57808,14.183875 100.578169,14.184267 100.578213,14.184531 100.578373,14.185853 100.578851,14.189791 100.578891,14.190234 100.578907,14.19064 100.578951,14.19112 100.578981,14.192016 100.579333,14.194868 100.580374,14.203699 100.580655,14.206381 100.581266,14.21161 100.581394,14.212663 100.581925,14.217341 100.581946,14.217467 100.582722,14.223938 100.582762,14.224272 100.58297,14.226007 100.583061,14.226901 100.583905,14.233961 100.583943,14.23426 100.584145,14.23596 100.5842,14.236417 100.584391,14.237379 100.584497,14.238254 100.58495,14.242109 100.585189,14.244067 100.585267,14.244722 100.585273,14.245058 100.585293,14.245504 100.585325,14.245772 100.585423,14.246577 100.585793,14.249547 100.587125,14.260841 100.587369,14.262736 100.588327,14.270803 100.588564,14.27271 100.588668,14.27367 100.589067,14.276967 100.589118,14.277457 100.589147,14.278032 100.589137,14.278351 100.589116,14.278668 100.589083,14.279002 100.588906,14.280378 100.588843,14.280921 100.588104,14.28728 100.588091,14.288085 100.586471,14.301945 100.586451,14.302115 100.585,14.31458 100.584323,14.320332 100.582862,14.332992 100.582847,14.33364 100.582873,14.334286 100.582913,14.334745 100.582985,14.335202 100.584206,14.340744 100.584273,14.341052 100.584793,14.343412 100.58493,14.344002 100.585039,14.344609 100.585077,14.344849 100.585106,14.345025 100.585139,14.345534 100.585101,14.346497 100.58508,14.346663 100.58504,14.34697 100.584855,14.347698 100.584742,14.348125 100.5837,14.352227 100.583614,14.352661 100.583413,14.353692 100.583353,14.35464 100.583341,14.354948 100.583338,14.355158 100.583287,14.356402 100.583276,14.356611 100.583267,14.356791 100.583257,14.356962 100.583237,14.357347 100.583223,14.357764 100.583222,14.357794 100.583244,14.358209 100.583127,14.360723 100.58313,14.361536 100.583195,14.36214 100.583365,14.362908 100.583436,14.363132 100.583533,14.363439 100.583794,14.364067 100.58404,14.36459 100.584255,14.365178 100.584469,14.365651 100.585121,14.367053 100.587075,14.370804 100.587344,14.371395 100.587556,14.371969 100.587722,14.372507 100.587832,14.372954 100.588019,14.373871 100.588547,14.376313 100.588766,14.377021 100.589081,14.377807 100.589376,14.378369 100.589725,14.37893 100.590146,14.379492 100.590629,14.380028 100.591077,14.380466 100.591614,14.380936 100.59226,14.381413 100.592914,14.381812 100.593454,14.382108 100.594935,14.382888 100.59696,14.383931 100.597196,14.384049 100.597502,14.384208 100.598114,14.384526 100.602005,14.386557 100.602923,14.387036 100.603654,14.387505 100.603885,14.387626 100.604178,14.387779 100.607727,14.389632 100.612219,14.391961 100.614279,14.393003 100.61452,14.393127 100.615089,14.393414 100.629174,14.40081 100.629698,14.401086 100.630434,14.401394 100.630924,14.401654 100.632139,14.402274 100.633628,14.403049 100.634095,14.403295 100.635985,14.404286 100.636631,14.404625 100.643791,14.408363 100.64611,14.409541 100.650404,14.411436 100.65125,14.411843 100.654305,14.413256 100.656824,14.414403 100.660052,14.415876 100.660144,14.415918 100.660337,14.416013 100.660429,14.416047 100.663483,14.417438 100.665263,14.418256 100.670457,14.420597 100.677554,14.423809 100.67854,14.424276 100.678959,14.424505 100.679416,14.424767 100.680925,14.42572 100.681517,14.426084 100.681868,14.426304 100.682736,14.426852 100.685589,14.428652 100.691231,14.432226 100.70775,14.442606 100.710751,14.444498 100.71261,14.445654 100.712812,14.445779 100.715003,14.447162 100.715538,14.447416 100.716464,14.448003 100.716985,14.448279 100.718809,14.449412 100.722231,14.451553 100.72285,14.451959 100.723015,14.452079 100.723539,14.452461 100.724682,14.453193 100.72507,14.45343 100.725484,14.453737 100.726116,14.454134 100.726329,14.454268 100.727126,14.454766 100.730458,14.45685 100.736331,14.460525 100.749394,14.468734 100.749494,14.468795 100.749972,14.469085 100.750059,14.469138 100.753997,14.471611 100.754289,14.471799 100.761175,14.476109 100.761572,14.476358 100.772411,14.483142 100.77797,14.486695 100.78206,14.48931 100.783746,14.490334 100.784439,14.490775 100.785436,14.49141 100.787405,14.492602 100.788274,14.493128 100.819895,14.513074 100.820518,14.513466 100.824755,14.516131 100.825754,14.516759 100.826731,14.517326 100.827206,14.517552 100.827899,14.517856 100.830108,14.518598 100.830819,14.518837 100.831334,14.518995 100.831879,14.519127 100.832428,14.519222 100.836868,14.519646 100.857245,14.521668 100.85754,14.521697 100.858624,14.521885 100.859066,14.521921 100.859496,14.52197 100.863285,14.522338 100.865134,14.522518 100.868822,14.522877 100.869368,14.52293 100.871301,14.52312 100.878615,14.523814 100.892872,14.52522 100.90788,14.526677 100.910606,14.526938 100.912901,14.52717 100.913027,14.527185 100.913424,14.527223 100.919016,14.527751 100.919524,14.527823 100.919968,14.527907 100.920343,14.528003 100.920718,14.528131 100.921051,14.528259 100.92155,14.528477 100.921887,14.528654 100.921946,14.528683 100.922139,14.528803 100.923032,14.529469 100.923435,14.529839 100.923813,14.53023 100.924404,14.530968 100.92477,14.531437 100.924935,14.531647 100.925573,14.532508 100.926315,14.533514 100.926681,14.533918 100.927127,14.534345 100.927597,14.53471 100.928153,14.535081 100.929486,14.535812 100.929926,14.536047 100.952427,14.548483 100.953872,14.549328 100.958607,14.551986 100.959176,14.552352 100.959775,14.552789 100.960128,14.553104 100.962799,14.555771 100.971821,14.564683 100.980276,14.573141 100.981229,14.574086 100.981642,14.574495 100.982242,14.575006 100.982735,14.57536 100.984007,14.576052 100.986644,14.577513 100.990089,14.579342 100.994027,14.581501 100.996783,14.582949 100.997677,14.583434 100.998384,14.583739 100.998528,14.583816 100.999248,14.584216 101.000812,14.585065 101.005335,14.58748 101.007113,14.588446 101.008361,14.589105 101.009089,14.589508 101.010548,14.59026 101.010954,14.590448 101.011527,14.590671 101.012195,14.590873 101.016404,14.591711 101.020395,14.592539 101.020977,14.592725 101.021564,14.592984 101.022092,14.593293 101.02298,14.593933 101.023776,14.594611 101.024372,14.595041 101.02495,14.595384 101.025638,14.595681 101.026252,14.595877 101.026821,14.59603 101.033494,14.597501 101.037616,14.598415 101.041487,14.599263 101.042205,14.599459 101.042745,14.599632 101.044178,14.600284 101.04643,14.6014 101.050401,14.60326 101.056201,14.605991 101.061229,14.608442 101.066511,14.610856 101.073894,14.614373 101.079082,14.616872 101.079484,14.617065 101.081852,14.6182 101.085698,14.620025 101.086105,14.620175 101.086676,14.620393 101.086867,14.620487 101.087724,14.620898 101.088387,14.621314 101.088736,14.621641 101.089105,14.622156 101.089327,14.622632 101.089579,14.623585 101.089902,14.624938 101.090135,14.625646 101.090311,14.626029 101.092225,14.628875 101.09347,14.631838 101.093572,14.632128 101.093802,14.632462 101.094063,14.632718 101.094576,14.6329 101.095474,14.632948 101.096926,14.632857 101.097446,14.632867 101.097968,14.632997 101.098437,14.63329 101.098778,14.63375 101.09897,14.634131 101.099129,14.63504 101.099313,14.635818 101.099356,14.63624 101.099308,14.636655 101.099073,14.637148 101.098679,14.63753 101.096896,14.638727 101.095706,14.639582 101.095308,14.64 101.095164,14.640258 101.095069,14.640557 101.095029,14.640882 101.095046,14.641215 101.095538,14.644723 101.095641,14.645136 101.095798,14.645456 101.095997,14.645729 101.096326,14.64598 101.096576,14.646097 101.096952,14.646211 101.097276,14.646244 101.097504,14.646233 101.097722,14.646177 101.097907,14.646088 101.098354,14.645818 101.098863,14.645554 101.10043,14.644682 101.100711,14.644504 101.101173,14.644196 101.101476,14.643974 101.101929,14.643581 101.102335,14.64325 101.102604,14.643013 101.103064,14.64261 101.103315,14.642412 101.103602,14.642245 101.103661,14.642222 101.103896,14.642153 101.104142,14.642128 101.104466,14.642116 101.104767,14.642197 101.105114,14.642354 101.106532,14.643356 101.10694,14.643588 101.107288,14.643715 101.108117,14.644078 101.108411,14.644261 101.108638,14.644423 101.108845,14.644669 101.108947,14.644873 101.109153,14.645308 101.110053,14.647368 101.11016,14.647648 101.11022,14.647911 101.110353,14.648609 101.110424,14.648887 101.110508,14.649099 101.110941,14.650018 101.111404,14.651175 101.111674,14.651633 101.111972,14.651939 101.112204,14.652117 101.112469,14.652263 101.112779,14.652382 101.113191,14.652436 101.113555,14.652443 101.113908,14.652364 101.114223,14.652226 101.11584,14.651374 101.116147,14.651242 101.116505,14.651148 101.117193,14.65095 101.117811,14.650671 101.11834,14.650386 101.118844,14.649961 101.119566,14.64913 101.119842,14.648881 101.120111,14.648702 101.120448,14.648568 101.120783,14.648517 101.121241,14.64854 101.121683,14.648649 101.123314,14.649638 101.123647,14.649895 101.123885,14.650114 101.12406,14.650335 101.124148,14.650485 101.124217,14.650672 101.124255,14.650853 101.124281,14.651028 101.124276,14.651263 101.124245,14.651513 101.123947,14.652939 101.12394,14.653152 101.123959,14.653347 101.123991,14.653544 101.124042,14.65373 101.124124,14.653918 101.124273,14.654149 101.124407,14.654324 101.124554,14.654466 101.124735,14.654602 101.125715,14.655227 101.126185,14.655579 101.126994,14.656244 101.127179,14.656431 101.127388,14.65666 101.127628,14.65699 101.127815,14.657319 101.128303,14.65851 101.128968,14.660238 101.12909,14.660487 101.129271,14.660758 101.129478,14.661023 101.129707,14.661233 101.130066,14.661501 101.130409,14.661677 101.131352,14.661978 101.131826,14.662129 101.132161,14.662254 101.132495,14.662422 101.132815,14.662645 101.13304,14.662841 101.133301,14.66311 101.133492,14.66336 101.135083,14.665694 101.135422,14.666193 101.135534,14.666333 101.135749,14.66656 101.136055,14.666789 101.136356,14.666945 101.13666,14.667064 101.137047,14.667173 101.138535,14.667525 101.138835,14.667642 101.139107,14.667798 101.139951,14.668558 101.140308,14.668804 101.140641,14.668909 101.14102,14.668982 101.142898,14.669112 101.14344,14.66911 101.143965,14.669021 101.145784,14.668492 101.146218,14.668325 101.146649,14.668073 101.147327,14.667654 101.147503,14.667593 101.147767,14.667562 101.147999,14.667584 101.14986,14.667984 101.150306,14.668004 101.150691,14.667945 101.150977,14.667838 101.151941,14.667358 101.152244,14.667247 101.152604,14.667212 101.157565,14.667453 101.157977,14.66746 101.158473,14.667437 101.158904,14.667387 101.159285,14.667316 101.159631,14.667225 101.169079,14.664879 101.169739,14.66479 101.170503,14.664788 101.171909,14.664974 101.172537,14.665007 101.173191,14.66496 101.173839,14.664845 101.174418,14.664662 101.175021,14.664392 101.189027,14.6557 101.192595,14.653424 101.193484,14.652878 101.194318,14.652504 101.195354,14.652172 101.199435,14.651282 101.200965,14.650955 101.202405,14.650642 101.203945,14.650315 101.204341,14.650227 101.205613,14.649937 101.20593,14.649847 101.206221,14.649732 101.206453,14.64961 101.206672,14.649469 101.206891,14.649306 101.20708,14.649119 101.207259,14.648912 101.207437,14.64864 101.207556,14.648427 101.207642,14.648187 101.207765,14.647672 101.207779,14.647401 101.207704,14.645528 101.207642,14.644176 101.207698,14.64355 101.207789,14.64314 101.207902,14.642782 101.208071,14.642343 101.208297,14.64194 101.208552,14.641609 101.209757,14.640301 101.210047,14.639927 101.210357,14.639433 101.211133,14.637811 101.211302,14.637513 101.21157,14.637207 101.211846,14.636999 101.21211,14.636862 101.212532,14.636782 101.212869,14.636785 101.213156,14.63683 101.213433,14.636961 101.213753,14.637197 101.213994,14.637473 101.214827,14.638822 101.214995,14.639157 101.215106,14.639456 101.215208,14.639833 101.215314,14.640322 101.215306,14.640852 101.214867,14.644662 101.214827,14.645253 101.214826,14.645741 101.214982,14.64621 101.21516,14.646589 101.215438,14.646923 101.215752,14.64717 101.216093,14.647411 101.216526,14.64755 101.217076,14.647625 101.217838,14.647543 101.21975,14.647165 101.220459,14.64707 101.220827,14.647097 101.221462,14.647255 101.22301,14.647974 101.224485,14.648699 101.22506,14.648908 101.225495,14.64903 101.225911,14.649092 101.226493,14.649143 101.227097,14.649146 101.227759,14.649055 101.236626,14.647533 101.238051,14.647403 101.239431,14.647377 101.249713,14.647822 101.250177,14.647887 101.253803,14.64804 101.25421,14.648016 101.263501,14.648418 101.274826,14.648952 101.276336,14.649065 101.278273,14.649382 101.294553,14.652502 101.29994,14.653498 101.301728,14.653831 101.313973,14.65611 101.314831,14.656333 101.315546,14.656592 101.322079,14.659283 101.322788,14.659542 101.332038,14.661767 101.332836,14.661935 101.333594,14.662032 101.334971,14.662045 101.335656,14.661972 101.336463,14.661813 101.33898,14.66112 101.347544,14.658763 101.348778,14.658423 101.349681,14.658328 101.350134,14.65836 101.350574,14.658447 101.351001,14.658588 101.351406,14.65878 101.352133,14.6593 101.352709,14.659983 101.353818,14.661965 101.354093,14.662327 101.354419,14.662633 101.354779,14.662885 101.356201,14.66375 101.356511,14.66398 101.357049,14.664537 101.357266,14.664855 101.357554,14.66556 101.357628,14.665928 101.357796,14.66778 101.35792,14.668132 101.358018,14.668485 101.358176,14.66881 101.358589,14.669392 101.359111,14.669877 101.359721,14.67025 101.360049,14.670388 101.360723,14.670558 101.362379,14.670783 101.363289,14.670985 101.369444,14.672893 101.372612,14.673846 101.373177,14.673981 101.37375,14.674101 101.374691,14.674386 101.375289,14.674622 101.375837,14.674824 101.376847,14.675091 101.377461,14.675177 101.378096,14.675229 101.383921,14.675105 101.387316,14.674988 101.387888,14.675017 101.388789,14.67517 101.389408,14.675372 101.390029,14.675663 101.391575,14.676537 101.394676,14.67829 101.395346,14.67874 101.395661,14.67901 101.396248,14.679645 101.397077,14.680897 101.398988,14.684424 101.406288,14.699337 101.4068,14.70034 101.407352,14.701116 101.407362,14.70113 101.408564,14.702588 101.410591,14.705048 101.411692,14.706415 101.412624,14.707573 101.412936,14.707961 101.418202,14.714678 101.423829,14.721697 101.426698,14.725205 101.429528,14.728682 101.432208,14.732031 101.434922,14.735485 101.43774,14.738984 101.439671,14.741371 101.440044,14.741938 101.440583,14.74282 101.440754,14.74312 101.441708,14.745195 101.444095,14.749856 101.445214,14.75218 101.445816,14.753243 101.446292,14.75394 101.446764,14.75454 101.447192,14.755031 101.447927,14.755758 101.448272,14.756084 101.448623,14.756378 101.455511,14.761742 101.457738,14.763423 101.471768,14.774336 101.475179,14.776993 101.476166,14.777837 101.476626,14.778292 101.477209,14.778928 101.477876,14.779775 101.478571,14.780858 101.479256,14.782178 101.479503,14.78276 101.479901,14.783943 101.480181,14.785145 101.480409,14.786975 101.481193,14.797412 101.481344,14.798642 101.481736,14.800462 101.482106,14.80165 101.482558,14.802813 101.485154,14.80851 101.485801,14.809625 101.486483,14.810595 101.487334,14.811468 101.488273,14.812213 101.488769,14.812533 101.489808,14.813065 101.493403,14.814439 101.500898,14.817302 101.502159,14.817703 101.503914,14.818048 101.505238,14.818172 101.514671,14.818248 101.515483,14.818338 101.516298,14.818502 101.517083,14.818735 101.517818,14.819022 101.518508,14.819355 101.519466,14.819933 101.520051,14.820382 101.520598,14.820888 101.521348,14.821722 101.526181,14.827547 101.526738,14.82811 101.527339,14.82862 101.528313,14.829272 101.529006,14.829602 101.535138,14.831885 101.536141,14.832375 101.536973,14.833097 101.537436,14.833682 101.538009,14.834653 101.538926,14.836677 101.539354,14.837733 101.539701,14.83843 101.540131,14.839082 101.540624,14.839655 101.541159,14.840167 101.541726,14.840598 101.544318,14.842531 101.548533,14.845675 101.549074,14.846008 101.549536,14.846385 101.550498,14.847383 101.551199,14.847953 101.551534,14.848302 101.552118,14.849093 101.552389,14.849517 101.552611,14.84997 101.552913,14.850945 101.553021,14.851933 101.552929,14.852895 101.552666,14.853793 101.552258,14.854593 101.550593,14.856643 101.550163,14.857273 101.549811,14.857945 101.549504,14.858658 101.549369,14.859022 101.549216,14.859742 101.549241,14.86113 101.549554,14.862705 101.549774,14.86409 101.549989,14.865052 101.550209,14.865783 101.550538,14.866558 101.550934,14.867267 101.551379,14.867895 101.551864,14.868425 101.552683,14.869178 101.555146,14.871265 101.561323,14.876502 101.562214,14.877047 101.562708,14.877248 101.563228,14.877388 101.563769,14.877472 101.564321,14.87749 101.564881,14.877438 101.565436,14.877322 101.565995,14.877145 101.56654,14.876886 101.567058,14.876591 101.567947,14.876065 101.56864,14.875665 101.571051,14.874274 101.573424,14.87288 101.580748,14.868619 101.589861,14.863234 101.590685,14.862826 101.591389,14.86254 101.592149,14.862341 101.593384,14.861995 101.594218,14.861794 101.595608,14.86146 101.596141,14.861331 101.59665,14.861208 101.597534,14.860996 101.599453,14.860532 101.610515,14.857862 101.615011,14.85677 101.615301,14.856728 101.616505,14.856555 101.617264,14.856536 101.618057,14.856578 101.618768,14.856681 101.620146,14.85703 101.620845,14.857302 101.625622,14.8596 101.632956,14.86313 101.636684,14.864925 101.641411,14.8672 101.643732,14.868326 101.645634,14.869243 101.646566,14.869699 101.657324,14.874958 101.668711,14.8804 101.671759,14.881859 101.673772,14.882823 101.674213,14.883034 101.682813,14.887167 101.685734,14.888596 101.686592,14.889019 101.687428,14.889355 101.687996,14.889551 101.688486,14.889698 101.688961,14.889808 101.689511,14.889895 101.690883,14.890033 101.716729,14.892647 101.717579,14.892741 101.718055,14.892787 101.718202,14.892814 101.718489,14.892865 101.718655,14.892886 101.722781,14.893288 101.722956,14.893297 101.723341,14.893295 101.72353,14.893314 101.73018,14.893988 101.745536,14.895576 101.758039,14.896812 101.760297,14.896928 101.762171,14.896995 101.763096,14.897088 101.766296,14.897214 101.769542,14.897386 101.770035,14.897423 101.772133,14.897525 101.774824,14.89767 101.780157,14.897979 101.781791,14.898132 101.788536,14.898436 101.78868,14.898441 101.788728,14.898442 101.792737,14.8987 101.796992,14.899007 101.810867,14.899725 101.811296,14.899739 101.811577,14.899763 101.814714,14.89992 101.816535,14.900025 101.817565,14.900085 101.820726,14.900193 101.834293,14.900873 101.848626,14.901623 101.858692,14.902089 101.859326,14.902154 101.863074,14.902731 101.878286,14.904985 101.878958,14.905089 101.882202,14.905555 101.884551,14.90591 101.886183,14.906148 101.895801,14.907575 101.900118,14.908225 101.903448,14.908694 101.904309,14.908839 101.90524,14.90902 101.905963,14.909181 101.906956,14.909466 101.907641,14.909711 101.909822,14.91061 101.934741,14.920352 101.935167,14.920529 101.935511,14.920697 101.94298,14.924482 101.943547,14.924753 101.944035,14.924962 101.948219,14.92671 101.950493,14.927632 101.952713,14.928588 101.956621,14.930242 101.958875,14.931196 101.961319,14.932224 101.981051,14.940517 101.985345,14.942262 101.991816,14.944991 101.992613,14.945316 101.996684,14.946896 102.000389,14.948401 102.003472,14.949782 102.00668,14.951096 102.00796,14.951542 102.009135,14.951902 102.012813,14.952966 102.021238,14.955409 102.021555,14.955467 102.022098,14.955627 102.022462,14.955704 102.025059,14.956455 102.025296,14.956557 102.025917,14.956747 102.026213,14.956861 102.026566,14.956965 102.041328,14.961264 102.043985,14.96203 102.050478,14.963917 102.056715,14.965742 102.060997,14.96699 102.063987,14.967844 102.066973,14.96871 102.067118,14.968752 102.069015,14.969299 102.073204,14.970523 102.074949,14.971032 102.081281,14.972869 102.081771,14.973 102.082117,14.973072 102.082659,14.973186 102.083114,14.973273 102.083244,14.973293 102.083386,14.973314 102.083618,14.973338 102.0837,14.973352 102.084213,14.973348 102.084536,14.973303 102.084873,14.973228 102.085255,14.973115 102.085585,14.972994 102.086818,14.97251 102.087322,14.97228 102.08786,14.971996 102.094381,14.968517 102.095418,14.967964 102.09565,14.967852 102.095979,14.967709 102.096343,14.96758 102.096676,14.967505 102.096899,14.967461 102.0972,14.967422 102.09755,14.967409 102.098011,14.967405 102.098367,14.967424 102.098923,14.967459 102.099564,14.967486 102.101904,14.967587 102.104942,14.967736 102.105421,14.967764 102.105921,14.967811 102.106161,14.96784 102.106761,14.967927 102.108368,14.968161 102.113335,14.968859 102.117609,14.969462 102.11955,14.969735 102.146249,14.973501 102.154394,14.974636 102.155172,14.974769 102.155434,14.974829 102.15617,14.975037 102.157074,14.975294 102.159349,14.975958 102.172647,14.979887 102.187374,14.984247 102.189225,14.98479 102.192971,14.985889 102.194452,14.986323 102.194546,14.986351 102.201508,14.988402 102.206392,14.989838 102.213054,14.991771 102.224283,14.995092 102.226229,14.995663 102.226759,14.995819 102.2405,14.999856 102.24513,15.001247 102.247099,15.001813 102.247638,15.001952 102.248164,15.002044 102.248758,15.002133 102.249413,15.002178 102.253831,15.002145 102.253907,15.002137 102.259069,15.00208 102.261327,15.002091 102.262725,15.00209 102.270925,15.001956 102.271742,15.001954 102.274393,15.001914 102.275904,15.001911 102.277409,15.001894 102.288393,15.001773 102.288864,15.00178 102.289401,15.001811 102.290092,15.001871 102.290707,15.001959 102.291254,15.002051 102.294514,15.002751 102.310273,15.005879 102.344971,15.012804 102.346735,15.013156 102.34957,15.013722 102.358486,15.015501 102.358896,15.01557 102.359435,15.015631 102.359959,15.015667 102.360477,15.015683 102.360989,15.015677 102.396828,15.013554 102.399547,15.013394 102.399821,15.01338 102.402954,15.013221 102.403412,15.013197 102.407271,15.012953 102.407913,15.012913 102.410426,15.012777 102.413128,15.012632 102.413629,15.012605 102.415981,15.012479 102.41705,15.012415 102.418645,15.012292 102.419658,15.01216 102.420549,15.011998 102.424473,15.011395 102.446295,15.007983 102.464797,15.005108 102.464919,15.005089 102.470802,15.004169 102.472833,15.003962 102.477956,15.003907 102.4848,15.003802 102.49448,15.003699 102.496622,15.003668 102.49706,15.003626 102.497441,15.00361 102.501155,15.003574 102.501432,15.003582 102.501957,15.003625 102.519499,15.003407 102.53129,15.003297 102.531499,15.003291 102.539436,15.00319 102.560999,15.002939 102.563015,15.002909 102.563486,15.002855 102.567865,15.002804 102.568294,15.002845 102.57113,15.002818 102.586842,15.002603 102.593194,15.002438 102.594919,15.002367 102.595068,15.002364 102.61088,15.001117 102.615338,15.00078 102.629157,14.999638 102.631516,14.999602 102.643874,14.999417 102.644297,14.999374 102.644562,14.999343 102.644798,14.999332 102.648148,14.999279 102.64842,14.999288 102.648737,14.999315 102.649279,14.999364 102.649957,14.999357 102.669411,14.999039 102.679711,14.998956 102.704549,14.998692 102.723876,14.99844 102.724925,14.998428 102.72546,14.998439 102.725995,14.99848 102.726527,14.998545 102.726962,14.998621 102.727449,14.99872 102.727915,14.998827 102.736736,15.001057 102.737002,15.001125 102.748374,15.004 102.753375,15.005254 102.755909,15.00589 102.758512,15.006547 102.785263,15.013303 102.797268,15.016306 102.803136,15.017775 102.811272,15.019839 102.811874,15.020001 102.825568,15.023465 102.826868,15.023794 102.829707,15.02451 102.832274,15.025163 102.833382,15.025444 102.84713,15.028905 102.851438,15.029969 102.855293,15.030958 102.85572,15.031046 102.856175,15.031123 102.856633,15.03118 102.857063,15.031205 102.857571,15.031205 102.858305,15.031215 102.858423,15.031216 102.881848,15.030931 102.883517,15.030914 102.902706,15.030675 102.910669,15.030569 102.913906,15.030526 102.916005,15.030518 102.916684,15.030515 102.918185,15.030494 102.918359,15.030488 102.93573,15.030304 102.972442,15.029821 102.976804,15.029749 102.97731,15.029721 102.977762,15.029667 102.978228,15.029595 102.981366,15.028961 102.981473,15.02894 102.9893,15.027353 102.991989,15.026808 102.99456,15.026286 102.996645,15.025863 103.001233,15.024987 103.01842,15.021422 103.021163,15.020876 103.023772,15.02035 103.024339,15.02024 103.04145,15.016815 103.055081,15.014079 103.084865,15.008005 103.100522,15.004804 103.104061,15.004113 103.104533,15.004011 103.10518,15.003884 103.10788,15.003326 103.107938,15.003314 103.110535,15.002822 103.112879,15.00231 103.116515,15.001581 103.118699,15.001137 103.121579,15.000458 103.125396,14.998975 103.141615,14.992408 103.145723,14.99074 103.164396,14.983159 103.182874,14.975647 103.186383,14.974224 103.186945,14.973938 103.19091,14.972331 103.191498,14.972149 103.193014,14.971535 103.204661,14.966847 103.226717,14.957869 103.242604,14.951383 103.251595,14.94778 103.271234,14.939756 103.295583,14.929793 103.300301,14.92791 103.300666,14.927707 103.300959,14.927544 103.301109,14.927476 103.30422,14.926219 103.304636,14.92609 103.305158,14.925944 103.305784,14.925696 103.307449,14.924964 103.308392,14.924584 103.334846,14.913879 103.337073,14.91295 103.3384,14.912551 103.33991,14.912214 103.344126,14.911637 103.361283,14.909088 103.363078,14.908817 103.366758,14.908273 103.369119,14.907894 103.389391,14.904878 103.399562,14.903334 103.400257,14.903234 103.409139,14.901911 103.41625,14.900835 103.420864,14.900138 103.421305,14.90012 103.421805,14.900087 103.424087,14.899751 103.424408,14.899661 103.424817,14.89956 103.425523,14.899458 103.426893,14.899276 103.430494,14.898715 103.438299,14.897578 103.441352,14.897129 103.444715,14.896619 103.445279,14.896557 103.445815,14.896527 103.446274,14.896529 103.44669,14.896553 103.44711,14.89659 103.450021,14.896952 103.450718,14.897031 103.451174,14.897079 103.454205,14.897409 103.454585,14.89743 103.454956,14.897429 103.455431,14.897403 103.4559,14.897346 103.457821,14.897077 103.462069,14.896424 103.465385,14.895894 103.4687,14.895387 103.470205,14.895191 103.475073,14.894386 103.478367,14.893966 103.481344,14.893515 103.484804,14.892961 103.489754,14.892204 103.491456,14.891943 103.494025,14.891563 103.496644,14.891159 103.498039,14.890936 103.498807,14.890837 103.499301,14.890799 103.499539,14.890786 103.499773,14.890781 103.508471,14.890674 103.508745,14.890672 103.514064,14.890622 103.524951,14.890555 103.534693,14.89041 103.550936,14.890286 103.560871,14.89014 103.573076,14.889985 103.574016,14.889978 103.576323,14.889949 103.579355,14.88991 103.590762,14.88985 103.600804,14.889684 103.615796,14.889524 103.641743,14.889248 103.642177,14.889258 103.642611,14.88928 103.643098,14.889329 103.643556,14.889408 103.643997,14.889503 103.644415,14.889617 103.644922,14.88978 103.645314,14.889933 103.645571,14.890033 103.651561,14.892369 103.652006,14.892544 103.655033,14.893736 103.657129,14.894562 103.657564,14.894733 103.670706,14.899891 103.676959,14.902345 103.677059,14.902384 103.693721,14.908922 103.723879,14.920722 103.724358,14.920912 103.726924,14.921916 103.729329,14.922856 103.737196,14.925953 103.743433,14.928438 103.745061,14.929068 103.748798,14.930512 103.759698,14.934783 103.770234,14.938888 103.771435,14.939344 103.782294,14.943611 103.783494,14.94408 103.783842,14.944216 103.784321,14.944459 103.784765,14.944675 103.78613,14.945213 103.78648,14.945306 103.788269,14.946014 103.788796,14.946161 103.789555,14.946453 103.795479,14.948786 103.806322,14.95299 103.810965,14.9548 103.815037,14.956385 103.817381,14.95732 103.829569,14.962083 103.837459,14.965189 103.837759,14.965318 103.838065,14.965461 103.844705,14.969102 103.850441,14.972195 103.850909,14.972455 103.853307,14.973751 103.855542,14.974958 103.856106,14.975285 103.862088,14.978532 103.869953,14.982869 103.879934,14.988319 103.887414,14.992371 103.895589,14.996848 103.900726,14.999617 103.913936,15.006817 103.924469,15.012494 103.936607,15.019109 103.938362,15.019976 103.938908,15.020153 103.942162,15.021545 103.942858,15.021892 103.944878,15.022776 103.955371,15.027231 103.955604,15.027331 103.965241,15.031438 103.975476,15.035845 103.984043,15.039478 103.984384,15.039623 103.988715,15.04146 103.992585,15.043114 104.006172,15.048912 104.007177,15.049308 104.014385,15.052383 104.015162,15.052718 104.01833,15.054055 104.018882,15.054288 104.021456,15.055374 104.022862,15.055989 104.027663,15.05806 104.03253,15.06012 104.037394,15.062178 104.050264,15.067634 104.056071,15.07011 104.078738,15.079751 104.092966,15.085836 104.094304,15.086394 104.106848,15.09174 104.124514,15.099209 104.125472,15.09963 104.13744,15.104724 104.137937,15.104935 104.140429,15.105996 104.142876,15.107039 104.143396,15.107261 104.149348,15.109821 104.167087,15.117309 104.173019,15.119844 104.180814,15.123147 104.184855,15.124871 104.187493,15.125995 104.188051,15.126207 104.188557,15.126386 104.189603,15.126732 104.190243,15.126925 104.190999,15.127131 104.191853,15.127329 104.192369,15.12744 104.193841,15.1277 104.194655,15.127809 104.195327,15.127875 104.196545,15.127971 104.198057,15.128007 104.198382,15.128002 104.199562,15.127957 104.206168,15.12747 104.210378,15.127096 104.218699,15.126475 104.221836,15.126183 104.224621,15.125957 104.227439,15.125729 104.227932,15.125689 104.246751,15.124235 104.257103,15.123415 104.270804,15.122312 104.284502,15.121226 104.287149,15.121048 104.290002,15.120821 104.306334,15.119522 104.307435,15.119383 104.3079,15.119313 104.30827,15.119242 104.308894,15.119083 104.315019,15.117271 104.315333,15.117205 104.315739,15.117143 104.316187,15.117089 104.317801,15.116973 104.319011,15.116886 104.320425,15.116815 104.322876,15.116656 104.324669,15.11652 104.325213,15.116434 104.327366,15.116294 104.328952,15.116192 104.329355,15.116216 104.329665,15.116198 104.333261,15.115954 104.336148,15.115739 104.336907,15.115617 104.341417,15.114662 104.341572,15.114626 104.345468,15.113798 104.353832,15.112038 104.361729,15.110322 104.366839,15.109194 104.367528,15.109049 104.369199,15.108702 104.373194,15.107832 104.377063,15.10705 104.377712,15.106943 104.377946,15.106916 104.378478,15.106884 104.381553,15.106876 104.393343,15.106914 104.393983,15.106916 104.415903,15.106947 104.425773,15.106968 104.433435,15.106994 104.435399,15.107012 104.435841,15.106964 104.437834,15.106975 104.440173,15.106987 104.440687,15.10703 104.444645,15.107034 104.470416,15.107061 104.482543,15.107086 104.500982,15.107142 104.502005,15.107148 104.504205,15.107152 104.507365,15.107157 104.531953,15.107201 104.532939,15.107195 104.548005,15.107257 104.567161,15.107282 104.575227,15.107268 104.575887,15.107268 104.576564,15.107325 104.580625,15.107332 104.581226,15.107269 104.586661,15.107271 104.591188,15.107291 104.600817,15.107335 104.609393,15.107323 104.617516,15.107316 104.621934,15.107311 104.62478,15.10729 104.64505,15.10733 104.653976,15.107831 104.671811,15.108841 104.6786,15.109243 104.680418,15.10935 104.681249,15.109399 104.686166,15.109696 104.686684,15.109772 104.690209,15.109963 104.690673,15.10996 104.691051,15.109984 104.692063,15.110036 104.692862,15.110157 104.693431,15.110286 104.694692,15.110608 104.711061,15.115286 104.721376,15.118246 104.722908,15.118686 104.734686,15.122068 104.735054,15.122188 104.735432,15.12233 104.735765,15.122474 104.736125,15.122654 104.736872,15.123057 104.744283,15.12735 104.744517,15.127486 104.748802,15.129968 104.756913,15.135097 104.767561,15.141971 104.774439,15.14647 104.780967,15.150684 104.783553,15.152335 104.787284,15.154693 104.789587,15.156183 104.791807,15.157619 104.792358,15.15797 104.797112,15.160941 104.8025,15.164536 104.810209,15.169477 104.811231,15.170178 104.811994,15.170651 104.813011,15.171296 104.818213,15.174679 104.82372,15.178213 104.826248,15.179863 104.833654,15.184654 104.835728,15.185973 104.837752,15.18729 104.837918,15.187398 104.839877,15.188637 104.840972,15.189313 104.842725,15.190461 104.844222,15.191427 104.845202,15.192078 104.845277,15.192124 104.846079,15.192646 104.846934,15.193169 104.847681,15.193662 104.85037,15.19541 104.852136,15.19657 104.85225,15.196643 104.85433,15.197981 104.855165,15.198511 104.855838,15.198932 104.858555,15.200672 104.858579,15.200688</coordinates></LineString><LineString><tessellate>1</tessellate><coordinates>101.094063,14.632718 101.093311,14.63409 101.093694,14.6372 101.09407,14.639175 101.094729,14.641449 101.095969,14.643837 101.097574,14.64562 101.100193,14.648012 101.103262,14.650441 101.105643,14.652133 101.108206,14.653674 101.129124,14.664247 101.130409,14.661677</coordinates></LineString></MultiGeometry>
  </Placemark>
<Placemark id="20260410railwaymapofthailand__lines.4">
	<name>Bua Yai - Thanon Chira</name>
	<Style><LineStyle><color>ff0000ff</color></LineStyle><PolyStyle><fill>0</fill></PolyStyle></Style>
	<ExtendedData><SchemaData schemaUrl="#20260410railwaymapofthailand__lines">
		<SimpleData name="tessellate">1</SimpleData>
		<SimpleData name="extrude">0</SimpleData>
		<SimpleData name="visibility">-1</SimpleData>
	</SchemaData></ExtendedData>
      <LineString><coordinates>102.428489,15.587463,173.75 102.428422,15.5874,173.75 102.427181,15.585904,174 102.425961,15.584454,172.5 102.425548,15.583869,172.25 102.424586,15.582689,171.5 102.424339,15.582364,171.75 102.424211,15.582185,171.75 102.423967,15.58187,171.75 102.423509,15.581215,171 102.422431,15.579518,168 102.421302,15.577786,165.75 102.415569,15.569155,163.5 102.415405,15.568907,164.5 102.411394,15.562805,170.25 102.396253,15.54006,168.75 102.395373,15.538837,168.5 102.37577,15.512678,171.5 102.366413,15.500193,171.5 102.360294,15.49124,172.25 102.352001,15.478765,180.25 102.337911,15.457778,178.75 102.337144,15.456558,176 102.331383,15.445325,180 102.331259,15.445115,180 102.331244,15.445088,181.25 102.328193,15.439338,181.25 102.325154,15.433583,182.25 102.321853,15.42708,180.25 102.321183,15.425288,178.75 102.320831,15.424015,175.25 102.312908,15.389146,177.5 102.312742,15.388416,177.5 102.311014,15.38081,178 102.304274,15.351425,170.25 102.301759,15.340353,169.5 102.301468,15.338613,165.75 102.297493,15.301915,171.75 102.296455,15.292358,168.5 102.295247,15.281216,167.25 102.292307,15.253886,161.75 102.289599,15.228713,164.75 102.289446,15.227607,167 102.289103,15.226048,165.75 102.288963,15.225601,165.75 102.288559,15.224382,164.25 102.288326,15.223816,164 102.288123,15.223323,163.75 102.287596,15.222267,161.5 102.286651,15.220717,162 102.285924,15.219715,161.75 102.284699,15.218268,162.25 102.277031,15.209668,163 102.263387,15.194198,162.75 102.257594,15.187607,164.25 102.256149,15.185971,163.5 102.255847,15.185629,163 102.250245,15.179284,166.25 102.248123,15.17689,167.75 102.234634,15.161582,172.5 102.234032,15.160874,170 102.22469,15.150302,170.25 102.218124,15.142834,167.75 102.216426,15.14092,172.5 102.21633,15.140811,172.5 102.211802,15.135673,170.25 102.206005,15.129089,172 102.199484,15.121706,171.75 102.192356,15.113618,171.25 102.191351,15.112496,169.5 102.190739,15.11163,171 102.190484,15.111247,171.5 102.190211,15.110782,172 102.189955,15.110302,173.75 102.189409,15.109205,174.25 102.188462,15.107257,173 102.186998,15.104243,172 102.186989,15.104224,172 102.185373,15.100896,171.5 102.184042,15.098174,172.75 102.183234,15.09652,174 102.182816,15.095696,174.75 102.182561,15.095141,175 102.182122,15.094142,175.5 102.18168,15.093141,175.5 102.181105,15.091743,171.75 102.18095,15.091383,172.25 102.180744,15.090922,173.5 102.180199,15.089769,175 102.171936,15.072872,173 102.151168,15.030241,176 102.151004,15.029901,175.75 102.138854,15.004853,178.25 102.138619,15.004384,177.75 102.138588,15.004323,177.75 102.138004,15.00311,176.75 102.13549,14.997968,176.5 102.130009,14.986731,176.75 102.128135,14.983094,176.25 102.128004,14.982823,176.5 102.128002,14.982819,177.25 102.124554,14.976236,0 102.119231,14.971325,177.25 102.119116,14.971254,177.5 102.118646,14.970977,177.5 102.118024,14.97064,177.75 102.11738,14.97033,178 102.116879,14.970099,178.5 102.116421,14.969901,179 102.115384,14.969515,179 102.114474,14.969232,179.75 102.113803,14.96906,179.5 102.112924,14.968877,179 102.112417,14.968784,179 102.11213,14.968739,179 102.109953,14.96843,178.25 102.108324,14.968202,179.75 102.107259,14.968055,181.5 102.106761,14.967927,181.75 102.108368,14.968161,179.75 102.111585,14.968613,179 102.108368,14.968161,179.75 102.106761,14.967927,181.75 102.106161,14.96784,181.5 102.105921,14.967811,181.5 102.105421,14.967764,182.25 102.104942,14.967736,183 102.104454,14.967669,183 102.103766,14.967597,182.75 102.101883,14.967501,183.75</coordinates></LineString>
  </Placemark>
<Placemark id="20260410railwaymapofthailand__lines.5">
	<name>Chuk Samet</name>
	<Style><LineStyle><color>ff0000ff</color></LineStyle><PolyStyle><fill>0</fill></PolyStyle></Style>
	<ExtendedData><SchemaData schemaUrl="#20260410railwaymapofthailand__lines">
		<SimpleData name="tessellate">1</SimpleData>
		<SimpleData name="extrude">0</SimpleData>
		<SimpleData name="visibility">-1</SimpleData>
	</SchemaData></ExtendedData>
      <LineString><coordinates>100.516727,13.739412,7.25 100.516821,13.740049,5.5 100.517105,13.741993,7.25 100.517132,13.742238,6.5 100.517155,13.742518,5.75 100.517139,13.74279,5.75 100.517098,13.74307,5.75 100.517101,13.743329,5.75 100.517125,13.743518,5.5 100.517201,13.743805,4.75 100.517236,13.74395,4.5 100.517298,13.744288,4.25 100.517394,13.744652,4 100.517499,13.74504,4 100.517547,13.745315,4.75 100.517742,13.746697,8.75 100.517787,13.747177,9.75 100.517786,13.747449,10.25 100.517788,13.747713,10.75 100.517781,13.747913,11 100.517793,13.748092,11.25 100.51781,13.748255,11.5 100.517902,13.748783,12.25 100.518025,13.749627,14 100.518172,13.750263,14.75 100.518345,13.750781,14 100.518501,13.751197,12.75 100.518558,13.751332,12.25 100.519053,13.752496,8.25 100.519174,13.752793,8.25 100.519617,13.7539,7.25 100.52033,13.755681,8 100.520404,13.755868,8 100.520615,13.756288,7.25 100.520857,13.756913,6 100.520884,13.756974,6 100.520917,13.757048,6 100.520988,13.757195,6 100.521028,13.757271,6 100.52117,13.757493,6 100.52127,13.757616,5.75 100.521517,13.757872,5.25 100.521667,13.758006,5.25 100.52184,13.758148,5.75 100.521947,13.758225,6.25 100.522082,13.758314,6.5 100.522497,13.758554,7.25 100.522704,13.758636,7 100.522876,13.758696,7 100.523104,13.758765,7.25 100.52348,13.758858,7.5 100.523668,13.758891,7.5 100.524003,13.758928,7 100.524374,13.758939,7.75 100.524498,13.758937,8.25 100.524748,13.758905,9.25 100.524789,13.758902,9.5 100.525019,13.75886,10 100.525427,13.758759,8.5 100.526302,13.758562,7.5 100.533194,13.757015,11 100.533654,13.75691,12.25 100.533717,13.756896,12.25 100.533859,13.756864,12.25 100.533943,13.756845,12 100.536456,13.756285,7.75 100.540186,13.755454,9 100.541338,13.755198,10.75 100.54215,13.755007,9.5 100.542166,13.755003,9.5 100.542234,13.754987,9.5 100.543517,13.75469,8.25 100.544485,13.754477,11 100.544936,13.754378,14.25 100.545182,13.754324,13.75 100.545796,13.754189,9.25 100.546788,13.753986,4.75 100.547342,13.753865,6.25 100.549948,13.753271,3 100.552675,13.75265,5 100.55291,13.752598,4.5 100.563614,13.750162,4 100.56372,13.750138,3.75 100.56832,13.7491,7.75 100.568556,13.749047,6.75 100.568666,13.749025,6 100.569333,13.748874,4.25 100.569669,13.748798,5.25 100.571208,13.748449,6.25 100.578386,13.746834,7 100.579349,13.746598,10.25 100.58488,13.745377,7.75 100.589517,13.744339,5.25 100.590567,13.744105,4 100.591766,13.743805,8.75 100.593277,13.743597,8 100.596936,13.7432,4.75 100.597043,13.743189,4.5 100.59836,13.743053,4 100.598949,13.742991,5.25 100.60018,13.742863,6.75 100.601403,13.742718,7 100.601521,13.742704,7.75 100.604884,13.742305,8 100.611835,13.741546,5.5 100.616788,13.741004,1.75 100.622711,13.74032,3.5 100.623795,13.74022,3 100.623945,13.740207,3.25 100.625783,13.740037,5 100.625968,13.740016,5.5 100.632075,13.739303,4.75 100.634205,13.739078,4.75 100.63482,13.738954,3.75 100.637267,13.738678,3 100.639752,13.738425,3 100.640219,13.738371,3 100.641587,13.738219,4.5 100.641821,13.738196,4 100.642884,13.738074,3 100.643989,13.737931,5 100.644669,13.737858,5 100.644776,13.737843,5 100.644893,13.737832,5 100.64854,13.737437,0.75 100.65301,13.736921,2.5 100.656594,13.736538,3.25 100.656684,13.736528,3.5 100.665222,13.735579,5.75 100.665512,13.735547,5.75 100.6745,13.734554,4.25 100.679582,13.734009,2.25 100.683562,13.733554,3.75 100.684309,13.733418,4 100.684503,13.733397,3.75 100.687355,13.73308,4.75 100.687386,13.733077,4.75 100.687547,13.733058,4.75 100.692559,13.732491,2 100.692794,13.732465,2.25 100.69458,13.732284,3 100.694829,13.732262,3.25 100.694902,13.732254,3.5 100.698828,13.731812,2 100.708218,13.730755,3.5 100.708417,13.730735,4 100.718186,13.729636,2.25 100.723778,13.729004,1.75 100.724012,13.728977,1.25 100.737999,13.727391,3.25 100.738813,13.727298,2.75 100.739112,13.727283,2.25 100.739581,13.727269,3.25 100.741103,13.72727,3.75 100.742435,13.727316,4 100.745702,13.727414,3 100.746323,13.727428,3.5 100.746818,13.727438,4 100.748557,13.727483,2.25 100.753517,13.727606,3.5 100.754087,13.727622,4.75 100.754154,13.727623,4.75 100.769031,13.727992,2.5 100.769292,13.727996,2.25 100.773987,13.728115,5.25 100.77547,13.728153,5.75 100.77687,13.728189,5.5 100.777086,13.728195,4.75 100.77804,13.728219,4.5 100.781888,13.728302,3 100.782909,13.728325,3.25 100.783618,13.728346,3.25 100.787624,13.728467,3.75 100.788051,13.72848,4.25 100.791302,13.728578,3.25 100.791621,13.72858,3.75 100.79266,13.728582,2.5 100.793217,13.728563,2.5 100.793932,13.728528,2 100.7946,13.728475,2.25 100.800915,13.72769,3 100.804464,13.727255,3.75 100.807868,13.726829,3.75 100.811348,13.726405,0.75 100.838817,13.723001,1.25 100.839099,13.722966,1.25 100.847217,13.721959,3 100.852107,13.721349,4 100.852305,13.721323,4.5 100.85558,13.720926,2.75 100.857919,13.720643,1.5 100.859463,13.720456,2.5 100.863308,13.719967,3 100.86343,13.719945,3 100.864599,13.719801,3.25 100.867367,13.719452,2.75 100.867615,13.719419,2.75 100.870575,13.719063,0.25 100.872272,13.718846,2 100.878455,13.718081,0 100.882816,13.717541,3.25 100.883353,13.717473,3.75 100.899119,13.715511,3 100.90136,13.715227,3 100.901763,13.715177,2.75 100.915611,13.713458,1.25 100.915857,13.713427,2 100.916518,13.713376,2.75 100.91697,13.71332,3 100.918513,13.713131,4 100.919479,13.713093,2.5 100.920553,13.712956,2.5 100.920883,13.712915,3 100.921307,13.712862,3 100.921791,13.71284,3.5 100.926808,13.712205,7.25 100.927001,13.712171,6.75 100.927393,13.712088,5.75 100.928026,13.712001,4.25 100.928694,13.711866,3.75 100.929017,13.711826,3.75 100.945771,13.709745,4.25 100.957552,13.708247,1.75 100.957683,13.708231,1.75 100.967854,13.706938,3.75 100.968933,13.706801,4.75 100.969064,13.706784,4.75 100.973024,13.706283,2 100.992506,13.703888,3.75 100.995131,13.703511,4.5 101.000776,13.702826,3.75 101.001144,13.702782,3.75 101.009761,13.701707,3.25 101.022229,13.700147,3 101.04655,13.6971,5.25 101.047758,13.697023,3.25 101.053043,13.696355,6.5 101.053619,13.696329,6.5 101.053786,13.696308,6.5 101.061074,13.695387,4.75 101.061674,13.695311,5.5 101.061962,13.695237,5.75 101.062366,13.695181,5.75 101.062486,13.695164,5.75 101.063417,13.695051,4 101.064365,13.694936,5.25 101.06512,13.694774,5.25 101.071597,13.693951,5.25 101.074225,13.693616,5.5 101.075863,13.693407,6.75 101.076805,13.693297,5.75 101.07762,13.693196,5.25 101.077993,13.69317,5.75 101.078368,13.69317,6 101.078769,13.693222,6 101.079117,13.693295,6 101.079522,13.693446,5 101.079846,13.693592,4.5 101.080127,13.693744,4.25 101.080428,13.693949,4.25 101.080806,13.694217,4.25 101.085,13.697269,4.25 101.085256,13.697423,4.25 101.08553,13.697561,4.25 101.085681,13.697631,4.25 101.085803,13.697671,4.25 101.086158,13.697777,4.25 101.086517,13.697843,4.25 101.086839,13.697866,4.25 101.087118,13.697874,4.25 101.087405,13.697853,4.25 101.08777,13.697793,4.25 101.088062,13.697715,4.25 101.088331,13.697621,4.25 101.088612,13.697486,4.25 101.088955,13.697293,4.25 101.089223,13.697108,4.25 101.089479,13.69692,4.25 101.092358,13.694501,4 101.101866,13.686776,4.25 101.104447,13.684648,5.25 101.104898,13.684195,5 101.105333,13.683689,5 101.105719,13.683184,4.5 101.106019,13.682709,5 101.106325,13.682183,4.25 101.106559,13.681688,4 101.106835,13.680979,2.5 101.107044,13.680296,2.5 101.108809,13.669199,3 101.109176,13.666919,3 101.109853,13.662406,3.25 101.11034,13.659272,3.5 101.111215,13.653801,3.5 101.112587,13.644937,5.75 101.113839,13.637011,3.25 101.114376,13.633478,3.5 101.114456,13.632867,3.25 101.114516,13.632313,2.75 101.11456,13.63159,2 101.114575,13.630761,2 101.11457,13.630208,2.25 101.114532,13.629617,2.25 101.114447,13.628774,2.75 101.114294,13.627713,3.75 101.113968,13.626202,3.75 101.112776,13.620247,3.5 101.110804,13.610614,5.25 101.105683,13.585045,4 101.105567,13.584434,3.75 101.103687,13.5748,1.5 101.102847,13.570642,3.5 101.101154,13.562177,4.25 101.100191,13.557392,4.5 101.100156,13.557233,4.25 101.097515,13.544153,3.75 101.09726,13.542867,3 101.095835,13.536155,4 101.094921,13.531433,3.5 101.094148,13.527553,6.75 101.092544,13.519505,4 101.09226,13.51815,4.25 101.091029,13.512051,5.5 101.089731,13.505556,3.75 101.089321,13.503607,4.25 101.089009,13.502089,4.75 101.088366,13.498847,3.75 101.088192,13.497993,3.75 101.088164,13.497855,3.75 101.087305,13.493641,4 101.087281,13.493526,4.25 101.087219,13.493224,4 101.086149,13.487969,4.25 101.083918,13.477063,3.5 101.083876,13.476858,3.75 101.082891,13.472032,3 101.082839,13.471868,3 101.082838,13.471858,3 101.082737,13.471346,2.5 101.082726,13.471289,2.5 101.082043,13.467836,3.25 101.08201,13.467643,3.75 101.081751,13.466358,3.75 101.081022,13.4629,5.75 101.079985,13.457626,4 101.079969,13.457559,4 101.079397,13.454748,4.75 101.078605,13.450858,6.75 101.078401,13.450046,4 101.078234,13.449536,4 101.077862,13.4485,4.5 101.077626,13.447915,4.75 101.077299,13.447199,4.25 101.076918,13.446479,4 101.076599,13.445914,3.75 101.07609,13.445112,4.5 101.074848,13.443251,4.5 101.074642,13.442948,4 101.058778,13.419796,7.25 101.056498,13.416483,11.25 101.056374,13.416295,10.75 101.052187,13.410179,14.75 101.051655,13.409381,15.5 101.049649,13.406482,14 101.048005,13.404084,17.25 101.045301,13.400055,18.25 101.043059,13.39679,18 101.039015,13.390867,20.25 101.037657,13.388908,21 101.035472,13.385708,23 101.033772,13.383216,21.75 101.033707,13.383121,22 101.032807,13.381803,26.25 101.031131,13.379383,27 101.028757,13.3759,24.5 101.026744,13.372959,22.5 101.026325,13.372401,22.5 101.02598,13.37198,24.5 101.025689,13.371641,26.75 101.024566,13.370387,30.75 101.023998,13.3698,33.5 101.011945,13.356836,20.75 101.010817,13.355641,21.75 101.009121,13.353829,19 101.008914,13.353605,19.5 101.007595,13.352191,21.75 101.007158,13.35171,22.75 101.005698,13.350155,20 101.00549,13.349942,19.75 101.005026,13.349422,19 101.002791,13.347049,19 101.002118,13.34633,18.25 101.001617,13.345672,19.25 101.001521,13.345571,19.5 100.998354,13.342227,20.25 100.994791,13.338371,20.75 100.993953,13.337463,17.5 100.993133,13.336587,18.5 100.989439,13.332633,21.75 100.986022,13.328948,19.5 100.982833,13.32568,25.75 100.981259,13.324002,12.25 100.979499,13.322099,23.25 100.97796,13.320358,18.75 100.9741,13.316187,20 100.972575,13.314549,19 100.96829,13.309975,15 100.965605,13.307096,17.75 100.962305,13.303561,16.25 100.959961,13.30103,17 100.958795,13.29978,16 100.958205,13.299114,14.75 100.957779,13.298555,13.5 100.957457,13.298089,13 100.95721,13.297632,13 100.956955,13.297131,13.25 100.956735,13.296622,13.75 100.956533,13.296003,13.75 100.956422,13.295601,14.5 100.956303,13.295117,16 100.956215,13.294627,15.75 100.956177,13.294288,15.25 100.956139,13.293599,13.75 100.956102,13.292494,12.75 100.95593,13.288788,16 100.95564,13.282384,13.75 100.955632,13.282267,14 100.955433,13.277322,14.25 100.955255,13.27289,12.5 100.954789,13.262407,13.25 100.954299,13.250475,13 100.954054,13.244862,16.25 100.953871,13.24085,18.5 100.95376,13.240062,18.75 100.953729,13.239426,20.25 100.953672,13.239087,20.5 100.953483,13.235059,20.75 100.95338,13.232859,20.75 100.953359,13.232414,19.75 100.953361,13.232089,19 100.953375,13.231642,17.75 100.953357,13.23133,17.75 100.953016,13.223233,13.75 100.95297,13.222481,12 100.95292,13.222034,12.25 100.952825,13.221516,12.5 100.952716,13.221015,12.75 100.952585,13.220565,13.25 100.952371,13.219969,13.75 100.952146,13.219471,12.75 100.951977,13.219129,12.5 100.951778,13.218785,12.75 100.948099,13.21286,13.5 100.94701,13.211098,10.25 100.946841,13.210818,10 100.945163,13.208124,13.75 100.944989,13.207848,14.5 100.943094,13.204818,27.25 100.941625,13.202441,27.75 100.940781,13.201083,28.5 100.94059,13.200692,30 100.940443,13.20036,31.5 100.940317,13.200018,33 100.940183,13.199619,34 100.940107,13.199302,34.5 100.940038,13.198955,34.5 100.939972,13.198551,34.5 100.939928,13.198101,35 100.939905,13.19759,35.25 100.939938,13.197074,34.5 100.939982,13.196635,34 100.940067,13.196162,36.25 100.940143,13.195811,38 100.94024,13.19548,38.75 100.940673,13.194313,41.75 100.941637,13.191789,40.5 100.942211,13.190239,45 100.944305,13.184645,58.5 100.946115,13.179951,50.25 100.94638,13.179233,52 100.94646,13.178996,51.75 100.946554,13.178677,51 100.946649,13.178276,49.75 100.94673,13.177863,49.25 100.946785,13.177539,49.25 100.946821,13.177203,48.5 100.946857,13.176722,47 100.946872,13.176377,46 100.946867,13.175917,44.25 100.946595,13.170551,34.75 100.946571,13.170164,34.5 100.946444,13.166145,28 100.946211,13.162012,41.75 100.946239,13.161603,42.5 100.946238,13.161499,42.75 100.946163,13.160103,44 100.946137,13.159195,43.25 100.945713,13.15074,38.5 100.945697,13.150422,39 100.945669,13.149994,39.25 100.945664,13.149908,39.25 100.945586,13.148317,43.25 100.945288,13.14275,50.75 100.945138,13.139066,45.5 100.944831,13.13263,40.75 100.944574,13.127034,38.5 100.944374,13.12317,41.5 100.943783,13.111118,30.75 100.94367,13.108386,26.5 100.94341,13.103827,34 100.943297,13.100932,28.25 100.943043,13.095553,31.5 100.942918,13.092768,30 100.942706,13.088889,26 100.942632,13.086611,20.5 100.942513,13.084016,14.5 100.942505,13.083874,14.25 100.942463,13.082679,13.75 100.942322,13.080151,13.75 100.942321,13.080003,13.75 100.942085,13.075113,13 100.941927,13.071965,13.75 100.941358,13.060139,8 100.941343,13.05982,8 100.941122,13.05525,13.25 100.940995,13.052836,15 100.940776,13.04836,13.25 100.940507,13.042404,12.5 100.940485,13.041956,11 100.940456,13.041545,10.25 100.940429,13.04103,11.5 100.940289,13.038565,9.25 100.94,13.031914,10.5 100.93998,13.031601,11 100.939733,13.026637,12.25 100.939621,13.024461,17.25 100.939484,13.021406,18.75 100.939436,13.02073,19.25 100.93938,13.020057,20.25 100.939317,13.019554,20.25 100.939217,13.019037,20.25 100.938905,13.01779,22.75 100.938145,13.014695,26 100.937548,13.012355,27.75 100.937293,13.01138,29.75 100.93601,13.0063,22.75 100.935827,13.005498,22 100.934091,12.998656,17 100.933914,12.997961,15.5 100.930208,12.983482,10.75 100.930013,12.982822,11 100.929728,12.981964,11.75 100.929361,12.981076,10 100.929065,12.980443,9.75 100.923148,12.968294,11.75 100.922915,12.967825,13 100.920596,12.963007,11.75 100.920355,12.962566,12 100.917055,12.955742,13.25 100.915553,12.952668,14.75 100.915516,12.952594,14.75 100.913793,12.949067,21 100.910704,12.942727,27.75 100.907266,12.935681,28.25 100.90702,12.935181,29 100.90573,12.932542,34.75 100.904679,12.930385,34.5 100.904091,12.929155,33.25 100.903845,12.928518,34.75 100.903476,12.927403,30.75 100.903301,12.926691,29 100.903144,12.925967,27.75 100.903108,12.925667,27 100.902768,12.922651,24 100.90204,12.915872,22.5 100.90135,12.909504,22.75 100.901315,12.909135,22.5 100.901244,12.908558,23.75 100.90112,12.907346,25 100.900924,12.90555,24.25 100.900299,12.899709,27 100.899941,12.896437,28.25 100.899821,12.895157,27 100.899819,12.894519,27 100.899878,12.89379,26.5 100.899985,12.893129,25.25 100.900108,12.892573,24.25 100.900265,12.892024,23.75 100.900432,12.891524,23.75 100.901186,12.889738,21.5 100.901848,12.888118,22 100.902527,12.886558,16 100.903196,12.884969,16.75 100.904301,12.882325,22 100.905628,12.879135,22.5 100.906055,12.878131,24.5 100.906823,12.876265,22.25 100.90746,12.87476,19.25 100.908105,12.873275,17.25 100.909609,12.869675,13 100.911095,12.866067,18 100.914471,12.858074,7.5 100.914729,12.857455,9 100.914793,12.8573,8.75 100.915864,12.854725,6.25 100.916052,12.854273,6.5 100.918615,12.848192,4.5 100.918673,12.848059,4.5 100.919026,12.847188,6 100.919388,12.846362,5.5 100.920136,12.844497,7.25 100.920409,12.843623,8 100.920626,12.842764,8.25 100.920762,12.842064,7.75 100.920855,12.841388,6.5 100.92094,12.840135,6 100.920996,12.838874,5.5 100.921155,12.834525,5.75 100.921164,12.834217,6.25 100.921311,12.830556,4.75 100.921292,12.829813,5 100.921441,12.826302,7.25 100.921485,12.825137,6.25 100.921543,12.823615,8.5 100.92156,12.823173,8.75 100.921625,12.822683,8.25 100.921652,12.822243,8.25 100.921841,12.816911,8.75 100.921977,12.813983,8 100.921983,12.813477,8.25 100.921993,12.813246,8.25 100.922152,12.80921,11.25 100.922433,12.802064,19.25 100.922435,12.802,19.25 100.922454,12.801399,20 100.922506,12.800207,20 100.922788,12.793174,26 100.92294,12.789442,19.25 100.923059,12.786208,21.25 100.923275,12.780757,25.25 100.923433,12.779277,30 100.924024,12.77568,36.5 100.924161,12.775055,35 100.92423,12.774675,35.25 100.925358,12.76873,29.75 100.925889,12.765752,32 100.926549,12.761837,37 100.92674,12.760888,35 100.926987,12.759934,35 100.927338,12.758944,34.25 100.927781,12.758006,36.5 100.92974,12.75459,40.75 100.929872,12.754372,40.25 100.931258,12.751979,44.5 100.932667,12.749581,46.5 100.93298,12.749132,46.25 100.933318,12.748671,47 100.933899,12.747979,46.75 100.934531,12.747331,45.25 100.935331,12.746638,44.5 100.935916,12.746156,42.75 100.937403,12.745144,43.75 100.942116,12.74201,50.25 100.945643,12.739607,52.75 100.947833,12.738191,51 100.949159,12.737319,50.75 100.949727,12.736922,52.5 100.954584,12.733688,49.5 100.956856,12.732188,46.75 100.957814,12.731538,46.25 100.958078,12.731361,46.75 100.958726,12.73093,47 100.959245,12.730548,46.5 100.959492,12.730334,47.25 100.9597,12.730133,48 100.96016,12.729661,50.75 100.960375,12.729421,52 100.960552,12.729203,51.5 100.960815,12.728856,50.75 100.961188,12.728309,51.5 100.961328,12.728092,51.75 100.961613,12.727565,49.25 100.962001,12.726815,45 100.962311,12.726215,43 100.962811,12.725314,43.5 100.963299,12.724623,43.75 100.964085,12.723767,45 100.964592,12.723346,44.25 100.9669,12.72164,41.5 100.968438,12.720535,36.5 100.969188,12.719951,36 100.969766,12.719428,35.25 100.970278,12.718884,35.5 100.97071,12.718328,36.25 100.971064,12.717798,36.5 100.971378,12.717256,36 100.971689,12.716628,35 100.971984,12.715891,35.75 100.972163,12.715261,34.25 100.972292,12.714663,33.25 100.972375,12.714067,32.75 100.972416,12.713583,33.5 100.972434,12.713019,34 100.972406,12.711509,32 100.972397,12.711274,32 100.972378,12.710397,32 100.972371,12.710096,32 100.972411,12.709565,32 100.972247,12.700551,31.75 100.972232,12.700321,31.5 100.972145,12.699564,31.75 100.972128,12.69877,32.25 100.972073,12.696244,32.5 100.972078,12.695576,32 100.97212,12.694804,30.5 100.9722,12.693927,29.75 100.97237,12.69276,27.5 100.972596,12.690923,26.75 100.973195,12.686809,17 100.973266,12.686242,16.75 100.973313,12.685637,17 100.973335,12.684733,17.5 100.973238,12.683948,16 100.973002,12.683177,14 100.969225,12.673767,10 100.96858,12.671832,9.5 100.967659,12.669032,6.75 100.964905,12.660931,7.75 100.964162,12.658574,6.25 100.963829,12.6578,6 100.963357,12.657004,5.5 100.962756,12.656198,5.5 100.961257,12.654516,12.5 100.959338,12.65239,11.25 100.958422,12.651335,10.5 100.956461,12.649137,12.75 100.955255,12.647786,13.25 100.954753,12.647219,13.5 100.954657,12.647112,13.75 100.95214,12.644284,14 100.951731,12.643872,13 100.951325,12.643514,12 100.950791,12.643138,10.5 100.947346,12.641058,13.5 100.946578,12.640607,14.5 100.94617,12.640331,15.25 100.945873,12.640112,15.75 100.945591,12.639864,16.25 100.945293,12.639544,16.25 100.943878,12.637949,20.5 100.942791,12.636707,26.75 100.942489,12.636312,27.5 100.942236,12.635935,28.75 100.942013,12.635533,28.5 100.941069,12.633377,20.75 100.941005,12.63325,20.5 100.940183,12.631398,18 100.939963,12.630996,18.25 100.939765,12.630681,17.5 100.939467,12.63029,17.25 100.939175,12.629974,19 100.938795,12.629626,20 100.938365,12.629304,22 100.937919,12.629024,23.5 100.935979,12.627864,22 100.933292,12.626262,12.75 100.932772,12.625987,11.25 100.93226,12.625792,9.75 100.931848,12.625696,7.75 100.931417,12.625646,7.5 100.929542,12.625645,8.25 100.929404,12.625643,8 100.928964,12.625645,7.75 100.928653,12.625659,7.5 100.928307,12.625655,7.25 100.927866,12.625662,8 100.925332,12.625637,9.75 100.925173,12.625614,9.5 100.92502,12.625575,9.25 100.924799,12.62549,9 100.924573,12.625389,8.75 100.923881,12.625017,7.5 100.923606,12.624895,7.5 100.923394,12.624816,7.75 100.923231,12.624777,7.75 100.92311,12.624764,8 100.922946,12.624763,8.5 100.922503,12.624783,9.25 100.922243,12.624787,8.25 100.921571,12.624814,7.25</coordinates></LineString>
  </Placemark>
<Placemark id="20260410railwaymapofthailand__lines.6">
	<name>Ban Khlong Luk Border</name>
	<Style><LineStyle><color>ff0000ff</color></LineStyle><PolyStyle><fill>0</fill></PolyStyle></Style>
	<ExtendedData><SchemaData schemaUrl="#20260410railwaymapofthailand__lines">
		<SimpleData name="tessellate">1</SimpleData>
		<SimpleData name="extrude">0</SimpleData>
		<SimpleData name="visibility">-1</SimpleData>
	</SchemaData></ExtendedData>
      <MultiGeometry><LineString><tessellate>1</tessellate><coordinates>100.516727,13.739412 100.516821,13.740049 100.517105,13.741993 100.517132,13.742238 100.517155,13.742518 100.517139,13.74279 100.517098,13.74307 100.517101,13.743329 100.517125,13.743518 100.517201,13.743805 100.517236,13.74395 100.517298,13.744288 100.517394,13.744652 100.517499,13.74504 100.517547,13.745315 100.517742,13.746697 100.517787,13.747177 100.517786,13.747449 100.517788,13.747713 100.517781,13.747913 100.517793,13.748092 100.51781,13.748255 100.517902,13.748783 100.518025,13.749627 100.518172,13.750263 100.518345,13.750781 100.518501,13.751197 100.518558,13.751332 100.519053,13.752496 100.519174,13.752793 100.519617,13.7539 100.52033,13.755681 100.520404,13.755868 100.520615,13.756288 100.520857,13.756913 100.520884,13.756974 100.520917,13.757048 100.520988,13.757195 100.521028,13.757271 100.52117,13.757493 100.52127,13.757616 100.521517,13.757872 100.521667,13.758006 100.52184,13.758148 100.521947,13.758225 100.522082,13.758314 100.522497,13.758554 100.522704,13.758636 100.522876,13.758696 100.523104,13.758765 100.52348,13.758858 100.523668,13.758891 100.524003,13.758928 100.524374,13.758939 100.524498,13.758937 100.524748,13.758905 100.524789,13.758902 100.525019,13.75886 100.525427,13.758759 100.526302,13.758562 100.533194,13.757015 100.533654,13.75691 100.533717,13.756896 100.533859,13.756864 100.533943,13.756845 100.536456,13.756285 100.540186,13.755454 100.541338,13.755198 100.54215,13.755007 100.542166,13.755003 100.542234,13.754987 100.543517,13.75469 100.544485,13.754477 100.544936,13.754378 100.545182,13.754324 100.545796,13.754189 100.546788,13.753986 100.547342,13.753865 100.549948,13.753271 100.552675,13.75265 100.55291,13.752598 100.563614,13.750162 100.56372,13.750138 100.56832,13.7491 100.568556,13.749047 100.568666,13.749025 100.569333,13.748874 100.569669,13.748798 100.571208,13.748449 100.578386,13.746834 100.579349,13.746598 100.58488,13.745377 100.589517,13.744339 100.590567,13.744105 100.591766,13.743805 100.593277,13.743597 100.596936,13.7432 100.597043,13.743189 100.59836,13.743053 100.598949,13.742991 100.60018,13.742863 100.601403,13.742718 100.601521,13.742704 100.604884,13.742305 100.611835,13.741546 100.616788,13.741004 100.622711,13.74032 100.623795,13.74022 100.623945,13.740207 100.625783,13.740037 100.625968,13.740016 100.632075,13.739303 100.634205,13.739078 100.63482,13.738954 100.637267,13.738678 100.639752,13.738425 100.640219,13.738371 100.641587,13.738219 100.641821,13.738196 100.642884,13.738074 100.643989,13.737931 100.644669,13.737858 100.644776,13.737843 100.644893,13.737832 100.64854,13.737437 100.65301,13.736921 100.656594,13.736538 100.656684,13.736528 100.665222,13.735579 100.665512,13.735547 100.6745,13.734554 100.679582,13.734009 100.683562,13.733554 100.684309,13.733418 100.684503,13.733397 100.687355,13.73308 100.687386,13.733077 100.687547,13.733058 100.692559,13.732491 100.692794,13.732465 100.69458,13.732284 100.694829,13.732262 100.694902,13.732254 100.698828,13.731812 100.708218,13.730755 100.708417,13.730735 100.718186,13.729636 100.723778,13.729004 100.724012,13.728977 100.737999,13.727391 100.738813,13.727298 100.739112,13.727283 100.739581,13.727269 100.741103,13.72727 100.742435,13.727316 100.745702,13.727414 100.746323,13.727428 100.746818,13.727438 100.748557,13.727483 100.753517,13.727606 100.754087,13.727622 100.754154,13.727623 100.769031,13.727992 100.769292,13.727996 100.773987,13.728115 100.77547,13.728153 100.77687,13.728189 100.777086,13.728195 100.77804,13.728219 100.781888,13.728302 100.782909,13.728325 100.783618,13.728346 100.787624,13.728467 100.788051,13.72848 100.791302,13.728578 100.791621,13.72858 100.79266,13.728582 100.793217,13.728563 100.793932,13.728528 100.7946,13.728475 100.800915,13.72769 100.804464,13.727255 100.807868,13.726829 100.811348,13.726405 100.838817,13.723001 100.839099,13.722966 100.847217,13.721959 100.852107,13.721349 100.852305,13.721323 100.85558,13.720926 100.857919,13.720643 100.859463,13.720456 100.863308,13.719967 100.86343,13.719945 100.864599,13.719801 100.867367,13.719452 100.867615,13.719419 100.870575,13.719063 100.872272,13.718846 100.878455,13.718081 100.882816,13.717541 100.883353,13.717473 100.899119,13.715511 100.90136,13.715227 100.901763,13.715177 100.915611,13.713458 100.915857,13.713427 100.916518,13.713376 100.91697,13.71332 100.918513,13.713131 100.919479,13.713093 100.920553,13.712956 100.920883,13.712915 100.921307,13.712862 100.921791,13.71284 100.926808,13.712205 100.927001,13.712171 100.927393,13.712088 100.928026,13.712001 100.928694,13.711866 100.929017,13.711826 100.945771,13.709745 100.957552,13.708247 100.957683,13.708231 100.967854,13.706938 100.968933,13.706801 100.969064,13.706784 100.973024,13.706283 100.992506,13.703888 100.995131,13.703511 101.000776,13.702826 101.001144,13.702782 101.009761,13.701707 101.022229,13.700147 101.04655,13.6971 101.047758,13.697023 101.053043,13.696355 101.053619,13.696329 101.053786,13.696308 101.061074,13.695387 101.061674,13.695311 101.062372,13.695243 101.062582,13.695229 101.063083,13.695214 101.06345,13.695224 101.06386,13.695285 101.064139,13.695361 101.064412,13.695453 101.064691,13.695576 101.065022,13.695764 101.065339,13.695972 101.065588,13.696161 101.065845,13.696416 101.066054,13.696669 101.066214,13.696908 101.06635,13.697132 101.066574,13.697618 101.06676,13.69828 101.066883,13.698671 101.067028,13.699198 101.067445,13.700611 101.067933,13.702349 101.068927,13.705773 101.069958,13.709237 101.07062,13.711483 101.071471,13.714477 101.072627,13.718404 101.073655,13.721963 101.074202,13.723778 101.074232,13.723897 101.075223,13.727362 101.076316,13.731087 101.076413,13.731439 101.07699,13.733441 101.077114,13.733855 101.07876,13.739532 101.080354,13.744984 101.080405,13.745165 101.082022,13.750712 101.082121,13.751059 101.082367,13.751889 101.083632,13.756266 101.085817,13.763786 101.086419,13.765942 101.088987,13.779671 101.090553,13.788031 101.090732,13.788983 101.092845,13.800604 101.095011,13.812492 101.095034,13.812613 101.095685,13.816475 101.098122,13.829609 101.098883,13.833812 101.098921,13.834024 101.100461,13.842489 101.100486,13.842626 101.102023,13.850422 101.103465,13.857458 101.103574,13.85797 101.106164,13.870544 101.106228,13.870843 101.10713,13.875234 101.107198,13.875571 101.10845,13.881646 101.110765,13.892871 101.111527,13.896369 101.111594,13.896687 101.112311,13.899994 101.112689,13.902027 101.112825,13.902359 101.112845,13.902452 101.112876,13.9026 101.113662,13.906339 101.113846,13.907217 101.114488,13.910384 101.114723,13.911556 101.116043,13.917791 101.116615,13.920445 101.11667,13.920701 101.116835,13.921609 101.117181,13.923383 101.117549,13.924563 101.118042,13.925561 101.118564,13.926444 101.125724,13.936648 101.127111,13.938625 101.129256,13.941682 101.129386,13.941869 101.131547,13.944968 101.143444,13.962034 101.14465,13.963764 101.148543,13.969348 101.149568,13.970815 101.150445,13.972035 101.150768,13.972484 101.152063,13.974332 101.154305,13.977564 101.15609,13.980092 101.159143,13.984505 101.160546,13.98648 101.162046,13.988625 101.164882,13.992745 101.166552,13.995105 101.167259,13.99593 101.167948,13.996567 101.168757,13.997151 101.169448,13.997544 101.171043,13.998436 101.172741,13.999329 101.173128,13.999523 101.176038,14.001053 101.176888,14.001514 101.178251,14.002226 101.180812,14.003585 101.180965,14.003666 101.185386,14.005979 101.189466,14.008122 101.192178,14.009542 101.192502,14.009709 101.200672,14.014004 101.200748,14.014045 101.20111,14.014233 101.202881,14.015153 101.205062,14.016288 101.206168,14.01686 101.216516,14.022314 101.216773,14.02245 101.220679,14.024512 101.220841,14.024595 101.224241,14.026386 101.224578,14.026564 101.228387,14.028471 101.240577,14.034957 101.240773,14.035059 101.258151,14.044125 101.268334,14.049509 101.268542,14.049619 101.274711,14.052841 101.278358,14.054759 101.278659,14.054917 101.286682,14.059136 101.290559,14.061184 101.29069,14.061252 101.294814,14.063418 101.295252,14.063652 101.304958,14.068741 101.305262,14.0689 101.313098,14.073008 101.31321,14.073067 101.313457,14.073194 101.315333,14.074157 101.316798,14.074934 101.317138,14.075114 101.317257,14.075153 101.321175,14.077186 101.321481,14.077327 101.323149,14.0779 101.324803,14.078348 101.326463,14.078703 101.328238,14.078877 101.329448,14.078889 101.330821,14.078813 101.332391,14.078633 101.334267,14.078255 101.365551,14.072364 101.371439,14.071233 101.374048,14.070742 101.37589,14.070379 101.376184,14.070326 101.382457,14.069169 101.385269,14.068636 101.398824,14.066065 101.413198,14.063339 101.414351,14.0631 101.419064,14.062224 101.423018,14.061438 101.423758,14.061317 101.424417,14.061262 101.425004,14.061253 101.425329,14.061303 101.425681,14.061333 101.43197,14.062041 101.432472,14.062096 101.436117,14.062475 101.439853,14.062905 101.453017,14.064344 101.455571,14.06465 101.456472,14.064772 101.457916,14.06493 101.459664,14.065129 101.464523,14.06566 101.472564,14.066565 101.473065,14.066621 101.474384,14.066768 101.482797,14.067704 101.490531,14.068522 101.49086,14.068557 101.493021,14.068797 101.494071,14.068841 101.494593,14.068831 101.495543,14.068701 101.495857,14.068646 101.500038,14.067543 101.500221,14.067495 101.505164,14.066191 101.505704,14.066049 101.511205,14.064585 101.513584,14.063971 101.514497,14.063803 101.515517,14.063637 101.518663,14.063148 101.520918,14.062798 101.5212,14.062754 101.537856,14.060144 101.546003,14.058869 101.55834,14.056959 101.558942,14.056847 101.559535,14.056687 101.560691,14.056269 101.567362,14.053558 101.570486,14.052196 101.570992,14.051986 101.574254,14.050681 101.595922,14.041691 101.59747,14.041069 101.598849,14.0405 101.601735,14.039309 101.617992,14.032582 101.64238,14.022497 101.644624,14.021585 101.646898,14.020638 101.647084,14.020555 101.649008,14.019767 101.673029,14.00984 101.677018,14.008197 101.677273,14.008092 101.679068,14.007366 101.679481,14.007195 101.689409,14.003103 101.696189,14.000353 101.713424,13.993168 101.713674,13.993064 101.714766,13.992622 101.718489,13.99106 101.72034,13.990286 101.721209,13.989923 101.721547,13.989801 101.721764,13.989736 101.722199,13.989623 101.722686,13.989514 101.722918,13.989476 101.723135,13.989448 101.723391,13.989425 101.723604,13.989412 101.724238,13.989396 101.724907,13.989415 101.725252,13.989434 101.725486,13.989457 101.725783,13.989497 101.726394,13.989612 101.727326,13.98981 101.727539,13.989855 101.72987,13.990348 101.733178,13.991034 101.733507,13.991102 101.738539,13.992146 101.761173,13.996841 101.764455,13.997521 101.764932,13.997583 101.765403,13.997616 101.765949,13.997602 101.766536,13.997563 101.767034,13.997487 101.767566,13.997375 101.812284,13.984466 101.819474,13.982483 101.820396,13.982173 101.820861,13.9821 101.826607,13.98045 101.826948,13.980303 101.827946,13.98003 101.838827,13.976899 101.840263,13.976482 101.877509,13.965751 101.891715,13.961659 101.902055,13.958687 101.91015,13.95638 101.918739,13.953893 101.922329,13.952852 101.923506,13.952499 101.924942,13.95209 101.925526,13.951916 101.926251,13.951667 101.926797,13.951444 101.927375,13.951164 101.927892,13.95084 101.92846,13.950444 101.928931,13.950073 101.933073,13.9467 101.933118,13.946643 101.936255,13.944146 101.936725,13.943685 101.939255,13.941705 101.948636,13.934065 101.94941,13.933435 101.955196,13.928723 101.965223,13.920424 101.966393,13.919455 101.969079,13.91722 101.971181,13.915429 101.972099,13.914644 101.980805,13.907196 101.984958,13.903643 101.99894,13.891875 102.003761,13.887817 102.005608,13.886263 102.007434,13.884661 102.008873,13.883473 102.009614,13.882852 102.011033,13.881662 102.022112,13.872228 102.029926,13.86557 102.034096,13.862023 102.035598,13.860755 102.044883,13.852919 102.06575,13.835141 102.066325,13.834647 102.073064,13.82901 102.073257,13.828837 102.073542,13.828604 102.073862,13.828395 102.074096,13.828249 102.074602,13.827821 102.078396,13.824544 102.078585,13.824344 102.078794,13.824124 102.085894,13.81802 102.087976,13.816364 102.088374,13.81608 102.088872,13.815788 102.089049,13.815689 102.089469,13.815477 102.089918,13.815275 102.092347,13.814464 102.092804,13.814311 102.100874,13.81178 102.101141,13.811694 102.118084,13.806313 102.118596,13.806143 102.133043,13.801598 102.139431,13.799581 102.155246,13.794557 102.168578,13.790346 102.170722,13.789669 102.182565,13.785929 102.186387,13.784721 102.190776,13.783335 102.191085,13.783237 102.202267,13.77967 102.209051,13.77753 102.209275,13.77746 102.229273,13.771103 102.231205,13.770511 102.250961,13.764269 102.255238,13.762922 102.278238,13.755596 102.291017,13.751528 102.302644,13.747826 102.311567,13.745008 102.318339,13.74286 102.320821,13.742021 102.321724,13.741716 102.323192,13.741264 102.325344,13.740554 102.335267,13.737462 102.339401,13.736263 102.344331,13.734848 102.351558,13.732866 102.357464,13.731213 102.363715,13.729452 102.368647,13.728076 102.374598,13.726397 102.378566,13.725268 102.380509,13.724688 102.381243,13.724477 102.387776,13.72268 102.397298,13.719927 102.403259,13.718267 102.407784,13.717009 102.413168,13.715494 102.416371,13.714613 102.420482,13.713433 102.430652,13.710612 102.435095,13.70934 102.436997,13.708784 102.437346,13.708694 102.437702,13.708625 102.439578,13.708309 102.44623,13.707322 102.458604,13.705434 102.464541,13.704549 102.472911,13.703232 102.479442,13.702245 102.483103,13.701653 102.485254,13.701322 102.485609,13.701271 102.486765,13.701103 102.490768,13.700469 102.49088,13.700453 102.493946,13.70001 102.495145,13.699704 102.496227,13.699276 102.496952,13.698902 102.497717,13.698449 102.502974,13.694414 102.503075,13.694329 102.503536,13.693968 102.503964,13.693702 102.504502,13.693347 102.504937,13.693069 102.507237,13.691336 102.507618,13.690983 102.508152,13.690505 102.508736,13.690013 102.509848,13.689257 102.51262,13.687484 102.520056,13.68273 102.521705,13.68158 102.523401,13.680405 102.530488,13.675463 102.536285,13.671413 102.537118,13.670805 102.54236,13.667147 102.544501,13.665617 102.546041,13.664533 102.547472,13.663565 102.547619,13.663411 102.547757,13.663309 102.548482,13.662802</coordinates></LineString><LineString><tessellate>1</tessellate><coordinates>101.114723,13.911556 101.114745,13.911943 101.115302,13.914813 101.115359,13.915331 101.115389,13.91635 101.115389,13.91721 101.115409,13.918273 101.115363,13.920547 101.115255,13.92113 101.11526,13.921533 101.115196,13.922117 101.115131,13.9226 101.114916,13.92348 101.114632,13.924349 101.114278,13.925167 101.113779,13.926042 101.113178,13.926854 101.112692,13.927433 101.111645,13.928321 101.094977,13.939731 101.093288,13.940917 101.093066,13.941221 101.091584,13.942303 101.090166,13.943622 101.088899,13.945131 101.087827,13.946699 101.086908,13.948583 101.086647,13.949259 101.086201,13.950665 101.085791,13.952392 101.085588,13.953261 101.085195,13.954405 101.08469,13.956561 101.083782,13.960433 101.08054,13.974462 101.08011,13.976252 101.07987,13.977171 101.079737,13.977609 101.079577,13.978066 101.079329,13.978615 101.078937,13.979371 101.074151,13.986641 101.073796,13.987164 101.07349,13.98785 101.06442,14.001502 101.062219,14.004814 101.061657,14.005652 101.059646,14.008516 101.052607,14.019136 101.05066,14.022125 101.048628,14.025138 101.047397,14.026991 101.045916,14.029444 101.044194,14.032492 101.043067,14.034431 101.042641,14.035384 101.031091,14.055412 101.028903,14.059283 101.027935,14.060952 101.027539,14.061835 101.025907,14.0645 101.024051,14.067719 101.016707,14.080606 101.013308,14.086596 101.012855,14.087394 101.011786,14.089396 101.00972,14.092839 101.007326,14.097031 101.005043,14.100992 101.004858,14.101313 101.004727,14.101567 101.004584,14.101844 101.003602,14.103602 101.002388,14.105721 100.9999,14.110126 100.998594,14.112383 100.997582,14.114162 100.996553,14.115962 100.992552,14.1231 100.988709,14.129764 100.98636,14.133905 100.986127,14.134319 100.98445,14.137293 100.984339,14.13749 100.98387,14.138336 100.983148,14.139943 100.982867,14.141155 100.982799,14.141572 100.98275,14.14216 100.98272,14.142678 100.982724,14.142825 100.982841,14.146512 100.982844,14.146598 100.982894,14.148216 100.982846,14.149791 100.982991,14.152849 100.983058,14.155135 100.983115,14.15705 100.983189,14.158556 100.983231,14.160159 100.983316,14.161806 100.98333,14.162633 100.98338,14.163422 100.983461,14.164342 100.983536,14.165018 100.983656,14.165979 100.983776,14.166562 100.98395,14.167242 100.984152,14.167924 100.984275,14.168289 100.984584,14.169095 100.985308,14.170988 100.985714,14.17212 100.986578,14.174323 100.991108,14.186429 100.992572,14.190088 100.995031,14.196867 100.995403,14.197874 100.996479,14.200786 100.998124,14.205069 100.999782,14.209513 101.000151,14.210606 101.000386,14.211455 101.000503,14.211994 101.000603,14.212621 101.000737,14.213917 101.000782,14.214795 101.000768,14.215732 101.000673,14.217524 101.000207,14.224261 100.999884,14.229815 100.999872,14.229995 100.999838,14.230769 100.999789,14.231685 100.999583,14.235061 100.99904,14.242927 100.998835,14.245949 100.998763,14.24703 100.99848,14.251295 100.998382,14.252932 100.998375,14.253044 100.998319,14.253982 100.998202,14.255774 100.998079,14.257775 100.997968,14.259674 100.997936,14.260054 100.998,14.260478 100.997789,14.262021 100.997737,14.262861 100.997195,14.27275 100.997091,14.273106 100.997069,14.273457 100.996884,14.276073 100.996758,14.278221 100.996672,14.279084 100.996595,14.279583 100.996458,14.28037 100.996297,14.281083 100.99612,14.281753 100.995946,14.282361 100.995766,14.282871 100.995495,14.283547 100.994013,14.28693 100.99175,14.292105 100.990114,14.295824 100.987298,14.302173 100.986373,14.304255 100.983648,14.31048 100.983156,14.311611 100.982958,14.312045 100.982858,14.312426 100.982496,14.313468 100.982432,14.313531 100.982161,14.314468 100.981909,14.315599 100.981759,14.316545 100.981675,14.317473 100.981649,14.317838 100.981537,14.320031 100.981344,14.323365 100.981334,14.323563 100.981028,14.329442 100.980888,14.332404 100.980825,14.333721 100.980804,14.33409 100.980444,14.340256 100.980352,14.342257 100.980333,14.3426 100.980211,14.344693 100.980071,14.347072 100.980047,14.34781 100.980036,14.34875 100.980052,14.349294 100.980087,14.349806 100.98016,14.350492 100.980224,14.351027 100.980313,14.351522 100.980788,14.353491 100.981032,14.354238 100.981644,14.355802 100.982513,14.357924 100.985571,14.365276 100.986805,14.368112 100.987943,14.370772 100.989039,14.373354 100.990975,14.378037 100.991056,14.378276 100.991757,14.379759 100.992093,14.38047 100.992574,14.381365 100.993087,14.38226 100.993315,14.382625 100.993663,14.383201 100.994551,14.384552 100.995398,14.385761 100.99659,14.387519 100.997105,14.388253 100.997684,14.389068 100.998282,14.389957 100.998812,14.390736 100.999166,14.391265 100.999622,14.391981 101.000069,14.392791 101.000217,14.393085 101.000466,14.393661 101.000759,14.394347 101.000989,14.394945 101.004445,14.403823 101.005008,14.405323 101.005339,14.406148 101.005605,14.406666 101.005993,14.40732 101.006332,14.407785 101.00688,14.408561 101.007135,14.408891 101.007903,14.409936 101.008197,14.410425 101.008468,14.410983 101.008611,14.411376 101.009066,14.412597 101.009145,14.413085 101.009173,14.413623 101.009177,14.414348 101.009094,14.415199 101.008717,14.417335 101.008513,14.418296 101.008079,14.420421 101.007723,14.422032 101.00745,14.423416 101.00624,14.428272 101.005182,14.432548 101.00498,14.433372 101.004284,14.436215 101.003782,14.438798 101.003652,14.439092 101.002818,14.44451 101.002763,14.444822 101.002252,14.447798 101.001829,14.449961 101.001585,14.451046 101.001301,14.452122 101.001053,14.453117 101.000792,14.453945 101.000544,14.454742 101.000147,14.455862 100.99964,14.457168 100.999281,14.45803 100.99888,14.458958 100.998219,14.460368 100.997376,14.461993 100.996658,14.463263 100.995698,14.464872 100.995514,14.465175 100.990683,14.473316 100.990454,14.473704 100.987914,14.478013 100.987204,14.479386 100.986863,14.480129 100.986084,14.482138 100.98554,14.483945 100.98509,14.485959 100.984942,14.486736 100.984821,14.487542 100.984738,14.488349 100.98466,14.489329 100.984591,14.491453 100.984557,14.492561 100.984474,14.49301 100.984405,14.495358 100.984208,14.50227 100.984195,14.50272 100.984121,14.505349 100.983592,14.524608 100.983206,14.538988 100.982986,14.547615 100.982966,14.548833 100.982913,14.550576 100.982845,14.553764 100.982805,14.554846 100.982702,14.556456 100.982677,14.556702 100.982662,14.556928 100.982419,14.562317 100.982404,14.56249 100.982377,14.562665 100.982351,14.562803 100.98232,14.562941 100.98228,14.563077 100.982235,14.563216 100.982184,14.563358 100.982133,14.563483 100.982066,14.563628 100.982004,14.563762 100.981938,14.563885 100.981845,14.564038 100.981698,14.564254 100.979927,14.566449 100.979778,14.566627 100.979639,14.566776 100.979497,14.566912 100.979348,14.56704 100.979144,14.567195 100.97891,14.56736 100.978809,14.567423 100.978679,14.567504 100.978601,14.567547 100.978496,14.567605 100.978398,14.567649 100.978287,14.567694 100.978177,14.567733 100.978063,14.567772 100.977915,14.567816 100.977797,14.567843 100.977669,14.567869 100.97753,14.567891 100.977352,14.567913 100.977177,14.567926 100.977014,14.567931 100.97683,14.567929 100.976647,14.567922 100.976534,14.567913 100.976426,14.567899 100.976305,14.56788 100.976165,14.567855 100.976018,14.567821 100.975888,14.567785 100.97577,14.567751 100.975639,14.56771 100.975512,14.567662 100.975395,14.567615 100.975302,14.567573 100.975209,14.567529 100.975101,14.567476 100.974998,14.567421 100.974893,14.567358 100.974795,14.567294 100.974688,14.567215 100.974572,14.567124 100.974485,14.56705 100.974388,14.566964 100.974273,14.56686 100.972902,14.565554 100.972803,14.565449 100.972766,14.56543 100.972627,14.565333</coordinates></LineString></MultiGeometry>
  </Placemark>
<Placemark id="20260410railwaymapofthailand__lines.7">
	<name>Suphan Buri</name>
	<Style><LineStyle><color>ff0000ff</color></LineStyle><PolyStyle><fill>0</fill></PolyStyle></Style>
	<ExtendedData><SchemaData schemaUrl="#20260410railwaymapofthailand__lines">
		<SimpleData name="tessellate">1</SimpleData>
		<SimpleData name="extrude">0</SimpleData>
		<SimpleData name="visibility">-1</SimpleData>
	</SchemaData></ExtendedData>
      <LineString><coordinates>100.516727,13.739412,7.25 100.516821,13.740049,5.5 100.517105,13.741993,7.25 100.517132,13.742238,6.5 100.517155,13.742518,5.75 100.517139,13.74279,5.75 100.517098,13.74307,5.75 100.517101,13.743329,5.75 100.517125,13.743518,5.5 100.517201,13.743805,4.75 100.517236,13.74395,4.5 100.517298,13.744288,4.25 100.517394,13.744652,4 100.517499,13.74504,4 100.517547,13.745315,4.75 100.517742,13.746697,8.75 100.517787,13.747177,9.75 100.517786,13.747449,10.25 100.517788,13.747713,10.75 100.517781,13.747913,11 100.517793,13.748092,11.25 100.51781,13.748255,11.5 100.517902,13.748783,12.25 100.518025,13.749627,14 100.518172,13.750263,14.75 100.518345,13.750781,14 100.518501,13.751197,12.75 100.518558,13.751332,12.25 100.519053,13.752496,8.25 100.519174,13.752793,8.25 100.519617,13.7539,7.25 100.52033,13.755681,8 100.520404,13.755868,8 100.520827,13.756923,6 100.520853,13.756988,6 100.52088,13.757066,6 100.520934,13.757218,6 100.520968,13.757303,6 100.523195,13.76276,8.5 100.523214,13.762806,8.5 100.523268,13.762939,8.75 100.523316,13.763056,8.75 100.523522,13.763562,8 100.523542,13.763612,7.75 100.523626,13.763909,6.5 100.524543,13.766136,11.5 100.524707,13.766539,12.25 100.525317,13.768038,7.25 100.525505,13.768507,6.5 100.525937,13.769589,6.25 100.525958,13.769642,6.25 100.526145,13.770107,5.5 100.526203,13.770254,5.75 100.526237,13.770338,5.75 100.526286,13.77046,5.5 100.527752,13.774071,5.75 100.527914,13.774471,5.75 100.528532,13.776007,5.25 100.528557,13.776068,5.75 100.528593,13.776157,6 100.529986,13.779599,6.75 100.530778,13.781565,9 100.531665,13.783746,7.75 100.533013,13.787085,6 100.535188,13.792441,3.75 100.536807,13.7964,5.5 100.537222,13.797448,5.5 100.537427,13.797956,5 100.537762,13.798836,5.5 100.537841,13.799091,5.75 100.538092,13.799756,6 100.538507,13.800747,6.5 100.538921,13.801639,5.75 100.539138,13.802089,4.5 100.539406,13.802686,3.5 100.539536,13.802962,3.25 100.539698,13.803303,3.5 100.540009,13.804128,3.75 100.540381,13.805116,5 100.540757,13.806093,3.75 100.540962,13.806771,3 100.541067,13.807053,3 100.541145,13.807262,3 100.541955,13.809298,5 100.542527,13.8107,4.75 100.542943,13.81171,4 100.543264,13.812478,4.75 100.543353,13.812706,4.75 100.543553,13.813169,5 100.543766,13.813732,4.25 100.544024,13.814489,3 100.544567,13.816183,4.75 100.544868,13.817067,3.75 100.544973,13.817396,3 100.545004,13.817554,3 100.545022,13.817716,3.25 100.545022,13.818007,3.5 100.545,13.818191,3.75 100.544879,13.818647,4.5 100.544806,13.818839,4.75 100.544714,13.819022,4.75 100.544524,13.819337,4.75 100.544325,13.819627,4 100.544228,13.819749,3.5 100.543988,13.820019,3.5 100.543846,13.820158,4.25 100.543647,13.820335,5.5 100.543531,13.820427,5.75 100.543244,13.820622,6.25 100.543092,13.820712,6.25 100.542929,13.82079,6 100.54263,13.820914,5 100.542466,13.82097,4.5 100.542092,13.821028,5 100.541972,13.821038,5 100.541557,13.821074,5.75 100.541451,13.821088,6 100.541271,13.821114,6.5 100.540754,13.821212,7.25 100.5403,13.821297,6.5 100.539549,13.821366,6.5 100.539002,13.821419,6.5 100.537348,13.82158,4.5 100.537018,13.821612,5 100.536957,13.821618,5.25 100.532772,13.822024,6 100.532616,13.822043,6 100.530002,13.822321,5 100.529263,13.822369,5 100.528816,13.822373,5.75 100.528358,13.822358,6.75 100.527917,13.822319,5.75 100.527577,13.822279,5 100.527185,13.822211,4.5 100.526841,13.822141,3.75 100.526564,13.822072,3.75 100.52595,13.821883,5.5 100.525639,13.821771,5.5 100.525336,13.821647,5.25 100.524944,13.821479,5.25 100.524626,13.821324,5.75 100.524024,13.820991,6.5 100.523277,13.820485,6 100.522054,13.819431,5 100.519185,13.816767,6 100.518196,13.815898,6 100.513893,13.812041,6 100.513694,13.811854,6 100.511088,13.809449,6 100.510645,13.809035,6 100.510401,13.808807,6 100.510223,13.80863,6 100.503227,13.802249,6 100.502795,13.801868,7.25 100.502521,13.801644,8.75 100.502156,13.801387,7.25 100.501641,13.801048,6 100.501368,13.800892,6 100.500181,13.800236,5.5 100.496231,13.79883,5.75 100.496139,13.798797,6 100.485217,13.794907,7.5 100.484995,13.794823,7.75 100.483832,13.794361,6.75 100.482099,13.793656,7.25 100.479444,13.792692,6.75 100.477522,13.792011,4.75 100.475213,13.791181,7.25 100.472194,13.790299,5.25 100.469304,13.789648,8 100.466692,13.789037,4.5 100.465684,13.788802,5 100.465367,13.788729,5.5 100.465247,13.788701,5.5 100.461211,13.787745,6 100.451882,13.785571,6 100.451655,13.785521,6 100.450993,13.785355,6 100.450292,13.78521,4.5 100.449654,13.785127,3.75 100.449237,13.785084,4 100.448666,13.785066,4.75 100.448425,13.785072,5 100.448002,13.78509,5.75 100.447308,13.785161,6.75 100.446703,13.785265,7.25 100.445942,13.785442,5.5 100.445324,13.785656,6.25 100.444771,13.785877,7 100.443725,13.786364,7.25 100.442791,13.786978,6.25 100.442119,13.787463,5.5 100.441315,13.788073,5 100.439392,13.78961,6 100.437675,13.791017,4.75 100.435492,13.792806,6.5 100.434123,13.793973,4.25 100.432396,13.795372,5.25 100.431128,13.796522,4.5 100.430834,13.796745,4.75 100.430261,13.797182,4 100.429756,13.79753,3.25 100.42939,13.797753,3.5 100.428972,13.797976,4.75 100.428403,13.798242,5.5 100.428127,13.798355,6 100.427852,13.798458,5.75 100.427583,13.798546,5.75 100.426807,13.798767,3 100.426589,13.79882,3 100.426132,13.798893,5.25 100.425582,13.798953,6.25 100.424346,13.799001,3.5 100.416498,13.799277,3.75 100.416286,13.799284,4.5 100.414231,13.799362,5.5 100.410144,13.799539,6 100.401586,13.799789,5.5 100.401406,13.799794,5.25 100.401326,13.799797,5 100.398651,13.79989,3.75 100.397657,13.799925,2.25 100.396134,13.799978,5.25 100.394447,13.800037,5.75 100.393019,13.800084,5.25 100.380387,13.800526,5.5 100.380201,13.800538,5.75 100.377911,13.800618,5 100.377699,13.800626,5.5 100.375665,13.800697,5 100.37464,13.800734,5 100.37419,13.80075,5 100.371286,13.800856,4.75 100.37074,13.800876,5.5 100.369204,13.800919,4.75 100.369108,13.800924,4.75 100.369002,13.800924,4.75 100.36887,13.80093,4.75 100.368746,13.800935,4.75 100.364533,13.801084,5 100.364376,13.80109,5.25 100.36128,13.80119,3.5 100.354609,13.801428,4 100.348561,13.801656,4.5 100.348477,13.801659,4.25 100.336569,13.802052,5 100.336459,13.802053,5 100.33538,13.802092,5.25 100.333278,13.802168,4.25 100.333183,13.802176,4 100.332953,13.802189,3.5 100.331891,13.802284,4.5 100.33163,13.802293,5 100.328949,13.802397,4.25 100.328864,13.8024,4.25 100.328647,13.802407,4.5 100.328483,13.802412,4.75 100.32433,13.802549,6.5 100.320363,13.8027,4.75 100.319,13.802744,5 100.318753,13.802756,5.25 100.313039,13.802952,3.75 100.311812,13.802982,5.75 100.311203,13.803041,5.25 100.309677,13.803211,3.75 100.308175,13.803353,5.75 100.308058,13.803364,5.75 100.307928,13.803377,5.75 100.304997,13.803653,4.5 100.304076,13.803747,4 100.300642,13.804068,4.5 100.295481,13.804581,3.75 100.29285,13.804829,4.5 100.287655,13.805338,4.5 100.286447,13.80538,6.5 100.285986,13.805425,5.75 100.285929,13.80543,5.5 100.285819,13.80544,5.25 100.285708,13.80545,5.5 100.284917,13.805467,6.5 100.278375,13.806107,5.75 100.2778,13.806199,5.5 100.277477,13.806227,5.5 100.277287,13.806241,6 100.272516,13.806729,4.25 100.272448,13.806734,4.25 100.270844,13.806897,4.75 100.258476,13.808081,5.5 100.255241,13.808388,5.25 100.25515,13.808397,5.5 100.251666,13.808729,6 100.249814,13.808897,5.75 100.244632,13.80942,4.5 100.244466,13.809437,4.75 100.243254,13.809521,4.5 100.242629,13.809525,5 100.239519,13.80935,4.75 100.22361,13.808405,7 100.220943,13.808252,5 100.220042,13.808194,5.75 100.219548,13.808162,6.25 100.219488,13.808158,6.25 100.219152,13.808138,6.5 100.216047,13.807954,6.75 100.210687,13.807631,6.25 100.210493,13.807623,6.5 100.200667,13.807053,2.25 100.197166,13.806833,4.75 100.193445,13.806628,5 100.186871,13.806237,6.5 100.185442,13.806121,5 100.184216,13.806063,6 100.18312,13.806067,6.75 100.182964,13.806061,6.5 100.181607,13.805987,5.75 100.179962,13.805889,6 100.17931,13.805871,3.5 100.178782,13.805896,3.75 100.176953,13.806121,6.25 100.171083,13.806914,5.5 100.170891,13.806941,5.25 100.160625,13.808326,6.75 100.157524,13.80874,5.5 100.157361,13.808762,5 100.153808,13.809243,6.75 100.151477,13.809566,6.25 100.147472,13.810104,5.75 100.145318,13.810407,7.5 100.134355,13.811884,5.75 100.133748,13.811971,5.5 100.133449,13.812047,5.5 100.128839,13.812669,8 100.128411,13.812689,8.5 100.125812,13.813052,5.25 100.124989,13.813152,4 100.12454,13.813231,4.75 100.124103,13.813326,5 100.123676,13.813445,5.25 100.123138,13.813604,5.5 100.122742,13.81376,5.25 100.121693,13.814283,4.75 100.120411,13.814954,6.75 100.119451,13.815443,7.75 100.11751,13.816454,6 100.11711,13.816653,5.75 100.109281,13.820709,5.5 100.109136,13.820789,6 100.108445,13.821144,6 100.10145,13.824757,7.5 100.100803,13.825063,6 100.099833,13.825433,6.75 100.098845,13.825651,6.75 100.098272,13.825745,5.75 100.0977,13.825802,6.75 100.097114,13.825834,7.25 100.094938,13.82576,8.75 100.094738,13.825753,8.75 100.09152,13.825645,5.25 100.085216,13.825436,7.5 100.085025,13.825433,7.25 100.080563,13.825291,7.25 100.076668,13.82512,7 100.073491,13.825027,7 100.064404,13.824735,8.75 100.064246,13.824728,8.5 100.061565,13.824647,10.75 100.061453,13.824641,10.5 100.06125,13.824634,10.25 100.056701,13.82448,9 100.055518,13.824442,10.75 100.055061,13.824422,12.5 100.054539,13.824435,12.25 100.054123,13.82445,11.75 100.050887,13.824329,8 100.050744,13.824323,7.75 100.049816,13.82429,9 100.047971,13.824244,10.5 100.047373,13.824169,10.5 100.046773,13.82411,9.25 100.046274,13.824055,9 100.045906,13.824046,9 100.041321,13.823887,7.5 100.028671,13.823474,12 100.008885,13.822842,7.25 100.004094,13.822693,6.75 99.995839,13.822413,6.75 99.992529,13.822306,9 99.991179,13.822255,9.5 99.990382,13.82223,9.75 99.989748,13.822226,9.5 99.989599,13.822221,9.5 99.984037,13.822053,7.25 99.966602,13.82147,7.25 99.96351,13.821368,8.5 99.963025,13.821352,8.25 99.962371,13.82133,7.75 99.961454,13.821304,7.5 99.959401,13.821236,9.5 99.956323,13.821138,7 99.937416,13.820534,11 99.935213,13.820457,7.25 99.92609,13.819492,9.75 99.923177,13.819181,8.75 99.91431,13.818212,8 99.914137,13.818193,8 99.91122,13.817878,11.25 99.908296,13.817559,11 99.907713,13.817491,12.25 99.905712,13.817478,9 99.905486,13.81747,9 99.904184,13.817342,8.75 99.903941,13.817334,9 99.903537,13.817357,9.5 99.903197,13.817393,9.75 99.902983,13.817424,9.5 99.902812,13.817462,9.25 99.902601,13.817516,9 99.902193,13.817656,9.25 99.901848,13.817798,9.75 99.901688,13.81788,9.75 99.901515,13.817976,10.25 99.90122,13.818171,10.5 99.900941,13.818385,10.75 99.900704,13.818599,11 99.900444,13.818862,11.25 99.900202,13.819128,11.5 99.899984,13.8194,12 99.899452,13.82015,12 99.899062,13.820754,12.25 99.898858,13.821107,12.25 99.898701,13.821424,12.25 99.898569,13.821732,11.75 99.89851,13.821885,11.75 99.89837,13.822288,11.25 99.898302,13.822539,10.75 99.898249,13.822762,10.75 99.898154,13.823245,10.5 99.89752,13.828702,10.25 99.897333,13.830574,11 99.89732,13.831247,10.75 99.897345,13.831782,10.75 99.89748,13.832554,10.75 99.897629,13.833225,9.75 99.897935,13.834168,9 99.899932,13.83914,11 99.900822,13.84139,10.25 99.900967,13.841756,9.75 99.901411,13.842881,8.25 99.90259,13.845847,7 99.903471,13.847998,10 99.905415,13.852966,10.25 99.905759,13.853815,11.25 99.906246,13.855057,11.25 99.906343,13.85529,10.5 99.907903,13.859218,11.75 99.908762,13.861403,9.25 99.909338,13.862817,10.25 99.911497,13.868398,11.5 99.912757,13.871406,13.25 99.913121,13.872271,12.5 99.913306,13.872776,12 99.914074,13.874762,11.25 99.914888,13.876781,12 99.916594,13.881177,10 99.917569,13.883594,9.75 99.918783,13.886663,10.75 99.921334,13.893199,12.25 99.922704,13.896559,14.25 99.924002,13.899829,13 99.928006,13.909924,10.5 99.928879,13.912037,10.75 99.932377,13.920907,10 99.933099,13.922739,10.5 99.935324,13.928326,11 99.937879,13.934769,11.75 99.939615,13.939138,12.25 99.94436,13.951093,12.75 99.949326,13.963599,12.25 99.949449,13.964,12.5 99.949688,13.964912,13.5 99.949767,13.9652,13 99.949981,13.96613,11.25 99.950304,13.968019,11.25 99.950723,13.970316,10.5 99.951802,13.976319,11 99.95351,13.985826,8.75 99.954762,13.992688,10 99.954961,13.993766,9.5 99.955117,13.994676,10.25 99.955391,13.996275,10.25 99.955635,13.997702,9.25 99.955836,13.998722,11 99.955939,13.999292,10.5 99.956141,14.000396,8.5 99.956366,14.001655,10.5 99.956614,14.002942,11.75 99.956678,14.003361,12.75 99.956745,14.003842,12.25 99.956779,14.004272,11.75 99.956802,14.004706,12 99.956799,14.005058,12 99.956783,14.005358,11.5 99.956746,14.005753,11 99.956705,14.006104,11.25 99.956501,14.007194,11 99.956007,14.009976,12.5 99.955979,14.010083,12.5 99.955819,14.010905,13.75 99.955595,14.012239,13 99.955555,14.012567,13.5 99.955534,14.01292,13.5 99.955527,14.013274,13.5 99.95556,14.014616,12.75 99.95563,14.018584,12.75 99.955726,14.026557,13.5 99.955878,14.036477,13.75 99.95597,14.042486,13 99.956161,14.053282,11 99.956306,14.062675,10 99.956381,14.066769,11.5 99.956443,14.070188,9.5 99.956484,14.073061,10.75 99.956535,14.075415,12.25 99.956533,14.077074,11.75 99.956593,14.081162,14 99.9566,14.08228,14 99.956625,14.083831,11.75 99.956683,14.086386,10.5 99.956692,14.087006,12.25 99.956701,14.087635,14 99.956807,14.094963,10.5 99.956875,14.098753,9.5 99.956896,14.100525,9.75 99.957001,14.106895,9.25 99.956998,14.10726,9.5 99.957142,14.117292,7.5 99.95718,14.118901,9.25 99.957199,14.120178,9.5 99.957222,14.121608,8.5 99.957228,14.123171,10 99.957271,14.124211,10.25 99.957399,14.124887,7.5 99.957487,14.125287,7 99.957617,14.125784,7 99.957706,14.126096,7 99.957917,14.126649,7.25 99.958131,14.127145,8.25 99.958473,14.127789,8.5 99.958677,14.128151,8 99.960886,14.132414,6.25 99.962416,14.135283,8.5 99.964204,14.138787,9 99.965942,14.142112,7.5 99.966441,14.143088,8.5 99.969176,14.148345,9 99.969901,14.149722,9 99.971409,14.15268,8.75 99.971986,14.153819,8.25 99.972731,14.155322,7.5 99.974594,14.158929,7.75 99.976373,14.162253,6.75 99.976443,14.162382,7 99.978378,14.16613,7.75 99.980832,14.170793,7 99.983103,14.175047,5.75 99.984387,14.177592,7 99.986473,14.181695,8 99.987241,14.183186,5.75 99.992721,14.193748,6 99.993881,14.195962,5.25 99.997468,14.202952,7 99.99879,14.205402,7.5 99.998932,14.205684,8 99.999095,14.205986,7.75 99.999201,14.206196,7.5 99.999289,14.206355,7 99.999969,14.207697,5 100.006249,14.219799,5.25 100.00695,14.221265,4.5 100.007227,14.22204,4.25 100.007448,14.222985,5 100.007705,14.226046,7.5 100.007735,14.226342,7 100.007737,14.226367,7 100.008106,14.230063,8.75 100.008784,14.237562,7 100.009516,14.246409,6.75 100.009651,14.247956,6.25 100.010021,14.252301,5 100.010187,14.254242,8.5 100.010286,14.255483,7.25 100.010726,14.260613,6 100.010731,14.260663,6 100.010749,14.260869,6 100.011359,14.267726,7.25 100.011543,14.269698,8.5 100.012364,14.279444,5.25 100.013273,14.289517,5.75 100.013325,14.290305,5.75 100.014611,14.304658,5.75 100.014694,14.305501,4.75 100.014878,14.306468,5.5 100.015114,14.307267,5.75 100.015295,14.307691,5.5 100.016367,14.309837,6.25 100.016516,14.310056,6.5 100.017929,14.312408,6.5 100.032819,14.337052,5.75 100.033718,14.33847,4.75 100.043445,14.354743,4 100.04362,14.355023,4.25 100.0443,14.356113,3.5 100.044734,14.356794,5.5 100.049478,14.364609,5.5 100.051063,14.367272,5.5 100.054855,14.373591,5.5 100.058624,14.379837,6.5 100.061036,14.383812,6.75 100.066127,14.392402,5.25 100.070662,14.399858,8.75 100.070803,14.400076,8.75 100.07128,14.400883,7.75 100.071321,14.400955,7.75 100.071384,14.401067,7.5 100.071419,14.401128,7.5 100.07195,14.402174,8.5 100.072962,14.40482,6.5 100.074969,14.410495,5.25 100.079258,14.422366,7 100.080614,14.426061,5.75 100.083283,14.433385,6 100.085108,14.43843,6 100.086991,14.443762,5.5 100.087522,14.445207,4.5 100.090294,14.452716,6.5 100.090403,14.453004,6.75 100.092476,14.458852,7.25 100.092523,14.458979,7.25 100.09297,14.460148,7.75 100.093368,14.461191,6.5 100.094157,14.463409,6 100.094328,14.464012,6.25 100.095566,14.467363,6.5 100.095717,14.467634,6.5 100.095799,14.467868,7.25 100.096578,14.470012,7 100.096794,14.47061,6.75 100.097417,14.472338,8.75 100.097759,14.473289,8.5 100.098086,14.47418,9.5 100.098089,14.474187,9.75</coordinates></LineString>
  </Placemark>
<Placemark id="20260410railwaymapofthailand__lines.8">
	<name>Namtok Sai Yok Noi</name>
	<Style><LineStyle><color>ff0000ff</color></LineStyle><PolyStyle><fill>0</fill></PolyStyle></Style>
	<ExtendedData><SchemaData schemaUrl="#20260410railwaymapofthailand__lines">
		<SimpleData name="tessellate">1</SimpleData>
		<SimpleData name="extrude">0</SimpleData>
		<SimpleData name="visibility">-1</SimpleData>
	</SchemaData></ExtendedData>
      <LineString><coordinates>100.478742,13.76066,5.5 100.478694,13.760663,5.5 100.477589,13.760729,6 100.477089,13.760777,6.5 100.47681,13.760801,6.75 100.476748,13.760812,6.75 100.476535,13.760849,7 100.476278,13.760893,7.25 100.475746,13.761051,7.75 100.475068,13.76131,6.75 100.474545,13.761593,6.5 100.472974,13.762818,8.75 100.472877,13.762896,9 100.468883,13.766097,7.75 100.468834,13.766136,7.75 100.467793,13.76697,6.25 100.463172,13.770673,7.5 100.456721,13.775842,5 100.456345,13.776144,6 100.455011,13.777213,8.5 100.452139,13.779513,5.5 100.450945,13.780471,6.5 100.45066,13.780699,6.5 100.448282,13.782595,4 100.445933,13.784487,8 100.444924,13.78533,7.5 100.44323,13.786626,6 100.442791,13.786978,6.25 100.442119,13.787463,5.5 100.441315,13.788073,5 100.439392,13.78961,6 100.437675,13.791017,4.75 100.435492,13.792806,6.5 100.434123,13.793973,4.25 100.432396,13.795372,5.25 100.431128,13.796522,4.5 100.430834,13.796745,4.75 100.430261,13.797182,4 100.429756,13.79753,3.25 100.42939,13.797753,3.5 100.428972,13.797976,4.75 100.428403,13.798242,5.5 100.428127,13.798355,6 100.427852,13.798458,5.75 100.427583,13.798546,5.75 100.426807,13.798767,3 100.426589,13.79882,3 100.426132,13.798893,5.25 100.425582,13.798953,6.25 100.424346,13.799001,3.5 100.416498,13.799277,3.75 100.416286,13.799284,4.5 100.414231,13.799362,5.5 100.410144,13.799539,6 100.401586,13.799789,5.5 100.401406,13.799794,5.25 100.401326,13.799797,5 100.398651,13.79989,3.75 100.397657,13.799925,2.25 100.396134,13.799978,5.25 100.394447,13.800037,5.75 100.393019,13.800084,5.25 100.380387,13.800526,5.5 100.380201,13.800538,5.75 100.377911,13.800618,5 100.377699,13.800626,5.5 100.375665,13.800697,5 100.37464,13.800734,5 100.37419,13.80075,5 100.371286,13.800856,4.75 100.37074,13.800876,5.5 100.369204,13.800919,4.75 100.369108,13.800924,4.75 100.369002,13.800924,4.75 100.36887,13.80093,4.75 100.368746,13.800935,4.75 100.36766,13.801047,4.5 100.364612,13.801162,4.75 100.364343,13.801171,5.25 100.356395,13.801427,4.25 100.354607,13.801505,4 100.348556,13.801708,4.5 100.348472,13.80171,4.25 100.336559,13.802109,5 100.336465,13.802111,5 100.335382,13.802144,5 100.333284,13.802223,4 100.333189,13.802231,4 100.331891,13.802284,4.5 100.33163,13.802293,5 100.328949,13.802397,4.25 100.328864,13.8024,4.25 100.328647,13.802407,4.5 100.328483,13.802412,4.75 100.32433,13.802549,6.5 100.320363,13.8027,4.75 100.319,13.802744,5 100.318753,13.802756,5.25 100.313039,13.802952,3.75 100.311812,13.802982,5.75 100.311203,13.803041,5.25 100.309677,13.803211,3.75 100.308175,13.803353,5.75 100.308058,13.803364,5.75 100.307928,13.803377,5.75 100.304997,13.803653,4.5 100.304076,13.803747,4 100.300642,13.804068,4.5 100.295481,13.804581,3.75 100.29285,13.804829,4.5 100.287655,13.805338,4.5 100.286123,13.805481,6 100.286006,13.805486,5.75 100.285943,13.805489,5.5 100.285805,13.805503,5.25 100.277489,13.806311,5.25 100.276145,13.806446,6.25 100.272533,13.806807,4.5 100.272478,13.806812,4.5 100.269703,13.807069,5 100.264137,13.807622,7 100.258487,13.808156,5.5 100.255247,13.808469,5 100.255161,13.808479,5.25 100.250354,13.808959,6.25 100.244631,13.809496,4.75 100.244464,13.80951,5 100.243575,13.809582,4.5 100.243038,13.809591,4.75 100.242691,13.809589,5.25 100.242437,13.809577,5.25 100.239511,13.80942,5 100.23519,13.809154,4.25 100.23468,13.80913,4.25 100.229252,13.808812,4.5 100.223611,13.808473,7 100.220941,13.808316,5 100.220042,13.808194,5.75 100.219548,13.808162,6.25 100.219488,13.808158,6.25 100.219152,13.808138,6.5 100.216047,13.807954,6.75 100.210687,13.807631,6.25 100.210493,13.807623,6.5 100.200667,13.807053,2.25 100.197166,13.806833,4.75 100.193445,13.806628,5 100.186871,13.806237,6.5 100.185442,13.806121,5 100.184216,13.806063,6 100.18312,13.806067,6.75 100.182964,13.806061,6.5 100.181907,13.805937,5.25 100.181617,13.805921,5.25 100.181347,13.805905,5.5 100.180813,13.805828,6 100.179418,13.805763,4 100.178814,13.805793,3.75 100.178286,13.805836,5 100.173536,13.806473,4.75 100.172892,13.806603,4.5 100.172175,13.806699,5.5 100.171083,13.806914,5.5 100.170891,13.806941,5.25 100.160625,13.808326,6.75 100.157524,13.80874,5.5 100.157361,13.808762,5 100.153808,13.809243,6.75 100.151477,13.809566,6.25 100.147472,13.810104,5.75 100.145318,13.810407,7.5 100.134355,13.811884,5.75 100.133748,13.811971,5.5 100.133449,13.812047,5.5 100.128839,13.812669,8 100.128411,13.812689,8.5 100.125812,13.813052,5.25 100.124989,13.813152,4 100.12454,13.813231,4.75 100.124103,13.813326,5 100.123676,13.813445,5.25 100.123138,13.813604,5.5 100.122742,13.81376,5.25 100.121693,13.814283,4.75 100.120411,13.814954,6.75 100.119451,13.815443,7.75 100.11751,13.816454,6 100.11711,13.816653,5.75 100.109281,13.820709,5.5 100.109136,13.820789,6 100.108445,13.821144,6 100.10145,13.824757,7.5 100.100803,13.825063,6 100.099833,13.825433,6.75 100.098845,13.825651,6.75 100.098272,13.825745,5.75 100.0977,13.825802,6.75 100.097114,13.825834,7.25 100.094938,13.82576,8.75 100.094738,13.825753,8.75 100.094201,13.82578,8.75 100.093495,13.825802,8.75 100.086415,13.825565,8.25 100.085778,13.825499,7.75 100.085216,13.825436,7.5 100.085025,13.825433,7.25 100.080563,13.825291,7.25 100.076668,13.82512,7 100.073491,13.825027,7 100.064404,13.824735,8.75 100.064246,13.824728,8.5 100.061565,13.824647,10.75 100.061453,13.824641,10.5 100.06125,13.824634,10.25 100.056701,13.82448,9 100.055518,13.824442,10.75 100.055061,13.824422,12.5 100.054539,13.824435,12.25 100.054123,13.82445,11.75 100.050887,13.824329,8 100.050744,13.824323,7.75 100.049816,13.82429,9 100.047971,13.824244,10.5 100.047373,13.824169,10.5 100.046773,13.82411,9.25 100.046274,13.824055,9 100.045906,13.824046,9 100.041321,13.823887,7.5 100.028671,13.823474,12 100.008885,13.822842,7.25 100.004094,13.822693,6.75 99.995839,13.822413,6.75 99.992529,13.822306,9 99.991179,13.822255,9.5 99.990382,13.82223,9.75 99.989748,13.822226,9.5 99.989599,13.822221,9.5 99.984037,13.822053,7.25 99.966602,13.82147,7.25 99.96351,13.821368,8.5 99.963025,13.821352,8.25 99.962371,13.82133,7.75 99.961454,13.821304,7.5 99.959401,13.821236,9.5 99.956323,13.821138,7 99.937416,13.820534,11 99.935213,13.820457,7.25 99.92609,13.819492,9.75 99.923177,13.819181,8.75 99.91431,13.818212,8 99.914137,13.818193,8 99.91122,13.817878,11.25 99.908296,13.817559,11 99.907713,13.817491,12.25 99.90642,13.817364,10.75 99.906001,13.817352,9.25 99.897457,13.816455,13.5 99.892998,13.815946,13.75 99.885435,13.815159,13 99.882112,13.814801,15 99.88169,13.814767,15 99.881387,13.81477,15 99.880838,13.81482,15.5 99.88031,13.814915,14.5 99.87977,13.81506,14.25 99.879552,13.815134,14.75 99.879328,13.815221,15.25 99.878958,13.815403,16 99.878614,13.815597,16.75 99.878403,13.81573,16.75 99.878281,13.815814,17 99.878172,13.815907,17 99.878019,13.816023,17 99.877727,13.816288,16.75 99.877595,13.816418,16.5 99.877507,13.816501,16.25 99.877415,13.816583,16.25 99.877273,13.816744,16.5 99.877104,13.816955,16.75 99.877009,13.817083,16.5 99.876823,13.817353,15.75 99.876733,13.817506,15 99.876579,13.817799,15 99.876491,13.817977,14.75 99.876407,13.818175,14.75 99.876302,13.81853,15 99.876196,13.818848,15.5 99.875961,13.819933,16 99.875906,13.820185,15.5 99.875074,13.824493,15.5 99.874203,13.828901,15 99.874159,13.829126,15 99.872427,13.837898,16.75 99.871829,13.840869,15.25 99.871484,13.84258,14 99.871124,13.844331,15.25 99.871054,13.8446,15 99.870975,13.844844,14.75 99.870848,13.845133,14.5 99.870703,13.84542,13.75 99.870497,13.845793,12.5 99.870261,13.846156,12.75 99.870042,13.846475,12.75 99.869824,13.846765,13 99.869564,13.847061,13.75 99.869208,13.847425,14.75 99.868875,13.847717,14.75 99.868408,13.848071,14.5 99.868109,13.848277,14.25 99.867866,13.848426,14.5 99.867646,13.848556,15 99.867397,13.848692,15.5 99.867095,13.848837,15.5 99.866493,13.8491,15.25 99.866166,13.849204,15.5 99.865847,13.849292,16.25 99.865521,13.849371,16.5 99.86515,13.849432,16.5 99.864764,13.849471,16.75 99.862713,13.849589,17.25 99.855643,13.849996,16.25 99.853148,13.850118,18.25 99.851977,13.850204,17.75 99.851496,13.850266,18.25 99.84765,13.85049,15.5 99.847054,13.850482,15.5 99.846914,13.850482,15.5 99.846504,13.850534,15.75 99.846199,13.850588,16.25 99.845853,13.850685,16.75 99.845521,13.850811,16.75 99.845228,13.850978,16.75 99.844948,13.851149,16.5 99.84351,13.852128,15.25 99.842863,13.852656,15.5 99.836397,13.858209,16.75 99.834422,13.859877,15.25 99.832682,13.86138,14.25 99.825537,13.867583,15.25 99.824477,13.868525,15.5 99.822099,13.870558,19 99.820674,13.871783,16.75 99.820344,13.872058,16.5 99.816969,13.874969,15.5 99.815506,13.876258,16 99.814948,13.876817,17 99.812106,13.879759,15 99.809785,13.882173,16.25 99.806167,13.88592,18.25 99.803675,13.888487,18 99.800192,13.892117,17.75 99.797751,13.894626,16.75 99.795417,13.897037,18 99.793642,13.898883,16.25 99.791554,13.900978,19.75 99.785757,13.907023,17.5 99.781801,13.911091,17.5 99.780269,13.912682,18.5 99.777436,13.915623,18.5 99.773331,13.91989,19.75 99.770678,13.922649,19.75 99.76962,13.923709,18.75 99.768425,13.924978,19 99.768096,13.925314,19 99.76347,13.930098,18.75 99.761762,13.931864,21 99.76161,13.932024,20.5 99.759471,13.934246,19 99.759216,13.934557,19.25 99.758936,13.934951,19.75 99.758675,13.935378,19.25 99.758461,13.935749,18.25 99.75826,13.936142,17.5 99.75809,13.936528,17.25 99.757915,13.937019,18 99.757498,13.938344,18 99.755859,13.94336,20 99.755341,13.944992,21.25 99.753812,13.949667,21.25 99.753106,13.951824,23 99.752422,13.953953,24 99.75188,13.955631,25.25 99.751301,13.957504,22.25 99.7511,13.958131,23.25 99.750941,13.958583,24 99.750669,13.959373,24.5 99.750558,13.959673,24.25 99.75043,13.959975,24.25 99.750302,13.960249,25 99.750149,13.960536,25.5 99.750095,13.960632,25.5 99.749907,13.960962,25.5 99.749758,13.961191,24.5 99.749579,13.961436,23.75 99.749409,13.961655,23 99.749242,13.961858,23 99.749047,13.962081,22.75 99.748855,13.962273,22.5 99.748476,13.962603,22.25 99.74804,13.962945,22.25 99.74781,13.963108,21.75 99.747573,13.963263,21.25 99.747342,13.963405,21.25 99.74688,13.963653,21.75 99.746671,13.963749,21.75 99.746185,13.963939,21.75 99.745672,13.964103,22 99.745455,13.964163,22.25 99.744938,13.964264,22.5 99.739398,13.965095,22 99.736746,13.965459,21.5 99.722294,13.967611,17.75 99.717163,13.968367,20.5 99.712198,13.969097,18.5 99.706572,13.969948,20 99.706182,13.97,20 99.704397,13.970257,18.5 99.693045,13.971937,22.25 99.691914,13.972104,23.5 99.676881,13.974303,21.5 99.675224,13.974549,23 99.670279,13.9753,21.75 99.667413,13.975717,22.75 99.664895,13.976083,21.5 99.664078,13.976202,22 99.662447,13.976484,22.75 99.661782,13.976644,21.25 99.657987,13.977179,21.75 99.65721,13.977223,21.25 99.656977,13.977255,21.5 99.650462,13.978228,23.5 99.649778,13.978331,22.25 99.647468,13.97868,25.25 99.64449,13.979111,24.25 99.641052,13.979637,23.75 99.64027,13.979745,24 99.636746,13.980281,25.5 99.634981,13.98055,24.25 99.630953,13.981136,26 99.630789,13.981151,25.75 99.63041,13.981192,25.25 99.629769,13.981307,24.25 99.628988,13.981387,24.75 99.624845,13.981696,27 99.623231,13.981825,27.25 99.619971,13.982068,30 99.617002,13.982284,29 99.615722,13.982371,28 99.614511,13.982459,27 99.612952,13.982575,28.25 99.611055,13.982673,31.25 99.60938,13.982818,31 99.604905,13.983151,28.5 99.600427,13.983471,27.75 99.597976,13.983644,26.5 99.59698,13.983709,26.75 99.595757,13.983801,26.75 99.592805,13.984012,26.5 99.592524,13.984019,26.75 99.592222,13.984031,27 99.589619,13.984245,27.75 99.580104,13.984863,27.75 99.579451,13.984949,28 99.578922,13.985038,27.5 99.578467,13.985147,26.75 99.577992,13.985291,26.75 99.577579,13.985454,26.75 99.577224,13.985609,27 99.576534,13.985959,28 99.576304,13.986064,28.25 99.575545,13.986556,28.5 99.575136,13.986866,28.5 99.574691,13.98725,28.75 99.57362,13.98827,27 99.572598,13.98926,28.75 99.568862,13.992822,27 99.568787,13.992894,27 99.567243,13.994379,27 99.56341,13.998049,28.25 99.561539,13.99984,27.5 99.561503,13.999872,27.5 99.560361,14.000952,28.25 99.558383,14.002822,30.25 99.557922,14.003255,30.5 99.557578,14.003602,29.25 99.557387,14.003789,29 99.555123,14.005924,29.75 99.5545,14.006518,30 99.553312,14.007682,30.25 99.551302,14.009611,29.5 99.55015,14.010693,29.75 99.548266,14.012494,30 99.545739,14.014928,30 99.543468,14.017109,30.75 99.543395,14.017179,30.75 99.543132,14.017431,30.5 99.540304,14.020146,27.75 99.536461,14.023736,30.25 99.536371,14.023818,30.75 99.535635,14.024519,31.5 99.530862,14.029153,31 99.528339,14.031601,30.25 99.527467,14.032434,28.25 99.52672,14.033147,29.25 99.525611,14.034207,30.5 99.523673,14.036035,32.5 99.522404,14.037231,31 99.518807,14.04071,32.5 99.51719,14.042222,33.25 99.51571,14.043648,33.5 99.515131,14.044233,31.5 99.514677,14.044652,32.75 99.514445,14.044854,33.5 99.513912,14.045217,34.25 99.513549,14.045419,34.5 99.513231,14.045571,34.5 99.51286,14.04573,34.75 99.512498,14.045855,35 99.512122,14.045969,34.75 99.51169,14.046068,34.5 99.511333,14.046128,34.25 99.510944,14.046166,34.25 99.510503,14.046181,34.5 99.510122,14.046175,35 99.509769,14.046147,35 99.509526,14.04613,35 99.509316,14.046096,35 99.508982,14.046032,35.25 99.508577,14.045928,35.75 99.508227,14.045819,35.75 99.507914,14.045713,35.25 99.507635,14.04559,34.5 99.507338,14.045437,33.75 99.506849,14.045157,33 99.506363,14.044815,32.25 99.5061,14.044607,32 99.505848,14.044381,32.25 99.505629,14.044147,32.75 99.505455,14.043942,32.75 99.505328,14.04378,32.75 99.504923,14.043156,34.5 99.504449,14.042354,36 99.50441,14.042273,35.75 99.504129,14.041699,32.75 99.503126,14.039706,32.5 99.50276,14.039039,35.5 99.502141,14.037867,34.5 99.502023,14.037579,33.75 99.501927,14.037273,33 99.501855,14.036994,32.5 99.501793,14.036695,31.75 99.501735,14.036389,31.75 99.501653,14.035738,31.75 99.501633,14.035413,31 99.501632,14.035044,30 99.501654,14.034554,31.5 99.501693,14.034177,32.75 99.501765,14.03376,33.25 99.502034,14.032595,32.5 99.502856,14.029096,31.5 99.504366,14.022571,31.5 99.505785,14.016397,32 99.506675,14.012637,32.75 99.506693,14.012549,32.75 99.508575,14.004424,32.5 99.5087,14.003767,32 99.508765,14.003357,32.5 99.508788,14.003088,32.75 99.508791,14.002982,32.75 99.508786,14.002665,33.25 99.508775,14.002424,33.5 99.508749,14.002156,34 99.508713,14.001879,34.5 99.508649,14.00154,35.25 99.508578,14.001225,35.75 99.508488,14.000929,36.25 99.508364,14.000587,36.25 99.508243,14.000295,36.25 99.508087,13.999971,37.5 99.507821,13.999481,35.75 99.507627,13.999201,34.25 99.507384,13.998869,35.75 99.506504,13.9977,36.75 99.506149,13.99728,35.75 99.505168,13.995975,33.5 99.504931,13.995699,33 99.504741,13.995507,33 99.50449,13.995285,33 99.504227,13.995079,33 99.504104,13.994999,32.75 99.503942,13.994904,32.75 99.503628,13.99475,32.75 99.503312,13.994639,32.75 99.50197,13.994239,32.5 99.491306,13.991319,31.75 99.485088,13.989599,31.25 99.476296,13.987141,34.25 99.469075,13.985134,37.25 99.465127,13.984025,40.25 99.464769,13.9839,40.25 99.464425,13.983754,40.5 99.464144,13.983626,40.5 99.463626,13.983368,40 99.463126,13.983056,39.5 99.462864,13.982874,39.75 99.462451,13.982536,40 99.46203,13.982147,39.75 99.461675,13.981751,40 99.461491,13.98153,40 99.461183,13.98111,40 99.461007,13.980854,40 99.460741,13.980374,40.5 99.460621,13.980118,40.5 99.460399,13.979594,39.75 99.460304,13.979324,39.75 99.460199,13.978975,40 99.460095,13.978556,40.5 99.460041,13.978191,40.5 99.459952,13.977474,39 99.45995,13.977193,39 99.459962,13.976821,39 99.459994,13.976399,38.25 99.460031,13.976057,37.5 99.46181,13.961565,35.5 99.462288,13.958485,33.5 99.462316,13.958195,34 99.462326,13.957909,34.5 99.462334,13.957609,34.75 99.462331,13.957273,35.5 99.462316,13.956931,36.25 99.462287,13.956593,36.75 99.462232,13.956182,36.5 99.462164,13.955785,36 99.462095,13.955463,35.75 99.462012,13.955135,35.25 99.461835,13.954577,34.5 99.461183,13.952977,34.25 99.460548,13.951407,36 99.459952,13.949905,37 99.458148,13.945372,36 99.457041,13.942753,36 99.455561,13.938911,35.25 99.455029,13.937595,35.75 99.454795,13.937156,36.25 99.45452,13.936741,36.25 99.454257,13.936368,36.25 99.454015,13.936063,36.5 99.453703,13.935736,36.5 99.453357,13.935414,36.5 99.453102,13.935184,36.75 99.452847,13.934981,36.75 99.452548,13.934776,36.5 99.452148,13.934531,36.5 99.451797,13.934334,36.25 99.451439,13.934165,36.25 99.451118,13.934028,36.5 99.450736,13.933885,36.5 99.450383,13.933775,36.25 99.450057,13.933693,35.75 99.449767,13.93363,35.5 99.449286,13.933546,35 99.449057,13.933518,35 99.448868,13.933508,35.25 99.447761,13.933436,36.5 99.44622,13.933351,36.25 99.445679,13.933344,36.75 99.445337,13.933354,36.25 99.445003,13.933384,35.75 99.444714,13.933417,35.5 99.44446,13.933453,35.5 99.44417,13.933505,35.75 99.44391,13.933562,36 99.443642,13.933629,36.5 99.443116,13.933779,36.75 99.436539,13.936061,37 99.430878,13.938058,37.5 99.430656,13.938123,37.5 99.4304,13.938188,37.25 99.430164,13.938232,37 99.429912,13.938264,36.75 99.429672,13.938275,36.75 99.42951,13.938272,36.75 99.429337,13.938266,37 99.429123,13.93824,37 99.428889,13.938199,36.75 99.428282,13.938061,36.25 99.428015,13.938023,36 99.427691,13.938008,35.75 99.427406,13.938014,35.75 99.427112,13.93804,35.75 99.426831,13.938082,35.75 99.426543,13.938153,35.25 99.426315,13.938229,35 99.42592,13.938399,34.75 99.42574,13.938502,34.75 99.425552,13.938619,34.75 99.425381,13.938738,34.75 99.425215,13.938871,34.5 99.425073,13.938996,34.25 99.424954,13.939114,34 99.424319,13.939855,35.5 99.424165,13.940011,36 99.424001,13.940163,36.25 99.423864,13.940277,36.5 99.423714,13.940386,36.75 99.423348,13.940608,37.25 99.423157,13.9407,37.5 99.422925,13.940801,37.75 99.422703,13.940887,38 99.420017,13.941815,35 99.417626,13.942657,36 99.416884,13.942878,37.5 99.41483,13.943584,36.75 99.414312,13.94381,37.25 99.413442,13.944145,35.25 99.410341,13.945251,36.25 99.410041,13.945367,36.75 99.409713,13.945504,36.5 99.409458,13.94563,36 99.409232,13.945748,35.25 99.408995,13.945889,35 99.408647,13.946129,35.75 99.408414,13.946313,35.5 99.40764,13.94697,36.25 99.407436,13.947134,36.5 99.407232,13.947283,36.75 99.406665,13.947629,36.75 99.406463,13.947739,36.75 99.406217,13.947855,36.75 99.405911,13.947978,37 99.401536,13.949532,36.25 99.401245,13.949622,36.5 99.400992,13.949686,36.5 99.400723,13.949752,36.5 99.40045,13.949806,36.25 99.400201,13.949839,36 99.399659,13.949881,36.25 99.399325,13.949879,37 99.398974,13.949868,37 99.398713,13.94985,36.75 99.398144,13.949778,36.75 99.397816,13.94975,37 99.39748,13.949727,37.5 99.397149,13.949729,37.75 99.396566,13.949759,38.25 99.392414,13.950137,41.25 99.387518,13.950619,40.25 99.37919,13.951443,39 99.378844,13.951486,39.5 99.378222,13.951612,40.25 99.377982,13.951668,40.25 99.37769,13.951746,41.25 99.377404,13.951828,42 99.376794,13.952056,40.75 99.374771,13.953104,40.5 99.372161,13.954346,39.5 99.369319,13.955694,40.75 99.367985,13.956326,41.5 99.367643,13.956371,41.25 99.367348,13.956502,41 99.367094,13.956599,40.25 99.366627,13.956742,39.25 99.366045,13.956885,40.75 99.36546,13.956987,41.25 99.365103,13.95704,41.25 99.364777,13.957061,41.25 99.363837,13.957098,41.5 99.363566,13.957093,42 99.363338,13.957078,42.25 99.363131,13.957057,42.75 99.362527,13.956976,43.5 99.3621,13.956903,43 99.361861,13.956853,42.5 99.361703,13.956815,42.25 99.361525,13.956763,42.5 99.359603,13.956105,43.5 99.359364,13.95603,43.25 99.359104,13.955955,43.25 99.358849,13.955895,43 99.358541,13.95583,43 99.358141,13.955755,42.25 99.357371,13.95567,40.5 99.357011,13.955649,41.25 99.35663,13.955645,42.25 99.356239,13.95566,42.5 99.355882,13.955686,42.75 99.355488,13.955727,42.75 99.35527,13.955757,42.75 99.354865,13.955824,42.75 99.354587,13.955879,43 99.354295,13.955948,43 99.354072,13.956009,43 99.352538,13.956481,42.5 99.350003,13.957229,44.25 99.34535,13.958563,44.5 99.344977,13.95867,44.25 99.33476,13.961668,42.25 99.321917,13.965414,40.25 99.321591,13.965518,40.5 99.321306,13.965617,40.25 99.320755,13.965829,39.75 99.320532,13.965935,39.5 99.320316,13.966058,39.5 99.319851,13.966343,39.75 99.319192,13.966804,41.75 99.31851,13.967356,42.75 99.318279,13.96757,43.5 99.317892,13.967966,43 99.317765,13.968104,43 99.31749,13.968422,44 99.317207,13.968786,44.5 99.316968,13.969114,44.75 99.316732,13.969487,44.5 99.316555,13.969798,44 99.316407,13.970084,43.5 99.316247,13.97042,42.5 99.315971,13.97111,42.25 99.315837,13.971507,42.75 99.315349,13.973147,44 99.314477,13.976191,42.5 99.312957,13.981287,45 99.31252,13.982724,44.75 99.312018,13.984508,43.5 99.311795,13.985181,43 99.311659,13.985483,42.75 99.311513,13.985783,42.75 99.311358,13.986052,42.75 99.311155,13.986336,42.5 99.310948,13.986596,42.25 99.310778,13.986795,41.5 99.310565,13.98702,41 99.310354,13.98722,40.75 99.310008,13.98751,41 99.309802,13.987652,41.25 99.309644,13.987755,41.25 99.309459,13.987866,41.25 99.309138,13.988044,41.25 99.30723,13.989007,43 99.303153,13.991056,48.25 99.302153,13.991565,46.5 99.298165,13.993613,47.25 99.297644,13.993916,47.75 99.297304,13.994145,47.75 99.297028,13.994357,47.75 99.296761,13.994582,48 99.296072,13.995257,47.75 99.294131,13.997317,48.5 99.292147,13.999485,47.5 99.287976,14.004015,45 99.287354,14.004691,45 99.281333,14.011242,48 99.277187,14.015736,51.25 99.265954,14.027951,59.5 99.265714,14.028222,58.75 99.265496,14.028488,58 99.265335,14.028706,57.75 99.265175,14.02895,57.25 99.262165,14.033351,57.25 99.260173,14.036291,59.5 99.259042,14.03801,60.75 99.257926,14.03957,61.5 99.257822,14.039786,61.75 99.25773,14.03993,61.75 99.257027,14.040965,60.75 99.256735,14.041384,59.75 99.256574,14.041576,59 99.256248,14.042068,59.5 99.255937,14.042516,60.75 99.254056,14.045282,62.25 99.250717,14.050177,63.75 99.250267,14.050745,63 99.246374,14.055723,60.75 99.245996,14.056189,60 99.245803,14.056404,59.5 99.245629,14.056582,59.25 99.245461,14.056741,59 99.245031,14.057133,58.5 99.244568,14.057509,57.75 99.244265,14.057727,57.5 99.243965,14.057928,57.5 99.24238,14.059019,61.75 99.241866,14.059413,63.5 99.241606,14.059647,63.75 99.241384,14.05986,63.5 99.241176,14.060097,63 99.240862,14.060479,60.25 99.24055,14.060931,57.5 99.240377,14.061242,56.75 99.240198,14.061595,56.25 99.240039,14.061975,56.75 99.239926,14.062325,57.25 99.239578,14.063598,58 99.23949,14.063867,58.25 99.239402,14.064105,58.5 99.23911,14.064751,59.25 99.238871,14.065181,60.25 99.238614,14.065571,60.25 99.238475,14.065763,60.25 99.236998,14.067643,58.25 99.236486,14.068274,57.75 99.23627,14.068578,58 99.235788,14.069091,57.75 99.235552,14.069309,57.75 99.235329,14.069501,58 99.235048,14.069721,58.5 99.234766,14.069934,59.25 99.234416,14.070163,59 99.234037,14.070367,57.75 99.233551,14.070596,57 99.233157,14.070759,56.25 99.232745,14.070911,55 99.232374,14.071015,54.5 99.23199,14.071114,55 99.231083,14.071337,56.75 99.230673,14.071431,57.25 99.230345,14.071523,57.25 99.229987,14.071626,57 99.229613,14.071764,57.75 99.229261,14.071903,58.75 99.228995,14.072015,58.5 99.226985,14.072916,60.25 99.226344,14.073206,60.5 99.223337,14.074508,61 99.213909,14.078644,57 99.213099,14.079012,57.5 99.212718,14.079192,57.75 99.212253,14.079395,56.5 99.211609,14.079662,55 99.205815,14.082249,54 99.20533,14.082452,54.25 99.204931,14.082606,54.25 99.204575,14.082713,55.25 99.204199,14.08281,56 99.203835,14.082885,56 99.196984,14.084027,59.25 99.196451,14.0841,59.25 99.195702,14.084289,58.5 99.195345,14.084403,58.5 99.194627,14.084684,57.75 99.19423,14.084862,56 99.193851,14.085055,55.5 99.193469,14.085267,55 99.193127,14.085501,54.75 99.192736,14.08579,55.5 99.192392,14.086052,56 99.190637,14.087467,54.5 99.187638,14.089917,54.25 99.187481,14.090041,54 99.18739,14.090112,53.75 99.186998,14.090377,53.5 99.186253,14.090782,53.75 99.185881,14.090967,54.25 99.181822,14.09273,55 99.177797,14.094484,61 99.17727,14.09474,62.75 99.176861,14.094967,62.25 99.176497,14.095187,64.25 99.175231,14.096047,61 99.175217,14.096074,61.25 99.171998,14.098127,56.5 99.17086,14.098883,58 99.170552,14.099108,59.25 99.170293,14.099307,60.5 99.170085,14.099499,60.75 99.169939,14.099646,60.25 99.169824,14.099761,59.75 99.169728,14.099869,59.25 99.169534,14.100122,60 99.169184,14.100582,61.5 99.169104,14.100703,61.25 99.169045,14.100804,61.25 99.168909,14.101078,63.75 99.168831,14.101219,65.25 99.168646,14.101528,68.5 99.168599,14.101625,69.25 99.168516,14.10183,71.25 99.16845,14.102099,73.75 99.168419,14.102266,75.25 99.168339,14.102766,79.75 99.168317,14.10297,81.5 99.168276,14.103164,83.25 99.168204,14.103354,85 99.168086,14.103572,87.25 99.168013,14.103702,87.25 99.167922,14.103829,86.25 99.167813,14.103959,84.5 99.167697,14.104071,82.5 99.167169,14.104486,75 99.16689,14.104661,71.25 99.166775,14.104745,69.75 99.166703,14.104806,68.75 99.16662,14.10489,67.25 99.166549,14.104974,66.25 99.166496,14.105052,65 99.166415,14.105189,63.25 99.166402,14.105213,63.5 99.166274,14.105472,63.75 99.166113,14.10575,63.5 99.165975,14.105973,64 99.165841,14.106143,63.5 99.165681,14.106307,63.75 99.165388,14.106561,61.25 99.16517,14.106723,58.75 99.16499,14.106843,57.75 99.164776,14.106965,59 99.164526,14.107089,59.25 99.164264,14.107189,58 99.164069,14.107252,56.75 99.163834,14.107313,55.75 99.163637,14.107354,54.75 99.163443,14.107378,53.5 99.163296,14.107388,52.75 99.163141,14.107394,52.75 99.159805,14.107363,58.25 99.15941,14.107379,59 99.159176,14.107398,59.5 99.158962,14.107429,59.5 99.158518,14.107516,60 99.158276,14.107575,60.25 99.158065,14.107636,60.5 99.157532,14.107826,61.75 99.157248,14.107957,61.5 99.157009,14.108083,60.75 99.156784,14.108217,60 99.156634,14.108315,59.75 99.156239,14.108602,58 99.156053,14.108758,57 99.155588,14.109215,56 99.155172,14.109736,56.25 99.15472,14.110475,56.75 99.154032,14.111638,56.5 99.153898,14.111837,56.5 99.153556,14.112304,55.25 99.153321,14.112556,54.25 99.153177,14.112687,55.25 99.152824,14.112986,56.5 99.152518,14.113195,56.75 99.152164,14.113394,58.25 99.151988,14.113482,60 99.151425,14.1137,64.25 99.150968,14.11382,65.5 99.150613,14.113863,64 99.150017,14.113922,59.5 99.149793,14.11395,58.75 99.149664,14.113977,58.5 99.149514,14.114016,58.25 99.14926,14.114108,58 99.149109,14.114169,57.75 99.148965,14.11424,58 99.148709,14.114402,57.75 99.148602,14.114477,57.5 99.148374,14.114676,56.5 99.148204,14.114877,56 99.14776,14.115451,56.25 99.14765,14.115579,56 99.147487,14.115733,55.75 99.147287,14.115882,56.25 99.147102,14.11601,57 99.146866,14.116156,57.75 99.142983,14.118301,57 99.141145,14.119337,57 99.139545,14.120235,61.5 99.138275,14.120966,62.5 99.136669,14.121879,57.75 99.135114,14.122735,57.25 99.133205,14.123817,56.25 99.13283,14.124066,56 99.132215,14.124555,56.5 99.131972,14.124781,56.75 99.13168,14.125086,57 99.131357,14.125482,58 99.131027,14.125936,59 99.130764,14.126372,60.25 99.130527,14.126795,61.25 99.130137,14.127661,59.5 99.12995,14.128154,59.75 99.12932,14.129982,62.75 99.129001,14.130945,63.25 99.128958,14.131159,63 99.128926,14.13137,62.5 99.128906,14.131644,62 99.128897,14.131884,62.25 99.128895,14.132525,64 99.128866,14.132724,66.25 99.128821,14.132938,68.25 99.128731,14.133148,69 99.128529,14.133458,69 99.128088,14.134013,71.5 99.127961,14.134235,73 99.12787,14.134436,75.5 99.127761,14.134744,79 99.127695,14.134949,80.5 99.127491,14.135722,83.75 99.127425,14.135918,85.5 99.127276,14.136233,87.5 99.127247,14.136311,88 99.127215,14.136486,90.75 99.127182,14.136787,95.5 99.127091,14.137221,96.25 99.127016,14.137508,94 99.126235,14.139644,91.5 99.125896,14.140671,80.5 99.125751,14.141069,81.5 99.125677,14.141231,83 99.125612,14.141341,83.25 99.12541,14.141628,82 99.124661,14.142553,80.25 99.124447,14.142829,81 99.123961,14.143511,81.75 99.123827,14.14369,84 99.1237,14.143851,84.25 99.123558,14.144009,82.25 99.123352,14.144219,78 99.123078,14.144474,82.5 99.122653,14.144821,79.75 99.122137,14.145203,76 99.121863,14.145454,75.25 99.121736,14.145582,74 99.121487,14.145876,73.75 99.121326,14.1461,77 99.121021,14.146553,76.5 99.120708,14.146941,76.75 99.12058,14.147074,78 99.120351,14.147281,77.25 99.120231,14.147377,75.75 99.119729,14.147743,75.5 99.119533,14.147879,76.25 99.119335,14.147998,75.5 99.119136,14.148093,73.5 99.118552,14.148325,69.75 99.116856,14.148973,66 99.116005,14.149329,68 99.114793,14.1499,63.75 99.113934,14.150281,63.5 99.112173,14.151023,64.5 99.111999,14.15111,64.25 99.111813,14.151237,64 99.111649,14.151382,63.25 99.111511,14.151543,62 99.110762,14.152591,66.5 99.110408,14.153004,73.75 99.110296,14.153114,73.75 99.11014,14.153245,72 99.109957,14.153359,69.75 99.109819,14.153433,72 99.109663,14.153488,72.25 99.109025,14.153691,69.75 99.108822,14.153768,69.75 99.108632,14.153863,69.75 99.108456,14.153962,68.75 99.108186,14.154184,69 99.107527,14.154879,67 99.107427,14.154976,66 99.107172,14.155162,66 99.106917,14.155318,63.75 99.105052,14.156339,59.5 99.104605,14.156628,59 99.103861,14.157131,62 99.10359,14.157319,60.75 99.103462,14.157415,59.5 99.103334,14.157526,58.25 99.103194,14.157626,59.25 99.102845,14.15795,60.25 99.102544,14.158248,58.5 99.102205,14.158622,59 99.10199,14.158906,59.25 99.101861,14.159097,59.5 99.101629,14.159486,59.25 99.1013,14.160125,58.5 99.101115,14.160559,58.5 99.101033,14.160797,58.75 99.100933,14.161121,59.5 99.100858,14.161401,60 99.100804,14.161654,61 99.100768,14.161855,61.25 99.100728,14.162163,61.25 99.100676,14.162642,62 99.100652,14.163145,64 99.100583,14.167621,66.75 99.100579,14.167923,66.25 99.100331,14.180977,72.75 99.100319,14.181311,72.25 99.100273,14.18204,72 99.100205,14.182542,72 99.100172,14.182761,71.5 99.100132,14.182976,71 99.100085,14.183189,70.25 99.099995,14.183547,69.5 99.09985,14.184065,69.25 99.099708,14.184475,70 99.099561,14.184841,70 99.099429,14.185171,69.25 99.099292,14.185465,68 99.099036,14.185967,67 99.098895,14.186224,67 99.098745,14.186475,67 99.098542,14.186784,66.75 99.098349,14.187059,66.5 99.098141,14.187328,65.5 99.097986,14.187528,65 99.097849,14.187702,65 99.097648,14.187926,64.5 99.097454,14.18814,63.75 99.097106,14.188502,63.5 99.096672,14.188899,63 99.096472,14.18907,63.25 99.096164,14.18932,64.25 99.090868,14.193292,58.75 99.090689,14.19343,58.75 99.090595,14.193513,58.75 99.090532,14.193568,59 99.090347,14.193731,59.25 99.090261,14.19382,59.5 99.090179,14.193916,59.75 99.090002,14.194162,60.75 99.0892,14.195583,62.5 99.088905,14.196089,62.5 99.088692,14.19654,62.5 99.088625,14.196701,62.5 99.088502,14.19703,63 99.087912,14.198787,60.75 99.087298,14.200536,65.25 99.086895,14.201723,67.5 99.086792,14.202063,67.75 99.086719,14.202407,67.75 99.086672,14.202725,68.5 99.086644,14.203029,69 99.086628,14.203296,69.75 99.086629,14.203522,69.75 99.086666,14.204031,69.75 99.086705,14.204295,70.25 99.0868,14.20476,71 99.087157,14.206094,74.5 99.087848,14.20886,78.75 99.088327,14.210655,83.75 99.088373,14.210823,84 99.088646,14.21201,86.75 99.089013,14.213282,88.25 99.089065,14.213482,88.5 99.089192,14.214056,89 99.089243,14.214405,89.25 99.089251,14.214631,89.5 99.089214,14.215124,90.25 99.089129,14.215536,91 99.089028,14.215876,91.5 99.089008,14.215928,91.25 99.088916,14.216155,91 99.088774,14.216408,90.75 99.088634,14.216631,90.5 99.088553,14.216742,90.75 99.088138,14.217258,91.75 99.087639,14.217858,92.25 99.087495,14.218013,92.75 99.087229,14.218247,92.5 99.0871,14.21835,92.5 99.086963,14.218447,92.25 99.086855,14.21851,92 99.086566,14.218646,91.25 99.08638,14.218716,91 99.086209,14.218767,90.5 99.086044,14.218804,90.25 99.085871,14.218831,89.75 99.085521,14.218862,89.25 99.08536,14.218864,88.75 99.085176,14.21885,88.25 99.085012,14.218828,87.75 99.084048,14.218676,91.75 99.083777,14.218638,92.5 99.083534,14.218624,93.25 99.083296,14.218622,94 99.083091,14.218634,93.75 99.082845,14.218675,94.25 99.082632,14.218732,95.25 99.082446,14.218794,96 99.082213,14.218897,95.75 99.082024,14.218999,95.5 99.081826,14.219128,95 99.081657,14.219246,95 99.081513,14.219378,96.5 99.081387,14.219503,97.5 99.081255,14.219655,98 99.081094,14.219826,97 99.079298,14.222017,99.75 99.079037,14.222293,100.75 99.078911,14.222415,101.25 99.078724,14.222578,101.5 99.078584,14.22269,101.5 99.078425,14.222806,101.25 99.078255,14.22292,101.5 99.078027,14.223058,101.75 99.077709,14.223238,101.5 99.077366,14.223456,102.5 99.075411,14.224905,109 99.075046,14.22519,107.5 99.074846,14.225364,107.75 99.074572,14.225621,108.5 99.074394,14.225799,109.25 99.072808,14.227516,113 99.072416,14.227901,113.75 99.072006,14.228254,114 99.071023,14.229059,113.75 99.070439,14.229523,113.5 99.068754,14.230941,117.75 99.068643,14.231046,118.25 99.068401,14.231319,119.5 99.068185,14.231608,120.25 99.067976,14.231931,121 99.067858,14.232128,121.75 99.067738,14.232348,122.5 99.067624,14.23259,123.25 99.06751,14.232883,124.25 99.067301,14.233612,126.25 99.067172,14.234154,127.75 99.067003,14.234836,128.75 99.066931,14.235164,129.5 99.066854,14.235409,130.25 99.066738,14.235663,130.75 99.066604,14.235871,131 99.066403,14.236131,131 99.06612,14.236395,131 99.065951,14.236526,131 99.065777,14.236636,131 99.065632,14.236701,132.75 99.065474,14.236755,135.25 99.065182,14.236805,139.25 99.064858,14.236841,142.75 99.064513,14.236824,143 99.064168,14.236772,141.75 99.06394,14.236698,141.25 99.063706,14.236597,142 99.062977,14.236259,144.25 99.062457,14.235984,140.5 99.062215,14.23586,138 99.061989,14.235788,138.5 99.061665,14.235745,140.5 99.061533,14.235751,140 99.061355,14.235774,139.5 99.061155,14.235817,139.25 99.060931,14.235885,139.25 99.060673,14.235996,139.5 99.060292,14.236169,140.25 99.059783,14.236497,142.5 99.059333,14.236867,146.25 99.059083,14.23713,148.25 99.058741,14.237467,151.25</coordinates></LineString>
  </Placemark>
<Placemark id="20260410railwaymapofthailand__lines.9">
	<name>Nong Khai Line</name>
	<Style><LineStyle><color>ff0000ff</color></LineStyle><PolyStyle><fill>0</fill></PolyStyle></Style>
	<ExtendedData><SchemaData schemaUrl="#20260410railwaymapofthailand__lines">
		<SimpleData name="tessellate">1</SimpleData>
		<SimpleData name="extrude">0</SimpleData>
		<SimpleData name="visibility">-1</SimpleData>
	</SchemaData></ExtendedData>
      <LineString><coordinates>100.541598,13.803709,3.5 100.541678,13.803905,3.5 100.542607,13.806194,3.5 100.542983,13.806898,3.5 100.543487,13.808161,3.5 100.543879,13.808894,3.5 100.543554,13.808137,3.5 100.543178,13.807124,3.5 100.542953,13.806493,3.5 100.543254,13.807103,3.5 100.54358,13.80783,3.5 100.543675,13.808089,3.5 100.543841,13.808463,3.5 100.54401,13.808843,3.5 100.544499,13.810127,3.5 100.54468,13.810647,3.5 100.544847,13.811204,3.5 100.544913,13.811467,3.5 100.54509,13.812311,3.5 100.545437,13.814189,3.5 100.545609,13.815022,5 100.545746,13.815529,4.25 100.546118,13.816651,4.25 100.546238,13.817244,4 100.546321,13.817664,4 100.546483,13.818551,3.5 100.546613,13.819159,2 100.546662,13.8195,3 100.546734,13.82013,5 100.546816,13.820457,5 100.546899,13.820747,5 100.547243,13.821894,4.5 100.550294,13.827581,5.25 100.550565,13.828095,5.25 100.550848,13.828697,5.75 100.550971,13.828998,6.5 100.551954,13.830855,6.25 100.552253,13.831491,6.25 100.553194,13.833364,6.25 100.554724,13.83625,6.25 100.55547,13.837634,6.25 100.555764,13.838175,6.25 100.555917,13.838473,6.25 100.556187,13.838898,6.25 100.556248,13.839013,6.25 100.556369,13.839288,6.25 100.556733,13.840111,6.25 100.556881,13.840395,6.25 100.557514,13.841586,6.25 100.558057,13.842575,6.25 100.561688,13.849358,6 100.5627,13.8512,6 100.563633,13.852809,6 100.565413,13.856039,6 100.566542,13.858294,6 100.567546,13.860199,6 100.568787,13.862486,5.75 100.570343,13.865185,5.75 100.572284,13.86875,5.75 100.573515,13.871054,5.75 100.575257,13.874176,5.75 100.57604,13.87556,5.75 100.578665,13.880319,5.5 100.580522,13.883773,5.5 100.581952,13.886306,5.5 100.586208,13.89403,5.25 100.588889,13.898649,5.25 100.589522,13.899767,5.25 100.590645,13.90191,5.25 100.592115,13.90455,5.25 100.592705,13.905538,5.25 100.593564,13.906982,5.25 100.594848,13.909257,5 100.596136,13.91154,5 100.596952,13.913023,5 100.597882,13.914684,5 100.598667,13.916086,5 100.599555,13.917555,5 100.600674,13.919759,5 100.601353,13.920978,5 100.604132,13.925919,4.75 100.606954,13.930944,4.75 100.607294,13.93161,4.75 100.607481,13.932019,4.75 100.607669,13.932467,4.75 100.607848,13.932936,4.75 100.608089,13.933688,4.75 100.60822,13.934166,4.75 100.608317,13.934533,4.75 100.60838,13.934836,4.75 100.608433,13.935131,4.75 100.608533,13.935747,4.75 100.608567,13.936001,4.75 100.608642,13.936664,4.75 100.608661,13.936918,4.75 100.60868,13.937423,4.75 100.608685,13.938036,4.75 100.608661,13.938489,4.75 100.608619,13.938966,4.75 100.608263,13.94194,4.75 100.607623,13.947041,4.75 100.60746,13.948339,3 100.607442,13.948472,3 100.607076,13.950773,3.5 100.606306,13.956937,3.5 100.605685,13.96199,4 100.603854,13.976798,6.75 100.603416,13.980439,5.75 100.603367,13.980825,5 100.602648,13.986546,4.5 100.602571,13.987414,5 100.60254,13.987796,5.75 100.60237,13.989172,6.75 100.602092,13.991422,6.75 100.602031,13.99192,6.25 100.601744,13.994234,6 100.601539,13.995949,6.75 100.60128,13.997776,5.5 100.59983,14.009274,5 100.599825,14.009884,4.5 100.599773,14.010448,4.25 100.599156,14.015249,5.25 100.598753,14.018467,3.25 100.59873,14.018657,3 100.598352,14.021784,2.25 100.597555,14.028123,3.25 100.597396,14.029113,4.75 100.597327,14.029491,4.5 100.594566,14.043095,4.5 100.594055,14.045612,4.5 100.593854,14.046661,4.5 100.593793,14.046954,4.25 100.593237,14.049766,5.75 100.591896,14.058275,5.75 100.591445,14.061155,5.5 100.591357,14.061723,4.75 100.588592,14.079527,6.25 100.586942,14.090115,4.25 100.586224,14.096098,4.75 100.586206,14.096235,4.5 100.585223,14.104635,4.25 100.584139,14.113696,6 100.583635,14.117984,2.75 100.583335,14.120457,2.5 100.58309,14.122656,3 100.582486,14.127591,4.75 100.582372,14.128586,3.75 100.58235,14.128782,4 100.582264,14.129559,3.75 100.582215,14.1301,2.75 100.581896,14.132664,4 100.581719,14.134112,2.75 100.581577,14.135366,3.25 100.581406,14.136758,2 100.581329,14.137479,3.25 100.580861,14.141563,4.5 100.579235,14.155069,3.75 100.578105,14.164687,6.25 100.577125,14.172894,2.5 100.577093,14.173296,2.5 100.577076,14.173612,2.75 100.577076,14.173955,3 100.577085,14.174771,3.75 100.577133,14.175543,4 100.577223,14.176245,4.25 100.577713,14.180338,6 100.577742,14.180593,6 100.57777,14.180885,5.75 100.577842,14.181515,5 100.577934,14.1823,5 100.577971,14.18259,5.25 100.57808,14.183875,4.75 100.578347,14.185854,5.75 100.578907,14.19064,6.5 100.578951,14.19112,6 100.578981,14.192016,3 100.579333,14.194868,5.75 100.580374,14.203699,4.25 100.580655,14.206381,4 100.581266,14.21161,4.5 100.581394,14.212663,3.75 100.581925,14.217341,7.5 100.581946,14.217467,7.5 100.582722,14.223938,5.5 100.582762,14.224272,5.5 100.58297,14.226007,5.25 100.583061,14.226901,5.75 100.583905,14.233961,5.75 100.583943,14.23426,5.5 100.584145,14.23596,6.75 100.5842,14.236417,6.25 100.584391,14.237379,6.75 100.584497,14.238254,6.25 100.58495,14.242109,6 100.585189,14.244067,5.5 100.585267,14.244722,5.75 100.585273,14.245058,5.75 100.585293,14.245504,5 100.585325,14.245772,4.5 100.585423,14.246577,4.75 100.585793,14.249547,5 100.587125,14.260841,5.75 100.587369,14.262736,6.25 100.588327,14.270803,6 100.588564,14.27271,7.25 100.588668,14.27367,7.5 100.589067,14.276967,5 100.589118,14.277457,5 100.589147,14.278032,4.75 100.589137,14.278351,4.75 100.589116,14.278668,5.25 100.589083,14.279002,5.5 100.588906,14.280378,3.75 100.588843,14.280921,4 100.588104,14.28728,5.25 100.588091,14.288085,4.75 100.586471,14.301945,5 100.586451,14.302115,4.75 100.585,14.31458,4 100.584323,14.320332,3.5 100.582862,14.332992,4.75 100.582847,14.33364,5 100.582873,14.334286,4.5 100.582913,14.334745,4.75 100.582985,14.335202,5 100.584206,14.340744,7 100.584273,14.341052,6.5 100.584793,14.343412,6.75 100.58493,14.344002,7 100.585039,14.344609,6.25 100.585077,14.344849,6 100.585106,14.345025,5.75 100.585139,14.345534,6.75 100.585101,14.346497,8.25 100.58508,14.346663,8.5 100.58504,14.34697,8.5 100.584855,14.347698,8 100.584742,14.348125,7.5 100.5837,14.352227,9.5 100.583614,14.352661,10.25 100.583413,14.353692,8 100.583353,14.35464,6.25 100.583341,14.354948,5 100.583338,14.355158,5.25 100.583287,14.356402,7 100.583276,14.356611,7 100.583267,14.356791,7.25 100.583257,14.356962,7.5 100.583237,14.357347,8 100.583223,14.357764,7.75 100.583222,14.357794,7.75 100.583244,14.358209,7.25 100.583127,14.360723,7.75 100.58313,14.361536,5.5 100.583195,14.36214,6.25 100.583365,14.362908,6.75 100.583436,14.363132,7 100.583533,14.363439,7 100.583794,14.364067,6 100.58404,14.36459,6 100.584255,14.365178,5.75 100.584469,14.365651,5.75 100.585121,14.367053,5 100.587075,14.370804,6.25 100.587344,14.371395,7.75 100.587556,14.371969,8 100.587722,14.372507,7 100.587832,14.372954,6 100.588019,14.373871,6.5 100.588547,14.376313,4 100.588766,14.377021,3.25 100.589081,14.377807,4 100.589376,14.378369,5 100.589725,14.37893,4.25 100.590146,14.379492,4 100.590629,14.380028,4 100.591077,14.380466,4.75 100.591614,14.380936,5.75 100.59226,14.381413,5 100.592914,14.381812,4 100.593454,14.382108,3.5 100.594935,14.382888,5.75 100.59696,14.383931,5.75 100.597196,14.384049,6.25 100.597502,14.384208,6.75 100.598114,14.384526,4 100.602005,14.386557,7 100.602923,14.387036,6 100.603654,14.387505,4.75 100.603885,14.387626,5 100.604178,14.387779,5.5 100.607727,14.389632,4.25 100.612219,14.391961,4 100.614279,14.393003,5.25 100.61452,14.393127,5.5 100.615089,14.393414,5.75 100.629174,14.40081,4.75 100.629698,14.401086,4.25 100.630434,14.401394,4.75 100.630924,14.401654,5 100.632139,14.402274,6.25 100.633628,14.403049,3.75 100.634095,14.403295,3.75 100.635985,14.404286,5.75 100.636631,14.404625,5.25 100.643791,14.408363,2.75 100.64611,14.409541,4.5 100.650404,14.411436,4 100.65125,14.411843,4 100.654305,14.413256,3.75 100.656824,14.414403,4.5 100.660052,14.415876,5.75 100.660144,14.415918,5.75 100.660337,14.416013,5.75 100.660429,14.416047,5.75 100.663483,14.417438,3.75 100.665263,14.418256,6.5 100.670457,14.420597,5.25 100.677554,14.423809,4 100.67854,14.424276,4.5 100.678959,14.424505,5.25 100.679416,14.424767,5 100.680925,14.42572,3.75 100.681517,14.426084,4.25 100.681868,14.426304,5.5 100.682736,14.426852,8.5 100.685589,14.428652,7.75 100.691231,14.432226,4.25 100.70775,14.442606,7 100.710751,14.444498,9 100.71261,14.445654,6.25 100.712812,14.445779,6.75 100.715003,14.447162,8.75 100.715538,14.447416,8 100.716464,14.448003,8 100.716985,14.448279,7.5 100.718809,14.449412,8.5 100.722231,14.451553,9.25 100.72285,14.451959,9.75 100.723015,14.452079,9.75 100.723539,14.452461,9 100.724682,14.453193,8.75 100.72507,14.45343,9 100.725883,14.453949,9.25 100.726116,14.454134,9 100.726329,14.454268,9 100.727126,14.454766,9.75 100.730458,14.45685,8.5 100.736331,14.460525,7.25 100.749394,14.468734,10 100.749494,14.468795,9.75 100.749972,14.469085,8.25 100.750059,14.469138,8.25 100.753997,14.471611,8.75 100.754289,14.471799,9.25 100.761175,14.476109,9.75 100.761572,14.476358,10.25 100.772411,14.483142,10.25 100.77797,14.486695,9.75 100.78206,14.48931,14 100.783746,14.490334,11.75 100.784439,14.490775,11 100.785436,14.49141,12.75 100.787405,14.492602,11.25 100.788274,14.493128,13 100.819895,14.513074,12.5 100.820518,14.513466,15.25 100.824755,14.516131,14 100.825754,14.516759,14.75 100.826731,14.517326,14.5 100.827206,14.517552,14.5 100.827899,14.517856,14 100.830108,14.518598,13.5 100.830819,14.518837,13 100.831334,14.518995,13.5 100.831879,14.519127,13.5 100.832428,14.519222,12 100.836868,14.519646,13.25 100.857245,14.521668,15 100.85754,14.521697,16 100.858624,14.521885,18 100.859066,14.521921,17.5 100.859496,14.52197,16.75 100.863285,14.522338,14 100.865134,14.522518,15 100.868822,14.522877,16 100.869368,14.52293,16.25 100.871301,14.52312,16 100.878615,14.523814,17.25 100.892872,14.52522,15.5 100.90788,14.526677,19.25 100.910606,14.526938,19.25 100.912901,14.52717,21.5 100.913027,14.527185,21.5 100.913424,14.527223,21.5 100.919016,14.527751,19.5 100.919524,14.527823,19.25 100.919968,14.527907,18.5 100.920343,14.528003,18.5 100.920718,14.528131,18.75 100.921051,14.528259,19 100.92155,14.528477,19 100.921887,14.528654,20 100.921946,14.528683,20 100.922139,14.528803,20.5 100.923032,14.529469,20.25 100.923435,14.529839,18.75 100.923813,14.53023,18 100.924404,14.530968,15.5 100.92477,14.531437,13.5 100.924935,14.531647,12.25 100.925573,14.532508,15.25 100.926315,14.533514,17.75 100.926681,14.533918,19 100.927127,14.534345,18.25 100.927597,14.53471,18.5 100.928153,14.535081,19.25 100.929486,14.535812,16.5 100.929926,14.536047,16.25 100.952427,14.548483,22 100.953872,14.549328,18.75 100.958607,14.551986,20.5 100.959176,14.552352,20.5 100.959775,14.552789,22.5 100.960128,14.553104,23.25 100.962799,14.555771,19.5 100.971821,14.564683,22.75 100.980276,14.573141,22.5 100.981229,14.574086,20 100.981642,14.574495,20.75 100.982242,14.575006,23.25 100.982735,14.57536,22 100.984007,14.576052,23 100.986644,14.577513,22.75 100.990089,14.579342,19.75 100.994027,14.581501,22 100.996783,14.582949,23.25 100.997677,14.583434,22 100.999809,14.584589,22.5 100.999969,14.584676,22.75 101.002291,14.58592,23.25 101.004531,14.5871,26 101.006169,14.588006,25.75 101.00703,14.588452,25.25 101.008485,14.589221,26.5 101.00981,14.589941,23.75 101.011704,14.590954,23.75 101.013514,14.591967,25.25 101.014036,14.592315,25.5 101.014355,14.592583,24.75 101.014643,14.592873,25 101.014867,14.59313,25 101.015217,14.59359,26 101.015551,14.594086,27 101.015742,14.594512,26.5 101.015923,14.594937,25.75 101.016078,14.595348,25.5 101.016191,14.595808,25.5 101.016428,14.597464,24.75 101.016957,14.602636,22.25 101.017464,14.608101,22.25 101.017469,14.608207,22 101.017683,14.610142,23 101.017951,14.613027,20.75 101.018039,14.61402,22.75 101.018153,14.615181,23.5 101.0184,14.617803,23 101.01843,14.618056,23 101.018645,14.620549,23.75 101.018646,14.620989,24 101.01863,14.621402,22.75 101.018598,14.621895,22.5 101.018549,14.622286,23.25 101.018479,14.622702,24.25 101.018401,14.623047,25.25 101.018289,14.623472,25.25 101.018129,14.623968,23 101.017903,14.624543,22.5 101.017583,14.6252,22.75 101.017283,14.625717,22.75 101.016973,14.626178,23 101.01672,14.626526,23.5 101.016413,14.626905,23.5 101.016098,14.627238,24 101.015461,14.627842,24.75 101.014621,14.628665,23.5 101.013852,14.629404,23.75 101.013022,14.630296,27.75 101.01273,14.630636,26 101.012381,14.631129,24.25 101.012021,14.631799,23.75 101.01183,14.63231,24.25 101.011674,14.632823,23 101.011564,14.633345,22.25 101.011524,14.633597,22.5 101.01149,14.633888,22.75 101.011478,14.634181,23 101.011497,14.634697,23 101.011547,14.635315,23.25 101.011875,14.63771,23.25 101.013251,14.650007,26.75 101.013572,14.65306,26.75 101.013658,14.653607,26.25 101.013738,14.654068,26 101.013852,14.654602,25.75 101.014019,14.655279,25.75 101.014189,14.655912,25.75 101.014376,14.656473,25.25 101.014573,14.657104,24.5 101.014833,14.657734,23.25 101.01707,14.662917,26.25 101.019103,14.667658,28 101.01923,14.668025,28.75 101.019441,14.668817,29.75 101.019598,14.669687,28.5 101.019644,14.670144,28.25 101.019665,14.670673,29 101.019643,14.671198,29.25 101.019602,14.671645,29.25 101.019534,14.672125,29 101.019434,14.672675,28.5 101.019291,14.673197,28 101.019106,14.673778,27.75 101.01888,14.674347,27 101.017209,14.677606,27 101.013538,14.684651,30.5 101.013246,14.685115,31 101.012928,14.685575,31.25 101.012545,14.686052,31 101.012165,14.686473,31.5 101.011763,14.68686,32.5 101.011302,14.687244,32.25 101.010807,14.6876,32.25 101.003194,14.692471,42.75 101.00225,14.693164,45.75 101.001682,14.693693,49 101.001231,14.694274,50.5 101.00079,14.694883,49.75 101.00033,14.695645,50.5 100.998648,14.69891,58.25 100.998226,14.69972,59 100.997898,14.700502,59.5 100.997715,14.701061,59.75 100.9976,14.701697,62.25 100.997528,14.702398,62 100.997536,14.703162,61.75 100.997655,14.70391,62.5 100.997855,14.7046,62.25 100.998088,14.705237,61.5 100.998403,14.705919,61.5 101.000357,14.710241,67.25 101.000884,14.711159,66.25 101.001476,14.711883,65.5 101.001962,14.712415,63.25 101.002612,14.712905,62.5 101.003439,14.713401,61 101.004378,14.713834,60.5 101.007747,14.715065,60.25 101.008998,14.715533,59 101.013809,14.717413,57.75 101.019317,14.719517,49.5 101.031887,14.724406,39 101.032862,14.724737,42.25 101.033837,14.725006,43.25 101.034896,14.725238,42.25 101.036064,14.725433,47.5 101.037861,14.72575,36.25 101.038462,14.725846,34.75 101.041992,14.726465,33.5 101.042647,14.726615,33.75 101.043366,14.726802,32.5 101.046346,14.727667,30.25 101.047061,14.727938,30.25 101.047722,14.728272,29.75 101.048221,14.728592,29.5 101.048806,14.72904,29.75 101.049417,14.729585,29.25 101.049901,14.730155,28.75 101.050333,14.730843,28.75 101.050706,14.731525,28.75 101.050957,14.732147,29.75 101.051171,14.732786,30.5 101.051282,14.733316,31.5 101.051334,14.733899,31.5 101.051271,14.736715,32.25 101.051151,14.739329,32.75 101.051077,14.741291,31.25 101.051071,14.741432,31.5 101.050975,14.743653,31 101.050926,14.745194,30.25 101.049933,14.769403,30.5 101.049891,14.770458,30 101.049914,14.771395,30.75 101.050021,14.772147,31.5 101.050214,14.773097,31.75 101.050515,14.773917,29.75 101.050848,14.774686,30.75 101.051245,14.775387,31.5 101.054481,14.780039,30.25 101.056172,14.78241,32.25 101.057186,14.783839,34.25 101.057296,14.783995,34.5 101.058731,14.786014,33 101.059179,14.786868,35.5 101.05955,14.787679,38.5 101.059771,14.788342,40.5 101.060008,14.789292,40.25 101.060211,14.790923,43 101.060356,14.791585,36.25 101.060655,14.792391,32.25 101.060942,14.793011,32.75 101.061391,14.793735,32.25 101.061865,14.794302,31.5 101.062327,14.79476,31.5 101.06457,14.79651,39.5 101.06504,14.796937,44.5 101.065422,14.797373,45.5 101.065931,14.798019,41 101.066243,14.798505,40.5 101.066416,14.798913,40.25 101.066592,14.799399,39 101.066683,14.799954,37.75 101.06673,14.800699,36 101.066197,14.807966,34.75 101.064767,14.829045,35.5 101.06427,14.835929,34 101.064058,14.83889,33 101.063989,14.839811,33 101.063812,14.842313,35 101.063647,14.844635,32.75 101.062324,14.863237,48.75 101.062119,14.866069,51 101.062062,14.866899,53.25 101.061848,14.870046,49.25 101.061531,14.874086,45.75 101.061433,14.87475,45.5 101.061319,14.875317,43.75 101.061148,14.875877,42.75 101.060908,14.876539,45 101.060658,14.877083,44.75 101.060544,14.877318,44.5 101.059877,14.878391,44.25 101.059412,14.879025,44 101.058076,14.880625,43.25 101.057452,14.881441,43 101.057082,14.882071,42.75 101.056666,14.882979,42.5 101.056331,14.883978,42 101.056219,14.88445,42 101.056071,14.885263,41.75 101.056042,14.885504,41.75 101.05592,14.887886,44.25 101.055879,14.888413,44.5 101.055813,14.889065,44.75 101.055731,14.88957,44.5 101.055524,14.890393,44.5 101.055411,14.89072,44.5 101.055241,14.891169,44.5 101.055003,14.891698,45 101.054736,14.892238,46 101.054554,14.892623,46.75 101.0522,14.897276,49 101.051999,14.897682,48.5 101.049008,14.903721,44.25 101.047604,14.906503,41 101.046073,14.909536,39.75 101.043055,14.915516,43 101.041162,14.91927,45.5 101.040112,14.921369,45 101.039737,14.922088,43.75 101.039576,14.922392,43.25 101.038064,14.923992,40.25 101.035808,14.925406,40 101.032674,14.92637,40.25 101.029965,14.927191,40.75 101.028715,14.927788,40.75 101.027563,14.928479,41 101.026561,14.929412,41.25 101.025666,14.930401,41.25 101.02332,14.933706,42 101.021458,14.93633,42 101.020355,14.938331,44 101.01976,14.940548,39.75 101.019707,14.941771,39.75 101.01976,14.942959,39.75 101.020173,14.944683,40 101.020813,14.946104,40.25 101.023795,14.950196,40.75 101.024651,14.951701,41 101.025018,14.952711,41.25 101.02531,14.953722,41.25 101.025453,14.954547,41.5 101.025478,14.955099,41.5 101.025451,14.955732,44.25 101.024958,14.961701,45.75 101.024789,14.964683,43 101.024539,14.967579,41.25 101.024038,14.975019,45.5 101.023964,14.975785,45.5 101.023627,14.9805,44.5 101.023299,14.984757,43 101.023197,14.985803,42 101.023189,14.985911,42 101.0231,14.987146,42 101.02297,14.989161,41.75 101.022744,14.992495,44 101.022701,14.992831,44.25 101.022634,14.993209,44 101.02246,14.994066,44 101.022317,14.994538,44 101.022166,14.994972,44 101.022005,14.995352,43.75 101.021769,14.995883,43.75 101.021447,14.996437,43.75 101.021141,14.996912,43.75 101.020762,14.997416,43.5 101.020345,14.997895,43.5 101.019931,14.99831,43.5 101.019436,14.998724,43.25 101.018963,14.999101,43.25 101.018362,14.999498,43.25 101.017805,14.999799,43.25 101.017267,15.000058,43 101.016742,15.000266,43 101.016247,15.000435,43 101.015581,15.000611,42.75 101.013417,15.001117,42.75 101.011856,15.001544,42.75 101.011302,15.001719,43.75 101.010757,15.001966,44.25 101.010212,15.002246,44.5 101.009791,15.002485,44.25 101.009319,15.002826,42.75 101.008901,15.003147,43 101.008428,15.003551,43 101.008106,15.003867,43.5 101.007826,15.004168,44.5 101.007541,15.004501,44.75 101.007291,15.004843,45 101.006992,15.005296,44.75 101.006751,15.005719,44.75 101.006489,15.006216,44 101.00628,15.006677,43.25 101.006079,15.007169,44.25 101.005923,15.007646,44.75 101.005813,15.008011,44.75 101.005658,15.008941,43 101.005602,15.009944,43 101.005597,15.010657,43.75 101.005596,15.01099,43.75 101.005513,15.020833,43 101.00551,15.021192,43 101.005465,15.028037,43.5 101.005446,15.030995,42.75 101.005464,15.031419,42.75 101.005508,15.031829,42.75 101.005582,15.03234,43.25 101.005682,15.032832,44 101.005811,15.033263,44.75 101.006094,15.034099,42.25 101.006302,15.034595,41 101.00657,15.035117,39.75 101.006845,15.035577,40.5 101.007133,15.035997,40.75 101.007406,15.036349,42 101.007769,15.036777,42.5 101.008174,15.037196,42.25 101.008494,15.037486,43.5 101.008751,15.037706,43.25 101.009017,15.037922,42.75 101.009249,15.038102,42.25 101.009487,15.038277,42 101.009724,15.038427,42 101.010086,15.038643,41.75 101.010595,15.038901,43.25 101.010986,15.039076,43 101.011456,15.039276,40.5 101.01364,15.040146,42.5 101.014198,15.040424,41 101.014924,15.040896,42.75 101.015438,15.041288,41.5 101.016108,15.041857,41.75 101.016623,15.042416,41.5 101.017074,15.042986,42 101.017342,15.04337,44.25 101.017753,15.044054,44.25 101.017911,15.04436,44 101.018072,15.044703,43.75 101.018198,15.044999,43.75 101.018383,15.045494,43.25 101.018503,15.04591,43 101.01863,15.046435,42.5 101.018723,15.046954,43 101.018775,15.047316,43.75 101.018819,15.047761,43.75 101.018852,15.048172,43.25 101.018829,15.048641,43.25 101.01864,15.051859,45 101.017546,15.066182,54.75 101.017429,15.067683,56.5 101.01744,15.068028,57.25 101.017145,15.072275,56.5 101.017061,15.072688,56.5 101.016144,15.084595,62 101.015746,15.090293,65.5 101.015765,15.09143,65.5 101.015908,15.092565,65.25 101.016157,15.093402,66.75 101.016466,15.094239,67 101.016834,15.094994,65.75 101.017309,15.095738,66.25 101.018578,15.097649,62.75 101.025586,15.108277,65.25 101.033575,15.120377,67 101.043617,15.13564,76.75 101.044665,15.137188,74.5 101.044864,15.137486,74.25 101.050051,15.145431,67 101.055096,15.153011,75 101.060571,15.161227,73.25 101.062372,15.163954,69.75 101.066049,15.169472,61.75 101.068905,15.173774,62.5 101.070271,15.175832,61.25 101.071943,15.178354,60.25 101.073715,15.181001,59.5 101.076795,15.185661,65.5 101.080486,15.191197,69.75 101.081802,15.19319,71.5 101.083784,15.196254,74.5 101.084181,15.196875,73 101.085176,15.198376,72.25 101.085227,15.198462,72.25 101.085924,15.199256,72 101.086812,15.200042,73.25 101.087707,15.20067,75.25 101.088754,15.201218,78.25 101.089525,15.201524,78.5 101.090309,15.201765,77.75 101.091311,15.201982,72.75 101.093962,15.20237,67.5 101.094065,15.202386,67 101.103642,15.203845,61 101.108511,15.204584,51.5 101.110696,15.204913,49.75 101.110819,15.204931,49.5 101.113852,15.205388,48.5 101.118741,15.20608,47.75 101.119115,15.206145,47.25 101.122169,15.206565,46.75 101.124476,15.206893,48.25 101.125791,15.207118,47.75 101.127065,15.207557,50.5 101.128416,15.208332,49.75 101.128906,15.208681,49.25 101.129268,15.20897,49 101.129769,15.209447,51.25 101.13043,15.210126,52.5 101.130514,15.21022,52.75 101.130776,15.210497,52.75 101.136455,15.216735,59 101.1377,15.218114,58.5 101.137872,15.218302,58.5 101.139522,15.220098,59.25 101.140149,15.220763,60.25 101.141354,15.22212,59 101.145539,15.226676,58.25 101.147152,15.22865,58.5 101.149074,15.232085,57.25 101.152638,15.238632,54 101.155145,15.243318,54 101.162052,15.255765,59.25 101.16331,15.257796,58.75 101.164068,15.258699,59 101.164941,15.259399,59 101.165921,15.260018,57.75 101.167076,15.260577,55 101.168739,15.261177,53.75 101.183336,15.266227,50.5 101.187287,15.267531,49.25 101.188894,15.268106,49 101.195346,15.270283,50 101.202307,15.272706,49.5 101.207136,15.274408,47 101.207575,15.27456,46.5 101.218038,15.278139,53.25 101.220711,15.279084,56.5 101.224169,15.280237,56 101.225104,15.280495,57.5 101.225774,15.280625,56.5 101.226401,15.280717,58 101.227047,15.280751,58.25 101.227658,15.280751,57.5 101.228306,15.280691,56 101.229421,15.280499,57.25 101.230301,15.280259,58 101.245516,15.2748,68 101.246185,15.274537,68.25 101.249323,15.273244,73.75 101.250555,15.272504,73.5 101.251623,15.271599,72.75 101.252196,15.270999,71 101.252737,15.270265,69.25 101.253229,15.269511,67 101.256191,15.261973,60.75 101.259529,15.253031,59 101.260262,15.251107,63 101.260597,15.250243,62 101.260907,15.249441,62 101.261624,15.24756,60 101.262801,15.244484,63 101.263396,15.24284,63.25 101.26398,15.241391,61.75 101.264458,15.240428,62 101.264987,15.239661,62.5 101.265536,15.239013,62.5 101.266192,15.238339,63.5 101.266842,15.23783,66.25 101.267823,15.237178,68.25 101.268988,15.236609,72.75 101.270446,15.236199,73 101.276692,15.235146,71.75 101.278151,15.2349,71.5 101.282929,15.234103,67.25 101.28832,15.233214,68.75 101.289125,15.233156,70.25 101.290257,15.233166,71.75 101.291366,15.233297,72 101.292644,15.233658,70.75 101.293885,15.234205,69.25 101.297564,15.236154,68 101.298914,15.236895,67.25 101.307723,15.241726,70.5 101.313405,15.244802,76.5 101.315127,15.245731,76.25 101.321977,15.249508,84.5 101.328254,15.252893,81.5 101.329302,15.253469,79.75 101.330879,15.254349,77.5 101.331348,15.254663,76.5 101.331981,15.255173,76 101.332307,15.255478,76.5 101.332655,15.255821,76.5 101.333034,15.256229,76 101.333395,15.256725,75.75 101.333707,15.257193,76 101.334405,15.258588,76.75 101.33594,15.261686,74.75 101.336341,15.262563,77.25 101.337541,15.265013,76.75 101.339429,15.268947,74.75 101.340141,15.270449,75.75 101.340321,15.270745,76 101.340599,15.271152,76 101.340915,15.271523,76.5 101.341303,15.271889,77 101.341668,15.272183,77.75 101.342235,15.272551,77.5 101.342537,15.27271,77.5 101.343284,15.273018,79.5 101.344489,15.273466,78.75 101.345589,15.273832,79.25 101.346823,15.27417,77.75 101.347332,15.274283,77 101.347685,15.274343,76.5 101.348179,15.274412,76.75 101.349294,15.274509,77 101.350102,15.274539,78.5 101.362583,15.274624,88 101.366283,15.274601,89 101.369196,15.274582,90.75 101.372194,15.274566,91 101.373013,15.274587,89.75 101.373792,15.274681,89.75 101.374449,15.274842,91 101.375015,15.275022,91.75 101.37567,15.275384,91.5 101.376312,15.275924,92 101.376716,15.276335,92.25 101.377252,15.277007,93.25 101.377596,15.277586,94.75 101.377808,15.278115,96 101.378025,15.278856,98.75 101.37813,15.279396,101.25 101.378164,15.279984,102.5 101.378168,15.285897,112.5 101.378061,15.286477,113 101.377868,15.287044,112 101.377635,15.287552,109.75 101.377009,15.288976,111 101.376877,15.289578,114 101.376801,15.290276,117 101.37693,15.291894,119 101.377306,15.295389,119.25 101.377563,15.30013,129.5 101.37759,15.300992,131.5 101.377644,15.301691,133.25 101.377709,15.302203,133.25 101.377873,15.303182,134.75 101.378067,15.303901,134 101.378809,15.305605,144 101.379066,15.306566,142.25 101.379264,15.307706,143.25 101.379479,15.309039,143.25 101.38013,15.311711,148 101.380416,15.313182,150.75 101.380612,15.314537,153.25 101.380683,15.315898,153 101.380603,15.31758,153.25 101.380607,15.319376,153.25 101.380812,15.320835,160 101.381093,15.322241,163.75 101.381147,15.323141,165.5 101.381121,15.323955,167.25 101.381012,15.324677,164.5 101.38086,15.3264,168.5 101.38084,15.327829,169.5 101.380596,15.329573,172.25 101.380199,15.33168,172.75 101.38006,15.333577,177.5 101.379857,15.335047,177 101.379547,15.336265,172.25 101.379395,15.337274,174 101.379438,15.337938,178.75 101.379586,15.338507,186.75 101.379769,15.338959,186.5 101.379962,15.339331,186.5 101.380253,15.339735,186.25 101.38069,15.340183,186.25 101.381286,15.340497,186 101.381962,15.340763,186.25 101.382863,15.340957,186.75 101.383579,15.341221,192.25 101.384113,15.341489,196.25 101.384495,15.341774,198 101.384841,15.342088,199 101.385076,15.342417,198.25 101.385517,15.343117,200 101.386714,15.345639,193.75 101.38683,15.345886,192.75 101.387111,15.346594,190.75 101.387256,15.347065,190.75 101.38733,15.34784,193.25 101.387189,15.349453,197.5 101.387136,15.35073,200.5 101.386981,15.352523,201.25 101.386849,15.353392,202.5 101.386787,15.354101,204.5 101.386623,15.355788,209.25 101.386463,15.357291,211.75 101.386431,15.357842,211 101.38645,15.358169,210.25 101.386515,15.358536,209.75 101.386577,15.358806,209.75 101.386721,15.359199,210 101.386862,15.359477,210.5 101.387027,15.359733,210.25 101.387256,15.360049,209.5 101.387702,15.360507,207.25 101.387907,15.360668,206.25 101.38819,15.360868,204.75 101.388539,15.361049,204.25 101.388802,15.361155,204.5 101.389107,15.361268,204.5 101.389506,15.361367,204.25 101.389919,15.361408,204 101.390339,15.361412,202.75 101.39078,15.361353,201 101.391208,15.361272,200.75 101.391631,15.361114,201.75 101.392008,15.360942,202.5 101.392387,15.360701,202.75 101.392664,15.360478,203.75 101.392912,15.360224,205.5 101.39323,15.359845,208.5 101.393441,15.359492,208.5 101.39368,15.359013,206 101.393797,15.358654,205 101.393884,15.358227,204.75 101.393922,15.357798,205.25 101.393848,15.356419,207.5 101.393935,15.355881,207.75 101.394244,15.355072,210 101.394747,15.354367,214 101.395323,15.35388,217.25 101.396028,15.353444,220.5 101.39655,15.353277,221.75 101.397036,15.353178,223.75 101.397716,15.35308,225.5 101.40105,15.35271,229.5 101.401584,15.352675,234.5 101.402156,15.352702,237.75 101.40258,15.352748,240.25 101.403005,15.352857,243.5 101.40375,15.35311,248.25 101.4041,15.353272,249 101.404399,15.353441,250 101.404777,15.353682,251.5 101.405109,15.353942,251.75 101.405416,15.354215,250.25 101.405705,15.354529,249 101.405918,15.354788,248.75 101.406097,15.355088,248.75 101.406365,15.355528,249.25 101.406553,15.355932,249 101.406706,15.356453,247.25 101.406799,15.356838,246.25 101.406856,15.357344,244.75 101.406856,15.357911,244.5 101.406826,15.358409,245.25 101.406595,15.35995,247.25 101.406603,15.360969,247.5 101.406759,15.36223,247.25 101.407016,15.362924,250.25 101.407576,15.363918,253.75 101.409363,15.366073,254 101.409695,15.366741,258 101.409892,15.367431,260.25 101.409915,15.368336,261.5 101.409673,15.369285,259.5 101.409283,15.369971,260.25 101.407639,15.371524,257.75 101.406767,15.372689,261 101.406413,15.373466,261.75 101.406286,15.374188,265.75 101.406323,15.374828,267 101.406468,15.375322,268.25 101.406675,15.375879,270 101.407068,15.376573,269.5 101.407534,15.377059,267.25 101.408038,15.377428,268.5 101.408625,15.377714,270.25 101.409486,15.377956,272.25 101.412747,15.378057,274 101.413893,15.377968,277.75 101.41767,15.377118,277.75 101.418496,15.377029,278.75 101.418988,15.377034,280.25 101.419489,15.377128,283.25 101.420287,15.377461,289 101.420942,15.377885,288.25 101.4213,15.378232,286.75 101.421622,15.378676,287.25 101.421844,15.379081,287.5 101.422047,15.379496,288.5 101.422143,15.379909,289 101.422211,15.380357,289.75 101.422156,15.382118,293.5 101.422197,15.382747,294.25 101.422301,15.383342,293.75 101.422425,15.383769,293 101.422595,15.38418,293.75 101.424305,15.386232,296.75 101.424532,15.386504,295.5 101.425309,15.387436,299.25 101.426069,15.388064,301.75 101.426516,15.388279,302.75 101.426915,15.388428,304.75 101.427346,15.388533,307.25 101.427765,15.388599,308.75 101.428234,15.388613,309.25 101.428869,15.388576,311.75 101.429416,15.388594,313.5 101.429885,15.388643,314 101.430325,15.388774,314.75 101.430913,15.38898,315 101.433044,15.389838,320.75 101.433462,15.390078,322.5 101.433837,15.390363,323.75 101.434193,15.39069,324.25 101.434549,15.391168,322.5 101.434887,15.39172,320.75 101.43516,15.392094,320.75 101.435438,15.392424,321.5 101.435815,15.392759,322.5 101.436221,15.39304,323.75 101.436607,15.393238,324 101.437036,15.393408,325.25 101.437576,15.393521,326.75 101.437984,15.393562,327.25 101.438361,15.393551,327.75 101.438686,15.393523,328.5 101.439013,15.393471,329.25 101.439376,15.393358,329 101.439715,15.393244,327.75 101.440399,15.392868,325.75 101.441016,15.392572,324.5 101.44134,15.392464,323 101.441641,15.39239,321.5 101.442012,15.392317,320.75 101.442413,15.392284,320 101.442689,15.392292,320 101.442975,15.392316,320.25 101.443366,15.392389,320.25 101.443833,15.392515,319.75 101.446871,15.393426,312.25 101.447952,15.39373,312.75 101.449538,15.394235,310.75 101.44997,15.394407,310.25 101.45037,15.394614,309.5 101.450788,15.394879,308.25 101.451468,15.395453,308.25 101.452093,15.396079,306.25 101.454781,15.398371,303.5 101.455184,15.398696,303.25 101.455841,15.39919,301 101.456491,15.399748,303 101.457034,15.400197,304.25 101.457443,15.400522,304.5 101.457789,15.400759,305.25 101.458104,15.400931,306 101.458398,15.401058,307 101.458665,15.401159,308.25 101.458932,15.401245,309.25 101.459247,15.401331,309.75 101.459573,15.401388,308.75 101.460186,15.401441,306.75 101.460503,15.40143,305.5 101.460984,15.401387,304 101.461497,15.401277,302.75 101.461933,15.401139,303.5 101.462406,15.400925,306.25 101.462877,15.400651,307.5 101.463263,15.40034,307.25 101.463665,15.399994,307 101.463967,15.399634,306.5 101.464212,15.399283,306 101.464449,15.398855,308.5 101.464676,15.39837,311 101.46498,15.39785,310.25 101.465285,15.397439,311.75 101.465648,15.397105,314.5 101.466101,15.396788,315.75 101.466622,15.396543,317.25 101.467216,15.396346,315.75 101.46782,15.396263,314.75 101.469638,15.396235,310.5 101.470221,15.39617,309.25 101.47086,15.396048,308.5 101.472124,15.395661,307.75 101.472762,15.395496,307.5 101.47334,15.395419,309 101.47401,15.395441,309.5 101.474485,15.395529,310.5 101.475053,15.395733,312.25 101.475672,15.396112,312.25 101.476204,15.396548,311.75 101.476558,15.396963,309.5 101.476899,15.397456,306.75 101.479125,15.401209,298.5 101.482062,15.405892,293.5 101.483003,15.407182,288.75 101.484035,15.408376,285.5 101.484736,15.409045,285.75 101.485218,15.40947,285 101.485938,15.410084,283 101.487162,15.410998,280.75 101.488822,15.411952,282.75 101.489985,15.412519,286.75 101.490854,15.41286,284.25 101.491703,15.413173,283.5 101.492198,15.413345,285.25 101.492859,15.413558,288 101.493864,15.413791,290.5 101.494747,15.41393,289.75 101.496233,15.414135,284.5 101.498092,15.414149,285.5 101.503702,15.413943,280.75 101.505801,15.413889,280.25 101.507226,15.413969,283.25 101.508493,15.414122,284.25 101.512428,15.41483,277.75 101.513971,15.415171,276.5 101.5152,15.415527,274.75 101.519298,15.416986,277 101.520942,15.41763,271 101.521948,15.418123,270.5 101.522925,15.41867,270.25 101.523729,15.419179,267.5 101.524867,15.420032,264 101.526105,15.421051,262 101.527634,15.422322,258 101.528135,15.422739,258.75 101.528645,15.423118,258 101.529115,15.423455,259.5 101.529583,15.423752,262.5 101.530199,15.424112,264 101.530737,15.424396,264.5 101.531124,15.424565,263.75 101.531813,15.424841,261.5 101.53243,15.425058,260.75 101.533035,15.425244,260.25 101.533901,15.425474,258.25 101.534541,15.425591,256.75 101.534928,15.42565,255.25 101.53692,15.425954,257.75 101.543923,15.427079,249 101.555448,15.428838,241 101.557191,15.428997,242 101.559731,15.429016,240.25 101.56161,15.429048,239.25 101.563173,15.429123,240 101.564933,15.429321,238 101.566194,15.429579,238.25 101.569065,15.430205,234.25 101.577706,15.432176,232 101.578202,15.432288,232.25 101.589384,15.434794,239.75 101.593699,15.435778,242.25 101.599549,15.43708,239 101.607299,15.438802,238 101.616356,15.440827,236 101.633912,15.444758,229.25 101.635969,15.445321,227.25 101.637535,15.44589,228.75 101.639543,15.446805,226 101.643631,15.448724,222.75 101.667541,15.460157,216.5 101.6818,15.466947,212.5 101.683003,15.467522,214.25 101.685374,15.468643,214.5 101.687694,15.469776,212.25 101.697881,15.474649,212 101.700922,15.476082,208.75 101.708136,15.479546,208.25 101.708666,15.479789,207.75 101.716753,15.483642,208 101.726127,15.488083,208.75 101.726689,15.488371,208.75 101.727181,15.488654,208 101.727768,15.489009,206.5 101.728282,15.489355,205.75 101.733438,15.493257,204.25 101.733672,15.493428,204.5 101.73384,15.493553,204.75 101.739402,15.497794,205.5 101.74018,15.498407,204 101.74771,15.504112,204.5 101.753946,15.508863,203.75 101.756167,15.510528,200.75 101.757597,15.511658,203 101.757703,15.511742,203.25 101.759199,15.512877,204.25 101.760011,15.513476,203.75 101.763096,15.515854,204 101.769399,15.520645,201.75 101.771345,15.52214,204.5 101.772065,15.52269,205.25 101.778011,15.527247,203.5 101.781013,15.529522,199 101.784602,15.532262,204.25 101.789207,15.5358,204.75 101.792676,15.53841,202.25 101.797842,15.542351,204 101.803582,15.546769,198.75 101.808713,15.550649,192.75 101.813487,15.554278,193.75 101.814526,15.554878,193.75 101.814836,15.555046,193.75 101.815821,15.555486,193.75 101.816041,15.555571,193.75 101.816716,15.555806,193 101.817244,15.555961,192.5 101.817963,15.55615,192 101.81923,15.55637,192.5 101.819841,15.556441,193.75 101.820728,15.556518,192.25 101.821691,15.556524,192.75 101.822416,15.556495,192.75 101.837326,15.555791,193.75 101.839956,15.555667,195.5 101.842586,15.555543,196 101.846146,15.555375,195.5 101.846813,15.555367,196.25 101.847488,15.55538,197.75 101.848402,15.555419,199.25 101.849143,15.5555,197 101.849717,15.555597,197 101.850265,15.555712,197 101.850979,15.555891,197 101.851674,15.556117,197.5 101.853336,15.556769,197.75 101.858899,15.559406,196.5 101.866564,15.563046,195.5 101.873385,15.566368,194.75 101.876968,15.568076,194.5 101.883189,15.571089,192.5 101.889313,15.574029,193.5 101.894245,15.57634,193.75 101.89507,15.576659,192.75 101.895883,15.576891,192.25 101.89694,15.577123,192 101.89804,15.577263,191.25 101.899546,15.577319,191.75 101.900444,15.577302,191.25 101.902866,15.577082,191.75 101.905395,15.576806,193 101.909621,15.576347,194 101.916459,15.575604,193.5 101.923153,15.574874,197.75 101.931297,15.574008,197 101.9339,15.573735,197.25 101.939973,15.573088,199 101.9451,15.572498,202.25 101.950192,15.571995,204 101.95275,15.57171,205 101.955337,15.571424,206 101.956457,15.571306,207 101.965645,15.570281,204.5 101.971642,15.569623,198.5 101.972224,15.569605,200.75 101.973849,15.569669,200.5 101.9751,15.569765,199.75 101.975835,15.569868,197.75 101.985422,15.571477,198.75 101.996217,15.573233,197.75 102.016624,15.576561,196.25 102.019022,15.576985,196 102.02075,15.577283,199 102.034798,15.579565,196 102.037723,15.580014,194.25 102.051519,15.582329,189.5 102.056099,15.583098,187.75 102.059208,15.583609,188 102.070427,15.585447,184.75 102.084374,15.587684,189.75 102.086145,15.588047,188.25 102.08767,15.588457,188 102.089392,15.589059,186.25 102.100085,15.592953,183 102.100325,15.59304,183.25 102.111962,15.597279,185 102.117251,15.599211,186.5 102.119968,15.600169,186.25 102.122151,15.600956,186.5 102.124454,15.601784,187.25 102.126953,15.602685,186.25 102.133014,15.60489,189.25 102.137223,15.606401,190 102.140215,15.607488,192.25 102.141129,15.607796,192 102.141937,15.608015,192.75 102.142965,15.608276,194.5 102.143689,15.608412,193.25 102.144397,15.608532,193.5 102.145034,15.608598,194.75 102.145715,15.608645,194 102.146634,15.608665,195.5 102.147617,15.608635,197.5 102.148721,15.608564,196.5 102.155069,15.607957,198.25 102.164669,15.607016,207.75 102.165005,15.606983,207.75 102.169467,15.606567,212 102.197659,15.603827,216.75 102.212923,15.60239,211 102.217374,15.601941,208.75 102.226205,15.601097,207.25 102.226296,15.601089,207.25 102.229337,15.600789,207.25 102.245572,15.599218,217.5 102.248477,15.598946,218.5 102.251152,15.598691,217.25 102.253198,15.598484,216.5 102.256228,15.598225,218.5 102.257156,15.598186,219.5 102.257981,15.598219,221.75 102.258526,15.598284,222.75 102.261892,15.598901,225.75 102.267337,15.600032,221.75 102.273832,15.601358,215.25 102.276121,15.601812,213.5 102.278442,15.602281,208.25 102.278575,15.60231,208.25 102.281669,15.602929,212.25 102.287292,15.604069,204 102.287435,15.604098,204 102.292683,15.605161,204.25 102.292884,15.605205,204 102.294132,15.605433,202 102.294547,15.605529,202 102.302328,15.607101,197 102.302905,15.60716,196.75 102.303376,15.607201,197 102.304081,15.607189,197.5 102.304743,15.607144,195.75 102.305457,15.607062,194.75 102.306046,15.606924,195.25 102.306652,15.606775,196.5 102.30716,15.606617,197 102.307906,15.606309,197.25 102.30919,15.605678,196.25 102.311799,15.604455,196.75 102.314098,15.603378,197.25 102.318904,15.601049,196.75 102.320235,15.600468,196 102.320976,15.600243,195 102.321954,15.600069,193.75 102.323073,15.599985,194.25 102.347217,15.598719,182.25 102.35136,15.598454,182.5 102.355842,15.598256,178 102.356984,15.598137,179.25 102.358309,15.597832,179.75 102.359238,15.597473,178.75 102.360469,15.596857,177.75 102.374231,15.589376,177.75 102.382639,15.584951,170.5 102.398523,15.576289,166.75 102.403682,15.573534,166 102.404056,15.573357,165.75 102.404585,15.573135,166.5 102.405078,15.572977,166.75 102.405609,15.572834,165 102.40624,15.572709,165.5 102.406848,15.57263,166.75 102.407349,15.572578,167.75 102.40784,15.572562,167 102.408544,15.572591,165.75 102.409271,15.572678,166 102.409753,15.572769,166.5 102.410467,15.572947,165.75 102.410625,15.572988,165.25 102.411076,15.573141,164.5 102.411536,15.573319,164.75 102.411977,15.573509,164.75 102.415499,15.575325,165.25 102.418758,15.576997,164 102.419177,15.577229,164.5 102.419974,15.577753,166 102.420654,15.578277,165.5 102.42138,15.579023,166.75 102.421902,15.579642,168.25 102.425162,15.583559,172.25 102.425473,15.583961,172.5 102.426236,15.58488,172.75 102.427135,15.585939,174 102.429406,15.588678,174.75 102.430432,15.589718,174.5 102.430661,15.589982,174.25 102.438858,15.599543,177.5 102.458438,15.622938,187.75 102.459429,15.624116,189.25 102.470618,15.63742,199.75 102.494201,15.665458,183.75 102.496674,15.668398,187.75 102.5014,15.674001,193.5 102.504573,15.677787,198 102.508858,15.682812,204.5 102.509293,15.683367,202.25 102.510089,15.68452,204 102.510453,15.685107,205.75 102.511096,15.686328,208.75 102.511666,15.687587,209.75 102.514871,15.695237,211.5 102.515173,15.695877,209.25 102.515864,15.697128,207.5 102.516661,15.698335,208 102.517099,15.698918,208.5 102.522024,15.705065,210 102.523014,15.706085,210.5 102.523541,15.706568,210.75 102.525213,15.707887,211.75 102.537949,15.715938,213.75 102.538998,15.71667,216.75 102.539961,15.717464,217 102.541274,15.718724,215.5 102.542068,15.719631,214 102.542798,15.720584,210.5 102.547855,15.728375,199.25 102.565435,15.755513,189.5 102.566291,15.756818,190.25 102.575117,15.770531,180 102.575691,15.771586,179.75 102.576238,15.772713,179 102.578887,15.778267,178.25 102.581298,15.783321,173.25 102.583069,15.787005,170.25 102.593381,15.808475,172.5 102.595173,15.812157,174 102.595922,15.813404,175 102.600504,15.819691,177 102.60759,15.829329,187.25 102.60761,15.829344,187.25 102.62108,15.847672,189.75 102.62527,15.853368,190 102.64223,15.876355,204.25 102.642363,15.87649,203.5 102.650019,15.887046,206.25 102.668642,15.912389,214.75 102.672603,15.917649,211.5 102.672744,15.917869,211 102.673692,15.919319,211 102.674377,15.920471,209.75 102.674958,15.921688,204.75 102.677364,15.927289,201.75 102.681673,15.937761,199.5 102.687543,15.951748,195.75 102.688323,15.953608,192 102.692468,15.963084,188.5 102.693668,15.965961,190.25 102.701376,15.984211,182.5 102.70388,15.990225,179.5 102.706714,15.996729,178.75 102.707233,15.998159,178.25 102.70774,15.999893,176.5 102.707763,15.999973,176.5 102.7125,16.016179,174.5 102.716337,16.029138,173 102.722414,16.049334,172.75 102.724567,16.056422,172.75 102.724935,16.057345,172.75 102.726307,16.062136,172.75 102.726501,16.063087,172.75 102.727721,16.067207,172.5 102.730096,16.075322,172.75 102.730418,16.076471,173.5 102.737745,16.101209,179.25 102.762055,16.183279,168 102.762132,16.183537,168 102.762751,16.185622,172.25 102.763368,16.187734,172.25 102.764899,16.192861,176.5 102.766882,16.199382,174.25 102.767506,16.201525,168.5 102.770174,16.210684,177 102.770248,16.210965,177 102.770959,16.213326,181.75 102.774124,16.224216,184.75 102.777857,16.236778,175.5 102.777931,16.237037,176 102.781008,16.247338,183.5 102.78167,16.249566,183 102.783676,16.256221,173 102.786505,16.265789,179 102.788812,16.273604,173.25 102.7913,16.282084,165.25 102.796887,16.300735,168.25 102.800273,16.312363,165 102.802221,16.318859,170.75 102.802559,16.320103,171.75 102.802691,16.320918,172.25 102.802817,16.321784,171 102.803513,16.328119,169.75 102.804475,16.336466,171 102.80513,16.342352,172.75 102.80515,16.342496,173 102.805623,16.346404,169.25 102.806055,16.350294,161.75 102.806407,16.353374,155.25 102.806467,16.35387,155 102.8066,16.355061,154.5 102.8067,16.356065,150.75 102.80745,16.362388,153.75 102.807623,16.363727,152 102.807712,16.364226,152.75 102.807856,16.364879,153.5 102.808248,16.366294,152.75 102.808327,16.366578,153.5 102.809656,16.371197,152 102.809763,16.371605,151.25 102.810467,16.374176,154.75 102.814392,16.387845,161.25 102.819661,16.406036,165.25 102.820961,16.410565,164.5 102.824592,16.423074,163 102.825003,16.424213,163 102.826393,16.428889,162.5 102.826483,16.429428,162.25 102.82659,16.429925,162.25 102.828175,16.435782,161.5 102.828528,16.436966,161.5 102.830646,16.444457,160.5 102.832315,16.450394,159.75 102.832796,16.451875,159.75 102.833076,16.452511,159.5 102.833346,16.453185,159.5 102.833666,16.453804,159.5 102.834141,16.454639,159.25 102.834848,16.455789,159.25 102.835034,16.456047,159.25 102.835353,16.45649,160 102.836549,16.457891,162 102.83759,16.458901,161.5 102.838844,16.459924,163 102.842809,16.463,166.5 102.844454,16.46426,169.5 102.847373,16.466446,173.5 102.847877,16.466896,173.5 102.848311,16.46734,172.25 102.848707,16.467821,174 102.849045,16.468368,174 102.849443,16.469095,174.25 102.849738,16.469846,176.5 102.849992,16.470787,175 102.850152,16.471716,173.75 102.850184,16.472453,172.75 102.8501,16.473271,173.5 102.849767,16.475314,173.25 102.846649,16.49475,166.75 102.846633,16.49485,166.5 102.845947,16.499116,167 102.845737,16.50037,169.75 102.844738,16.506504,170.5 102.843425,16.514521,172 102.843349,16.514797,172 102.843278,16.515061,172 102.842711,16.518461,168.75 102.842684,16.519006,167.75 102.842669,16.519413,167.5 102.840675,16.532291,169.75 102.83921,16.541359,160.75 102.839152,16.541713,161 102.837794,16.549941,167 102.835165,16.565936,175.75 102.833884,16.574228,175.25 102.833085,16.579107,176 102.831244,16.590548,172.25 102.830182,16.597612,174.5 102.82733,16.615312,173.75 102.826862,16.6172,170.75 102.825927,16.619934,174.5 102.819452,16.640618,167.5 102.819421,16.640717,167.5 102.819289,16.641074,168 102.817836,16.645654,169.75 102.817491,16.646761,169.75 102.817347,16.647298,169.75 102.817283,16.647786,169 102.817297,16.648333,167.75 102.817345,16.648885,167.25 102.817585,16.649797,167.5 102.817835,16.650317,167.75 102.818152,16.650812,167.25 102.818533,16.651255,168 102.818982,16.651652,168.25 102.819813,16.652178,168.75 102.820365,16.65241,167.75 102.820937,16.652573,166.5 102.822133,16.652782,162.25 102.822346,16.652819,162 102.822949,16.652925,159.5 102.824268,16.653155,161.25 102.82978,16.654118,164.75 102.830547,16.654297,164 102.831298,16.654535,162.5 102.832023,16.65485,162.75 102.832543,16.655128,162.25 102.833823,16.656015,161.75 102.834403,16.656525,163.25 102.83494,16.65708,164.25 102.83565,16.657993,167.25 102.836518,16.659731,167.5 102.842708,16.672143,170.25 102.844122,16.674975,168 102.845631,16.678,168.75 102.84602,16.678753,168.75 102.846505,16.679748,170.75 102.851143,16.689093,178 102.85576,16.698352,166.25 102.855845,16.698496,166.5 102.855922,16.698655,167.25 102.857132,16.701167,170.75 102.857459,16.701822,169.5 102.860033,16.70694,166 102.860297,16.707372,166.25 102.862171,16.71113,169.5 102.862384,16.711699,167.75 102.863067,16.713071,168 102.865993,16.718893,171 102.869515,16.725972,174.25 102.873687,16.734383,174.5 102.875787,16.738623,178.25 102.876195,16.740028,181.5 102.876336,16.741131,183.5 102.876366,16.742093,181.75 102.876269,16.743149,182.25 102.876068,16.744121,182.25 102.87573,16.745102,182.25 102.873402,16.750932,170.25 102.873075,16.751737,168.25 102.871806,16.754702,173.5 102.87084,16.756961,178 102.870669,16.757374,178.75 102.869855,16.759321,178 102.86889,16.761824,173.75 102.868561,16.762914,172.75 102.868276,16.764294,174.25 102.868107,16.765467,176.5 102.867998,16.76665,176 102.867993,16.766725,176.25 102.867993,16.768288,176.75 102.868244,16.771586,175.25 102.868478,16.774548,179.5 102.86856,16.775367,180.25 102.86878,16.776635,179.75 102.8691,16.777902,178.25 102.870352,16.781759,182.75 102.873823,16.792338,189 102.874027,16.79317,190.25 102.874348,16.794972,192.5 102.874487,16.796662,191.25 102.874497,16.797702,189.25 102.874354,16.799181,186.75 102.87176,16.819479,199.5 102.870728,16.828008,199.75 102.87062,16.829443,202.25 102.870652,16.831052,208.75 102.870742,16.83191,207.25 102.87095,16.833208,205.75 102.8712,16.83439,202.25 102.871506,16.835413,203 102.87187,16.836497,204.5 102.871903,16.836604,204.75 102.875028,16.845732,208.25 102.875696,16.847682,208.75 102.875874,16.848072,208.25 102.876062,16.84847,208.25 102.877154,16.851664,208.25 102.87724,16.852062,208 102.877344,16.852523,207.5 102.878566,16.85613,209.75 102.880463,16.861655,210 102.880649,16.862239,211 102.880898,16.863265,211 102.88109,16.864288,211.5 102.88175,16.869689,204.25 102.883707,16.885446,206.5 102.883749,16.886509,206.5 102.883693,16.887266,204.75 102.883572,16.887968,205.5 102.883444,16.88863,207.75 102.883251,16.889272,210.5 102.88295,16.889939,208.25 102.882607,16.890653,207 102.881867,16.891766,208.75 102.880922,16.892849,211.75 102.874839,16.898311,216 102.874163,16.899068,217.75 102.873841,16.89961,223 102.873408,16.90043,224.25 102.873077,16.901237,225.5 102.872784,16.902376,224.25 102.872662,16.90355,221 102.872727,16.904687,217.5 102.872916,16.905859,214.25 102.881016,16.926042,209.5 102.88665,16.940245,209.75 102.892529,16.95488,218.5 102.895241,16.961721,215.75 102.896397,16.964517,212.75 102.897403,16.966998,214.5 102.898427,16.969532,211.75 102.90004,16.973557,213.75 102.909183,16.996509,211.25 102.909565,16.997398,209.75 102.909931,16.998187,209.75 102.919896,17.019434,206 102.923374,17.026849,204.25 102.923758,17.027745,204 102.924145,17.028775,206.25 102.924445,17.029764,203.5 102.926522,17.037104,192.5 102.926598,17.037373,192 102.927253,17.039695,196.5 102.927452,17.040183,196.75 102.92859,17.044176,199.25 102.928694,17.044718,199.75 102.928757,17.044935,199.75 102.93162,17.055167,191.75 102.93606,17.070883,181.25 102.936121,17.071098,180.5 102.936791,17.07347,181.75 102.936857,17.073703,181.5 102.93795,17.077595,185.5 102.943487,17.097201,177.75 102.945866,17.105628,177.25 102.946021,17.106175,177 102.94619,17.106875,177.75 102.946322,17.107509,178.75 102.946399,17.107997,178.5 102.947794,17.119497,174.25 102.948103,17.122042,173.75 102.948411,17.12458,174 102.948708,17.127027,175 102.949226,17.131303,173.75 102.951288,17.148303,172.5 102.952946,17.161966,175.25 102.95298,17.162251,174.75 102.953325,17.165096,178 102.954931,17.178326,175.75 102.95508,17.179895,175.75 102.955131,17.181214,177.75 102.955093,17.182262,176.75 102.954943,17.183604,176.5 102.954713,17.18475,174.25 102.95437,17.18604,174 102.954134,17.186735,174.75 102.953938,17.187312,174.5 102.953516,17.188257,175.25 102.95297,17.189312,176.25 102.952365,17.190325,174.75 102.951782,17.191182,174.5 102.942802,17.203106,176.75 102.942604,17.203369,176 102.942155,17.203965,176 102.939659,17.207267,176.25 102.939382,17.207707,176.75 102.936801,17.211115,177 102.936478,17.211473,176.75 102.914502,17.240679,190 102.898462,17.26199,196.5 102.896167,17.26504,198 102.892851,17.269419,194.5 102.888623,17.275032,199.5 102.85598,17.318354,188.25 102.849182,17.327374,186.75 102.833488,17.348198,184.75 102.829654,17.353284,188.5 102.821425,17.364201,182.25 102.818809,17.367671,181 102.818749,17.367752,180.75 102.814623,17.373218,180.75 102.813347,17.374908,184 102.811313,17.377602,177.5 102.807294,17.382947,179.5 102.806824,17.383611,179.5 102.806393,17.384337,179 102.806081,17.385009,178.25 102.805815,17.385707,177 102.805611,17.386427,177 102.8055,17.38701,176.5 102.805408,17.387804,175.75 102.805381,17.388556,176 102.80542,17.391972,179.75 102.80549,17.398001,180.5 102.805491,17.398097,180.5 102.805513,17.399579,178 102.80551,17.399697,178 102.805504,17.399998,178 102.80547,17.400361,178.25 102.805499,17.40308,177.5 102.805521,17.406108,178.75 102.805562,17.409019,175.75 102.805606,17.409531,175.75 102.805609,17.411491,175.75 102.805656,17.413719,174.75 102.805682,17.415616,173 102.805682,17.415748,172.75 102.805757,17.423898,172.5 102.805762,17.424701,174.75 102.80573,17.425588,173.25 102.805653,17.42664,170.75 102.8055,17.427704,172.5 102.805327,17.428694,172.25 102.805112,17.429681,173 102.804846,17.430571,174 102.804066,17.432826,174 102.804001,17.433014,173.5 102.802731,17.436758,170.75 102.80264,17.437026,170.5 102.801502,17.440275,176.5 102.797785,17.450987,174 102.794477,17.460549,171.75 102.794313,17.461078,171.25 102.792087,17.46746,174.25 102.79128,17.469793,176.25 102.791044,17.470578,177.25 102.790858,17.471315,176.75 102.790685,17.472172,175.75 102.79051,17.473452,173.75 102.790434,17.474513,173.25 102.789852,17.490847,172.25 102.789472,17.50154,172.5 102.789207,17.50902,173.5 102.789004,17.514736,174.25 102.788835,17.519508,171.5 102.78879,17.520563,173 102.788689,17.521499,173 102.788595,17.522141,173.25 102.787363,17.529741,173.25 102.787301,17.53012,173.25 102.783308,17.55475,175 102.780871,17.569781,177.5 102.777675,17.589494,186.5 102.776191,17.598648,182.75 102.774492,17.609121,177.5 102.773234,17.616879,171 102.772752,17.619854,171.25 102.772315,17.622546,171.25 102.77042,17.634228,177.5 102.768923,17.643462,171.5 102.768891,17.643627,171.25 102.768143,17.648328,174.75 102.76799,17.649522,173.25 102.7679,17.650844,174 102.767846,17.652484,175.5 102.767583,17.661323,174.75 102.766831,17.686149,168.5 102.766584,17.694286,173.5 102.765656,17.724925,174.25 102.764958,17.747963,181.25 102.764542,17.761704,179.25 102.76429,17.77001,181.25 102.763984,17.780113,182 102.763785,17.786204,181.25 102.763737,17.787029,180.25 102.763651,17.787802,181.25 102.763529,17.788565,183.25 102.763376,17.789331,184 102.763271,17.78978,184.5 102.76304,17.790595,183.5 102.762753,17.791491,184.25 102.759837,17.800078,186 102.75888,17.802894,187.5 102.758167,17.805093,188.25 102.757416,17.807608,187 102.756781,17.809888,185.25 102.756016,17.812726,182.25 102.756015,17.812725,182.25 102.751802,17.828359,169.5 102.748968,17.838873,170.5 102.748159,17.841838,167.25 102.74802,17.84235,169 102.7476,17.84389,168 102.747073,17.845824,164 102.745996,17.849817,173.5 102.745783,17.85043,173 102.745594,17.850893,172.25 102.745438,17.851253,172.25 102.745208,17.851682,171 102.745008,17.852022,170.25 102.744735,17.852458,171.5 102.744453,17.852877,171.75 102.744211,17.853193,171.25 102.743636,17.853864,172.5 102.743343,17.854164,172.75 102.742714,17.854745,169.5 102.736879,17.859568,170.75 102.735996,17.8603,171.5 102.730968,17.864464,168.5 102.730928,17.864496,167.75</coordinates></LineString>
  </Placemark>
<Placemark id="20260410railwaymapofthailand__lines.10">
	<name>Nakhon Si Thammarat</name>
	<Style><LineStyle><color>ff0000ff</color></LineStyle><PolyStyle><fill>0</fill></PolyStyle></Style>
	<ExtendedData><SchemaData schemaUrl="#20260410railwaymapofthailand__lines">
		<SimpleData name="tessellate">1</SimpleData>
		<SimpleData name="extrude">0</SimpleData>
		<SimpleData name="visibility">-1</SimpleData>
	</SchemaData></ExtendedData>
      <LineString><coordinates>99.882199,8.147837,16.5 99.882206,8.147838,16.75 99.884103,8.147894,16.75 99.884534,8.147935,16.75 99.884941,8.148019,16.5 99.885243,8.148108,16 99.885623,8.148277,14.75 99.885897,8.148436,14.25 99.886184,8.148639,14.75 99.886499,8.148917,15 99.886782,8.149207,15 99.886848,8.1493,15 99.886895,8.149367,15 99.887063,8.149604,15 99.887258,8.150005,14.75 99.887418,8.150428,13.5 99.887507,8.15074,12.25 99.88758,8.151128,13.25 99.887642,8.151552,15.5 99.887859,8.152896,19.25 99.888136,8.154508,19.75 99.888463,8.156416,15.75 99.888524,8.156781,15 99.890647,8.169546,15 99.890996,8.171703,13.5 99.891254,8.17296,11.5 99.891395,8.17348,11.5 99.891594,8.174039,11.25 99.892121,8.175156,14.5 99.892484,8.175806,13 99.899136,8.18744,11 99.899796,8.188595,12 99.901718,8.191957,9.75 99.915368,8.215829,11 99.915733,8.216348,10.75 99.916801,8.217427,8.25 99.918271,8.218915,10.75 99.920196,8.220855,8.75 99.921567,8.222237,10.75 99.921926,8.222598,11.5 99.922252,8.222911,11.5 99.923005,8.223663,9.5 99.927374,8.228027,9.25 99.931794,8.23253,8.5 99.935863,8.236491,7.75 99.93607,8.236696,7.25 99.939211,8.239879,8.25 99.940076,8.240736,5 99.941537,8.242252,6.25 99.941975,8.242806,7.75 99.94226,8.243218,7.75 99.942484,8.243669,7.75 99.942537,8.243812,8 99.942861,8.244602,9.75 99.943045,8.245603,12.25 99.943089,8.245966,13 99.943116,8.246334,13.25 99.943128,8.246762,13.5 99.943122,8.247287,12.25 99.943101,8.24765,12.25 99.942918,8.249023,10.25 99.942907,8.249106,9.75 99.942887,8.249252,9.25 99.942844,8.249931,7.75 99.942668,8.25133,9 99.942591,8.251913,9.5 99.942492,8.252336,10.5 99.942214,8.254573,10.75 99.942159,8.255019,9.75 99.941892,8.257169,9.5 99.941309,8.261506,12.75 99.941208,8.262714,12.75 99.941208,8.263315,13 99.941252,8.263845,12.5 99.941401,8.264788,12.75 99.941422,8.264858,12.75 99.941624,8.265527,13.75 99.941825,8.266042,14.25 99.942034,8.26653,13.25 99.942107,8.266722,12.75 99.942439,8.26751,8.25 99.942801,8.268449,8.5 99.943204,8.269436,10 99.943487,8.270209,10.5 99.943627,8.270655,11.75 99.943726,8.27106,12 99.943758,8.271453,11.75 99.943795,8.271806,11.5 99.943786,8.272937,11.25 99.94356,8.27913,11 99.943448,8.282237,9 99.943294,8.286663,10 99.943264,8.28752,8.5 99.942712,8.302935,11.25 99.942322,8.314021,10.25 99.942099,8.3201,16.5 99.941694,8.331187,11.25 99.941505,8.336061,13 99.94126,8.342891,15.5 99.941002,8.352409,12.75 99.940947,8.353848,12 99.940889,8.355674,10 99.940697,8.361115,10.5 99.940686,8.361433,9.75 99.94054,8.365447,8.75 99.940415,8.368488,9.5 99.940401,8.368828,9 99.940112,8.375842,8.5 99.940017,8.378785,9.5 99.940082,8.379823,11.25 99.940197,8.380562,11.75 99.940364,8.381202,13 99.94042,8.38138,13.25 99.940919,8.382737,14 99.942993,8.38812,9.75 99.943137,8.388495,10 99.944543,8.392146,11 99.94587,8.395627,11.25 99.946243,8.396607,14.5 99.946409,8.397043,15 99.94748,8.39989,10.25 99.949687,8.405619,7.25 99.954784,8.419078,7.25 99.958446,8.428646,7.5 99.959156,8.430427,8.25 99.959188,8.430512,8.25 99.959916,8.432466,11.5 99.960136,8.433086,10.75 99.960251,8.43364,11 99.96031,8.43423,11.5 99.960303,8.434585,10.75 99.960206,8.435562,8.5 99.959974,8.437168,11 99.959953,8.437325,11.25 99.959824,8.438125,12.5 99.959643,8.439496,10.5</coordinates></LineString>
  </Placemark>
<Placemark id="20260410railwaymapofthailand__lines.11">
	<name>Padang Besar</name>
	<Style><LineStyle><color>ff0000ff</color></LineStyle><PolyStyle><fill>0</fill></PolyStyle></Style>
	<ExtendedData><SchemaData schemaUrl="#20260410railwaymapofthailand__lines">
		<SimpleData name="tessellate">1</SimpleData>
		<SimpleData name="extrude">0</SimpleData>
		<SimpleData name="visibility">-1</SimpleData>
	</SchemaData></ExtendedData>
      <LineString><coordinates>100.541671,13.803888,6.25 100.541678,13.803905,6.25 100.542607,13.806194,6.25 100.542983,13.806898,6.25 100.543487,13.808161,6.25 100.543879,13.808894,6.25 100.544459,13.810419,6.25 100.544629,13.810971,6.25 100.544758,13.811534,6.25 100.544853,13.812095,6.25 100.544926,13.812621,6.25 100.545027,13.813435,6.25 100.545223,13.814569,6.25 100.545377,13.81545,6.25 100.545423,13.815824,6.25 100.545436,13.816303,6.25 100.545345,13.817113,6.25 100.545231,13.817632,6.25 100.545066,13.8181,6.25 100.544811,13.818665,6.25 100.544532,13.819117,6.25 100.5442,13.819552,6.25 100.543932,13.819857,6.25 100.543552,13.820211,6.25 100.543104,13.820561,6.25 100.54253,13.82089,6.25 100.541888,13.821178,6.25 100.541727,13.821234,6.25 100.541506,13.821297,6.25 100.541127,13.821388,6.25 100.540402,13.821502,6.25 100.536491,13.821893,6.25 100.534211,13.822113,6.25 100.530148,13.822501,6.25 100.529257,13.822575,6.25 100.528442,13.822569,6.25 100.527745,13.822508,6.25 100.527482,13.822476,6.25 100.527105,13.822408,6.25 100.526548,13.822284,6.25 100.526268,13.822206,6.25 100.525707,13.822021,6.25 100.525317,13.821867,6.25 100.525033,13.821745,6.25 100.524803,13.821639,6.25 100.524184,13.821307,6.25 100.523598,13.820935,6.25 100.52289,13.820402,6.25 100.520381,13.81819,6.25 100.516758,13.814954,6.25 100.5136,13.812092,6.25 100.509748,13.808403,6.25 100.503173,13.802441,6.25 100.502051,13.801543,6.25 100.50119,13.801013,6.25 100.500483,13.800633,6.25 100.49981,13.800316,6.25 100.498824,13.799935,6.25 100.49598,13.798919,6.25 100.492162,13.797511,6.25 100.489809,13.796672,5.5 100.485208,13.794984,7.5 100.484985,13.794904,7.75 100.481946,13.793764,7.5 100.479957,13.793029,6.25 100.477465,13.792139,4.25 100.47501,13.791262,7.5 100.473733,13.790864,7 100.472887,13.790616,5.75 100.472156,13.790434,5.75 100.47018,13.78998,5.75 100.46677,13.789199,6 100.459772,13.787521,6.75 100.45645,13.786746,6.75 100.451873,13.785679,6 100.451639,13.785625,6 100.4509,13.785452,6 100.450175,13.785313,4.5 100.449816,13.785261,4 100.449391,13.78522,4.5 100.448668,13.785202,5 100.448422,13.785203,5.25 100.447808,13.785226,6.25 100.447225,13.785288,6.75 100.446264,13.785472,6.5 100.445411,13.785725,6 100.444724,13.785994,7.5 100.444139,13.786275,8 100.443605,13.786576,7 100.442997,13.786978,6.25 100.44179,13.787909,5 100.440862,13.788623,4.75 100.44007,13.789259,4.75 100.439396,13.789798,6.25 100.437657,13.791221,4.5 100.437507,13.791352,4.25 100.437017,13.791736,5 100.434676,13.793621,4.25 100.434178,13.79404,4 100.431839,13.795899,5.25 100.431128,13.796522,4.5 100.430834,13.796745,4.75 100.430261,13.797182,4 100.429756,13.79753,3.25 100.42939,13.797753,3.5 100.428972,13.797976,4.75 100.428403,13.798242,5.5 100.428127,13.798355,6 100.427852,13.798458,5.75 100.427583,13.798546,5.75 100.426807,13.798767,3 100.426589,13.79882,3 100.426132,13.798893,5.25 100.425582,13.798953,6.25 100.424346,13.799001,3.5 100.416498,13.799277,3.75 100.416286,13.799284,4.5 100.414231,13.799362,5.5 100.410144,13.799539,6 100.401586,13.799789,5.5 100.401406,13.799794,5.25 100.401326,13.799797,5 100.398651,13.79989,3.75 100.397657,13.799925,2.25 100.396134,13.799978,5.25 100.394447,13.800037,5.75 100.393019,13.800084,5.25 100.380387,13.800526,5.5 100.380201,13.800538,5.75 100.377911,13.800618,5 100.377699,13.800626,5.5 100.375665,13.800697,5 100.37464,13.800734,5 100.37419,13.80075,5 100.371286,13.800856,4.75 100.37074,13.800876,5.5 100.369204,13.800919,4.75 100.369108,13.800924,4.75 100.369002,13.800924,4.75 100.36887,13.80093,4.75 100.368746,13.800935,4.75 100.36766,13.801047,4.5 100.364612,13.801162,4.75 100.364343,13.801171,5.25 100.356395,13.801427,4.25 100.354607,13.801505,4 100.348556,13.801708,4.5 100.348472,13.80171,4.25 100.336559,13.802109,5 100.336465,13.802111,5 100.335382,13.802144,5 100.333284,13.802223,4 100.333189,13.802231,4 100.331891,13.802284,4.5 100.33163,13.802293,5 100.328949,13.802397,4.25 100.328864,13.8024,4.25 100.328647,13.802407,4.5 100.328483,13.802412,4.75 100.32433,13.802549,6.5 100.320363,13.8027,4.75 100.319,13.802744,5 100.318753,13.802756,5.25 100.313039,13.802952,3.75 100.311812,13.802982,5.75 100.311203,13.803041,5.25 100.309677,13.803211,3.75 100.308175,13.803353,5.75 100.308058,13.803364,5.75 100.307928,13.803377,5.75 100.304997,13.803653,4.5 100.304076,13.803747,4 100.300642,13.804068,4.5 100.295481,13.804581,3.75 100.29285,13.804829,4.5 100.287655,13.805338,4.5 100.286447,13.80538,6.5 100.285986,13.805425,5.75 100.285929,13.80543,5.5 100.285819,13.80544,5.25 100.285708,13.80545,5.5 100.284478,13.80556,6.5 100.283425,13.805675,5.75 100.278424,13.806145,5.75 100.2778,13.806199,5.5 100.277477,13.806227,5.5 100.277287,13.806241,6 100.272516,13.806729,4.25 100.272448,13.806734,4.25 100.270844,13.806897,4.75 100.258476,13.808081,5.5 100.255241,13.808388,5.25 100.25515,13.808397,5.5 100.251666,13.808729,6 100.249814,13.808897,5.75 100.244632,13.80942,4.5 100.244466,13.809437,4.75 100.243254,13.809521,4.5 100.242629,13.809525,5 100.239519,13.80935,4.75 100.22361,13.808405,7 100.220943,13.808252,5 100.220042,13.808194,5.75 100.219548,13.808162,6.25 100.219488,13.808158,6.25 100.219152,13.808138,6.5 100.218579,13.80806,5.5 100.211318,13.807624,5.75 100.210687,13.807631,6.25 100.210493,13.807623,6.5 100.200667,13.807053,2.25 100.197166,13.806833,4.75 100.193445,13.806628,5 100.186871,13.806237,6.5 100.185442,13.806121,5 100.184216,13.806063,6 100.18312,13.806067,6.75 100.182964,13.806061,6.5 100.181607,13.805987,5.75 100.179962,13.805889,6 100.17931,13.805871,3.5 100.178782,13.805896,3.75 100.176953,13.806121,6.25 100.171083,13.806914,5.5 100.170891,13.806941,5.25 100.160625,13.808326,6.75 100.157524,13.80874,5.5 100.157361,13.808762,5 100.153808,13.809243,6.75 100.151477,13.809566,6.25 100.147472,13.810104,5.75 100.145318,13.810407,7.5 100.134355,13.811884,5.75 100.133748,13.811971,5.5 100.133449,13.812047,5.5 100.128839,13.812669,8 100.128411,13.812689,8.5 100.125812,13.813052,5.25 100.124989,13.813152,4 100.12454,13.813231,4.75 100.124103,13.813326,5 100.123676,13.813445,5.25 100.123138,13.813604,5.5 100.122742,13.81376,5.25 100.121693,13.814283,4.75 100.120411,13.814954,6.75 100.119451,13.815443,7.75 100.11751,13.816454,6 100.11711,13.816653,5.75 100.109281,13.820709,5.5 100.109136,13.820789,6 100.108445,13.821144,6 100.10145,13.824757,7.5 100.100803,13.825063,6 100.099833,13.825433,6.75 100.098845,13.825651,6.75 100.098272,13.825745,5.75 100.0977,13.825802,6.75 100.097114,13.825834,7.25 100.094938,13.82576,8.75 100.094738,13.825753,8.75 100.09152,13.825645,5.25 100.085216,13.825436,7.5 100.085025,13.825433,7.25 100.080563,13.825291,7.25 100.076668,13.82512,7 100.073491,13.825027,7 100.064404,13.824735,8.75 100.064246,13.824728,8.5 100.061565,13.824647,10.75 100.061453,13.824641,10.5 100.06125,13.824634,10.25 100.056701,13.82448,9 100.055518,13.824442,10.75 100.055061,13.824422,12.5 100.054539,13.824435,12.25 100.054123,13.82445,11.75 100.050887,13.824329,8 100.050744,13.824323,7.75 100.049816,13.82429,9 100.047971,13.824244,10.5 100.047373,13.824169,10.5 100.046773,13.82411,9.25 100.046274,13.824055,9 100.045906,13.824046,9 100.041321,13.823887,7.5 100.028671,13.823474,12 100.008885,13.822842,7.25 100.004094,13.822693,6.75 99.995839,13.822413,6.75 99.992529,13.822306,9 99.991179,13.822255,9.5 99.990382,13.82223,9.75 99.989748,13.822226,9.5 99.989599,13.822221,9.5 99.984037,13.822053,7.25 99.966602,13.82147,7.25 99.96351,13.821368,8.5 99.963025,13.821352,8.25 99.962371,13.82133,7.75 99.961454,13.821304,7.5 99.960932,13.821315,7.75 99.956652,13.821177,7 99.956323,13.821138,7 99.937416,13.820534,11 99.935213,13.820457,7.25 99.92609,13.819492,9.75 99.923177,13.819181,8.75 99.91431,13.818212,8 99.914137,13.818193,8 99.91122,13.817878,11.25 99.908296,13.817559,11 99.907713,13.817491,12.25 99.90642,13.817364,10.75 99.897467,13.816404,13.5 99.892919,13.815899,13.75 99.88247,13.814807,15.25 99.879821,13.814549,13.5 99.879289,13.814484,14 99.878871,13.814396,14.5 99.878595,13.814314,14.75 99.878202,13.814159,15.25 99.877807,13.813939,16.5 99.877334,13.813569,16 99.877022,13.813223,16.25 99.87667,13.812767,16.25 99.876401,13.812256,16 99.876171,13.811772,16.75 99.875703,13.810859,17.75 99.874234,13.807985,14.5 99.873029,13.805597,14.25 99.871431,13.802567,15.25 99.86811,13.796091,14 99.866455,13.792885,15.25 99.864534,13.789203,16.75 99.863317,13.786892,15 99.862419,13.785075,13 99.859967,13.78026,12.25 99.857976,13.776578,14.75 99.857096,13.774361,15.5 99.856204,13.769925,14 99.85598,13.768824,13 99.855422,13.766034,14 99.854962,13.76377,12.75 99.853575,13.756837,12.5 99.85083,13.743201,13.25 99.850109,13.739642,13 99.849918,13.738666,13.75 99.84978,13.737714,14.5 99.849755,13.736735,15.5 99.849838,13.73564,15 99.849919,13.735163,14.25 99.850232,13.730833,15.5 99.850223,13.730336,15 99.850318,13.729087,14 99.850339,13.728807,14.5 99.851014,13.719873,13.75 99.851267,13.71633,15.75 99.852017,13.70575,13 99.852204,13.703017,13.5 99.852412,13.700198,14 99.852523,13.698747,14.75 99.852458,13.697479,13 99.852311,13.696919,13.5 99.852233,13.696687,13.5 99.852021,13.6962,12.5 99.851657,13.695485,13 99.850733,13.693686,13 99.850159,13.692581,12.5 99.849272,13.690905,11 99.843549,13.679896,10.75 99.83884,13.670901,9.75 99.833733,13.661135,8 99.832423,13.658631,7.25 99.827939,13.650073,10.5 99.824085,13.642686,12 99.822706,13.640033,7.5 99.822318,13.639201,8.75 99.821995,13.638352,10.75 99.821836,13.637812,12.25 99.821527,13.636977,13.75 99.820412,13.633974,11.75 99.82015,13.633417,11.25 99.816119,13.622538,8 99.814897,13.619277,8.75 99.812128,13.611827,9.5 99.810549,13.607426,9.5 99.809337,13.604309,9.5 99.808993,13.603097,8.5 99.808906,13.602657,7.75 99.80883,13.602154,7.5 99.808814,13.601706,7.25 99.808845,13.60116,7.5 99.808942,13.600604,7.75 99.809078,13.600149,8 99.809271,13.599623,8.25 99.809558,13.59903,8.25 99.811002,13.596458,10.25 99.813739,13.591631,7 99.815044,13.589364,10.75 99.815616,13.588338,11.25 99.824083,13.573156,9.75 99.824332,13.572586,9.25 99.824597,13.571848,10.25 99.824768,13.571063,10 99.824843,13.570363,9.75 99.824874,13.569669,10 99.8248,13.566427,9.75 99.824777,13.565545,9.5 99.824771,13.565338,10 99.824645,13.560514,9.5 99.82457,13.556075,10 99.824564,13.555843,10 99.824476,13.5518,9.5 99.824464,13.551459,9.25 99.824462,13.551345,9.25 99.824291,13.544308,10.25 99.824281,13.544126,10 99.82421,13.541935,5 99.824184,13.54052,7.25 99.824164,13.539855,11 99.824152,13.539343,11.75 99.824152,13.539106,11.75 99.824126,13.537875,10.5 99.824119,13.537594,10 99.82403,13.533895,10.25 99.82401,13.533276,9.25 99.823979,13.532075,11.25 99.823941,13.530568,10.5 99.82388,13.527972,9 99.823874,13.527711,9 99.823895,13.526747,9.75 99.824141,13.524714,7.25 99.824455,13.522263,8 99.824483,13.52205,8 99.825086,13.517332,8.5 99.825112,13.517105,8 99.826667,13.505046,7 99.826775,13.504304,8.5 99.826792,13.50414,8.75 99.828116,13.493867,10.75 99.828132,13.493742,11 99.828167,13.493468,11.25 99.828188,13.493302,11.5 99.828275,13.492683,10.25 99.828849,13.488228,9 99.82903,13.48682,8.75 99.829485,13.482755,8.25 99.830156,13.477978,9.5 99.831113,13.470264,7.75 99.831138,13.470047,7.5 99.831141,13.470024,7.5 99.834559,13.443956,5.75 99.834844,13.441781,6 99.8349,13.441353,6.25 99.835248,13.438698,5 99.838579,13.413278,4.75 99.838781,13.411739,5 99.840856,13.395639,6 99.841708,13.389055,4.25 99.842574,13.382321,8.25 99.842912,13.379666,7.25 99.842958,13.3793,7.5 99.843149,13.377799,9 99.843171,13.377535,9.5 99.843181,13.377073,10.25 99.843719,13.372927,8.25 99.843835,13.372465,7.75 99.843874,13.372243,7.25 99.8439,13.372042,7 99.844772,13.365309,5.5 99.844789,13.365173,5.75 99.845827,13.357149,4.75 99.845844,13.356987,4.75 99.847069,13.347515,5 99.847691,13.342793,2.25 99.849266,13.330486,5.75 99.849303,13.330201,5.75 99.849852,13.325934,3.25 99.852205,13.3076,4 99.853098,13.300509,5.25 99.853428,13.297894,4.75 99.853461,13.297628,4 99.853602,13.296637,2.25 99.853707,13.295891,2.5 99.855071,13.285281,4.5 99.85652,13.274123,3.5 99.857938,13.262953,3.75 99.85949,13.251028,1.75 99.860482,13.243305,3.25 99.860699,13.241569,3 99.860771,13.241299,3.25 99.861332,13.236982,3.5 99.861348,13.236509,3.5 99.866459,13.197316,1.75 99.866808,13.195911,2.75 99.867221,13.194886,2 99.867747,13.193942,3 99.868481,13.192953,3 99.87167,13.189512,2.25 99.895347,13.16444,2.75 99.897111,13.162585,3.5 99.897366,13.162361,3.25 99.90052,13.159003,3.75 99.900754,13.158691,3.25 99.903457,13.155855,4.5 99.903659,13.15564,4.25 99.915032,13.143577,3 99.926565,13.131345,5.25 99.926583,13.131329,5.25 99.926651,13.131261,5.25 99.935434,13.121955,6.25 99.937186,13.12008,5 99.937384,13.119864,4.75 99.937581,13.119649,4.75 99.93851,13.118684,6 99.938945,13.118242,7 99.940984,13.116528,7.25 99.942822,13.115,6 99.943081,13.114785,6 99.943394,13.11453,5.75 99.943555,13.114416,5.75 99.943886,13.114225,5.25 99.945134,13.113631,7 99.945928,13.113195,7.5 99.948364,13.111731,8.5 99.948902,13.111427,8.75 99.949032,13.111342,9 99.949935,13.110833,9 99.950761,13.110479,9.25 99.951186,13.110383,9 99.951698,13.110307,8.5 99.95226,13.11029,8.5 99.953856,13.110388,8.25 99.955061,13.11045,8.25 99.955597,13.110425,8.25 99.956055,13.110343,8.5 99.956582,13.110162,8.75 99.957054,13.109946,8.5 99.957386,13.109726,8 99.957688,13.109482,7.75 99.957988,13.109153,7.25 99.958293,13.108736,7 99.958593,13.108155,6.75 99.958743,13.107673,6.5 99.958822,13.107239,6.25 99.958839,13.106798,6 99.958797,13.106073,6.25 99.958373,13.103241,9.75 99.957875,13.099332,9.25 99.957643,13.097528,5.75 99.957306,13.09517,8 99.956335,13.088158,6.75 99.956047,13.085925,4.5 99.956053,13.084714,5.25 99.956358,13.080898,10.25 99.956908,13.073973,7.25 99.957969,13.061001,9.25 99.958616,13.052705,5.5 99.959203,13.045387,6.5 99.959462,13.04257,5.75 99.959512,13.041927,5.5 99.959563,13.041272,5.25 99.959667,13.039788,8 99.959791,13.038218,8.5 99.960733,13.026293,6.25 99.960746,13.026137,6.5 99.960791,13.02556,7 99.960792,13.025551,7.25 99.961465,13.017026,9.25 99.961631,13.014925,6 99.961647,13.014732,6.25 99.962286,13.006683,6.75 99.962449,13.004628,9 99.962578,13.002952,9 99.962711,13.001456,7.25 99.962987,12.998344,7.25 99.963007,12.998052,7.5 99.96336,12.993121,7.25 99.963764,12.988075,9.25 99.964092,12.983972,10.5 99.964107,12.983789,10.5 99.964315,12.981254,10.75 99.964827,12.975013,9.5 99.965296,12.96913,8.75 99.965297,12.969107,8.75 99.965307,12.968928,8.75 99.96531,12.968895,8.75 99.96562,12.965033,7 99.966241,12.95731,7.75 99.966483,12.954242,10.75 99.966556,12.953313,11 99.966668,12.951921,9.5 99.968328,12.930937,6.75 99.968585,12.927647,5.25 99.968901,12.924182,5.25 99.969452,12.917283,5.5 99.970296,12.906487,3.5 99.970347,12.905726,4 99.970509,12.903662,5 99.970782,12.900274,3 99.971134,12.894965,2.5 99.972254,12.881472,4.5 99.972954,12.873051,3.25 99.974363,12.855572,2 99.974427,12.854724,2.5 99.974948,12.848173,2 99.974951,12.847817,2 99.974933,12.847209,2.25 99.974906,12.846911,2.5 99.974871,12.846645,2.75 99.974824,12.846336,2.5 99.974753,12.845947,2.25 99.974049,12.842342,3.25 99.970092,12.82182,4.5 99.968605,12.813988,1.25 99.966514,12.803181,3.75 99.96596,12.80013,3 99.965126,12.795919,6.5 99.961885,12.77889,3.25 99.960606,12.772376,10 99.956333,12.750227,8.75 99.955481,12.745628,10.25 99.951271,12.723881,10.5 99.951178,12.723356,10 99.951045,12.722329,9 99.950927,12.720763,10 99.950848,12.71939,11.5 99.950124,12.701442,10.25 99.948964,12.672528,10 99.948869,12.669213,14.75 99.94846,12.660027,15.75 99.947962,12.64865,12.25 99.947839,12.645912,13.5 99.947742,12.643562,13.25 99.947118,12.628411,15.25 99.946694,12.618419,10.25 99.945948,12.601278,13.25 99.945979,12.600522,11.75 99.946052,12.59971,10.5 99.946208,12.598873,11.5 99.946721,12.596868,11.75 99.948337,12.590801,11 99.948609,12.589739,12.5 99.950003,12.584505,11.25 99.950613,12.581384,9.25 99.950759,12.580778,9 99.953204,12.571548,8.25 99.953768,12.569383,8.25 99.953999,12.568524,8 99.954924,12.565004,7.75 99.955655,12.562382,7.5 99.956126,12.560966,7.5 99.95787,12.554349,7 99.958324,12.552597,6.75 99.959177,12.549022,6.5 99.960937,12.542223,5.75 99.962029,12.538133,6 99.962208,12.537464,5.5 99.962433,12.536764,5 99.962599,12.536311,4.5 99.962834,12.535699,4.25 99.963104,12.535107,3.75 99.964575,12.532802,6.25 99.967112,12.528871,4.5 99.968907,12.526025,9 99.969833,12.524558,9.25 99.969947,12.52437,9.25 99.970353,12.523625,11.25 99.970647,12.522996,9 99.970946,12.522281,8 99.971188,12.521616,8.5 99.971346,12.521099,7.5 99.97148,12.520599,6.75 99.971596,12.520085,5.5 99.971679,12.519653,5.5 99.971756,12.519147,6.25 99.971851,12.518226,6 99.971878,12.517844,5 99.971979,12.514259,8 99.972188,12.507044,6.25 99.972194,12.506786,6 99.972345,12.500821,12.5 99.972398,12.499188,11.75 99.972408,12.498487,12.25 99.972464,12.497043,12.25 99.972478,12.496011,12 99.972921,12.480168,11.5 99.973198,12.470552,8.75 99.973198,12.469597,8.5 99.973156,12.468626,8.5 99.972999,12.467408,10 99.972832,12.466617,12 99.972643,12.465882,10.75 99.972394,12.465068,10.25 99.97124,12.46232,10 99.970705,12.460919,10.25 99.96791,12.454114,13.25 99.967295,12.452772,12.5 99.966732,12.451779,13 99.96314,12.446715,15.75 99.954274,12.434276,27.25 99.942792,12.418127,5 99.942292,12.417483,5.75 99.941689,12.416767,9.25 99.938317,12.412926,8 99.936579,12.410964,8.5 99.936171,12.410484,8 99.935805,12.410005,7 99.935429,12.409516,8 99.93495,12.408759,8.75 99.934384,12.407766,10.5 99.933961,12.406803,10.75 99.933585,12.405771,9.25 99.933174,12.404298,9.5 99.931622,12.398004,7.25 99.927623,12.381863,4.25 99.927446,12.381147,7.5 99.926645,12.378039,11.25 99.926606,12.377883,11.5 99.925809,12.374582,8.75 99.924318,12.368518,6.75 99.921921,12.358859,5 99.921864,12.358648,5 99.920664,12.35378,4.25 99.92043,12.352891,5.5 99.915338,12.332484,8 99.915047,12.33155,6.75 99.914675,12.330512,6.75 99.914254,12.329546,6.75 99.913911,12.328918,6.75 99.91287,12.327279,5.5 99.910399,12.323596,5 99.91025,12.323373,5.5 99.893541,12.298687,6 99.89323,12.298149,6.25 99.892973,12.297682,5.75 99.892647,12.29692,4.5 99.892322,12.296133,5.25 99.891946,12.294933,5.25 99.891737,12.294066,4.75 99.891568,12.293126,3.75 99.890966,12.287198,3.25 99.890847,12.285786,4 99.890708,12.284474,5.25 99.890548,12.282629,1.25 99.890226,12.279135,2.75 99.88721,12.247755,4.75 99.886157,12.236826,4.5 99.88614,12.236655,4.5 99.884911,12.223897,2.75 99.884797,12.223288,2.25 99.884653,12.222787,2.5 99.884196,12.221592,3 99.882093,12.216055,5 99.881709,12.215088,5.75 99.880786,12.212623,7.75 99.879838,12.210109,3.75 99.867537,12.177516,5 99.862444,12.16403,0 99.862163,12.16334,2.25 99.862044,12.162903,2 99.860476,12.158729,3.25 99.860266,12.158329,3.5 99.859942,12.157379,3.75 99.8596,12.156159,2.5 99.859437,12.155141,2.5 99.859407,12.154011,3.5 99.859486,12.153136,3.25 99.85967,12.151919,4.25 99.864922,12.116978,5.5 99.867031,12.102845,5.5 99.867847,12.097382,11 99.870438,12.080013,8.25 99.87148,12.073262,7 99.872043,12.069568,8 99.872252,12.068163,6.75 99.87233,12.067703,6.25 99.872688,12.065434,8.5 99.872775,12.06462,9.75 99.872779,12.063774,9.5 99.872563,12.061599,8 99.872459,12.060418,6.75 99.872044,12.055635,10 99.871866,12.053738,7 99.871106,12.045469,8.25 99.871014,12.044691,6.25 99.870805,12.043688,7 99.870115,12.040563,6.5 99.86702,12.025916,2.5 99.866712,12.024459,4 99.866515,12.023712,4.25 99.866263,12.023027,4.75 99.85932,12.006072,3 99.858377,12.003767,5.5 99.857456,12.001503,5.75 99.854056,11.993142,2.25 99.85388,11.992664,1.75 99.853684,11.992157,2 99.84846,11.979447,1.5 99.845036,11.971013,5.75 99.842878,11.965696,4.5 99.841467,11.962326,5.5 99.840198,11.960018,2.25 99.840047,11.959744,2.75 99.831338,11.943552,7.5 99.823825,11.929447,5.5 99.823733,11.929271,6.25 99.821278,11.924771,5.5 99.820789,11.923863,4.75 99.819602,11.921654,4.25 99.818403,11.919408,4.75 99.816659,11.916014,2.75 99.816232,11.915017,4.25 99.816,11.914128,4.75 99.815038,11.908531,9.5 99.813902,11.90212,9.75 99.811598,11.889188,7 99.811494,11.888029,7.5 99.811441,11.886819,5.5 99.811411,11.885655,5.25 99.811179,11.877384,6.75 99.811175,11.877063,7.5 99.811088,11.873868,7.75 99.810981,11.869601,8.75 99.810969,11.86876,7.75 99.810966,11.868295,6.75 99.810962,11.868094,6.5 99.810872,11.86401,7.75 99.810777,11.863135,6.75 99.810574,11.862227,6.75 99.810292,11.861305,7 99.809209,11.85909,4.75 99.806146,11.852896,6.5 99.805862,11.852407,6.75 99.804528,11.850664,6 99.804218,11.850316,6 99.80417,11.850264,6 99.803233,11.849042,5 99.802936,11.848621,5.25 99.801011,11.845479,4 99.79783,11.840148,3.25 99.795351,11.835988,4 99.793417,11.832653,3.75 99.789607,11.82632,2.5 99.789287,11.825643,3 99.788944,11.824559,5.75 99.788767,11.823427,3 99.788831,11.821986,3 99.789279,11.82036,3 99.790111,11.818023,3.75 99.791514,11.813999,3.75 99.791653,11.813464,5.5 99.794168,11.806456,7.5 99.794359,11.806075,7.25 99.79473,11.80496,7.25 99.794856,11.804475,7 99.79495,11.803946,6.75 99.79499,11.80358,6.25 99.795007,11.803258,6 99.794975,11.802302,7.25 99.794836,11.801416,8.25 99.794605,11.800607,8 99.79429,11.79982,7.5 99.793141,11.797351,6.75 99.790992,11.792751,7.5 99.787488,11.785188,8.5 99.785786,11.78153,8.25 99.784098,11.777962,7.25 99.783604,11.776838,6 99.783388,11.776295,6 99.783144,11.775655,6.5 99.782865,11.774782,7.5 99.782646,11.773971,7.25 99.782015,11.771346,7.5 99.781933,11.771027,6.75 99.781781,11.770561,6.5 99.781634,11.770158,6.5 99.781465,11.769754,6 99.78128,11.769359,5.5 99.781033,11.768873,4.75 99.780727,11.768401,4.5 99.780398,11.767923,3.75 99.779828,11.767242,4 99.775103,11.762007,4.25 99.774759,11.761566,4 99.774315,11.760911,6 99.774186,11.760709,6.75 99.773978,11.760371,6 99.773753,11.759904,5 99.77339,11.758945,3.75 99.773238,11.758395,4.25 99.773103,11.757791,5.75 99.772564,11.754011,4.75 99.772485,11.753525,5 99.772363,11.752934,5 99.772177,11.752366,5.25 99.771961,11.751841,5.5 99.768316,11.744039,8.25 99.76747,11.742203,10.5 99.765999,11.739073,10.5 99.758639,11.723104,7.75 99.75831,11.722421,7 99.758024,11.721924,6.25 99.757715,11.721446,5.75 99.757456,11.721105,6.5 99.757132,11.720706,6.5 99.756855,11.720389,5.5 99.75639,11.719972,5 99.755561,11.719343,7.5 99.753995,11.718328,6 99.752208,11.717153,8.25 99.751717,11.716831,8 99.747691,11.714277,11.5 99.746522,11.713536,9.75 99.746299,11.713397,8.75 99.745698,11.713018,9.75 99.739487,11.709018,14.5 99.735792,11.706674,13 99.735405,11.706397,13.5 99.735058,11.706118,14.5 99.734802,11.705871,15 99.734549,11.705607,15 99.734256,11.705261,14.5 99.733948,11.704867,14.5 99.730712,11.700134,11.25 99.727352,11.695042,9 99.724957,11.691512,9.25 99.723324,11.689083,7.5 99.72303,11.688646,6.25 99.721885,11.686961,6 99.720436,11.684732,7.5 99.707266,11.665103,14 99.707155,11.664939,14.25 99.699357,11.653316,25 99.693139,11.644052,18.75 99.693022,11.643882,19.5 99.692448,11.643011,22.25 99.688845,11.637546,18.25 99.681876,11.627137,14.25 99.681763,11.626968,13.75 99.678312,11.621813,13.25 99.675942,11.618262,12.25 99.675714,11.617887,12.25 99.675498,11.617445,13 99.675395,11.617169,13.75 99.675294,11.61681,14.5 99.67522,11.616414,14.25 99.675181,11.615921,13.5 99.675168,11.615533,14.25 99.674853,11.612012,16 99.674804,11.611644,15.75 99.674741,11.611316,15.25 99.674654,11.610956,15 99.674507,11.610501,13.75 99.674335,11.610075,12.5 99.672996,11.607203,15.75 99.672954,11.607114,15.75 99.672843,11.606873,16 99.672576,11.606397,16.25 99.670763,11.602522,13 99.670707,11.602402,13.75 99.670595,11.602151,15.25 99.670397,11.601643,17.75 99.667476,11.59523,11.5 99.667429,11.595123,11.5 99.666787,11.593763,17 99.664822,11.589507,10.75 99.664735,11.589318,11.25 99.651759,11.561196,14.5 99.651651,11.560961,14.25 99.648806,11.554793,18 99.643893,11.544138,14.5 99.636925,11.52898,7.5 99.636677,11.528439,8.75 99.635829,11.526605,11.25 99.635076,11.524978,9.5 99.634519,11.52375,7.5 99.63327,11.521001,5.5 99.629572,11.513059,12.25 99.629218,11.512272,10.5 99.62914,11.512097,10.5 99.625187,11.503576,12.25 99.624356,11.501711,9.5 99.622711,11.498116,11.5 99.622215,11.497032,11.5 99.621485,11.495456,10.75 99.619765,11.491742,9.5 99.61969,11.49158,10 99.617156,11.486027,7.75 99.617005,11.485609,7 99.616835,11.484968,5.75 99.616688,11.484232,5 99.615871,11.477893,19 99.615775,11.477204,20.75 99.615597,11.47637,21.5 99.615279,11.475456,19.5 99.614109,11.473029,12.75 99.611958,11.468608,12 99.607374,11.459208,9.25 99.606212,11.456785,11 99.605059,11.45444,9 99.602019,11.448254,7.75 99.601788,11.447788,8.75 99.601566,11.447233,10.25 99.601415,11.446742,12.5 99.601231,11.446033,11 99.600517,11.44228,9.25 99.600467,11.442028,10 99.600263,11.441018,11.25 99.600095,11.440006,9.25 99.599154,11.434979,8 99.598985,11.434071,7 99.598838,11.433297,7.25 99.598784,11.432961,8 99.598729,11.432554,8.75 99.598692,11.432132,9.25 99.59868,11.431673,9.5 99.598688,11.431229,9.25 99.598735,11.430763,8.75 99.598806,11.430207,8.25 99.599467,11.426561,10.25 99.599754,11.424624,14 99.599805,11.424191,13.25 99.599838,11.423797,13.25 99.599854,11.423182,13.5 99.599831,11.422696,14.25 99.599782,11.422272,15 99.59972,11.421829,15.5 99.599621,11.421364,15 99.599532,11.421033,13.75 99.599411,11.420629,13.25 99.598533,11.417853,13.25 99.597571,11.415148,17.25 99.596273,11.411211,15.75 99.595216,11.408033,13.25 99.594711,11.406464,10 99.594173,11.404903,10.75 99.593271,11.402304,11 99.59296,11.401386,10.75 99.592819,11.401015,11 99.592547,11.400402,9.25 99.592254,11.399859,8.75 99.592036,11.39952,9.25 99.59176,11.399114,9.5 99.591524,11.398791,9.75 99.586099,11.392457,14.25 99.583393,11.389343,12.25 99.580672,11.386246,12.25 99.572806,11.377098,13.5 99.572427,11.376661,13 99.57013,11.373986,10.25 99.569922,11.373711,10.75 99.569773,11.373473,11.25 99.569199,11.372503,12 99.567533,11.369459,12.75 99.563732,11.362659,10.25 99.563549,11.362349,11.75 99.557781,11.351923,7.25 99.557324,11.351097,8.5 99.55706,11.350648,9 99.556838,11.350315,9 99.556533,11.349843,8.75 99.554928,11.34695,9.25 99.554768,11.346582,9.25 99.554645,11.346286,9.5 99.554175,11.34541,8.75 99.553927,11.344871,7.75 99.553757,11.344468,8.75 99.55361,11.344163,9.25 99.553559,11.343963,9.25 99.552207,11.340074,8 99.5501,11.334032,9 99.549909,11.333449,9.5 99.548694,11.328683,8.25 99.547922,11.325624,8.25 99.547264,11.322995,7.5 99.547096,11.322267,6.75 99.54698,11.321626,7.25 99.545737,11.311515,7.75 99.545634,11.310701,7.5 99.545359,11.308585,7.75 99.545295,11.308052,7.75 99.545252,11.307544,7.75 99.545214,11.30483,8.25 99.545187,11.302509,10 99.545153,11.299865,9.5 99.545134,11.299183,9 99.545072,11.298599,9 99.544986,11.298083,9.25 99.54485,11.297576,9 99.544745,11.297221,8.5 99.544606,11.296789,7.5 99.544443,11.296356,7.75 99.544266,11.295951,8.75 99.544076,11.295571,8.75 99.543776,11.295064,8 99.543448,11.294593,7.25 99.539207,11.288766,16.25 99.538891,11.288289,15.5 99.538598,11.287763,13.5 99.538303,11.287142,12.25 99.538044,11.286455,12 99.537851,11.285798,11.5 99.535653,11.277202,10 99.531516,11.261044,11.75 99.531363,11.260585,11.5 99.530305,11.256421,12.5 99.530215,11.255909,11.75 99.530079,11.255343,10.25 99.52602,11.239279,4.75 99.525816,11.238432,3.75 99.525547,11.237433,5 99.525247,11.236498,3.5 99.524947,11.235758,4.25 99.524687,11.235242,5.75 99.524034,11.234295,5.75 99.519102,11.227389,12.25 99.516797,11.224214,15 99.510884,11.215927,7 99.510671,11.215642,7.25 99.510466,11.215373,8.5 99.510172,11.215032,9 99.508004,11.212003,10.25 99.507722,11.211603,11.25 99.507446,11.211131,10 99.506998,11.210487,8.5 99.506285,11.209518,8 99.505952,11.209071,7.25 99.505448,11.208362,10.75 99.505183,11.207985,10.75 99.501207,11.202386,9 99.499861,11.200514,11 99.497343,11.197023,7 99.497117,11.196753,6.5 99.496913,11.196541,6.5 99.48875,11.188537,13.5 99.484901,11.184772,14.5 99.484502,11.184345,16 99.484238,11.184035,18.5 99.483949,11.183662,21 99.483693,11.183309,19.75 99.483461,11.18297,16.75 99.479751,11.177287,20.5 99.477185,11.173367,22.25 99.476874,11.172875,20 99.476575,11.172309,17.5 99.476168,11.171375,15.75 99.476002,11.170849,16 99.475859,11.170297,14.75 99.475777,11.169823,14.25 99.475725,11.169491,14.75 99.47566,11.168916,15 99.475545,11.167556,15.25 99.475531,11.167377,15.25 99.475122,11.162388,12 99.475062,11.161741,12 99.474388,11.153371,11.5 99.473448,11.14277,8.25 99.473404,11.142395,9 99.473351,11.142058,9.25 99.473295,11.141762,10 99.473141,11.141026,12 99.472362,11.136667,10.25 99.472326,11.13643,10.75 99.472261,11.136121,11.5 99.470549,11.126675,13.25 99.468916,11.117894,16.75 99.468858,11.117566,18 99.468757,11.117114,18.75 99.46861,11.116645,19.5 99.468482,11.116284,17.25 99.468333,11.115924,14.5 99.468114,11.115447,13.25 99.466746,11.112945,9.75 99.466636,11.112734,10 99.460354,11.101258,12.5 99.458799,11.098425,11.25 99.458698,11.098251,11.5 99.458241,11.09742,13 99.457895,11.096849,11.5 99.450597,11.086816,14 99.449862,11.085789,13.5 99.447686,11.082828,12 99.443845,11.077476,20.5 99.432785,11.06238,24 99.431465,11.060044,25 99.430427,11.057448,23.75 99.429309,11.054754,26 99.428021,11.05144,18.5 99.427808,11.050948,21.5 99.427367,11.049914,25.25 99.427267,11.049702,25.5 99.427133,11.049471,25.25 99.424269,11.04513,27 99.422141,11.041943,27.75 99.420129,11.039053,28.25 99.417391,11.034937,24 99.416721,11.033944,24.5 99.415243,11.031755,23.5 99.414386,11.03047,25.5 99.412256,11.027278,29.5 99.412072,11.02701,28.5 99.401825,11.013541,29.5 99.397419,11.007967,31.75 99.393289,11.002525,33 99.39045,10.998846,31.25 99.390264,10.998607,31.25 99.37268,10.975629,43.25 99.372387,10.975142,43 99.372015,10.974324,43 99.371757,10.973549,41.5 99.370339,10.968329,41.25 99.370174,10.967831,39.75 99.369988,10.967381,39 99.369757,10.966916,39.5 99.369498,10.966468,39.75 99.365784,10.960581,44 99.364317,10.958286,46.75 99.3629,10.956034,45 99.362478,10.955354,45 99.35964,10.95089,51.25 99.359254,10.95035,52.75 99.358883,10.949935,53.75 99.358283,10.949339,54.25 99.351795,10.944141,59.75 99.351277,10.943661,62 99.350921,10.943241,61.25 99.350608,10.942835,63.25 99.350245,10.942263,64.75 99.347255,10.937391,72 99.346922,10.936728,75 99.346619,10.936008,74.25 99.346378,10.935348,76.75 99.34619,10.934559,80.25 99.345152,10.927014,86 99.34473,10.924256,90 99.344658,10.923399,88.25 99.344629,10.922601,91.25 99.344684,10.921883,93.5 99.344845,10.92102,94.5 99.34639,10.915491,96 99.347401,10.911768,96.75 99.347517,10.911088,97.5 99.347592,10.910351,98 99.347912,10.903211,90.75 99.347929,10.90239,92.25 99.347808,10.90173,91.75 99.347597,10.901156,85 99.34727,10.900642,84 99.346828,10.900093,81.75 99.346377,10.899716,80.5 99.345907,10.899394,79.25 99.34545,10.899034,79.5 99.345067,10.898611,80.25 99.3448,10.898141,82.75 99.344516,10.897479,86 99.344367,10.89663,88.75 99.344389,10.895801,89.75 99.344477,10.894187,95.25 99.344555,10.893527,98.5 99.344725,10.892798,99.75 99.345954,10.888702,82 99.346081,10.888064,85.5 99.346147,10.887464,87.25 99.346191,10.886834,88 99.346141,10.886089,87.25 99.346041,10.885395,83.25 99.345841,10.884629,78.5 99.344896,10.881977,83 99.343955,10.879465,80 99.343638,10.878714,83.25 99.342544,10.876898,86.25 99.342196,10.876353,90 99.341892,10.87575,92.75 99.341644,10.875052,93.75 99.341508,10.874308,96.75 99.341478,10.873928,96 99.341497,10.873552,93.75 99.341544,10.87312,92 99.341645,10.872633,91.25 99.341761,10.872258,90.25 99.341938,10.871789,89.25 99.34214,10.871066,89.75 99.344036,10.864455,84.75 99.344115,10.864002,85.25 99.345181,10.860294,77 99.348853,10.847386,63.75 99.348927,10.847078,64.5 99.34897,10.84676,65 99.348991,10.846459,65 99.348992,10.84615,65.25 99.348931,10.845584,66.25 99.348833,10.845126,67 99.348685,10.844654,68.5 99.34795,10.842962,64 99.347624,10.841976,57 99.347418,10.841,55 99.347289,10.840063,50.75 99.347314,10.838973,53.5 99.34751,10.837815,55 99.347847,10.836719,63.75 99.352567,10.823949,53 99.35274,10.823237,55.75 99.352864,10.822532,56.5 99.352921,10.821864,57 99.352943,10.821257,56.25 99.352912,10.820523,56 99.352798,10.819753,56.5 99.352649,10.819057,55.5 99.352404,10.818281,53.75 99.352053,10.817468,53 99.351627,10.816672,50.25 99.34995,10.814234,45.25 99.349595,10.81363,46.25 99.349311,10.813019,46.75 99.349094,10.812472,48.25 99.348935,10.811875,49 99.348828,10.811386,49.5 99.348747,10.810851,49 99.348515,10.808175,41.75 99.348017,10.802427,41.75 99.347965,10.801998,41.5 99.347891,10.801446,40.5 99.347794,10.800905,38.5 99.347694,10.80043,36 99.347595,10.800061,33.5 99.347324,10.799133,34.5 99.346914,10.798155,38.25 99.346741,10.797811,39.25 99.346493,10.797401,41.5 99.346221,10.797049,44.25 99.345941,10.796772,41.75 99.344657,10.795647,40.5 99.344292,10.795242,41.5 99.344028,10.794911,42 99.34334,10.793954,40.5 99.342954,10.793399,40.25 99.342754,10.793037,38.75 99.342578,10.792619,37 99.342418,10.792047,36 99.342338,10.791416,35.25 99.342218,10.789306,32.75 99.342174,10.788677,32.75 99.342125,10.788151,31.75 99.342029,10.78772,29.75 99.341284,10.785543,32 99.341079,10.785019,33 99.340887,10.784598,33.5 99.340623,10.784122,34.75 99.339451,10.782351,34 99.339161,10.781846,30.75 99.338875,10.781272,28.75 99.338648,10.78071,27.5 99.338487,10.780176,26.75 99.338354,10.779672,25.75 99.338247,10.779065,25 99.338185,10.778415,26.75 99.338192,10.777784,27.75 99.338223,10.777221,27.5 99.338304,10.776574,25.75 99.339972,10.768469,19.5 99.340152,10.767513,23.25 99.340246,10.766478,28 99.340152,10.764979,24.5 99.339903,10.76389,24 99.339598,10.762967,23.5 99.33922,10.762113,23 99.338288,10.760735,23.75 99.337508,10.759842,22 99.336685,10.758995,17.5 99.336067,10.758202,16.5 99.335519,10.757063,16.5 99.335145,10.755831,21.75 99.334994,10.754864,16.75 99.334674,10.752439,16.25 99.334331,10.749773,14.25 99.334248,10.749063,13.75 99.33387,10.74611,13.25 99.333715,10.745215,13 99.33347,10.744439,11.5 99.333254,10.743833,10.75 99.332863,10.743069,11.75 99.330647,10.739201,11.25 99.330539,10.739016,10.75 99.330182,10.738224,9.5 99.329933,10.737497,9 99.329746,10.736565,11.75 99.329481,10.735071,17.5 99.329305,10.734431,18.75 99.32908,10.733866,19.75 99.328852,10.733422,20.25 99.326019,10.729057,14.25 99.324305,10.726399,13.75 99.321467,10.722028,10.25 99.320736,10.720649,13.25 99.319233,10.71749,15.75 99.319193,10.717404,15.75 99.318822,10.716597,14.5 99.318619,10.716057,12.5 99.318456,10.715618,12 99.315921,10.710181,12.5 99.315735,10.709865,13 99.315067,10.708445,11.25 99.314784,10.707966,11.25 99.314372,10.70705,11 99.312309,10.699824,12 99.31212,10.699179,11 99.31162,10.698199,11.25 99.310936,10.697228,11 99.310578,10.696806,10 99.310252,10.696458,9.75 99.307535,10.69406,11.5 99.301096,10.688313,10.25 99.299259,10.686684,10 99.297942,10.685493,19.25 99.294726,10.682618,23.75 99.293634,10.681564,23 99.290908,10.678544,28.5 99.288329,10.6757,33.25 99.285976,10.67312,37.75 99.285599,10.672627,39 99.285276,10.672137,39 99.284652,10.671013,40.75 99.283051,10.667793,43 99.277455,10.656397,41.5 99.276886,10.655627,39.75 99.275929,10.654611,40 99.274043,10.652612,41 99.272392,10.650871,41.25 99.272009,10.650466,41.25 99.270829,10.649178,42 99.270338,10.648743,42.75 99.269928,10.648456,41.5 99.269458,10.648253,41.25 99.268987,10.648141,41.5 99.2685,10.648083,41.75 99.267523,10.648079,41 99.267053,10.648061,40 99.266592,10.647996,38.75 99.266152,10.647885,38 99.265661,10.647681,37 99.265369,10.647509,36.5 99.264885,10.647174,37.75 99.254799,10.637588,24.25 99.254529,10.637295,24.25 99.254266,10.636997,24.25 99.253979,10.636628,23.75 99.250362,10.631841,24.75 99.246748,10.627109,29 99.244803,10.623861,25.75 99.242885,10.620571,22 99.24272,10.620274,22 99.242562,10.619947,21.75 99.242437,10.61964,22.25 99.242336,10.619342,22.5 99.241496,10.616465,26.25 99.241046,10.614955,25.75 99.240791,10.614087,28 99.240434,10.612943,29 99.240164,10.612284,28 99.239801,10.611515,27.5 99.238937,10.609703,27.5 99.236554,10.604693,28 99.234148,10.599501,24 99.233833,10.59885,28 99.233492,10.598289,35 99.233171,10.5978,33 99.232628,10.597076,30.5 99.232383,10.596796,29.75 99.232106,10.596542,30.25 99.230417,10.595195,23.5 99.228288,10.593649,24.75 99.227837,10.593307,24.75 99.22739,10.592911,24.75 99.227021,10.592534,23.75 99.226576,10.592024,22 99.226008,10.591237,21.5 99.222803,10.586045,23.5 99.216373,10.575378,17.5 99.214892,10.572804,15 99.21466,10.572367,14 99.214417,10.571817,14 99.214222,10.571318,15.75 99.21408,10.570808,17.75 99.21398,10.570371,19 99.213906,10.569951,20.5 99.213834,10.56937,22 99.213792,10.568826,22.25 99.213809,10.568303,22 99.213844,10.567772,20.5 99.215176,10.553098,17.5 99.215684,10.547206,11 99.215966,10.543941,8.75 99.215988,10.543286,8 99.215799,10.54239,8.25 99.215564,10.541618,11.25 99.215175,10.540921,11.75 99.21474,10.540322,13.75 99.214243,10.539813,15.75 99.213549,10.539251,17.25 99.213038,10.538949,16.75 99.212504,10.538686,16 99.210751,10.53787,14.75 99.210745,10.537867,14.75 99.208416,10.536784,15.75 99.206148,10.535728,15.5 99.205339,10.535352,15.25 99.203801,10.534639,14.5 99.203484,10.534468,15.25 99.203132,10.534234,16.5 99.202759,10.533956,17.75 99.202489,10.533713,18.5 99.20225,10.533468,18.75 99.201844,10.532947,19 99.201468,10.532394,21.25 99.201164,10.53177,23.75 99.201006,10.531214,22.75 99.200917,10.530742,21.25 99.200848,10.530019,18 99.200808,10.528782,13 99.200703,10.528018,11.75 99.200588,10.527434,12.25 99.200373,10.526885,12 99.200174,10.526495,11.5 99.199837,10.525879,9.75 99.199386,10.525328,9.75 99.198545,10.524622,8.75 99.196711,10.523506,7.5 99.195789,10.522822,8.75 99.189649,10.516729,7.75 99.189251,10.516318,7.75 99.182994,10.510163,8 99.17995,10.507155,9 99.179425,10.506668,8.5 99.179217,10.506462,9 99.175818,10.503102,8.5 99.174391,10.5017,8 99.173636,10.500958,9 99.172553,10.499887,9 99.172294,10.499632,9.75 99.170476,10.497836,8.25 99.170264,10.497622,6.75 99.169772,10.497147,6.5 99.169682,10.49706,7 99.167073,10.494407,10 99.166792,10.494067,9.25 99.166541,10.493743,8.75 99.166279,10.493339,8 99.16606,10.492978,8 99.165768,10.492467,8.75 99.164862,10.49088,7 99.162429,10.486584,10.25 99.162274,10.486309,10.75 99.158208,10.4791,9 99.157995,10.478722,9.5 99.156606,10.476241,10.5 99.155565,10.474408,7.25 99.155165,10.473698,7.25 99.154165,10.471914,7.5 99.153825,10.471327,7.5 99.153694,10.471084,7.25 99.153548,10.470782,7.25 99.153413,10.470472,7.25 99.153315,10.470217,7.25 99.151173,10.464385,5.75 99.151006,10.463907,5.5 99.149218,10.4588,6.25 99.148116,10.45569,16.75 99.147973,10.455252,17.75 99.147786,10.45482,19 99.14763,10.454503,20 99.147432,10.454189,21.25 99.147224,10.453889,22.75 99.146827,10.453424,23.75 99.1465,10.453105,25 99.146095,10.452803,26.5 99.144291,10.451692,26.25 99.143863,10.451422,26.25 99.143478,10.451112,25.75 99.143113,10.450764,24 99.142784,10.450377,22.75 99.142523,10.450022,21 99.142262,10.449588,22 99.142077,10.449228,21.75 99.141929,10.448872,20.75 99.141775,10.448303,20 99.1414,10.446451,20.5 99.138614,10.432311,11 99.138383,10.43084,9.75 99.138318,10.430424,9.5 99.137112,10.421854,11.75 99.136862,10.420078,10.75 99.136709,10.418799,12.5 99.136665,10.418016,11.5 99.136664,10.417086,10.5 99.136705,10.413553,9 99.136707,10.413359,9 99.136743,10.41007,7 99.136759,10.409797,7 99.136951,10.408217,8.75 99.13721,10.406367,8.75 99.137332,10.405484,8.5 99.13774,10.402524,11.25 99.13806,10.400209,11.25 99.13872,10.395427,17.25 99.138758,10.395014,17.25 99.138757,10.394527,18 99.13872,10.393984,18 99.13863,10.393404,16.25 99.13853,10.392956,16 99.138376,10.392524,16 99.138225,10.392126,17.25 99.137999,10.391692,18 99.137713,10.39123,16.5 99.137141,10.390472,13.75 99.136069,10.389305,17.75 99.135751,10.388861,18.25 99.135428,10.388276,17 99.135185,10.387568,14.75 99.135074,10.386875,13.25 99.135054,10.38648,12.75 99.13513,10.38448,18.75 99.135103,10.384077,19 99.135046,10.38366,19 99.134947,10.383242,19 99.134796,10.382856,19.5 99.1346,10.382452,20 99.134206,10.381816,18 99.133533,10.381059,17.25 99.133066,10.380533,15.25 99.132667,10.380036,14.75 99.132372,10.379495,13.75 99.132188,10.379113,13 99.131921,10.378249,13.5 99.131784,10.377133,13 99.131606,10.375422,21.5 99.131198,10.370904,21.25 99.130909,10.367731,24.25 99.130802,10.366624,20.75 99.130695,10.365805,17 99.130148,10.363811,21 99.129781,10.362883,18.5 99.129289,10.361927,18 99.128784,10.361195,20.75 99.127811,10.360148,25.5 99.126803,10.359276,25 99.123456,10.356716,14 99.123096,10.356383,12.75 99.122575,10.355842,11.75 99.12217,10.35516,9.25 99.121875,10.354391,8 99.120792,10.350596,11 99.120341,10.349013,13.25 99.119725,10.346998,12.25 99.119062,10.344901,15.75 99.118924,10.344425,16 99.118754,10.343938,15.75 99.118286,10.342864,14.5 99.116258,10.338361,10.25 99.113557,10.332461,8.5 99.113225,10.331699,9.25 99.111617,10.32821,10.25 99.110969,10.326875,11.25 99.109932,10.324556,11.25 99.109788,10.324234,11.75 99.107825,10.319936,9.75 99.107276,10.318815,9.5 99.107093,10.318463,8.5 99.106882,10.318108,7.5 99.106628,10.317747,7.25 99.106361,10.317394,8.25 99.103701,10.314116,9 99.102369,10.312528,8.5 99.101843,10.311844,9.5 99.101535,10.311416,9.25 99.101177,10.310896,10.5 99.100776,10.310298,9.5 99.099919,10.30892,8 99.099629,10.308414,8.75 99.099356,10.307863,8 99.099071,10.307153,7.25 99.098775,10.306301,8.25 99.098313,10.304506,7.5 99.095072,10.293794,11.75 99.094675,10.292529,12.75 99.094559,10.292089,12.75 99.094486,10.291655,12.5 99.094463,10.291386,12.5 99.094467,10.2909,12.25 99.094494,10.290611,12 99.094888,10.28698,15.5 99.095037,10.285174,18.25 99.095106,10.284607,19 99.095188,10.284021,18.5 99.09529,10.283417,19 99.095413,10.282933,20.25 99.095549,10.282507,21.25 99.09573,10.282025,20.75 99.095931,10.281603,20.25 99.096136,10.281151,19.5 99.096173,10.281069,19.25 99.096462,10.280432,18.5 99.096634,10.280034,18 99.096871,10.279446,18.25 99.09703,10.278914,18 99.097161,10.278324,18 99.097312,10.277306,17 99.097565,10.274266,14 99.0984,10.263981,10.25 99.098435,10.263552,8.75 99.099326,10.251935,9 99.099398,10.25117,8.25 99.09955,10.250303,8.25 99.099739,10.249563,8.5 99.099941,10.248935,7.75 99.100362,10.247948,7.25 99.10072,10.24729,8 99.101415,10.246046,8.75 99.101714,10.245506,9.5 99.102516,10.244055,9.75 99.102689,10.243696,8.75 99.102848,10.24334,8 99.103036,10.242849,9 99.103171,10.242418,9.25 99.103655,10.240721,8.5 99.103743,10.240411,8.5 99.103942,10.23966,7.75 99.104123,10.238932,7.5 99.104849,10.236326,9 99.10553,10.233763,10.25 99.106543,10.230028,8.75 99.108374,10.223137,14.75 99.108594,10.222076,13.5 99.108679,10.221419,13.5 99.108711,10.220875,14.25 99.108694,10.220254,14.25 99.108645,10.219602,14 99.107775,10.211875,5.5 99.107633,10.210397,6.25 99.107578,10.209717,6 99.107505,10.208366,8.75 99.106869,10.193627,6.75 99.106115,10.174512,5.75 99.105882,10.16952,4.75 99.105763,10.166822,9.25 99.10564,10.164116,6 99.10521,10.154439,8 99.104183,10.136712,9 99.104092,10.13516,11.75 99.103925,10.132305,8.75 99.103921,10.132214,8.75 99.103431,10.123629,8 99.103353,10.122388,8.5 99.102546,10.108798,7 99.10191,10.097482,8.25 99.102049,10.095516,6.75 99.102114,10.094974,6.25 99.102223,10.094327,7.5 99.102467,10.091487,10 99.102593,10.090323,8.25 99.102609,10.089752,6.5 99.102708,10.088992,5 99.102714,10.087933,9 99.102654,10.087384,10.75 99.102562,10.086752,8.25 99.101893,10.084193,8 99.101751,10.083598,7 99.101088,10.081144,11.5 99.100585,10.079234,10.25 99.099964,10.076781,9.25 99.099879,10.076508,8.75 99.099737,10.076143,8.75 99.099601,10.075834,8.5 99.099441,10.075504,8.5 99.095779,10.068804,15.75 99.095586,10.068363,18 99.095424,10.067874,15.75 99.09527,10.067304,14.25 99.095115,10.066591,14.75 99.09339,10.055975,19.5 99.093292,10.055408,20.25 99.093236,10.054908,21.75 99.093211,10.054499,22.5 99.093201,10.053989,22.75 99.093262,10.043893,13.5 99.093267,10.041358,12.5 99.093289,10.031174,13.25 99.093289,10.031074,13 99.0933,10.027087,11.75 99.093289,10.026755,11 99.093263,10.026323,10.5 99.093098,10.024058,8 99.092452,10.015547,7.25 99.09244,10.015367,6.75 99.0924,10.01473,6 99.092264,10.013114,7.25 99.09219,10.012609,8.5 99.092107,10.012218,9.25 99.091985,10.011794,9 99.09182,10.011297,8.75 99.091263,10.009838,10.25 99.090804,10.008553,7 99.090432,10.007531,9.75 99.090197,10.006909,9.25 99.090169,10.006833,9.25 99.088641,10.002788,6.75 99.088266,10.001808,8 99.08802,10.001205,11.25 99.085472,9.994593,8.75 99.085375,9.994354,9 99.084984,9.99334,7.75 99.084517,9.992159,11.25 99.084428,9.991918,11.75 99.084299,9.991529,11 99.084115,9.990776,8 99.084049,9.990403,9.5 99.084001,9.990002,10.75 99.08359,9.98524,12.75 99.083521,9.984674,14.25 99.083445,9.984135,15 99.083337,9.98354,15.75 99.083238,9.983092,16 99.083111,9.982642,16.5 99.082665,9.980983,13 99.081454,9.976702,13.25 99.080445,9.97306,13.75 99.080327,9.972534,14.5 99.080249,9.972007,13.5 99.080208,9.971361,13.25 99.08022,9.970868,14.25 99.080239,9.970463,13.25 99.080325,9.969838,12 99.08074,9.967639,18 99.0827,9.958736,17.5 99.082808,9.9582,17.5 99.082894,9.957654,17.75 99.082933,9.957226,17.5 99.082928,9.956847,17 99.082883,9.956469,16.5 99.082809,9.956123,15.75 99.082716,9.955773,15 99.082632,9.955526,15.25 99.082523,9.955277,15.5 99.082385,9.954988,16.25 99.082246,9.954751,16.75 99.082074,9.954503,16.5 99.08188,9.95424,15.75 99.081679,9.954017,14.5 99.081461,9.953796,13 99.08119,9.953547,10 99.08024,9.952738,12.5 99.079394,9.952,14 99.078768,9.951414,14 99.076418,9.949288,13.5 99.075071,9.94811,12.5 99.074732,9.947702,12.5 99.074411,9.947208,12 99.074174,9.946722,12 99.073966,9.94613,12.5 99.073869,9.945747,12.75 99.073802,9.945329,11.75 99.073743,9.94437,12 99.073608,9.94238,12.5 99.071891,9.919804,16.5 99.071336,9.91259,16.75 99.071309,9.911758,15 99.071378,9.910973,16.75 99.073206,9.900969,20 99.073956,9.896868,22.75 99.073995,9.896352,23 99.073998,9.895958,23.25 99.073982,9.895567,23.5 99.073189,9.886438,16.5 99.073185,9.885885,15.75 99.073246,9.885165,15.75 99.073372,9.884458,15.25 99.073544,9.883762,15.5 99.074268,9.880763,17.5 99.074621,9.879497,18.25 99.074897,9.87854,17 99.074945,9.878371,17 99.075063,9.878,16.5 99.078136,9.867726,15 99.078913,9.862719,19.75 99.080501,9.852494,22 99.081106,9.848487,24.75 99.082902,9.83708,23.5 99.083958,9.832171,18 99.083978,9.83208,18.25 99.089831,9.804902,20.5 99.089969,9.804286,19.25 99.090226,9.803195,21.75 99.090504,9.802288,21 99.090729,9.801785,18.75 99.091122,9.801084,19 99.091521,9.800465,21 99.091876,9.800038,21.25 99.092296,9.799592,23 99.092928,9.799082,22 99.093869,9.798483,18 99.100199,9.794627,19.75 99.100569,9.794383,20.25 99.100862,9.794153,19.75 99.10116,9.793869,19.75 99.101456,9.793537,19.25 99.101695,9.793171,18.25 99.101892,9.792815,17.5 99.102066,9.792451,16.75 99.102173,9.792155,16.25 99.102382,9.79132,13.5 99.1026,9.790398,13 99.102989,9.788882,16.5 99.103279,9.788099,18.5 99.103539,9.787555,23.25 99.103879,9.786911,23 99.104848,9.785322,23.25 99.105153,9.784768,23 99.105443,9.784167,21.25 99.10573,9.783379,19.5 99.105954,9.782562,21 99.106927,9.778304,19.75 99.107195,9.777076,17.25 99.107713,9.774714,18.25 99.108323,9.772153,17.25 99.108803,9.770076,18 99.108843,9.769899,18 99.110524,9.762664,19.75 99.112049,9.755859,21.25 99.116674,9.735978,13.25 99.116788,9.735598,13 99.116964,9.735094,12.75 99.117184,9.734532,13.75 99.121847,9.723504,13.75 99.12299,9.72077,11.5 99.123887,9.718658,12.25 99.124904,9.71623,10 99.144146,9.670761,15 99.144858,9.669078,16 99.145902,9.666608,16.75 99.147016,9.663973,13.25 99.14855,9.660345,14.25 99.148671,9.660011,14.75 99.148797,9.659561,15.25 99.149402,9.657161,14.5 99.14954,9.656615,14 99.151791,9.647694,14 99.151897,9.647275,13.75 99.154396,9.637658,16.75 99.155148,9.634762,17 99.155701,9.632634,15.5 99.155841,9.632127,15.25 99.15589,9.631937,15.75 99.156723,9.628737,15.75 99.158276,9.622775,12 99.158306,9.622658,12 99.15873,9.621029,13.25 99.158781,9.620814,12.75 99.158842,9.620523,13.75 99.1589,9.620201,14.5 99.158949,9.619866,15.5 99.159452,9.615598,15.75 99.160674,9.604623,14.5 99.162031,9.59266,14.75 99.163544,9.579081,17.5 99.163611,9.578487,18 99.164623,9.569504,12.5 99.164662,9.569157,12.25 99.164739,9.568474,12.5 99.165051,9.565645,13.5 99.165321,9.563352,13.75 99.166003,9.558243,13.25 99.166497,9.555013,15.5 99.167625,9.546711,12.5 99.167885,9.545219,13 99.168525,9.540629,8.75 99.169237,9.535931,8.75 99.169821,9.532182,5.75 99.169886,9.531777,5.75 99.172171,9.517039,8.5 99.173145,9.510792,9.75 99.174498,9.502088,10.75 99.177842,9.48042,13 99.178937,9.473306,12.25 99.179341,9.470684,13.75 99.179696,9.468362,13.5 99.17981,9.467619,14.25 99.181983,9.453435,14.5 99.183028,9.446816,14.75 99.184781,9.435722,11.5 99.189173,9.407973,13.25 99.189289,9.407471,14.25 99.189403,9.407041,14.25 99.189552,9.406589,14.25 99.189753,9.406066,14.25 99.190027,9.405471,13.5 99.190369,9.40487,13.25 99.19075,9.404307,14 99.192525,9.401943,12.5 99.192856,9.401436,12.25 99.193124,9.400943,11.25 99.193402,9.400284,9.75 99.193608,9.399576,10 99.193723,9.3989,11 99.193987,9.39718,10.5 99.194026,9.396931,10.25 99.194806,9.391854,7.25 99.194933,9.391026,9.25 99.195327,9.388465,13.75 99.195708,9.385985,11 99.195742,9.385765,10.75 99.196215,9.382686,9.25 99.196246,9.382472,9.25 99.196768,9.378835,8.75 99.198568,9.366301,6 99.198601,9.366068,6 99.199638,9.358847,5.5 99.199713,9.358327,5.5 99.199975,9.356499,6 99.2008,9.350755,8.5 99.20094,9.349788,6.75 99.201176,9.347536,7.25 99.201606,9.343433,6.5 99.201627,9.34323,6.25 99.201641,9.343098,6.75 99.202144,9.338306,5.75 99.20279,9.332144,12.5 99.202867,9.331528,13.25 99.203023,9.330776,11.75 99.203201,9.330135,11.5 99.204879,9.325684,8 99.205053,9.325164,7 99.205169,9.32463,6.75 99.205632,9.320972,8 99.207154,9.304412,5.25 99.207967,9.296286,8.75 99.207986,9.295778,7.75 99.207944,9.295221,9 99.207903,9.294893,9 99.207837,9.294528,8.25 99.207716,9.294095,7.75 99.207687,9.294002,7.75 99.206075,9.288795,8.25 99.20591,9.28828,5 99.205715,9.287813,5.75 99.205383,9.28709,5.75 99.201618,9.27974,6.75 99.200814,9.278046,4.25 99.199423,9.275341,5 99.198399,9.273308,6.75 99.197533,9.271575,5.75 99.196814,9.270135,3.5 99.196439,9.269464,5 99.195743,9.268087,7 99.193337,9.263359,6 99.193062,9.262704,7 99.192853,9.261949,7.25 99.192676,9.261195,7.75 99.192426,9.259109,7.75 99.192236,9.257638,8.5 99.192129,9.256839,8 99.191978,9.256136,8.75 99.191745,9.25546,9.25 99.191441,9.254769,10 99.186902,9.246963,7 99.186789,9.246772,7 99.183485,9.241101,5.5 99.177013,9.230019,4.75 99.166236,9.211537,7.25 99.165995,9.211107,7 99.164627,9.20878,6 99.163294,9.20647,5 99.160164,9.201201,3.5 99.157638,9.196874,5.5 99.157556,9.196677,5.75 99.157061,9.195489,5 99.156958,9.195173,5.5 99.156663,9.193929,6.25 99.15662,9.193607,6.5 99.156604,9.192781,6.25 99.156709,9.188246,7.75 99.156804,9.185103,6.5 99.157135,9.174186,6.5 99.15724,9.171057,8.25 99.157339,9.170136,7.75 99.157512,9.169257,7 99.158079,9.167717,9.75 99.158999,9.165401,7.25 99.160079,9.16277,5.5 99.162018,9.158072,7.5 99.163021,9.155336,7.25 99.167074,9.145478,5.75 99.167124,9.145351,6 99.167461,9.144539,8 99.167954,9.143718,9 99.16843,9.143055,8.25 99.169007,9.142425,6 99.169666,9.141853,6.5 99.170442,9.141321,5.75 99.174221,9.138894,6 99.181426,9.134171,5.5 99.19463,9.125575,6.75 99.198457,9.123107,7.25 99.201617,9.12104,6.25 99.204713,9.119048,7 99.210831,9.115029,10 99.211134,9.114834,9.25 99.211654,9.114529,8.25 99.212124,9.114283,7.25 99.212587,9.114066,6.75 99.213065,9.113887,7.5 99.213578,9.113718,7.25 99.214041,9.113596,5.5 99.214487,9.113498,5 99.214964,9.113433,5 99.215391,9.113386,5.75 99.215936,9.113341,7 99.217491,9.113247,8 99.217641,9.113238,8 99.222757,9.11293,8 99.224621,9.112821,5 99.225124,9.112757,6.25 99.225995,9.112579,7.75 99.226332,9.112466,7.25 99.226575,9.112355,7.25 99.226866,9.112196,7.5 99.227215,9.111994,7.25 99.227585,9.111719,7 99.227857,9.111468,7.25 99.228089,9.111188,7.25 99.228274,9.110915,7 99.228431,9.110661,7 99.228585,9.110321,7.5 99.228677,9.109955,8 99.229193,9.10804,6.25 99.229269,9.107677,6.75 99.229377,9.107324,7.25 99.229543,9.106729,7.75 99.230741,9.102234,8.5 99.230902,9.101602,9.5 99.231035,9.101132,11 99.231094,9.100892,12 99.23121,9.100559,12.5 99.231341,9.100268,12.75 99.231519,9.099969,12.5 99.231707,9.099725,11.75 99.231893,9.09954,11 99.232215,9.0993,9.75 99.233403,9.098575,10 99.233722,9.098347,9.75 99.234005,9.098088,9.5 99.234263,9.097749,9.25 99.23509,9.096301,10.75 99.235293,9.096005,11.5 99.235736,9.095516,11.25 99.236005,9.095283,11.5 99.236256,9.095086,11.25 99.236541,9.094888,11.25 99.236842,9.094719,12 99.237172,9.094576,12.5 99.23751,9.094446,12.25 99.237908,9.094336,12.5 99.238259,9.094277,13 99.238612,9.094234,11.5 99.23897,9.094233,10.75 99.239279,9.094247,9.75 99.24037,9.094371,7 99.240714,9.09439,8 99.24108,9.094393,8 99.241397,9.09437,7.75 99.241771,9.094302,7.25 99.242107,9.094206,7 99.242486,9.094055,6.75 99.242852,9.093856,7.25 99.243172,9.093636,8 99.243439,9.093386,10.25 99.24371,9.093101,12.5 99.24396,9.092764,12.5 99.244169,9.092417,11.5 99.24669,9.087947,8.25 99.249179,9.083455,13.75 99.249542,9.082737,13 99.249708,9.082339,10.75 99.24986,9.081913,8.75 99.250047,9.081311,7.5 99.250162,9.080766,6.75 99.253648,9.061601,8.5 99.253906,9.060506,10.5 99.254052,9.060094,11.5 99.254867,9.058371,12 99.256001,9.055909,13 99.257166,9.05332,15.25 99.257411,9.05273,12 99.257658,9.052227,11 99.257954,9.051772,12.5 99.25832,9.051275,12.5 99.258717,9.050836,12.5 99.25915,9.050425,12.75 99.259602,9.050059,13 99.260162,9.049679,14 99.260716,9.049378,12.75 99.265691,9.046998,12 99.265997,9.04683,11.25 99.26626,9.046658,10.5 99.266528,9.046462,10.75 99.266785,9.04626,11.5 99.267018,9.046034,12 99.267257,9.045793,11.5 99.267488,9.045511,11.75 99.267678,9.04525,12.5 99.267863,9.044978,12.75 99.268019,9.044699,12 99.268261,9.044186,10 99.268356,9.043914,8.75 99.26843,9.043671,7.5 99.268507,9.04339,6.25 99.268585,9.04305,6.25 99.268635,9.042672,6.25 99.268649,9.042352,6.75 99.268493,9.037166,12 99.268484,9.036684,13 99.268489,9.03617,11.25 99.268546,9.035313,11.25 99.26873,9.03376,12.75 99.269664,9.026893,19.25 99.269715,9.026411,18.75 99.269726,9.025909,18 99.269707,9.021376,17.5 99.269648,9.016315,19.75 99.269641,9.010271,24.75 99.26964,9.009441,26 99.269663,9.008784,26 99.26969,9.008406,25.75 99.269764,9.007825,26 99.269865,9.007301,26.25 99.270004,9.006742,24.25 99.270439,9.005629,25.5 99.270587,9.005294,27.5 99.271079,9.004411,28.25 99.271393,9.003964,27.5 99.271758,9.003474,25.25 99.275053,8.999481,18.75 99.275152,8.999362,18.75 99.275776,8.998607,22.5 99.276153,8.998179,25 99.276502,8.997814,26 99.27686,8.997475,24.75 99.277368,8.997068,24 99.277912,8.996676,22 99.281894,8.993902,10 99.285379,8.991475,8.5 99.288078,8.989595,7.75 99.288258,8.989469,8.25 99.29008,8.9882,9.5 99.290555,8.987856,10.5 99.290966,8.987524,11.5 99.291369,8.987145,13 99.291768,8.986696,14.75 99.292065,8.986311,16 99.29234,8.985885,15.75 99.292583,8.985434,15.25 99.292774,8.98503,15.25 99.292928,8.984622,15 99.293049,8.984246,13.75 99.293171,8.983793,13.5 99.293269,8.983375,14 99.293324,8.982981,14.25 99.293355,8.982642,14.75 99.293601,8.978952,13.75 99.293747,8.977329,15.25 99.293977,8.973437,11.25 99.294075,8.972072,13.75 99.294096,8.97178,15 99.294107,8.971553,15.75 99.294509,8.965279,20.75 99.295482,8.950122,19 99.29549,8.949952,19 99.295571,8.949245,19 99.295683,8.948415,18.5 99.295833,8.947652,18.75 99.299365,8.933642,18.75 99.299479,8.933191,19 99.30123,8.926246,22.5 99.301423,8.925476,22 99.302119,8.922702,22 99.302708,8.920375,21.75 99.302745,8.920227,21.75 99.303902,8.915649,24.25 99.304208,8.914178,24 99.304413,8.913058,23.5 99.304481,8.912687,23.75 99.307571,8.895779,27 99.307758,8.894752,27 99.307835,8.894318,27.25 99.30789,8.893855,27.75 99.307931,8.893435,28.75 99.307949,8.893025,29.25 99.307952,8.892689,29.5 99.30794,8.892277,29 99.307887,8.891668,28 99.307853,8.891257,28 99.307806,8.890488,27.25 99.307819,8.889999,26 99.307849,8.889765,26.75 99.307887,8.889594,27.25 99.307937,8.889428,27.5 99.308002,8.889225,28 99.308071,8.889041,27.75 99.308203,8.888775,27.25 99.308491,8.888364,26.75 99.308825,8.887976,26 99.30961,8.887261,25 99.31004,8.886865,24.5 99.310406,8.886505,25.5 99.311957,8.885201,28 99.312321,8.884955,29.75 99.31297,8.884403,30.25 99.313341,8.884139,28 99.313768,8.883784,29.75 99.314093,8.883477,29.25 99.314343,8.883219,29.25 99.314616,8.882926,29.75 99.314974,8.882575,30 99.315426,8.882062,32 99.321062,8.874419,30.5 99.329689,8.862606,36.5 99.339875,8.848811,28 99.348526,8.837175,41 99.349376,8.836032,43.5 99.349879,8.835342,44.75 99.351768,8.832756,45 99.353607,8.830225,47 99.356101,8.826899,51.25 99.356677,8.825982,48.75 99.356928,8.825408,49 99.357155,8.824815,49 99.357356,8.824189,50.75 99.358309,8.82106,44 99.358539,8.820238,46.5 99.358733,8.819042,50.5 99.358794,8.818285,48.75 99.358795,8.817278,50 99.358725,8.816545,50.75 99.358051,8.812133,48.25 99.358027,8.811793,47.75 99.358014,8.8114,47.25 99.358035,8.811044,47 99.35808,8.810755,46.75 99.35815,8.810464,46.25 99.358272,8.810148,45.5 99.3585,8.809712,45.5 99.358756,8.809315,45.25 99.358975,8.809078,43.75 99.359738,8.808322,38.75 99.360788,8.807428,39 99.361395,8.806806,38.5 99.361547,8.806637,38.25 99.361756,8.80637,38 99.361893,8.806163,38.5 99.362025,8.805888,38.75 99.362125,8.805639,39.25 99.362231,8.805313,39.75 99.36228,8.805028,39.75 99.3623,8.8049,40 99.36233,8.804471,40 99.362313,8.803647,40 99.362263,8.803259,40.25 99.362202,8.802805,40.25 99.362106,8.800263,38 99.362136,8.799781,38 99.362169,8.799299,39 99.362123,8.797687,39.5 99.36161,8.779963,35 99.361299,8.770142,36.75 99.36111,8.763316,38.75 99.361066,8.761268,36 99.361026,8.760738,37.5 99.360885,8.759742,43.75 99.360769,8.759164,44.5 99.358503,8.749497,30.25 99.357569,8.745599,36.25 99.355003,8.734932,44.75 99.354861,8.734135,47 99.354792,8.733491,45 99.353668,8.715609,31.25 99.353641,8.715146,32.5 99.35362,8.714591,33.25 99.353564,8.712351,33 99.353562,8.712159,33.25 99.353523,8.710291,38 99.35357,8.709893,39.25 99.353567,8.705473,30.75 99.353522,8.705166,30.5 99.353488,8.699532,27 99.353398,8.690658,29.25 99.353417,8.689612,31 99.353473,8.688926,33.75 99.353627,8.687774,35.25 99.35571,8.674344,29.25 99.35707,8.665541,25.5 99.357192,8.66481,26.5 99.35734,8.664198,25.75 99.357515,8.663663,25.5 99.357785,8.663018,26.25 99.360625,8.657014,26.75 99.36365,8.650644,33.25 99.366753,8.644137,34 99.369894,8.637478,36 99.370482,8.636243,36.5 99.370872,8.635471,36 99.371167,8.635042,36 99.372427,8.633594,37.75 99.374221,8.631531,36.5 99.374571,8.631123,35.75 99.374839,8.630834,35.75 99.374963,8.630706,36.5 99.375442,8.630178,39 99.375812,8.629826,39 99.376204,8.62948,38.75 99.376584,8.629173,38 99.376971,8.628885,38.25 99.381595,8.626044,36.25 99.3837,8.624772,38.75 99.384062,8.624553,40.25 99.384822,8.624069,42.5 99.385724,8.623529,43 99.386403,8.62309,40.25 99.386743,8.622811,39.25 99.38734,8.622249,38.75 99.389151,8.620264,46.75 99.389655,8.619732,49.5 99.390257,8.619234,50 99.391649,8.61822,45.25 99.396707,8.614589,50.75 99.399212,8.612878,57.25 99.405261,8.608389,48.25 99.405669,8.608092,49.75 99.405849,8.607923,51.75 99.40601,8.60776,52.75 99.406276,8.607428,54.75 99.409507,8.603414,59.25 99.411726,8.600651,55.75 99.411944,8.600402,57.75 99.412202,8.60014,58 99.412496,8.599894,57.25 99.413139,8.599338,57 99.419031,8.594925,57.25 99.419143,8.594842,57.5 99.419536,8.594578,58.75 99.421265,8.593254,60 99.423932,8.591272,57.25 99.424068,8.591168,57 99.424156,8.591106,56.75 99.425646,8.589951,54.25 99.42613,8.589608,55 99.427986,8.588474,58.5 99.432629,8.585628,64.5 99.439505,8.581488,64.5 99.440705,8.580678,67.5 99.441591,8.57997,68.5 99.442356,8.579243,70.75 99.443252,8.578212,67.5 99.443532,8.577855,67.5 99.44381,8.577432,68.75 99.446583,8.573581,60 99.447129,8.572893,61 99.447523,8.572503,60.75 99.447961,8.572085,62.5 99.448543,8.571635,62.5 99.449342,8.571131,61.75 99.450131,8.570749,60.5 99.450277,8.570688,60.75 99.450439,8.570614,61.25 99.450733,8.570492,62.75 99.451157,8.570343,63.75 99.451575,8.570221,63.75 99.45211,8.570105,61.75 99.453071,8.569953,60 99.453615,8.569818,61.25 99.454242,8.56968,61.5 99.455043,8.569451,65.25 99.455607,8.569201,64 99.456179,8.568893,64.25 99.456674,8.568563,62.25 99.457167,8.568177,60.75 99.458146,8.567224,60.75 99.458397,8.566879,62 99.459586,8.564925,63.5 99.459807,8.564434,63 99.459949,8.564072,63.25 99.460044,8.563683,62.75 99.460134,8.563262,62.75 99.460191,8.562802,62 99.460955,8.555438,56.25 99.461055,8.554475,55.25 99.46111,8.554081,55 99.461238,8.553547,54.25 99.461311,8.553307,54 99.461425,8.553032,55.25 99.461574,8.552722,56.75 99.461733,8.552427,59.25 99.461937,8.55211,62 99.462634,8.551206,64 99.462771,8.55104,63.25 99.467148,8.54542,51.25 99.467504,8.544897,49 99.467767,8.544449,49.75 99.467993,8.54398,50.25 99.468171,8.543579,50.75 99.468319,8.543182,50.75 99.468484,8.542677,50.75 99.472718,8.527592,47.75 99.473372,8.525181,47.75 99.474032,8.522588,43.5 99.474335,8.521455,42 99.474426,8.521093,42.5 99.474495,8.520865,43 99.474599,8.520588,44 99.476348,8.516668,44.25 99.476414,8.516536,44.5 99.483641,8.500846,47.75 99.484417,8.498911,56 99.484512,8.498639,56.5 99.484588,8.498353,57 99.484638,8.498096,55.75 99.484755,8.497377,53 99.48481,8.496975,54 99.484892,8.495916,56.75 99.48492,8.495333,56.5 99.485427,8.4874,55.5 99.485535,8.486429,56.25 99.485641,8.485806,54.75 99.48587,8.485069,52.75 99.485958,8.484809,54.5 99.49057,8.471306,38 99.490958,8.470171,35.75 99.491943,8.467241,37 99.492611,8.465247,37.25 99.493256,8.463059,33.75 99.494199,8.460183,35.75 99.494837,8.458078,36.5 99.494966,8.457501,34.25 99.498111,8.43616,34.5 99.499239,8.428557,31.25 99.499354,8.427882,31 99.499606,8.427157,31 99.499952,8.426514,29.5 99.500464,8.425802,30 99.500869,8.425377,30.5 99.501408,8.424949,31.25 99.501721,8.424736,31.25 99.502437,8.424255,31.75 99.502949,8.42396,32.25 99.503555,8.423599,32.25 99.506559,8.421808,27.75 99.50666,8.421748,27.75 99.506987,8.421553,30.25 99.50736,8.421285,32.75 99.507862,8.420987,33.75 99.508368,8.420621,33.5 99.508821,8.420228,32.75 99.50927,8.419758,33.25 99.510426,8.418353,30.25 99.510828,8.417947,28 99.514111,8.413996,27.75 99.517587,8.409647,32.5 99.518357,8.408761,32 99.51971,8.407044,34 99.520195,8.406428,33.25 99.521922,8.404232,33.75 99.522591,8.40334,34.25 99.523297,8.402268,30.25 99.523378,8.402134,31.25 99.529046,8.392769,34.25 99.529631,8.392048,41 99.530333,8.39141,39.75 99.533277,8.38928,43 99.534161,8.388492,43 99.537367,8.385029,35.75 99.537852,8.384505,35 99.539308,8.382896,37.5 99.539588,8.38257,38.75 99.539829,8.382243,38.5 99.540089,8.381875,37.25 99.540342,8.381445,36.5 99.540459,8.381206,35.75 99.540966,8.380031,34.5 99.541182,8.37952,34 99.541554,8.378596,34 99.543158,8.374977,33.75 99.543404,8.374381,33.75 99.543477,8.374123,34.5 99.543596,8.373622,37.75 99.543665,8.373223,39.5 99.543787,8.372321,38.5 99.543809,8.371795,36.5 99.543772,8.371048,33 99.542367,8.363611,35.5 99.542275,8.36292,36.75 99.54224,8.362151,36.5 99.542264,8.361368,35.75 99.542411,8.360075,38 99.543325,8.351946,39.25 99.543644,8.349047,34.75 99.543671,8.348816,35.5 99.543876,8.347325,33.75 99.545173,8.335639,35.25 99.545992,8.328118,37.75 99.546019,8.327866,37 99.546231,8.325921,37.25 99.546359,8.325365,38 99.54651,8.324853,37.5 99.546666,8.324423,36.5 99.546895,8.323888,36.75 99.547654,8.322138,36.75 99.549018,8.318966,35 99.550332,8.315916,39.5 99.550565,8.315467,38.5 99.550762,8.315168,37 99.551062,8.314775,34.75 99.55148,8.314321,34.25 99.552111,8.313779,34.25 99.55252,8.313504,34.75 99.554113,8.312627,35.25 99.554648,8.312336,35 99.5554,8.311851,36.75 99.564574,8.30406,36.5 99.565281,8.303407,37.75 99.565847,8.302875,39.5 99.56629,8.302335,40 99.567831,8.300377,41.5 99.568156,8.299983,41.5 99.572623,8.294377,40.25 99.572741,8.294208,40.5 99.573629,8.293114,41.25 99.573759,8.292959,42 99.574979,8.291398,39.5 99.575339,8.290895,41.25 99.581338,8.281157,48.25 99.581807,8.280521,47 99.58218,8.280079,45.5 99.582776,8.279481,50.5 99.590758,8.272855,62.5 99.591262,8.272394,62.25 99.59185,8.271744,58.5 99.592303,8.271157,58 99.593446,8.269395,53 99.59407,8.268383,52.25 99.594368,8.267894,53 99.594586,8.267584,53.25 99.594924,8.267133,53.25 99.595258,8.26675,54.25 99.596032,8.265882,54.25 99.5981,8.263568,55 99.59817,8.26349,55.25 99.599081,8.262456,57.75 99.599382,8.262049,61.5 99.603692,8.255892,71.25 99.603978,8.255503,69.5 99.604275,8.255166,67.25 99.604852,8.254587,65.5 99.605464,8.254067,66 99.605936,8.25372,66.5 99.606884,8.253109,64.5 99.607263,8.252889,63.25 99.609395,8.251721,69.5 99.610118,8.251314,69.5 99.610753,8.250907,64.5 99.611227,8.250535,66 99.611777,8.25003,64 99.612129,8.249631,64 99.612543,8.249082,62.25 99.613717,8.247388,71.75 99.614069,8.246933,70 99.614465,8.246499,69 99.614884,8.246136,67 99.615472,8.245684,63.25 99.616064,8.245363,62.75 99.61764,8.244538,70 99.618153,8.24422,70.25 99.618556,8.243951,69.25 99.618939,8.243662,66.75 99.619286,8.243374,63.25 99.620017,8.242636,60.5 99.620351,8.242284,61 99.620638,8.241922,61 99.620864,8.241626,60 99.622227,8.240142,61 99.62332,8.238958,61 99.623607,8.238702,62 99.623938,8.238402,61.25 99.625062,8.237172,68.75 99.630149,8.230993,75.75 99.635212,8.224945,63.75 99.641306,8.21753,82 99.644093,8.214253,68 99.644946,8.213262,64.5 99.657277,8.198332,69 99.659929,8.195088,63.25 99.660074,8.194897,62.75 99.660196,8.19472,62.5 99.660332,8.194509,62.25 99.660493,8.194243,62 99.660674,8.193945,62.75 99.660915,8.193554,63.75 99.661111,8.193259,64 99.661306,8.192984,63 99.661543,8.192691,61.25 99.661787,8.192416,59.75 99.661994,8.192204,59.75 99.662374,8.191836,59.75 99.663009,8.191209,59.25 99.663077,8.191142,59.25 99.663352,8.190876,58 99.663546,8.190679,57.5 99.664056,8.190091,57 99.664135,8.189998,57 99.66868,8.184497,60.25 99.673477,8.178694,59.5 99.67592,8.175738,58.25 99.676403,8.175106,59 99.676703,8.174695,58.5 99.676997,8.174381,58.75 99.677419,8.173836,58.5 99.677465,8.173771,58.5 99.677667,8.173477,58.5 99.677727,8.173394,58.5 99.677935,8.173157,58.25 99.678158,8.172854,57.25 99.67842,8.172565,56 99.678596,8.172377,56 99.678798,8.172159,56 99.681257,8.168583,58 99.68181,8.16778,56.75 99.681981,8.167575,56.5 99.682078,8.167458,56.5 99.682307,8.167224,57.25 99.682434,8.167117,57.75 99.682706,8.166932,57.5 99.682845,8.166839,56.75 99.682971,8.166769,56.25 99.683102,8.166707,55.25 99.683371,8.166609,54.25 99.683516,8.166572,54.5 99.683671,8.166539,55 99.684022,8.166502,55.75 99.684658,8.166471,56.25 99.686828,8.166417,57.25 99.689464,8.166294,56.75 99.694236,8.166042,67.5 99.70227,8.165759,66 99.703732,8.165684,65.25 99.704008,8.165673,64.5 99.704189,8.165665,64 99.704725,8.165611,64 99.705056,8.165553,64.25 99.705396,8.165479,65.25 99.705783,8.165367,66.25 99.706135,8.165239,66.25 99.711321,8.162979,67.5 99.711602,8.162861,66 99.711893,8.162764,66.25 99.712206,8.162671,67.25 99.712766,8.162556,67 99.71312,8.162495,65.75 99.714363,8.162328,63.75 99.714957,8.162218,63.25 99.715248,8.162151,63 99.715558,8.16207,62.75 99.716317,8.161853,63.25 99.718619,8.161146,65.5 99.719321,8.160882,64.25 99.720659,8.160475,66.5 99.723414,8.159674,65.75 99.724171,8.159519,66.5 99.725341,8.159186,64.5 99.728618,8.158222,67.25 99.731199,8.157464,71 99.735178,8.156294,73.5 99.736503,8.155893,73.5 99.737439,8.155633,72.25 99.737676,8.15556,73 99.738002,8.155445,74 99.738532,8.155204,75.5 99.738955,8.154994,75.25 99.73927,8.154815,76.25 99.741794,8.153199,84 99.742348,8.152876,83.25 99.742866,8.152637,82.5 99.743331,8.152457,81.75 99.743893,8.152278,83.5 99.744504,8.152146,85.75 99.745296,8.152034,86.5 99.746881,8.151931,84.5 99.747281,8.151889,85 99.748771,8.151648,92.25 99.749893,8.151305,93.75 99.750046,8.151231,93.5 99.751417,8.150409,96 99.753398,8.148938,96.25 99.756018,8.14696,93.75 99.758046,8.145511,98.25 99.75864,8.145167,99.5 99.760177,8.144452,104.5 99.760455,8.144302,105.25 99.760721,8.144125,103.75 99.761247,8.143693,109.25 99.761896,8.1431,105.5 99.762163,8.142913,104.75 99.762529,8.142617,101.75 99.762791,8.142415,99.75 99.76303,8.142248,99.25 99.76337,8.142051,98.75 99.76367,8.141901,98.75 99.763924,8.141788,98.25 99.764168,8.141698,98 99.764591,8.14156,100.5 99.765116,8.141438,102.5 99.76569,8.141376,103.75 99.76625,8.141389,104 99.766802,8.141453,103.75 99.767168,8.141573,104.5 99.767683,8.141764,106 99.768039,8.141923,108.5 99.768591,8.142155,112.75 99.7691,8.142393,114.5 99.770444,8.143003,121.25 99.77093,8.14319,122.25 99.771173,8.143262,122.25 99.771505,8.143277,122 99.771812,8.143263,121.75 99.772189,8.143204,121 99.772553,8.143094,119.75 99.772921,8.142891,119.5 99.773147,8.142707,117 99.773942,8.142022,117 99.774117,8.141904,115.75 99.774336,8.14178,113.5 99.774629,8.141687,112.5 99.775546,8.141547,111 99.775941,8.141455,109.75 99.776151,8.14139,110.5 99.776401,8.141265,109.75 99.777114,8.140756,104.5 99.777306,8.140643,103.75 99.777514,8.140557,103.25 99.777862,8.140437,103.5 99.77837,8.140277,102.25 99.778769,8.140175,99.25 99.779021,8.140128,98.5 99.779292,8.140101,98.5 99.779691,8.140133,101.25 99.780003,8.140194,103.75 99.780355,8.140285,101.25 99.781788,8.140789,98.25 99.782672,8.141034,100.75 99.782936,8.141074,100.75 99.783145,8.141066,99 99.784248,8.140899,93.25 99.784636,8.140856,91.75 99.784917,8.140859,91.75 99.785194,8.140901,91.75 99.785797,8.141052,92.25 99.78624,8.141266,100 99.786462,8.141444,106.75 99.787633,8.143084,97.75 99.788082,8.143675,82.5 99.788338,8.143933,79.25 99.788565,8.144102,78.75 99.788766,8.144223,77.5 99.788972,8.144315,75.75 99.789324,8.144435,76 99.789792,8.144512,79.75 99.792223,8.144768,65.75 99.792389,8.1448,64.75 99.792579,8.144851,64.25 99.792779,8.144922,64 99.793047,8.145039,63.75 99.793157,8.145104,64.75 99.793371,8.145223,67.25 99.793577,8.145371,69 99.794767,8.1464,70.25 99.795128,8.146736,65.5 99.796159,8.147958,62.75 99.796415,8.148195,62.25 99.796719,8.148421,60.75 99.796818,8.148479,60.75 99.797091,8.148619,60.5 99.797483,8.148728,58.75 99.797778,8.14879,59.5 99.798182,8.148818,59.5 99.798417,8.148809,59.75 99.798577,8.148788,60 99.7988,8.14874,60.25 99.800103,8.148327,55.5 99.801652,8.147823,51 99.801935,8.147682,50.5 99.802379,8.1474,50.25 99.80331,8.146756,43 99.803721,8.146511,42 99.804158,8.146319,42.75 99.804429,8.146245,42 99.80484,8.14617,40.25 99.805853,8.146047,39.5 99.806062,8.146015,41.25 99.807011,8.145911,43.5 99.807483,8.145885,40.25 99.807934,8.145876,40.5 99.808189,8.145881,41 99.808973,8.145995,41.5 99.812703,8.146719,35.75 99.820995,8.148326,35.75 99.821901,8.148588,36 99.822846,8.148929,33.75 99.828092,8.150864,32 99.828942,8.151168,33 99.831159,8.151961,30 99.835048,8.153352,27 99.83644,8.153842,27.25 99.836908,8.153997,27.5 99.83782,8.154196,29.5 99.838235,8.154237,30.5 99.839161,8.154213,30.5 99.840729,8.154131,28 99.841733,8.154087,29.75 99.843283,8.154041,29.25 99.848337,8.153781,27.25 99.849278,8.15375,25.5 99.852645,8.153626,22.25 99.853145,8.15358,23 99.85367,8.153507,23 99.854094,8.153421,22.75 99.854558,8.153311,22 99.855059,8.153157,22.25 99.855468,8.153003,24.75 99.857948,8.151981,24.25 99.861021,8.150731,25.25 99.866893,8.148322,30 99.868081,8.147898,37.25 99.868689,8.147742,39.5 99.869248,8.147633,40.25 99.869914,8.147561,40.25 99.870446,8.147542,37.5 99.87177,8.147584,29.75 99.874791,8.147621,22 99.880001,8.147741,16 99.88018,8.14774,15.75 99.881242,8.147736,16 99.88297,8.147768,16 99.885945,8.147852,14.5 99.888521,8.147922,12.75 99.892514,8.148025,18 99.896909,8.148128,17 99.898626,8.148151,19.5 99.899485,8.148106,20.25 99.900225,8.148001,19.75 99.90093,8.147846,16.75 99.901555,8.147665,15.75 99.902561,8.147286,13.75 99.903279,8.146953,12 99.904173,8.146417,10.5 99.90499,8.145836,11.75 99.90582,8.145105,16.25 99.906404,8.144477,16 99.908775,8.141342,16.75 99.91881,8.128155,11 99.931149,8.111938,8 99.934988,8.106888,6.75 99.936943,8.104311,6.75 99.938156,8.102699,5.5 99.938637,8.102052,6 99.938762,8.101887,6 99.945244,8.093323,7 99.946121,8.092163,8 99.946427,8.091685,7.25 99.946696,8.091232,7.5 99.949032,8.087135,6 99.951767,8.082386,7.5 99.954582,8.077483,5 99.956844,8.073521,7 99.957068,8.07313,7.5 99.958548,8.070549,8.25 99.958915,8.069882,9 99.959198,8.069292,10 99.959424,8.068701,13.5 99.959897,8.066828,17 99.960309,8.064939,16.25 99.96051,8.064142,15 99.960756,8.063326,9.75 99.961353,8.060541,9.75 99.961509,8.059814,9.5 99.961672,8.05895,8.25 99.961848,8.058253,8.75 99.962052,8.057633,8.5 99.962419,8.05665,7.5 99.966255,8.047235,7 99.968192,8.042496,8.25 99.970973,8.035645,10 99.971155,8.035157,10.75 99.971326,8.034662,11.25 99.974015,8.024214,6 99.974063,8.024045,5.75 99.975312,8.019277,6 99.975413,8.018944,5.75 99.975538,8.018593,5.75 99.97567,8.018272,6.25 99.977752,8.013789,8.25 99.986741,7.994031,8 99.986931,7.993613,8 99.993912,7.978358,7.75 99.9946,7.976869,6.25 99.995377,7.97511,6.25 99.996183,7.973402,4 99.996385,7.972874,4 99.996546,7.972374,4.25 99.996794,7.971501,4 99.997271,7.969155,6 99.997451,7.968576,6 99.998148,7.965387,6.5 99.998218,7.964821,6.5 99.998286,7.964476,5.75 99.998618,7.96292,6 99.998784,7.96213,5.75 100.000094,7.95591,8 100.000361,7.954575,10 100.000385,7.954468,9.75 100.000581,7.953634,8 100.00266,7.944141,5.75 100.003172,7.941813,4 100.004381,7.936061,7 100.005381,7.93156,3.75 100.005567,7.930623,3.5 100.005641,7.930263,5.25 100.006654,7.925498,6 100.00742,7.921977,9 100.007913,7.91971,8 100.007936,7.919595,8.25 100.010179,7.909208,9.5 100.010897,7.905848,8.5 100.011224,7.904348,8.25 100.01182,7.901624,9.25 100.012048,7.900578,8 100.012446,7.898812,5.5 100.015158,7.886335,11 100.015225,7.886052,11.5 100.015315,7.885707,12 100.015497,7.885101,12 100.015582,7.884808,11.25 100.015848,7.883909,8 100.016174,7.88305,8.25 100.018528,7.877765,9 100.018607,7.877599,9.25 100.019001,7.876722,9.75 100.019147,7.876401,9.75 100.021395,7.871389,8 100.021486,7.871188,8.5 100.023234,7.867313,8.75 100.023338,7.867062,9 100.026609,7.859886,12 100.027326,7.858122,9.75 100.027728,7.857223,11 100.028652,7.855173,9.5 100.029868,7.852445,7.5 100.030786,7.850477,7.75 100.03547,7.840001,7.75 100.035623,7.839638,8.5 100.040411,7.828906,6 100.040661,7.828282,6.5 100.040828,7.827627,7 100.040883,7.827314,7 100.040923,7.826998,7.25 100.041,7.825794,10.5 100.041024,7.825462,10 100.041055,7.825142,9.25 100.04118,7.824149,5 100.041245,7.823826,4.75 100.041305,7.823597,4.5 100.041352,7.823415,4.25 100.041406,7.823226,4.25 100.041473,7.823022,4.5 100.04158,7.822745,5.25 100.041783,7.822272,6 100.041887,7.822059,6 100.041991,7.821862,6.25 100.042126,7.821641,6.25 100.042245,7.821459,5.5 100.042485,7.821132,3.75 100.042535,7.821068,3.5 100.042659,7.82091,3 100.043043,7.820465,4.75 100.04383,7.819638,6.25 100.044499,7.818933,5.25 100.044789,7.818602,5.25 100.045029,7.818271,5 100.045206,7.817974,5 100.045412,7.817648,4.75 100.045571,7.81736,4 100.045716,7.817062,3.5 100.046519,7.815176,6 100.046688,7.814887,5 100.04843,7.811026,4.25 100.048536,7.810676,3.5 100.051097,7.805019,3.25 100.055092,7.796019,6 100.055185,7.795822,6 100.055787,7.794472,5.75 100.06075,7.783344,4.75 100.062007,7.780556,3.5 100.062161,7.780192,3.5 100.063649,7.776238,3.5 100.06377,7.775901,3.25 100.068866,7.762346,5.25 100.073065,7.7512,3 100.07313,7.751011,3 100.073445,7.750327,3 100.076044,7.743431,1.75 100.076373,7.742492,3.5 100.076583,7.741715,4 100.076688,7.741086,3.75 100.076779,7.739998,4.25 100.076784,7.739848,4.25 100.076801,7.739399,4.75 100.076813,7.739107,5 100.07685,7.738734,5.5 100.076963,7.738069,5.5 100.077136,7.734615,5 100.077144,7.734457,5.25 100.077161,7.73339,3.75 100.078197,7.716421,5.75 100.078481,7.711368,5.75 100.078496,7.711121,6 100.07896,7.703895,4 100.079096,7.701536,5.5 100.079446,7.695791,4.5 100.079456,7.695531,4.75 100.079676,7.691735,3.25 100.08054,7.676939,6 100.080658,7.675251,5.75 100.081181,7.666281,5.75 100.081196,7.666034,5.5 100.081373,7.661564,6 100.081821,7.654892,4.25 100.082047,7.651304,4 100.082075,7.650933,4 100.08259,7.642398,6.25 100.082606,7.642164,6.5 100.082854,7.637881,7 100.082868,7.637683,6.5 100.083098,7.633703,6.25 100.083262,7.630959,6.75 100.08331,7.630449,5 100.083382,7.629984,3 100.083613,7.628918,6.5 100.084702,7.624876,9 100.084806,7.624465,9 100.085292,7.622574,9.75 100.0857,7.620957,12 100.086006,7.619753,13.5 100.086091,7.61937,13 100.086413,7.618162,10.25 100.086441,7.618055,10.5 100.087611,7.613769,8.25 100.088323,7.611026,9 100.089168,7.607709,9.25 100.089566,7.606088,11.75 100.089621,7.605867,12 100.089962,7.604581,11 100.09005,7.604215,10 100.090157,7.60388,10.5 100.091447,7.600223,8.25 100.091632,7.599724,9.25 100.091681,7.599586,9.5 100.09196,7.598754,10 100.092065,7.598396,9 100.092138,7.598097,8.5 100.092707,7.595909,8.25 100.092768,7.595684,8.5 100.093202,7.593961,9.5 100.093245,7.593787,9.25 100.094515,7.58896,8.5 100.094584,7.58867,8.75 100.096127,7.582783,7 100.096166,7.58262,7 100.097097,7.578982,12 100.098282,7.574449,7.25 100.09834,7.57423,7.75 100.100526,7.565789,8 100.101793,7.560863,9.75 100.101964,7.560224,10.5 100.102019,7.56003,10.75 100.103272,7.555228,9.75 100.103377,7.554815,9.25 100.104676,7.549781,10.75 100.104768,7.549415,11 100.105976,7.544778,9.25 100.10605,7.544488,9.5 100.108885,7.533554,11 100.109515,7.53113,11.25 100.11017,7.528608,12.5 100.110341,7.528003,13.75 100.113614,7.515301,12 100.113691,7.515011,11.5 100.114307,7.512666,9 100.115301,7.508878,10.5 100.11625,7.5051,12.75 100.116312,7.504854,12.5 100.117126,7.502131,11.25 100.117895,7.500074,11 100.11851,7.498368,13 100.120562,7.493796,15.5 100.132156,7.467959,21.5 100.132358,7.467607,20.5 100.132591,7.467257,21.25 100.132875,7.46688,22.75 100.133193,7.466513,22 100.13361,7.46607,20.5 100.134001,7.465732,18 100.13435,7.465458,16.5 100.134658,7.46524,15.25 100.135024,7.465012,13.25 100.135762,7.464584,13.5 100.136155,7.464358,13.25 100.136927,7.463914,13.25 100.137319,7.463678,13 100.137842,7.463306,13.25 100.138058,7.463133,13.5 100.138269,7.462944,13.25 100.138644,7.46255,13.75 100.138876,7.462275,13 100.139278,7.461717,10.25 100.139502,7.461376,10.5 100.139938,7.460651,11.25 100.140415,7.45983,11.5 100.1415,7.457977,9.5 100.142383,7.45649,9.75 100.143731,7.454204,9.75 100.146744,7.448994,9.25 100.149359,7.444472,10.75 100.150958,7.441799,10.75 100.152943,7.438361,15 100.153754,7.437025,16.25 100.154083,7.436552,13.25 100.154419,7.436124,14 100.154739,7.435787,15.75 100.155124,7.435428,17.75 100.156784,7.434005,15 100.157091,7.433727,16.25 100.160265,7.430977,14.5 100.161005,7.430315,12.25 100.161691,7.429555,10 100.163386,7.427253,11.25 100.165608,7.42422,11.25 100.167287,7.421928,15.5 100.168552,7.42021,12.25 100.169118,7.419441,12.5 100.171303,7.416462,13.75 100.17163,7.416015,12 100.176466,7.409499,10.5 100.185404,7.397254,13.25 100.196958,7.381614,12 100.201259,7.375724,16.25 100.202733,7.373707,14.25 100.206472,7.368656,14.25 100.20949,7.364498,15.5 100.21128,7.362076,12 100.211807,7.361473,10.75 100.212263,7.361044,10.75 100.2129,7.360508,11.25 100.213512,7.360101,10.25 100.222555,7.354754,12.75 100.222855,7.354573,12 100.224472,7.353629,19.5 100.225486,7.353024,16.25 100.225911,7.352777,15.5 100.226315,7.352529,14.5 100.226534,7.352385,14 100.227069,7.351998,14.25 100.227675,7.351486,14.25 100.228018,7.351147,15.25 100.228334,7.350798,14 100.228615,7.350448,14.5 100.229366,7.349482,11.25 100.23101,7.347285,11.25 100.232095,7.345817,11.5 100.232636,7.345078,11.5 100.232828,7.344816,11 100.239861,7.33541,17.75 100.24438,7.329333,7 100.24502,7.328359,7.75 100.2481,7.32294,9.5 100.252161,7.315694,13.5 100.252469,7.315145,13.25 100.254303,7.311902,20.25 100.254595,7.311412,22.5 100.254897,7.310983,21.75 100.255185,7.310596,20.25 100.25544,7.310288,19 100.255708,7.309995,17.25 100.256084,7.309597,14.25 100.256936,7.308738,8.75 100.257137,7.308531,8.75 100.259196,7.306435,10.25 100.259347,7.306277,10 100.269598,7.295808,9.5 100.269782,7.295622,10.5 100.270114,7.295296,11.25 100.271214,7.29416,11.5 100.272122,7.293233,11 100.27376,7.291561,8.5 100.274379,7.290927,9.5 100.274571,7.290727,9.25 100.279677,7.285505,8.5 100.280925,7.284258,9 100.281206,7.283959,9 100.281481,7.283664,8.75 100.281716,7.283401,8 100.282135,7.282916,8.25 100.282243,7.282791,8.25 100.283159,7.281743,8.75 100.286307,7.278182,12 100.289023,7.275121,8.75 100.292563,7.271105,18.75 100.292972,7.270582,20.5 100.293392,7.269957,21.25 100.29393,7.268983,22.5 100.295404,7.266417,8.25 100.298112,7.261653,5.75 100.299249,7.259628,10.75 100.299333,7.25948,11.25 100.300952,7.256609,14.25 100.306478,7.246855,10 100.30683,7.246234,10.5 100.309532,7.241493,10.5 100.311545,7.237899,14.25 100.312136,7.23687,11.5 100.312249,7.236673,11 100.312337,7.23651,10.75 100.31281,7.23569,10.5 100.313102,7.23524,11 100.313443,7.234753,11.25 100.313874,7.23423,12.25 100.314351,7.233705,12.75 100.31597,7.232151,14.25 100.316724,7.231429,13 100.316877,7.231282,13.25 100.322283,7.226115,12.25 100.323792,7.224663,12.25 100.327528,7.221087,10 100.32775,7.220878,10 100.337539,7.211466,13.5 100.346194,7.203189,20.75 100.346495,7.202866,20 100.346979,7.202254,17 100.347239,7.201878,14.75 100.347443,7.201532,13.5 100.347631,7.201189,14.25 100.347799,7.200807,15.5 100.347942,7.200425,15.25 100.348081,7.200008,14.5 100.348213,7.199589,14.5 100.349801,7.194218,11.75 100.35008,7.193271,11 100.350116,7.193044,11 100.351184,7.189437,13 100.351327,7.188955,12.75 100.351387,7.188776,12.75 100.351542,7.188379,12.25 100.353091,7.183024,17 100.353335,7.182349,17 100.353608,7.181666,18.25 100.353899,7.181093,17.75 100.354158,7.180641,18.5 100.354469,7.180202,21.5 100.354804,7.179752,23.25 100.355315,7.179189,25.5 100.363561,7.170759,12.75 100.363607,7.170705,13 100.36618,7.168086,10 100.36899,7.1652,9.5 100.369376,7.164819,9.25 100.369815,7.16441,10.25 100.370174,7.1641,10.5 100.370621,7.163762,10.5 100.37201,7.162731,11.5 100.372504,7.16234,12.75 100.373073,7.161861,12 100.373342,7.161608,12 100.373611,7.161307,13.5 100.373863,7.161008,14 100.375516,7.158937,14 100.375782,7.158608,15 100.378807,7.154748,12 100.380486,7.152671,10.25 100.381576,7.151269,9.75 100.381802,7.150971,9.75 100.38217,7.150437,9.5 100.383792,7.148109,11.5 100.385252,7.145939,10.75 100.386698,7.143861,11 100.387296,7.142972,11.25 100.387517,7.142667,11 100.39111,7.137506,9.5 100.391314,7.137172,10 100.392375,7.135699,12.5 100.398603,7.126647,28.25 100.39906,7.125914,24.5 100.399562,7.124965,25.25 100.399856,7.124175,26 100.400093,7.123386,25 100.400227,7.122591,24 100.400305,7.121929,22.5 100.400343,7.121186,21.25 100.400936,7.107893,7 100.400992,7.107193,9.25 100.401075,7.106669,10 100.401234,7.106012,9 100.401458,7.105333,6.25 100.401691,7.104766,4 100.401859,7.104445,4 100.401976,7.10422,4.25 100.402197,7.103784,4.25 100.402419,7.103425,4 100.40269,7.103034,4.25 100.402988,7.102649,4.25 100.403299,7.102307,6.25 100.403577,7.102016,10.25 100.406922,7.098589,7.25 100.409799,7.095595,4.75 100.410851,7.094515,9.5 100.41256,7.09276,18.25 100.413377,7.091869,19.25 100.413662,7.09152,20.5 100.41395,7.091116,20.25 100.414341,7.09042,19.25 100.414668,7.089711,21.75 100.415423,7.087697,19.75 100.416236,7.085401,20.25 100.416612,7.084406,20 100.41721,7.082826,18 100.421778,7.070717,3 100.424329,7.063825,3.75 100.424409,7.063599,4 100.425647,7.06018,12.5 100.42586,7.059744,13.25 100.426023,7.059432,13.5 100.426157,7.059211,13.5 100.426373,7.058873,13.5 100.429986,7.053848,7.75 100.43032,7.053315,7.5 100.43047,7.053047,7.25 100.430604,7.052776,7.25 100.430762,7.052426,7.25 100.430913,7.052061,6.25 100.431684,7.05009,6.75 100.432639,7.047611,11 100.433001,7.046677,12.75 100.433585,7.045213,9.75 100.436341,7.038183,8 100.436516,7.037759,8 100.436687,7.037393,7.75 100.436851,7.037084,7.5 100.437018,7.036792,7 100.437408,7.036252,7 100.437645,7.035934,7.25 100.437912,7.035634,8 100.438173,7.035368,8.75 100.438467,7.035106,9 100.438745,7.034886,9 100.439063,7.034651,9.25 100.439422,7.034412,9.75 100.439725,7.034244,9.75 100.440141,7.034033,10 100.447115,7.030677,8.75 100.449399,7.029588,7.25 100.449582,7.029489,7.5 100.452542,7.028068,9.5 100.453301,7.027705,10.5 100.454263,7.027274,15.25 100.454711,7.027056,14.5 100.455153,7.026828,12.75 100.459434,7.024766,10.75 100.460566,7.024208,8 100.460861,7.024069,7.75 100.461261,7.023845,7.5 100.461546,7.02367,7.25 100.461929,7.023414,7 100.462312,7.023118,7.25 100.462681,7.022796,7.5 100.462963,7.022531,7.75 100.463279,7.022209,7.75 100.463542,7.021908,8 100.46386,7.021525,8.5 100.464098,7.021183,8.25 100.464315,7.020847,7.75 100.464474,7.020576,7.5 100.46459,7.02038,7.25 100.464757,7.020068,6.75 100.464918,7.019712,6.75 100.465059,7.019328,7.5 100.465189,7.019,8.25 100.465311,7.018627,8.5 100.465403,7.018296,8.75 100.46548,7.017966,9.25 100.465545,7.017624,9.5 100.4662,7.012682,11 100.466382,7.011362,12.75 100.466534,7.010207,10.5 100.466659,7.009251,10 100.466773,7.008445,12 100.466859,7.007833,12 100.466918,7.007251,11.5 100.466982,7.006559,10.5 100.467032,7.006216,10.5 100.467579,7.002128,12.5 100.467675,7.001412,12 100.467798,7.000582,12.75 100.467923,6.999644,13.5 100.467959,6.999376,13.75 100.467999,6.999082,13.75 100.468141,6.997705,11 100.468177,6.997385,10.75 100.468438,6.995703,11.75 100.469486,6.987938,10 100.469552,6.987403,9.5 100.470321,6.981755,10 100.470356,6.981475,10.25 100.470849,6.977893,9.5 100.471264,6.974665,11.75 100.47159,6.972211,13.25 100.471625,6.971949,13.75 100.47248,6.965534,15.75 100.472865,6.962637,17.25 100.473477,6.958189,19.25 100.473781,6.956123,19.5 100.473813,6.955938,19.5 100.473837,6.955796,19.5 100.473864,6.955393,19.75 100.47412,6.953404,20.75 100.474223,6.952528,21 100.474232,6.951628,22.5 100.473946,6.948398,19.25 100.473691,6.945651,18.75 100.473606,6.944859,18.75 100.473104,6.939183,18.5 100.473099,6.939118,18.75 100.472947,6.937902,20.75 100.472172,6.929503,20 100.472001,6.927375,25.75 100.471175,6.918781,29.75 100.470917,6.915787,22.75 100.470896,6.915541,23.25 100.470835,6.914836,25 100.470433,6.910869,32.5 100.47041,6.907697,22 100.470301,6.90436,19.5 100.470241,6.900248,17.5 100.470231,6.899581,18.25 100.470158,6.896387,18.75 100.470219,6.89525,18.75 100.470417,6.894128,18 100.471508,6.890399,18.25 100.471672,6.889852,17.75 100.472036,6.888628,18.25 100.472273,6.887641,18.75 100.472427,6.886672,20.5 100.472425,6.885235,20 100.47242,6.885049,20.5 100.472367,6.884165,19 100.471526,6.870259,18 100.471267,6.865932,19.75 100.471223,6.864648,22.25 100.471294,6.863433,21.25 100.471507,6.861598,17 100.472003,6.857313,20.25 100.472993,6.848854,20.5 100.473054,6.848077,19.75 100.473056,6.847695,19 100.473038,6.84727,18.25 100.472991,6.846765,17.75 100.472965,6.846567,17.75 100.472875,6.846069,18 100.472698,6.845398,18.25 100.472481,6.844786,17.75 100.468144,6.835521,21.25 100.466523,6.83219,22 100.46644,6.832017,22.25 100.462642,6.823985,23.75 100.462465,6.823597,22.25 100.462326,6.823223,22 100.462111,6.82268,23.75 100.461946,6.822208,25.5 100.460157,6.816318,25.25 100.455797,6.801812,21 100.453231,6.793207,27.75 100.453107,6.792796,28.75 100.452826,6.792013,29.5 100.452751,6.791772,29.5 100.45251,6.791004,28 100.451991,6.789274,28.75 100.451598,6.788095,27 100.451494,6.787837,27 100.448162,6.78047,24.75 100.446596,6.777669,23.25 100.44618,6.776924,23.5 100.445476,6.775665,26.5 100.444463,6.77434,23.5 100.443928,6.773788,23 100.443559,6.773466,23.75 100.442716,6.772904,24 100.441772,6.772431,25.5 100.438281,6.771239,27.25 100.437159,6.770857,26.5 100.432158,6.769156,24.5 100.43056,6.768595,25.25 100.428979,6.767976,27.5 100.421509,6.762932,29.25 100.415898,6.759519,37 100.407934,6.755235,40.25 100.397109,6.749081,32.5 100.388206,6.744172,37.5 100.384454,6.741479,44 100.383798,6.74095,42.25 100.383395,6.740591,41.5 100.382874,6.739957,40 100.381409,6.738177,34.5 100.380596,6.737139,34.25 100.38048,6.736977,34.75 100.379373,6.735604,36 100.374722,6.729729,34.75 100.370189,6.72359,41.75 100.369596,6.722786,43.5 100.366654,6.718877,44 100.364907,6.717579,43.5 100.360885,6.714996,39.25 100.359355,6.713969,51.75 100.358611,6.713356,52.5 100.357911,6.712546,52.25 100.357354,6.711678,49.5 100.356905,6.710758,49 100.356138,6.707597,47.25 100.355632,6.705557,48.5 100.355442,6.705007,48.75 100.354697,6.703345,48.25 100.354072,6.701914,48.25 100.353541,6.700748,54.5 100.352933,6.699354,53.5 100.352097,6.697549,49.75 100.350644,6.694231,55 100.349532,6.692007,58 100.348865,6.691262,61.5 100.348353,6.690669,62.25 100.345823,6.688429,57 100.342847,6.685814,56.75 100.341407,6.684532,49.25 100.341323,6.684463,49 100.340328,6.683583,50 100.339756,6.683049,50.75 100.338242,6.681875,51 100.3325,6.677496,58.75 100.330333,6.675833,57.5 100.329495,6.675189,59.75 100.329117,6.674844,60.75 100.328771,6.674496,60.5 100.328476,6.674159,60 100.328127,6.673703,60.75 100.326001,6.670816,57 100.32527,6.66987,60 100.32486,6.669328,61.5 100.323832,6.667883,63.25 100.323521,6.667308,64.5 100.322476,6.665252,65 100.322317,6.664942,65 100.322044,6.664471,65.5 100.321922,6.664286,65.5 100.321679,6.66398,64.75 100.321317,6.663637,65.5 100.320713,6.663137,65.75 100.320178,6.662695,63.5</coordinates></LineString>
  </Placemark>
<Placemark id="20260410railwaymapofthailand__lines.12">
	<name>Kantang</name>
	<Style><LineStyle><color>ff0000ff</color></LineStyle><PolyStyle><fill>0</fill></PolyStyle></Style>
	<ExtendedData><SchemaData schemaUrl="#20260410railwaymapofthailand__lines">
		<SimpleData name="tessellate">1</SimpleData>
		<SimpleData name="extrude">0</SimpleData>
		<SimpleData name="visibility">-1</SimpleData>
	</SchemaData></ExtendedData>
      <LineString><coordinates>99.679504,8.170737,57.75 99.680415,8.169415,59.75 99.680558,8.169239,59.25 99.680785,8.168977,58.25 99.680961,8.168779,58 99.681261,8.168421,58 99.681521,8.16811,57.5 99.682001,8.167439,56.5 99.682324,8.166894,58 99.682467,8.1666,58.75 99.682596,8.166274,58.5 99.682708,8.165839,58.25 99.682768,8.165463,58.75 99.6828,8.165206,59 99.682799,8.164863,58.75 99.682816,8.164533,58 99.682845,8.163719,56.5 99.682845,8.163497,56.25 99.68282,8.162972,55.75 99.682777,8.162621,55.25 99.682714,8.162272,55.25 99.682619,8.161868,55.25 99.682513,8.16149,55.25 99.68239,8.161105,56.25 99.681047,8.157112,55 99.680928,8.156723,55.25 99.680862,8.156425,54 99.680798,8.156076,53 99.680763,8.155812,52.25 99.68073,8.155472,53.5 99.680722,8.155158,54.5 99.680729,8.154823,55 99.68083,8.152977,54.25 99.680876,8.152128,54.75 99.680888,8.151598,54.25 99.680865,8.151146,54 99.680816,8.150734,54 99.680734,8.15022,54.5 99.680614,8.149719,53.5 99.680464,8.149271,51.75 99.680376,8.149048,51.25 99.679966,8.148108,49.75 99.679935,8.148033,50 99.678389,8.144552,49 99.6783,8.144329,49 99.678249,8.144193,49 99.678149,8.143885,49.5 99.678059,8.143576,50 99.67762,8.141704,52.25 99.675468,8.132417,51.75 99.675355,8.13169,49.75 99.675334,8.131424,49.25 99.675324,8.131142,49 99.675322,8.130877,49 99.675328,8.130579,49.25 99.675349,8.130302,50 99.675412,8.129854,51.75 99.676818,8.122104,50.25 99.676941,8.121394,51.75 99.677022,8.120563,53.25 99.676984,8.119655,53 99.676887,8.118828,52.25 99.676736,8.118104,51.75 99.676541,8.117435,53.25 99.676297,8.116767,53.25 99.670472,8.10349,45.75 99.669239,8.100706,44.25 99.669103,8.100395,45 99.668867,8.100005,45.75 99.668782,8.099792,45.25 99.668465,8.099123,43.25 99.667728,8.097495,43.5 99.667419,8.09676,42 99.667154,8.095961,42.25 99.666767,8.09508,41 99.666329,8.094083,42.75 99.666066,8.093376,42 99.665824,8.092659,42 99.664327,8.088568,43 99.664258,8.088378,43 99.664073,8.087872,41.5 99.663789,8.087156,41.25 99.659088,8.077392,39.75 99.658692,8.076565,39.75 99.658506,8.076045,39.75 99.658315,8.075433,39 99.657582,8.071788,40.5 99.657524,8.071478,41 99.656766,8.06765,43.75 99.655906,8.063315,37.75 99.655845,8.063017,36.75 99.655226,8.059911,38.25 99.654016,8.053826,36.75 99.652343,8.04603,41.75 99.652249,8.045591,41.5 99.652038,8.044607,40 99.651956,8.044223,38.25 99.649173,8.030422,33.75 99.647505,8.022101,42 99.647419,8.021624,42 99.647227,8.020837,40.5 99.646892,8.019835,38.75 99.64549,8.015764,38.75 99.644329,8.012304,40.75 99.644043,8.011395,39.75 99.643923,8.011057,41.25 99.643373,8.009462,37 99.643229,8.008891,37 99.642556,8.006227,35.75 99.642521,8.006069,35.5 99.642487,8.005942,35.25 99.642111,8.004444,37.25 99.641778,8.003065,40.25 99.640441,7.997673,38.5 99.639334,7.993187,39.25 99.638934,7.991601,36.25 99.638895,7.991454,36.5 99.63847,7.989684,35.75 99.638147,7.988376,36.25 99.63657,7.982082,31.25 99.636268,7.980406,31.75 99.636203,7.980082,31.75 99.636056,7.979327,32.5 99.635705,7.9766,33.5 99.634181,7.967996,36.5 99.633719,7.965387,39.25 99.633348,7.963015,37.5 99.633073,7.961353,40 99.632663,7.959059,38.5 99.632555,7.958538,36.75 99.632453,7.958097,37.25 99.631836,7.955626,35.5 99.631171,7.952925,39 99.630508,7.950173,33.5 99.629361,7.945562,36.75 99.628655,7.942676,34.25 99.625477,7.929815,41 99.62508,7.928044,40.25 99.625005,7.92752,41.75 99.624942,7.926729,44.25 99.624962,7.926117,45.25 99.62506,7.925431,45 99.625175,7.924914,44.5 99.625414,7.923941,45 99.626801,7.918819,43 99.626953,7.91823,42 99.628524,7.912473,43 99.628678,7.911859,44 99.628998,7.910591,42.25 99.629071,7.910217,41.5 99.629133,7.909794,41.25 99.629164,7.909396,41.5 99.629158,7.90769,41.5 99.629176,7.905539,42 99.62921,7.897257,49 99.629249,7.893448,38 99.629254,7.891716,36.5 99.629266,7.891152,37.25 99.629287,7.890708,37.75 99.629332,7.890267,38 99.629395,7.889824,38.25 99.630284,7.884434,40.75 99.630346,7.883967,41.75 99.630369,7.883669,41.75 99.630374,7.883342,42 99.630148,7.879255,43.75 99.630089,7.878309,43.25 99.63008,7.87791,44.25 99.630084,7.877536,45.25 99.630108,7.877185,45.25 99.630167,7.876678,45 99.630326,7.87464,45.25 99.63037,7.868723,46.25 99.630316,7.850865,44.25 99.630287,7.841599,45.75 99.630339,7.839567,44 99.630498,7.838612,43.5 99.630838,7.836863,41.25 99.630991,7.836199,41.75 99.631399,7.834253,43 99.632281,7.829767,47 99.632301,7.829657,47 99.632503,7.828682,49 99.633717,7.822561,46 99.633894,7.821692,47.75 99.635125,7.815561,48.75 99.635606,7.81332,49.75 99.635777,7.812485,47.75 99.637123,7.805743,50.5 99.637988,7.801392,45.75 99.638096,7.800741,46.75 99.63814,7.800213,48.5 99.638151,7.799924,49.5 99.638142,7.789155,54.5 99.638163,7.78788,53.25 99.63821,7.786975,54.25 99.638218,7.784956,55 99.638204,7.78479,55 99.638159,7.784427,55 99.638152,7.784189,55 99.638154,7.784031,55 99.638124,7.783666,55.25 99.638086,7.783424,55.5 99.637955,7.78278,55 99.637878,7.782491,55 99.637815,7.782285,54.25 99.637654,7.78183,52.5 99.637444,7.781361,52.25 99.637334,7.781123,52.5 99.637209,7.780901,52.25 99.637046,7.78064,52 99.636936,7.780476,51.75 99.636751,7.780211,51.25 99.636309,7.779646,51.5 99.63437,7.777178,53.5 99.634103,7.776854,52 99.633032,7.775441,53 99.632513,7.774687,51.75 99.631856,7.773628,52 99.631683,7.773304,51.25 99.631562,7.773026,53.5 99.631466,7.772773,55.25 99.631366,7.772461,56.75 99.631275,7.772081,58.75 99.631227,7.771714,60.25 99.631192,7.771342,60 99.631198,7.770951,60.25 99.63121,7.770657,60 99.631234,7.770373,60 99.631519,7.768628,56.25 99.632118,7.76551,52 99.632188,7.76501,52 99.632229,7.764526,51.25 99.632226,7.763934,51 99.632173,7.763356,51.25 99.632094,7.762883,50 99.631945,7.762331,48.25 99.631807,7.761921,47 99.631397,7.760949,46 99.631132,7.76045,46 99.629191,7.756998,40.25 99.627354,7.75368,42.5 99.62687,7.752874,44.25 99.626343,7.752218,45.75 99.626036,7.751892,42.75 99.625729,7.751604,41.25 99.625342,7.75128,45.5 99.624968,7.751008,48.25 99.624678,7.750833,48 99.624336,7.750642,48 99.623971,7.750449,46.5 99.623514,7.750258,42.5 99.623108,7.750115,39.5 99.622718,7.749998,36.5 99.621981,7.749853,38.75 99.619915,7.749544,38.75 99.619575,7.749458,38.25 99.619222,7.749365,37.75 99.618908,7.749272,35.75 99.61863,7.749168,33.75 99.618321,7.749039,32.75 99.618022,7.748893,33.25 99.617718,7.748736,33.75 99.617452,7.748577,34 99.617144,7.748379,34 99.61685,7.748178,34.25 99.61659,7.747973,34.75 99.614458,7.746057,31.5 99.614118,7.745792,32 99.611232,7.743789,30.25 99.610823,7.74349,29.25 99.610706,7.743383,29.25 99.610512,7.743218,29.5 99.610199,7.742921,29.25 99.609843,7.74253,28.25 99.609662,7.742314,28.25 99.609471,7.742058,28.25 99.60928,7.741774,28 99.609125,7.741516,27.75 99.608984,7.741258,27.75 99.607595,7.738661,28 99.607508,7.738495,28.5 99.604343,7.732538,30.75 99.604051,7.731904,32.5 99.603938,7.731551,33.25 99.601695,7.725235,40 99.599819,7.719769,37 99.599622,7.719013,37 99.59954,7.718608,35.75 99.59948,7.718193,34.25 99.599446,7.717734,33.5 99.599223,7.712854,25 99.599222,7.712736,25 99.59897,7.70711,24.5 99.598902,7.705522,29.25 99.598788,7.701635,32.5 99.598763,7.701285,36 99.598732,7.700883,40.25 99.598693,7.700499,41 99.598632,7.700097,41.25 99.59849,7.699419,36.25 99.598378,7.699034,33 99.59827,7.698718,31.5 99.598151,7.69843,31 99.597985,7.698127,31.75 99.59784,7.69784,32.75 99.597681,7.697574,33.5 99.597498,7.697294,35 99.597279,7.697,36.75 99.597031,7.696694,36.5 99.596668,7.696274,38.25 99.594955,7.694578,33.75 99.59169,7.691225,29.75 99.589673,7.68912,27.25 99.588956,7.688354,25.75 99.588511,7.687769,26.25 99.588289,7.687417,25 99.588099,7.687066,25.5 99.587887,7.686624,25.25 99.585569,7.681604,20.5 99.582742,7.675378,17.25 99.582533,7.674929,17.5 99.582207,7.674239,22.25 99.582014,7.673894,21.25 99.58166,7.673297,19 99.579961,7.670644,24.5 99.579838,7.67046,24.5 99.579618,7.670075,24 99.579504,7.66986,22.75 99.579215,7.669205,18.25 99.579136,7.668982,18.5 99.579003,7.668554,20.25 99.578951,7.668346,21.25 99.578809,7.667647,26.25 99.578748,7.667243,29 99.578731,7.667049,30.25 99.578729,7.666478,33.25 99.578752,7.666081,34 99.578778,7.665803,34 99.578815,7.665541,32.75 99.578862,7.665251,31.25 99.57892,7.664993,30 99.578995,7.664716,27.25 99.581216,7.657839,15 99.584037,7.648969,18.75 99.586926,7.639891,18.75 99.587956,7.636661,20.25 99.590407,7.628975,19.5 99.594172,7.617168,19 99.596609,7.609511,23.5 99.601282,7.594791,21 99.601423,7.594349,20.75 99.601537,7.593882,21.5 99.601605,7.593536,23 99.601657,7.59321,23.5 99.601694,7.592848,22 99.601718,7.592546,21 99.601727,7.592209,18.5 99.601743,7.588903,14.25 99.601789,7.578812,11.25 99.601819,7.569491,10.25 99.601827,7.567952,11.75 99.601833,7.562746,15.25 99.601852,7.562087,14.5 99.601876,7.56169,14.25 99.601907,7.561351,12.75 99.601941,7.561077,11.5 99.602023,7.560585,11.75 99.602051,7.560453,12 99.602092,7.5603,12.25 99.602145,7.560099,12.25 99.602264,7.559702,13.5 99.602426,7.559226,15.5 99.603569,7.556552,11.5 99.604384,7.554656,14.5 99.604495,7.554414,14.75 99.605367,7.552495,16.75 99.605678,7.551783,16 99.605772,7.55149,15.5 99.605826,7.551326,15.5 99.605929,7.551008,15.25 99.605993,7.550732,15.5 99.606045,7.550459,16.5 99.606099,7.550122,18 99.606125,7.549859,19.5 99.606144,7.54933,23.5 99.606144,7.549065,24.5 99.606105,7.548383,23.25 99.606056,7.548057,22.75 99.605866,7.547196,22.5 99.604713,7.54227,13 99.60463,7.541892,13.25 99.604595,7.541693,13.25 99.604566,7.541451,13.75 99.604536,7.541062,14 99.604523,7.5407,14 99.604521,7.540476,14 99.604527,7.540369,13.75 99.604545,7.540003,13.75 99.60468,7.538772,12.5 99.604717,7.538497,12 99.604776,7.538147,11.25 99.604838,7.537879,10.75 99.60497,7.537371,9.25 99.605045,7.537041,8.25 99.605248,7.536151,6.5 99.605302,7.535818,6.25 99.605367,7.535244,7 99.605385,7.534944,7.25 99.605388,7.534362,7.75 99.605291,7.532425,8 99.605004,7.527151,8.25 99.604991,7.526905,8.5 99.604733,7.522851,10 99.604729,7.522685,10.5 99.604676,7.522174,10.75 99.604638,7.521925,10.75 99.604158,7.519524,13.5 99.602048,7.508858,22.5 99.59937,7.495466,22.25 99.598393,7.490595,21.5 99.598298,7.490229,21.25 99.598182,7.489887,21.25 99.598012,7.489512,21.5 99.597846,7.489177,21.25 99.597657,7.488867,21.25 99.597427,7.488551,20.75 99.597249,7.488319,20.25 99.596838,7.487894,19.75 99.596567,7.487677,19.5 99.596196,7.487394,20 99.595744,7.48711,21.75 99.592398,7.485434,24 99.591842,7.485068,21.75 99.591577,7.484862,21.25 99.591293,7.48461,21.5 99.591072,7.484389,21.75 99.590853,7.484138,21.75 99.590627,7.483856,21.5 99.589376,7.482354,24 99.588727,7.481574,25 99.588507,7.481337,25.25 99.588204,7.481047,25.5 99.587933,7.480814,26.25 99.587612,7.480556,27.25 99.587027,7.480192,29.25 99.586777,7.480071,29.75 99.586482,7.479944,31 99.583932,7.479043,32.5 99.583594,7.478909,31.25 99.583272,7.47877,29.25 99.583013,7.478641,27.25 99.582762,7.478508,25.25 99.5825,7.478345,22 99.582195,7.47814,21.75 99.581902,7.477928,21.75 99.581612,7.477688,22.25 99.581347,7.477455,22.75 99.581122,7.47723,23.25 99.580925,7.47702,23.75 99.580759,7.476827,24 99.580551,7.476563,24 99.580356,7.476288,24.25 99.580203,7.476053,23.5 99.579927,7.475572,21.75 99.579792,7.475323,21 99.579659,7.475047,20 99.579537,7.474746,20.5 99.577221,7.468485,20.75 99.57615,7.465676,24 99.573751,7.459226,19 99.57269,7.456475,23 99.565846,7.438177,22 99.565651,7.437673,20.5 99.565454,7.437269,19 99.565225,7.43686,16.75 99.565014,7.436544,16.5 99.564696,7.436133,20.5 99.564188,7.435558,22.75 99.563968,7.435337,23.5 99.563754,7.435168,24 99.563493,7.434951,24.5 99.563236,7.434767,24.75 99.563006,7.434611,24.5 99.562795,7.434478,24.25 99.562579,7.434351,23.5 99.55947,7.432678,22.25 99.559206,7.432542,23 99.55894,7.432426,23.5 99.558608,7.432294,24 99.55829,7.432191,24.5 99.557979,7.432101,25 99.55768,7.43203,25.5 99.557367,7.431966,26 99.557016,7.431918,26.25 99.556682,7.431887,26.75 99.554333,7.431753,16.5 99.554005,7.431726,15 99.55371,7.431691,13 99.553463,7.431653,11.75 99.552968,7.431529,11.25 99.550342,7.430813,9.75 99.55001,7.430729,9 99.549704,7.430628,9.25 99.549032,7.430363,8.75 99.548703,7.430215,8.5 99.548388,7.430044,8 99.548106,7.429868,7.5 99.546472,7.428738,4.5 99.5458,7.428288,3 99.545717,7.42823,3.25 99.542735,7.426227,7 99.541526,7.42557,6.75 99.527467,7.417913,11 99.524993,7.416564,5.25 99.519918,7.413789,3.75 99.519846,7.41375,3.75 99.517834,7.412665,4.5 99.51583,7.411571,4 99.514601,7.410906,5.25</coordinates></LineString>
  </Placemark>
<Placemark id="20260410railwaymapofthailand__lines.13">
	<name>Khiri Rat Nikhom</name>
	<Style><LineStyle><color>ff0000ff</color></LineStyle><PolyStyle><fill>0</fill></PolyStyle></Style>
	<ExtendedData><SchemaData schemaUrl="#20260410railwaymapofthailand__lines">
		<SimpleData name="tessellate">1</SimpleData>
		<SimpleData name="extrude">0</SimpleData>
		<SimpleData name="visibility">-1</SimpleData>
	</SchemaData></ExtendedData>
      <LineString><coordinates>99.201639,9.121025,6.25 99.201617,9.12104,6.25 99.198457,9.123107,7.25 99.199404,9.122338,8 99.195644,9.124752,7.75 99.195041,9.125085,7 99.194481,9.125332,6.5 99.193929,9.125533,6.5 99.192989,9.125802,6.75 99.192538,9.125883,7.75 99.19207,9.125957,7.25 99.191239,9.126008,7.75 99.190362,9.125992,8.25 99.189716,9.125914,8.25 99.188982,9.125782,9 99.188331,9.125617,10.25 99.180701,9.123302,9 99.173228,9.121035,10.75 99.171206,9.120421,10.5 99.168925,9.119729,9 99.151457,9.114385,9.75 99.142469,9.111703,12.25 99.117931,9.104237,10.25 99.117508,9.104109,11 99.110972,9.102146,10.25 99.104683,9.100238,13.25 99.104214,9.100096,12.5 99.085728,9.094467,14 99.084336,9.094037,14.75 99.083667,9.09383,13.5 99.080625,9.092938,13.25 99.054684,9.085067,14 99.050563,9.083839,10.75 99.050185,9.083716,10.5 99.049844,9.083587,10.75 99.049517,9.083454,11.25 99.049205,9.083308,12 99.048909,9.083161,12.25 99.048596,9.082985,12.5 99.047921,9.082563,13.75 99.047618,9.082351,13.75 99.047082,9.081879,14 99.046507,9.081335,15.25 99.046244,9.081035,15.75 99.046033,9.080779,15.75 99.045808,9.080469,16.25 99.045565,9.080119,18 99.044998,9.079241,15.25 99.044673,9.078788,15 99.03993,9.072122,17.75 99.036122,9.066773,22.5 99.034996,9.065191,20 99.034586,9.06465,20.25 99.034274,9.064264,20 99.033953,9.063926,18.5 99.033668,9.063638,16.75 99.033327,9.063339,15 99.032933,9.063026,16 99.032572,9.062767,16 99.032085,9.062471,15.5 99.024643,9.058108,17.75 99.024327,9.05793,17.25 99.023767,9.057616,16.25 99.018438,9.05447,16 99.017532,9.053959,17.25 99.0151,9.052564,20 99.005258,9.046739,18.75 99.004784,9.046513,20.75 99.004297,9.046295,22.25 99.003823,9.046096,20.75 99.003304,9.045915,17.75 99.002869,9.045801,17 99.002439,9.045709,16.25 99.002034,9.04563,17.25 99.001674,9.045585,18 99.001284,9.04555,22.5 99.000898,9.045527,27 99.000558,9.045528,26.25 99.000206,9.04554,24.25 98.999622,9.045594,22 98.998273,9.045718,21.75 98.978561,9.047529,19.5 98.978239,9.047554,19 98.975642,9.047772,21.75 98.975295,9.047806,21 98.97469,9.047836,18 98.97444,9.047835,16 98.974225,9.047829,14.25 98.973739,9.04779,13.25 98.973486,9.047761,13 98.973153,9.047706,13.25 98.972799,9.047634,13.5 98.972487,9.047563,14 98.972181,9.047482,13.75 98.971577,9.04729,13.75 98.971288,9.047184,14.25 98.970796,9.046968,15 98.970481,9.046812,14.75 98.97003,9.046571,14.75 98.969746,9.046396,14.25 98.962785,9.041759,18.75 98.959459,9.03954,20.25 98.956178,9.037352,23.25 98.949142,9.032659,22.25 98.947961,9.031871,23 98.947067,9.03127,23.5 98.947044,9.031255,23.25</coordinates></LineString>
  </Placemark>
<Placemark id="20260410railwaymapofthailand__lines.14">
	<name>Samut Sakhon (31.1km)</name>
	<Style><LineStyle><color>ff0000ff</color></LineStyle><PolyStyle><fill>0</fill></PolyStyle></Style>
	<ExtendedData><SchemaData schemaUrl="#20260410railwaymapofthailand__lines">
		<SimpleData name="tessellate">1</SimpleData>
		<SimpleData name="extrude">0</SimpleData>
		<SimpleData name="visibility">-1</SimpleData>
	</SchemaData></ExtendedData>
      <LineString><coordinates>100.491371,13.724419,8.75 100.490517,13.724189,7.25 100.488857,13.723792,7.5 100.487128,13.723363,7.5 100.486018,13.72305,6.75 100.485082,13.722796,7.25 100.484644,13.722671,7.5 100.484586,13.722655,7.5 100.483362,13.722296,7.5 100.482451,13.722048,7.25 100.482303,13.722006,7.5 100.480465,13.721474,9.5 100.478981,13.72107,7.75 100.478792,13.721017,7.75 100.47865,13.720977,8 100.477969,13.720785,9.25 100.477367,13.720594,9.5 100.477047,13.720403,9.5 100.476882,13.720308,9.75 100.476285,13.719755,9 100.475999,13.719431,8.5 100.475655,13.718869,8.25 100.475557,13.718662,7.75 100.474983,13.717446,5.75 100.474927,13.717329,5.75 100.472364,13.711904,6.25 100.471961,13.711063,4 100.471771,13.710715,2.75 100.471591,13.710328,4.5 100.471389,13.709898,6.25 100.471272,13.709669,6.25 100.470973,13.709048,6.5 100.470491,13.707992,5.25 100.470413,13.70778,5.5 100.470398,13.70776,5.5 100.470335,13.70761,5.5 100.470176,13.707243,6 100.470075,13.707042,6.5 100.469943,13.706712,6.75 100.469665,13.706157,7.5 100.469362,13.705509,7 100.469258,13.705335,6.5 100.469211,13.705224,6.25 100.469072,13.704914,6.25 100.4686,13.70409,7 100.468118,13.703504,7.75 100.467779,13.70318,7 100.467552,13.702995,6 100.467331,13.70283,6 100.467305,13.702812,6 100.467045,13.702626,5.75 100.466872,13.702523,5.25 100.466807,13.702486,5 100.466616,13.702384,5 100.466255,13.702208,5.25 100.465924,13.702085,5.5 100.46533,13.701884,4.75 100.465023,13.701775,4.25 100.464983,13.70176,4.25 100.464625,13.701622,5.25 100.464316,13.701486,6.5 100.464158,13.701408,6.75 100.463893,13.701261,6.75 100.463603,13.701069,6.5 100.463458,13.70096,6.25 100.463107,13.700667,6.75 100.462787,13.700323,7.25 100.462581,13.700076,7 100.462282,13.699606,6 100.461857,13.698864,5 100.461278,13.697932,4.75 100.461087,13.697585,4.25 100.460891,13.697234,3.5 100.46054,13.696627,3.75 100.460162,13.695993,4.75 100.459946,13.695657,5 100.459635,13.695087,5 100.45949,13.694864,5 100.45922,13.694418,5 100.45836,13.692906,3.75 100.457728,13.691773,4.75 100.457512,13.691433,5.75 100.457144,13.690973,6.75 100.456924,13.690745,6.5 100.456779,13.690628,6.5 100.456702,13.690554,6.25 100.455848,13.689842,5 100.454436,13.68872,5.5 100.453891,13.688266,5.75 100.453793,13.68819,5.75 100.453531,13.687972,6 100.453047,13.6876,6.75 100.452644,13.687257,7.25 100.451416,13.686264,4.5 100.451044,13.685959,3.75 100.448988,13.684293,5.75 100.447779,13.683303,8.5 100.446985,13.68266,7 100.446892,13.682605,7 100.446865,13.682587,6.75 100.446777,13.6825,6.75 100.446594,13.68232,6.75 100.446111,13.681867,6 100.445421,13.681239,4.5 100.443652,13.679667,4.25 100.443584,13.679601,4.25 100.443464,13.679504,4.5 100.442021,13.678207,2.25 100.441717,13.677943,2 100.440934,13.677237,4.75 100.440548,13.676913,5.75 100.439379,13.675858,5.5 100.438056,13.674687,5.75 100.437214,13.67393,6 100.436189,13.673022,5 100.433546,13.670657,6.5 100.431606,13.668952,3.5 100.430871,13.668284,3.75 100.430084,13.667588,5.75 100.42991,13.667435,5.5 100.429219,13.666815,5.5 100.428859,13.666503,7 100.428529,13.666183,7.25 100.428409,13.666068,7.25 100.428231,13.665919,6.75 100.427308,13.665091,6.75 100.426661,13.664518,5.5 100.426516,13.664398,5.75 100.420816,13.659318,3 100.41994,13.658546,2.25 100.417369,13.656242,4 100.41638,13.65537,3.5 100.415787,13.654833,3.5 100.415642,13.654716,3.25 100.41431,13.653521,4.75 100.414152,13.653384,5 100.413033,13.652386,7 100.412827,13.652171,7.25 100.412298,13.651721,7.5 100.412011,13.651465,6 100.411688,13.651162,4 100.411262,13.650798,4.75 100.409671,13.649383,2.75 100.409489,13.649223,2.75 100.407755,13.647668,5.75 100.406072,13.646168,3.5 100.404906,13.645126,3.75 100.40446,13.644733,4.75 100.403615,13.64396,4.75 100.403372,13.643755,4.75 100.401284,13.641893,4.5 100.4004,13.641113,3 100.400259,13.640997,2.75 100.399996,13.640739,3 100.399595,13.640374,3.5 100.399307,13.640122,3.75 100.399226,13.640067,3.75 100.399019,13.639884,4 100.398803,13.639678,4.25 100.398389,13.639317,4 100.398217,13.639153,3.75 100.397922,13.638897,3.25 100.397267,13.63828,0.5 100.396982,13.63804,1.5 100.396148,13.637277,4.75 100.395912,13.637077,5.75 100.392366,13.633902,3.75 100.390089,13.631832,3.75 100.389127,13.630972,3.75 100.388606,13.630525,4.5 100.388417,13.630363,4.5 100.388202,13.630178,4.5 100.385973,13.628177,4 100.383814,13.626236,4.5 100.383356,13.625818,3.75 100.382822,13.625352,4.5 100.380832,13.623558,6.5 100.379397,13.622299,5.25 100.378587,13.621546,5.5 100.376926,13.620052,3.75 100.376666,13.619829,4.25 100.373972,13.617401,4.75 100.372616,13.61619,2.75 100.369296,13.613201,4.75 100.368818,13.612781,4.25 100.368529,13.612511,4 100.368126,13.612154,4.25 100.362002,13.606643,3.75 100.361793,13.606477,3.5 100.361501,13.606235,3.25 100.360961,13.605748,3 100.360261,13.605129,3.75 100.359806,13.604696,4 100.35974,13.604634,4 100.359541,13.604454,3.75 100.356952,13.602117,3.75 100.351826,13.59751,0.25 100.351092,13.596841,3.75 100.350573,13.596386,4 100.349921,13.595787,3.5 100.348716,13.594714,2.5 100.348117,13.594171,2 100.347389,13.593529,1.5 100.346171,13.592444,2.25 100.345889,13.592186,2.25 100.345589,13.591895,2.75 100.344919,13.591296,3.5 100.344355,13.590801,6.25 100.343708,13.590212,2 100.343341,13.589889,0 100.34198,13.588652,0.75 100.341216,13.587973,2.25 100.339924,13.586826,5.5 100.339391,13.586347,5 100.338979,13.585979,5.75 100.338138,13.585209,4.25 100.337958,13.585049,4 100.337146,13.584297,4 100.336692,13.583904,3 100.334912,13.582283,4.25 100.334474,13.581897,4.25 100.32482,13.57318,4.75 100.323246,13.571773,4 100.322554,13.571134,4 100.321908,13.570571,5 100.320345,13.569152,4.5 100.31992,13.568753,4.25 100.318848,13.567773,4.75 100.318487,13.567467,5 100.318096,13.5671,4.75 100.317635,13.566705,4 100.316392,13.565559,4 100.315892,13.565119,4.75 100.31546,13.56471,5 100.314506,13.563862,6 100.313855,13.563305,7.75 100.313653,13.563109,8.25 100.313601,13.563059,8.25 100.312727,13.562327,5.5 100.312494,13.562172,4.75 100.31228,13.562031,4.75 100.312081,13.561922,5 100.311767,13.561754,5.5 100.311388,13.56158,6.25 100.309596,13.560797,5.75 100.30671,13.559524,5 100.30418,13.558424,5 100.304079,13.558377,5 100.304003,13.558342,5 100.303023,13.557901,5 100.302801,13.557807,5.5 100.302406,13.557626,6.25 100.301655,13.557303,5.5 100.301382,13.557181,6 100.301293,13.557136,6 100.3008,13.55693,6.25 100.299998,13.556568,6.75 100.294798,13.554276,6.5 100.294375,13.554079,6 100.293642,13.553756,6 100.293285,13.553596,6.5 100.292959,13.553456,6 100.292592,13.553287,5.25 100.292308,13.553165,5 100.291496,13.552813,5.5 100.291089,13.552621,5.25 100.290745,13.552477,5 100.289152,13.551767,3.25 100.288817,13.551618,3.5 100.288025,13.551267,5.25 100.28774,13.551135,5.5 100.287306,13.550947,6.25 100.286982,13.550803,7 100.286785,13.550722,7.25 100.286322,13.550514,6.75 100.28597,13.550355,6.25 100.285747,13.550258,6.25 100.284718,13.549808,6.75 100.284117,13.549538,7 100.28258,13.548851,6.5 100.281963,13.548591,5.75 100.28114,13.548255,5.75 100.281017,13.548204,6 100.280943,13.548174,6 100.280818,13.548128,6.25 100.279563,13.547556,7 100.278804,13.547193,8.5 100.278552,13.547076,8.5 100.278076,13.546871,9 100.277152,13.546473,9.75 100.276296,13.546089,8.5 100.276269,13.546076,8</coordinates></LineString>
  </Placemark>
<Placemark id="20260410railwaymapofthailand__lines.15">
	<name>Samut Songkhram</name>
	<Style><LineStyle><color>ff0000ff</color></LineStyle><PolyStyle><fill>0</fill></PolyStyle></Style>
	<ExtendedData><SchemaData schemaUrl="#20260410railwaymapofthailand__lines">
		<SimpleData name="tessellate">1</SimpleData>
		<SimpleData name="extrude">0</SimpleData>
		<SimpleData name="visibility">-1</SimpleData>
	</SchemaData></ExtendedData>
      <LineString><coordinates>100.270004,13.541919,6.5 100.270004,13.541916,6.5 100.26996,13.541655,6 100.269928,13.541543,5.75 100.269543,13.540623,4.25 100.269359,13.540051,4.5 100.269239,13.539751,5.5 100.269166,13.539568,6 100.268956,13.539091,6.5 100.268833,13.538789,6.5 100.268266,13.537441,6.75 100.26798,13.536769,5.75 100.267556,13.535732,5.75 100.267403,13.535398,5.5 100.267198,13.534999,5.25 100.267074,13.53478,5.5 100.266807,13.53437,5.75 100.266618,13.534095,5.75 100.266115,13.533463,5.75 100.265918,13.53324,5.5 100.265746,13.53306,4.75 100.265505,13.532824,4 100.265213,13.532565,4.25 100.264997,13.532384,5 100.26482,13.532246,5.25 100.264254,13.53183,6.5 100.264013,13.531681,7 100.263529,13.531397,7.25 100.263246,13.531245,6.75 100.262777,13.531036,5.25 100.262434,13.530894,4.25 100.262183,13.530806,4.75 100.261896,13.530716,5.75 100.260354,13.530282,4.25 100.259682,13.530107,3.75 100.254287,13.528616,4.75 100.247987,13.526892,5 100.24677,13.526558,3 100.245997,13.526331,4.5 100.243375,13.525615,5.25 100.242927,13.525501,6 100.242849,13.52548,6.25 100.240463,13.524824,6.5 100.240265,13.524768,6.5 100.238786,13.52438,7.25 100.234399,13.523145,4.5 100.233439,13.522888,5.25 100.230843,13.522182,4.75 100.228378,13.521502,4.5 100.227782,13.521346,6 100.227365,13.521223,6.75 100.227012,13.521111,6.5 100.226672,13.520991,6 100.222175,13.519098,7.75 100.221184,13.51869,7.25 100.21939,13.517935,6.25 100.218881,13.517725,6.75 100.21876,13.517674,6.75 100.21431,13.515796,7 100.214201,13.515751,6.75 100.212939,13.51522,6 100.20333,13.511193,7 100.200459,13.509987,7.25 100.200329,13.509927,7.5 100.199063,13.509398,8.5 100.197823,13.508882,8.25 100.197487,13.508742,8.25 100.197164,13.508602,8.25 100.194536,13.507487,5.75 100.191919,13.506422,5.25 100.188267,13.504848,5.5 100.187671,13.5046,5 100.187594,13.504568,4.75 100.18607,13.503934,4.5 100.184542,13.503301,5.75 100.183757,13.502965,6 100.183042,13.502663,6.75 100.182966,13.50263,6.5 100.182125,13.502274,5.25 100.181404,13.501959,5.25 100.180441,13.501548,6.75 100.18009,13.501397,7 100.179458,13.501135,5.75 100.177095,13.500269,7.5 100.175061,13.499532,7.25 100.167431,13.496848,1 100.165776,13.496257,1 100.162672,13.495154,5.5 100.160475,13.494382,6 100.160094,13.494248,7.5 100.159595,13.494075,6.25 100.157874,13.493479,6 100.15379,13.492023,5.75 100.15294,13.49172,6 100.15222,13.491464,6.25 100.151261,13.491124,6.5 100.147851,13.48992,3 100.146206,13.489325,5.5 100.143325,13.488299,3.75 100.142389,13.487965,4 100.141297,13.487559,6.5 100.141197,13.487529,6.5 100.140142,13.48721,5.25 100.139379,13.487101,6.5 100.138524,13.48711,5.25 100.138307,13.487148,5 100.13767,13.487259,5.25 100.137606,13.487278,5.25 100.13751,13.487308,5.5 100.136937,13.487483,6.5 100.136593,13.487616,7 100.134973,13.488417,7 100.133349,13.48925,6 100.133164,13.489343,6 100.132763,13.489535,6 100.132559,13.489625,6 100.132311,13.489717,5.75 100.13193,13.489832,5.25 100.131329,13.489984,5.75 100.131132,13.490009,6.25 100.130725,13.490043,6.75 100.130461,13.490051,6.5 100.130347,13.490055,6.25 100.130071,13.49003,6 100.128931,13.489855,4 100.127911,13.489458,4.5 100.126571,13.488797,5 100.126003,13.48851,3.75 100.121135,13.486056,5.5 100.120846,13.485911,5.75 100.118274,13.484626,3.5 100.110775,13.480925,4.75 100.106897,13.479022,5.5 100.104272,13.477714,5.75 100.10344,13.477303,5.75 100.102669,13.476922,5.75 100.10254,13.476851,5.75 100.101326,13.476267,6.25 100.101159,13.476187,6 100.100256,13.475655,4.25 100.095452,13.471992,2.5 100.086953,13.465817,4 100.083421,13.463234,5.5 100.081751,13.462,5 100.081433,13.461779,4.5 100.07748,13.458924,4.25 100.074935,13.457073,3 100.074488,13.456748,5.25 100.073857,13.456237,5.5 100.073538,13.455998,5 100.073482,13.455956,5 100.073236,13.455772,4.75 100.071711,13.454706,4.75 100.070235,13.453625,3.5 100.068169,13.45209,4 100.064949,13.449721,4 100.061337,13.447081,1.25 100.055355,13.4427,4.5 100.05346,13.441319,2 100.051175,13.439641,2.25 100.048241,13.437471,3.5 100.046589,13.436643,4 100.04565,13.436156,5.25 100.045171,13.435914,5 100.039056,13.432764,3.25 100.032991,13.429607,4.5 100.02859,13.427341,4.5 100.024222,13.425086,7.5 100.019846,13.422818,1.25 100.013471,13.419492,6.5 100.011328,13.418369,8.5 100.010263,13.417745,6.5 100.010046,13.417615,6.75 100.009231,13.417093,6.25 100.007351,13.415891,6.75 100.006659,13.415428,6.5 100.006008,13.41487,9.25 100.005958,13.414826,9.25 100.005382,13.414206,8.5 100.004382,13.412732,6.5 100.004004,13.412116,7.5 100.003833,13.41182,7.75 100.003494,13.411205,7.25 100.003025,13.41047,7.5 100.002874,13.41017,8.25 100.002691,13.409888,8.75 100.002509,13.409561,8.25 100.002453,13.409459,8.25 100.002195,13.408995,8.25 100.001901,13.40853,8.25 100.001666,13.408246,8 100.001503,13.408089,8.25 100.001202,13.407892,9 100.000923,13.407737,10 100.00074,13.407652,10.25 100.000588,13.407592,10.25 100.000416,13.407545,9.75 100.000196,13.407506,9.25 99.999958,13.407493,9 99.999456,13.407482,9.5 99.998834,13.407474,9.5 99.99877,13.407475,9.25 99.998429,13.407485,9 99.998425,13.407485,6</coordinates></LineString>
  </Placemark>
<Placemark id="20260410railwaymapofthailand__lines.16">
	<name>Su-ngai Kolok</name>
	<Style><LineStyle><color>ff0000ff</color></LineStyle><PolyStyle><fill>0</fill></PolyStyle></Style>
	<ExtendedData><SchemaData schemaUrl="#20260410railwaymapofthailand__lines">
		<SimpleData name="tessellate">1</SimpleData>
		<SimpleData name="extrude">0</SimpleData>
		<SimpleData name="visibility">-1</SimpleData>
	</SchemaData></ExtendedData>
      <LineString><coordinates>100.541686,13.804025,6.75 100.541643,13.803918,6.75 100.540725,13.801649,6.75 100.540635,13.801439,6.75 100.540548,13.801288,6.75 100.540425,13.801085,6.75 100.540183,13.800748,6.75 100.540005,13.800522,6.75 100.539715,13.800179,6.75 100.539396,13.799851,6.75 100.538991,13.799333,6.75 100.538716,13.799046,6.75 100.537609,13.797708,6.75 100.537473,13.797538,6.75 100.53723,13.797207,6.75 100.536983,13.796832,6.75 100.536774,13.796468,6.75 100.53641,13.795696,6.75 100.536257,13.795316,6.75 100.536203,13.795129,6.75 100.536295,13.795304,6.75 100.536448,13.795686,6.75 100.536807,13.796458,6.75 100.537015,13.796819,6.75 100.537263,13.797187,6.75 100.537507,13.797514,6.75 100.537642,13.797678,6.75 100.537987,13.798057,6.75 100.538995,13.799143,6.75 100.539217,13.799428,6.75 100.539648,13.799915,6.75 100.540084,13.800444,6.75 100.540269,13.800686,6.75 100.54049,13.801044,6.75 100.540603,13.801256,6.75 100.540764,13.801634,6.5 100.540962,13.802141,6.5 100.541678,13.803905,6.5 100.542607,13.806194,6.5 100.542983,13.806898,6.5 100.543487,13.808161,6.5 100.543879,13.808894,6.5 100.544459,13.810419,6.5 100.544629,13.810971,6.5 100.544758,13.811534,6.5 100.544853,13.812095,6.5 100.544926,13.812621,6.5 100.545027,13.813435,6.5 100.545223,13.814569,6.5 100.545377,13.81545,6.5 100.545423,13.815824,6.5 100.545436,13.816303,6.5 100.545345,13.817113,6.25 100.545231,13.817632,6.25 100.545066,13.8181,6.25 100.544811,13.818665,6.25 100.544532,13.819117,6.25 100.5442,13.819552,6.25 100.543932,13.819857,6.25 100.543552,13.820211,6.25 100.543104,13.820561,6.25 100.54253,13.82089,6.25 100.541888,13.821178,6.25 100.541727,13.821234,6.25 100.541506,13.821297,6.25 100.541127,13.821388,6.25 100.540402,13.821502,6.25 100.536491,13.821893,6.25 100.534211,13.822113,6.25 100.530148,13.822501,6 100.529257,13.822575,6 100.528442,13.822569,6 100.527745,13.822508,6 100.527482,13.822476,6 100.527105,13.822408,6 100.526548,13.822284,6 100.526268,13.822206,6 100.525707,13.822021,6 100.525317,13.821867,6 100.525033,13.821745,6 100.524803,13.821639,6 100.524184,13.821307,6 100.523598,13.820935,6 100.52289,13.820402,6 100.520381,13.81819,6 100.516758,13.814954,5.75 100.5136,13.812092,5.75 100.509748,13.808403,5.75 100.503173,13.802441,5.5 100.502051,13.801543,5.5 100.50119,13.801013,5.5 100.500483,13.800633,5.5 100.49981,13.800316,5.5 100.498824,13.799935,5.5 100.49598,13.798919,5.5 100.492162,13.797511,5.5 100.489809,13.796672,5.5 100.485208,13.794984,7.5 100.484985,13.794904,7.75 100.481946,13.793764,7.5 100.479957,13.793029,6.25 100.477465,13.792139,4.25 100.47501,13.791262,7.5 100.473733,13.790864,7 100.472887,13.790616,5.75 100.472156,13.790434,5.75 100.47018,13.78998,5.75 100.46677,13.789199,6 100.459772,13.787521,6.75 100.45645,13.786746,6.75 100.451873,13.785679,6 100.451639,13.785625,6 100.4509,13.785452,6 100.450175,13.785313,4.5 100.449816,13.785261,4 100.449391,13.78522,4.5 100.448668,13.785202,5 100.448422,13.785203,5.25 100.447808,13.785226,6.25 100.447225,13.785288,6.75 100.446264,13.785472,6.5 100.445411,13.785725,6 100.444724,13.785994,7.5 100.444139,13.786275,8 100.443605,13.786576,7 100.442997,13.786978,6.25 100.44179,13.787909,5 100.440862,13.788623,4.75 100.44007,13.789259,4.75 100.439396,13.789798,6.25 100.437657,13.791221,4.5 100.437507,13.791352,4.25 100.437017,13.791736,5 100.434676,13.793621,4.25 100.434178,13.79404,4 100.431839,13.795899,5.25 100.431128,13.796522,4.5 100.430834,13.796745,4.75 100.430261,13.797182,4 100.429756,13.79753,3.25 100.42939,13.797753,3.5 100.428972,13.797976,4.75 100.428403,13.798242,5.5 100.428127,13.798355,6 100.427852,13.798458,5.75 100.427583,13.798546,5.75 100.426807,13.798767,3 100.426589,13.79882,3 100.426132,13.798893,5.25 100.425582,13.798953,6.25 100.424346,13.799001,3.5 100.416498,13.799277,3.75 100.416286,13.799284,4.5 100.414231,13.799362,5.5 100.410144,13.799539,6 100.401586,13.799789,5.5 100.401406,13.799794,5.25 100.401326,13.799797,5 100.398651,13.79989,3.75 100.397657,13.799925,2.25 100.396134,13.799978,5.25 100.394447,13.800037,5.75 100.393019,13.800084,5.25 100.380387,13.800526,5.5 100.380201,13.800538,5.75 100.377911,13.800618,5 100.377699,13.800626,5.5 100.375665,13.800697,5 100.37464,13.800734,5 100.37419,13.80075,5 100.371286,13.800856,4.75 100.37074,13.800876,5.5 100.369204,13.800919,4.75 100.369108,13.800924,4.75 100.369002,13.800924,4.75 100.36887,13.80093,4.75 100.368746,13.800935,4.75 100.364533,13.801084,5 100.364376,13.80109,5.25 100.36128,13.80119,3.5 100.354609,13.801428,4 100.348561,13.801656,4.5 100.348477,13.801659,4.25 100.336569,13.802052,5 100.336459,13.802053,5 100.33538,13.802092,5.25 100.333278,13.802168,4.25 100.333183,13.802176,4 100.332953,13.802189,3.5 100.331891,13.802284,4.5 100.33163,13.802293,5 100.328949,13.802397,4.25 100.328864,13.8024,4.25 100.328647,13.802407,4.5 100.328483,13.802412,4.75 100.32433,13.802549,6.5 100.320363,13.8027,4.75 100.319,13.802744,5 100.318753,13.802756,5.25 100.313039,13.802952,3.75 100.311812,13.802982,5.75 100.311203,13.803041,5.25 100.309677,13.803211,3.75 100.308175,13.803353,5.75 100.308058,13.803364,5.75 100.307928,13.803377,5.75 100.304997,13.803653,4.5 100.304076,13.803747,4 100.300642,13.804068,4.5 100.295481,13.804581,3.75 100.29285,13.804829,4.5 100.287655,13.805338,4.5 100.286123,13.805481,6 100.286006,13.805486,5.75 100.285943,13.805489,5.5 100.285805,13.805503,5.25 100.277489,13.806311,5.25 100.276145,13.806446,6.25 100.272533,13.806807,4.5 100.272478,13.806812,4.5 100.269703,13.807069,5 100.264137,13.807622,7 100.258487,13.808156,5.5 100.255247,13.808469,5 100.255161,13.808479,5.25 100.250354,13.808959,6.25 100.244631,13.809496,4.75 100.244464,13.80951,5 100.243575,13.809582,4.5 100.243038,13.809591,4.75 100.242691,13.809589,5.25 100.242437,13.809577,5.25 100.239511,13.80942,5 100.23519,13.809154,4.25 100.23468,13.80913,4.25 100.229252,13.808812,4.5 100.223611,13.808473,7 100.220941,13.808316,5 100.219603,13.808235,6.25 100.219517,13.80823,6.25 100.219437,13.808225,6.5 100.213276,13.807859,5.25 100.209373,13.80763,6.75 100.206289,13.807448,2.75 100.203267,13.807278,3 100.197156,13.806912,4.75 100.186844,13.806299,6.25 100.185436,13.806187,5 100.18312,13.806067,6.75 100.182964,13.806061,6.5 100.181607,13.805987,5.75 100.179962,13.805889,6 100.17931,13.805871,3.5 100.178782,13.805896,3.75 100.176953,13.806121,6.25 100.171083,13.806914,5.5 100.170891,13.806941,5.25 100.160625,13.808326,6.75 100.157524,13.80874,5.5 100.157361,13.808762,5 100.153808,13.809243,6.75 100.151477,13.809566,6.25 100.147472,13.810104,5.75 100.145318,13.810407,7.5 100.134355,13.811884,5.75 100.133748,13.811971,5.5 100.131751,13.81224,7.25 100.128411,13.812689,8.5 100.125812,13.813052,5.25 100.124989,13.813152,4 100.12454,13.813231,4.75 100.124103,13.813326,5 100.123676,13.813445,5.25 100.123138,13.813604,5.5 100.122742,13.81376,5.25 100.121693,13.814283,4.75 100.120411,13.814954,6.75 100.119451,13.815443,7.75 100.11751,13.816454,6 100.11711,13.816653,5.75 100.109281,13.820709,5.5 100.109136,13.820789,6 100.108445,13.821144,6 100.10145,13.824757,7.5 100.100803,13.825063,6 100.099833,13.825433,6.75 100.098845,13.825651,6.75 100.098272,13.825745,5.75 100.0977,13.825802,6.75 100.097114,13.825834,7.25 100.094938,13.82576,8.75 100.094738,13.825753,8.75 100.09152,13.825645,5.25 100.085216,13.825436,7.5 100.085025,13.825433,7.25 100.080563,13.825291,7.25 100.076668,13.82512,7 100.073491,13.825027,7 100.064404,13.824735,8.75 100.064246,13.824728,8.5 100.061565,13.824647,10.75 100.061453,13.824641,10.5 100.06125,13.824634,10.25 100.056701,13.82448,9 100.055518,13.824442,10.75 100.055061,13.824422,12.5 100.054539,13.824435,12.25 100.054123,13.82445,11.75 100.050887,13.824329,8 100.050744,13.824323,7.75 100.049816,13.82429,9 100.047971,13.824244,10.5 100.047373,13.824169,10.5 100.046773,13.82411,9.25 100.046274,13.824055,9 100.045906,13.824046,9 100.041321,13.823887,7.5 100.028671,13.823474,12 100.008885,13.822842,7.25 100.004094,13.822693,6.75 99.995839,13.822413,6.75 99.992529,13.822306,9 99.991179,13.822255,9.5 99.990382,13.82223,9.75 99.989748,13.822226,9.5 99.989599,13.822221,9.5 99.984037,13.822053,7.25 99.966602,13.82147,7.25 99.96351,13.821368,8.5 99.963025,13.821352,8.25 99.962371,13.82133,7.75 99.961454,13.821304,7.5 99.959401,13.821236,9.5 99.956323,13.821138,7 99.937416,13.820534,11 99.935213,13.820457,7.25 99.92609,13.819492,9.75 99.923177,13.819181,8.75 99.91431,13.818212,8 99.914137,13.818193,8 99.91122,13.817878,11.25 99.908296,13.817559,11 99.907713,13.817491,12.25 99.90642,13.817364,10.75 99.897467,13.816404,13.5 99.892919,13.815899,13.75 99.88247,13.814807,15.25 99.879821,13.814549,13.5 99.879289,13.814484,14 99.878871,13.814396,14.5 99.878595,13.814314,14.75 99.878202,13.814159,15.25 99.877807,13.813939,16.5 99.877334,13.813569,16 99.877022,13.813223,16.25 99.87667,13.812767,16.25 99.876401,13.812256,16 99.876171,13.811772,16.75 99.875703,13.810859,17.75 99.874234,13.807985,14.5 99.873029,13.805597,14.25 99.871431,13.802567,15.25 99.86811,13.796091,14 99.866455,13.792885,15.25 99.864534,13.789203,16.75 99.863317,13.786892,15 99.862419,13.785075,13 99.859967,13.78026,12.25 99.857976,13.776578,14.75 99.857096,13.774361,15.5 99.856204,13.769925,14 99.85598,13.768824,13 99.855422,13.766034,14 99.854962,13.76377,12.75 99.853575,13.756837,12.5 99.85083,13.743201,13.25 99.850109,13.739642,13 99.849918,13.738666,13.75 99.84978,13.737714,14.5 99.849755,13.736735,15.5 99.849838,13.73564,15 99.849919,13.735163,14.25 99.850232,13.730833,15.5 99.850223,13.730336,15 99.850318,13.729087,14 99.850339,13.728807,14.5 99.851014,13.719873,13.75 99.851267,13.71633,15.75 99.852017,13.70575,13 99.852204,13.703017,13.5 99.852412,13.700198,14 99.852523,13.698747,14.75 99.852458,13.697479,13 99.852311,13.696919,13.5 99.852233,13.696687,13.5 99.852021,13.6962,12.5 99.851657,13.695485,13 99.850733,13.693686,13 99.850159,13.692581,12.5 99.849272,13.690905,11 99.843549,13.679896,10.75 99.83884,13.670901,9.75 99.833733,13.661135,8 99.832423,13.658631,7.25 99.827939,13.650073,10.5 99.824085,13.642686,12 99.822706,13.640033,7.5 99.822318,13.639201,8.75 99.821995,13.638352,10.75 99.821836,13.637812,12.25 99.821527,13.636977,13.75 99.820412,13.633974,11.75 99.82015,13.633417,11.25 99.816119,13.622538,8 99.814897,13.619277,8.75 99.812128,13.611827,9.5 99.810549,13.607426,9.5 99.809337,13.604309,9.5 99.808993,13.603097,8.5 99.808906,13.602657,7.75 99.80883,13.602154,7.5 99.808814,13.601706,7.25 99.808845,13.60116,7.5 99.808942,13.600604,7.75 99.809078,13.600149,8 99.809271,13.599623,8.25 99.809558,13.59903,8.25 99.811002,13.596458,10.25 99.813739,13.591631,7 99.815044,13.589364,10.75 99.815616,13.588338,11.25 99.824083,13.573156,9.75 99.824332,13.572586,9.25 99.824597,13.571848,10.25 99.824768,13.571063,10 99.824843,13.570363,9.75 99.824874,13.569669,10 99.8248,13.566427,9.75 99.824777,13.565545,9.5 99.824771,13.565338,10 99.824645,13.560514,9.5 99.82457,13.556075,10 99.824564,13.555843,10 99.824476,13.5518,9.5 99.824464,13.551459,9.25 99.824462,13.551345,9.25 99.824291,13.544308,10.25 99.824281,13.544126,10 99.82421,13.541935,5 99.824184,13.54052,7.25 99.824164,13.539855,11 99.824152,13.539343,11.75 99.824152,13.539106,11.75 99.824126,13.537875,10.5 99.824119,13.537594,10 99.82403,13.533895,10.25 99.82401,13.533276,9.25 99.823979,13.532075,11.25 99.823941,13.530568,10.5 99.82388,13.527972,9 99.823874,13.527711,9 99.823895,13.526747,9.75 99.824141,13.524714,7.25 99.824455,13.522263,8 99.824483,13.52205,8 99.825086,13.517332,8.5 99.825112,13.517105,8 99.826667,13.505046,7 99.826775,13.504304,8.5 99.826792,13.50414,8.75 99.828116,13.493867,10.75 99.828132,13.493742,11 99.828167,13.493468,11.25 99.828188,13.493302,11.5 99.828275,13.492683,10.25 99.828849,13.488228,9 99.82903,13.48682,8.75 99.829485,13.482755,8.25 99.830156,13.477978,9.5 99.831113,13.470264,7.75 99.831138,13.470047,7.5 99.831141,13.470024,7.5 99.834559,13.443956,5.75 99.834844,13.441781,6 99.8349,13.441353,6.25 99.835248,13.438698,5 99.838579,13.413278,4.75 99.838781,13.411739,5 99.840856,13.395639,6 99.841708,13.389055,4.25 99.842574,13.382321,8.25 99.842912,13.379666,7.25 99.842958,13.3793,7.5 99.843149,13.377799,9 99.843171,13.377535,9.5 99.843235,13.377019,10.5 99.843536,13.374696,9.75 99.843835,13.372465,7.75 99.843874,13.372243,7.25 99.8439,13.372042,7 99.844772,13.365309,5.5 99.844789,13.365173,5.75 99.845827,13.357149,4.75 99.845844,13.356987,4.75 99.847069,13.347515,5 99.847691,13.342793,2.25 99.849266,13.330486,5.75 99.849303,13.330201,5.75 99.849852,13.325934,3.25 99.852205,13.3076,4 99.853098,13.300509,5.25 99.853428,13.297894,4.75 99.853461,13.297628,4 99.853602,13.296637,2.25 99.853707,13.295891,2.5 99.855071,13.285281,4.5 99.85652,13.274123,3.5 99.857938,13.262953,3.75 99.85949,13.251028,1.75 99.860482,13.243305,3.25 99.860699,13.241569,3 99.860771,13.241299,3.25 99.861332,13.236982,3.5 99.861348,13.236509,3.5 99.866459,13.197316,1.75 99.866808,13.195911,2.75 99.867221,13.194886,2 99.867747,13.193942,3 99.868481,13.192953,3 99.87167,13.189512,2.25 99.895347,13.16444,2.75 99.897111,13.162585,3.5 99.897366,13.162361,3.25 99.90052,13.159003,3.75 99.900754,13.158691,3.25 99.903457,13.155855,4.5 99.903659,13.15564,4.25 99.915032,13.143577,3 99.926565,13.131345,5.25 99.926583,13.131329,5.25 99.926651,13.131261,5.25 99.935434,13.121955,6.25 99.937186,13.12008,5 99.937384,13.119864,4.75 99.937581,13.119649,4.75 99.93851,13.118684,6 99.938945,13.118242,7 99.940984,13.116528,7.25 99.942822,13.115,6 99.943081,13.114785,6 99.943394,13.11453,5.75 99.943555,13.114416,5.75 99.943886,13.114225,5.25 99.945134,13.113631,7 99.945928,13.113195,7.5 99.948364,13.111731,8.5 99.948902,13.111427,8.75 99.949032,13.111342,9 99.949935,13.110833,9 99.950761,13.110479,9.25 99.951186,13.110383,9 99.951698,13.110307,8.5 99.95226,13.11029,8.5 99.953856,13.110388,8.25 99.955061,13.11045,8.25 99.955597,13.110425,8.25 99.956055,13.110343,8.5 99.956582,13.110162,8.75 99.957054,13.109946,8.5 99.957386,13.109726,8 99.957688,13.109482,7.75 99.957988,13.109153,7.25 99.958293,13.108736,7 99.958593,13.108155,6.75 99.958743,13.107673,6.5 99.958822,13.107239,6.25 99.958839,13.106798,6 99.958797,13.106073,6.25 99.958373,13.103241,9.75 99.957875,13.099332,9.25 99.957643,13.097528,5.75 99.957306,13.09517,8 99.956335,13.088158,6.75 99.956047,13.085925,4.5 99.956053,13.084714,5.25 99.956358,13.080898,10.25 99.956908,13.073973,7.25 99.957969,13.061001,9.25 99.958616,13.052705,5.5 99.959203,13.045387,6.5 99.959462,13.04257,5.75 99.959512,13.041927,5.5 99.959563,13.041272,5.25 99.959667,13.039788,8 99.959791,13.038218,8.5 99.960733,13.026293,6.25 99.960746,13.026137,6.5 99.960791,13.02556,7 99.960792,13.025551,7.25 99.961465,13.017026,9.25 99.961631,13.014925,6 99.961647,13.014732,6.25 99.962286,13.006683,6.75 99.962449,13.004628,9 99.962578,13.002952,9 99.962711,13.001456,7.25 99.962987,12.998344,7.25 99.963007,12.998052,7.5 99.96336,12.993121,7.25 99.963764,12.988075,9.25 99.964092,12.983972,10.5 99.964107,12.983789,10.5 99.964315,12.981254,10.75 99.964827,12.975013,9.5 99.965296,12.96913,8.75 99.965297,12.969107,8.75 99.965307,12.968928,8.75 99.96531,12.968895,8.75 99.96562,12.965033,7 99.966241,12.95731,7.75 99.966483,12.954242,10.75 99.966556,12.953313,11 99.966668,12.951921,9.5 99.968328,12.930937,6.75 99.968585,12.927647,5.25 99.968901,12.924182,5.25 99.969452,12.917283,5.5 99.970296,12.906487,3.5 99.970347,12.905726,4 99.970509,12.903662,5 99.970782,12.900274,3 99.971134,12.894965,2.5 99.972254,12.881472,4.5 99.972954,12.873051,3.25 99.974363,12.855572,2 99.974427,12.854724,2.5 99.974948,12.848173,2 99.974951,12.847817,2 99.974933,12.847209,2.25 99.974906,12.846911,2.5 99.974871,12.846645,2.75 99.974824,12.846336,2.5 99.974753,12.845947,2.25 99.974049,12.842342,3.25 99.970092,12.82182,4.5 99.968605,12.813988,1.25 99.966514,12.803181,3.75 99.96596,12.80013,3 99.965126,12.795919,6.5 99.961885,12.77889,3.25 99.960606,12.772376,10 99.956333,12.750227,8.75 99.955481,12.745628,10.25 99.951271,12.723881,10.5 99.951178,12.723356,10 99.951045,12.722329,9 99.950927,12.720763,10 99.950848,12.71939,11.5 99.950124,12.701442,10.25 99.948964,12.672528,10 99.948869,12.669213,14.75 99.94846,12.660027,15.75 99.947962,12.64865,12.25 99.947839,12.645912,13.5 99.947742,12.643562,13.25 99.947118,12.628411,15.25 99.946694,12.618419,10.25 99.945948,12.601278,13.25 99.945979,12.600522,11.75 99.946052,12.59971,10.5 99.946208,12.598873,11.5 99.946721,12.596868,11.75 99.948337,12.590801,11 99.948609,12.589739,12.5 99.950003,12.584505,11.25 99.950613,12.581384,9.25 99.950759,12.580778,9 99.953204,12.571548,8.25 99.953768,12.569383,8.25 99.953999,12.568524,8 99.954924,12.565004,7.75 99.955655,12.562382,7.5 99.956126,12.560966,7.5 99.95787,12.554349,7 99.958324,12.552597,6.75 99.959177,12.549022,6.5 99.960937,12.542223,5.75 99.962029,12.538133,6 99.962208,12.537464,5.5 99.962433,12.536764,5 99.962599,12.536311,4.5 99.962834,12.535699,4.25 99.963104,12.535107,3.75 99.964575,12.532802,6.25 99.967112,12.528871,4.5 99.968907,12.526025,9 99.969833,12.524558,9.25 99.969947,12.52437,9.25 99.970353,12.523625,11.25 99.970647,12.522996,9 99.970946,12.522281,8 99.971188,12.521616,8.5 99.971346,12.521099,7.5 99.97148,12.520599,6.75 99.971596,12.520085,5.5 99.971679,12.519653,5.5 99.971756,12.519147,6.25 99.971851,12.518226,6 99.971878,12.517844,5 99.971979,12.514259,8 99.972188,12.507044,6.25 99.972194,12.506786,6 99.972345,12.500821,12.5 99.972398,12.499188,11.75 99.972408,12.498487,12.25 99.972464,12.497043,12.25 99.972478,12.496011,12 99.972921,12.480168,11.5 99.973198,12.470552,8.75 99.973198,12.469597,8.5 99.973156,12.468626,8.5 99.972999,12.467408,10 99.972832,12.466617,12 99.972643,12.465882,10.75 99.972394,12.465068,10.25 99.97124,12.46232,10 99.970705,12.460919,10.25 99.96791,12.454114,13.25 99.967295,12.452772,12.5 99.966732,12.451779,13 99.96314,12.446715,15.75 99.954274,12.434276,27.25 99.942792,12.418127,5 99.942292,12.417483,5.75 99.941689,12.416767,9.25 99.938317,12.412926,8 99.936579,12.410964,8.5 99.936171,12.410484,8 99.935805,12.410005,7 99.935429,12.409516,8 99.93495,12.408759,8.75 99.934384,12.407766,10.5 99.933961,12.406803,10.75 99.933585,12.405771,9.25 99.933174,12.404298,9.5 99.931622,12.398004,7.25 99.927623,12.381863,4.25 99.927446,12.381147,7.5 99.926645,12.378039,11.25 99.926606,12.377883,11.5 99.925809,12.374582,8.75 99.924318,12.368518,6.75 99.921921,12.358859,5 99.921864,12.358648,5 99.920664,12.35378,4.25 99.92043,12.352891,5.5 99.915338,12.332484,8 99.915047,12.33155,6.75 99.914675,12.330512,6.75 99.914254,12.329546,6.75 99.913911,12.328918,6.75 99.91287,12.327279,5.5 99.910399,12.323596,5 99.91025,12.323373,5.5 99.893541,12.298687,6 99.89323,12.298149,6.25 99.892973,12.297682,5.75 99.892647,12.29692,4.5 99.892322,12.296133,5.25 99.891946,12.294933,5.25 99.891737,12.294066,4.75 99.891568,12.293126,3.75 99.890966,12.287198,3.25 99.890847,12.285786,4 99.890708,12.284474,5.25 99.890548,12.282629,1.25 99.890226,12.279135,2.75 99.88721,12.247755,4.75 99.886157,12.236826,4.5 99.88614,12.236655,4.5 99.884911,12.223897,2.75 99.884797,12.223288,2.25 99.884653,12.222787,2.5 99.884196,12.221592,3 99.882093,12.216055,5 99.881709,12.215088,5.75 99.881555,12.214534,6.25 99.880051,12.210533,4 99.879838,12.210109,3.75 99.867537,12.177516,5 99.862444,12.16403,0 99.862163,12.16334,2.25 99.862044,12.162903,2 99.860476,12.158729,3.25 99.860266,12.158329,3.5 99.859942,12.157379,3.75 99.8596,12.156159,2.5 99.859437,12.155141,2.5 99.859407,12.154011,3.5 99.859486,12.153136,3.25 99.85967,12.151919,4.25 99.864922,12.116978,5.5 99.867031,12.102845,5.5 99.867847,12.097382,11 99.870438,12.080013,8.25 99.87148,12.073262,7 99.872043,12.069568,8 99.872252,12.068163,6.75 99.87233,12.067703,6.25 99.872688,12.065434,8.5 99.872775,12.06462,9.75 99.872779,12.063774,9.5 99.872563,12.061599,8 99.872459,12.060418,6.75 99.872044,12.055635,10 99.871866,12.053738,7 99.871106,12.045469,8.25 99.871014,12.044691,6.25 99.870805,12.043688,7 99.870115,12.040563,6.5 99.86702,12.025916,2.5 99.866712,12.024459,4 99.866515,12.023712,4.25 99.866263,12.023027,4.75 99.85932,12.006072,3 99.859102,12.005662,3 99.857605,12.002002,5.5 99.857456,12.001503,5.75 99.854056,11.993142,2.25 99.85388,11.992664,1.75 99.853684,11.992157,2 99.84846,11.979447,1.5 99.845036,11.971013,5.75 99.842878,11.965696,4.5 99.841467,11.962326,5.5 99.840198,11.960018,2.25 99.840047,11.959744,2.75 99.831338,11.943552,7.5 99.823825,11.929447,5.5 99.823733,11.929271,6.25 99.821278,11.924771,5.5 99.820789,11.923863,4.75 99.819602,11.921654,4.25 99.818403,11.919408,4.75 99.816659,11.916014,2.75 99.816232,11.915017,4.25 99.816,11.914128,4.75 99.815038,11.908531,9.5 99.813902,11.90212,9.75 99.811598,11.889188,7 99.811494,11.888029,7.5 99.811441,11.886819,5.5 99.811411,11.885655,5.25 99.811179,11.877384,6.75 99.811175,11.877063,7.5 99.811088,11.873868,7.75 99.810981,11.869601,8.75 99.810969,11.86876,7.75 99.810966,11.868295,6.75 99.810962,11.868094,6.5 99.810872,11.86401,7.75 99.810777,11.863135,6.75 99.810574,11.862227,6.75 99.810292,11.861305,7 99.809209,11.85909,4.75 99.806146,11.852896,6.5 99.805862,11.852407,6.75 99.804528,11.850664,6 99.804218,11.850316,6 99.80417,11.850264,6 99.803233,11.849042,5 99.802936,11.848621,5.25 99.801011,11.845479,4 99.79783,11.840148,3.25 99.795351,11.835988,4 99.793417,11.832653,3.75 99.789607,11.82632,2.5 99.789287,11.825643,3 99.788944,11.824559,5.75 99.788767,11.823427,3 99.788831,11.821986,3 99.789279,11.82036,3 99.790111,11.818023,3.75 99.791514,11.813999,3.75 99.791653,11.813464,5.5 99.794168,11.806456,7.5 99.794359,11.806075,7.25 99.79473,11.80496,7.25 99.794856,11.804475,7 99.79495,11.803946,6.75 99.79499,11.80358,6.25 99.795007,11.803258,6 99.794975,11.802302,7.25 99.794836,11.801416,8.25 99.794605,11.800607,8 99.79429,11.79982,7.5 99.793141,11.797351,6.75 99.790992,11.792751,7.5 99.787488,11.785188,8.5 99.785786,11.78153,8.25 99.784098,11.777962,7.25 99.783604,11.776838,6 99.783388,11.776295,6 99.783144,11.775655,6.5 99.782865,11.774782,7.5 99.782646,11.773971,7.25 99.782015,11.771346,7.5 99.781933,11.771027,6.75 99.781781,11.770561,6.5 99.781634,11.770158,6.5 99.781465,11.769754,6 99.78128,11.769359,5.5 99.781033,11.768873,4.75 99.780727,11.768401,4.5 99.780398,11.767923,3.75 99.779828,11.767242,4 99.775103,11.762007,4.25 99.774759,11.761566,4 99.774315,11.760911,6 99.774186,11.760709,6.75 99.773978,11.760371,6 99.773753,11.759904,5 99.77339,11.758945,3.75 99.773238,11.758395,4.25 99.773103,11.757791,5.75 99.772564,11.754011,4.75 99.772485,11.753525,5 99.772363,11.752934,5 99.772177,11.752366,5.25 99.771961,11.751841,5.5 99.768316,11.744039,8.25 99.76747,11.742203,10.5 99.765999,11.739073,10.5 99.758639,11.723104,7.75 99.75831,11.722421,7 99.758024,11.721924,6.25 99.757715,11.721446,5.75 99.757456,11.721105,6.5 99.757132,11.720706,6.5 99.756855,11.720389,5.5 99.75639,11.719972,5 99.755561,11.719343,7.5 99.753995,11.718328,6 99.752208,11.717153,8.25 99.751717,11.716831,8 99.747691,11.714277,11.5 99.746522,11.713536,9.75 99.746299,11.713397,8.75 99.745698,11.713018,9.75 99.739487,11.709018,14.5 99.735792,11.706674,13 99.735405,11.706397,13.5 99.735058,11.706118,14.5 99.734802,11.705871,15 99.734549,11.705607,15 99.734256,11.705261,14.5 99.733948,11.704867,14.5 99.730712,11.700134,11.25 99.727352,11.695042,9 99.724957,11.691512,9.25 99.723324,11.689083,7.5 99.72303,11.688646,6.25 99.721885,11.686961,6 99.720436,11.684732,7.5 99.707266,11.665103,14 99.707155,11.664939,14.25 99.699357,11.653316,25 99.693139,11.644052,18.75 99.693022,11.643882,19.5 99.692448,11.643011,22.25 99.688845,11.637546,18.25 99.681876,11.627137,14.25 99.681763,11.626968,13.75 99.678312,11.621813,13.25 99.675942,11.618262,12.25 99.675714,11.617887,12.25 99.675498,11.617445,13 99.675395,11.617169,13.75 99.675294,11.61681,14.5 99.67522,11.616414,14.25 99.675181,11.615921,13.5 99.675168,11.615533,14.25 99.674853,11.612012,16 99.674804,11.611644,15.75 99.674741,11.611316,15.25 99.674654,11.610956,15 99.674507,11.610501,13.75 99.674335,11.610075,12.5 99.672996,11.607203,15.75 99.672954,11.607114,15.75 99.672843,11.606873,16 99.672576,11.606397,16.25 99.670763,11.602522,13 99.670707,11.602402,13.75 99.670595,11.602151,15.25 99.670397,11.601643,17.75 99.667476,11.59523,11.5 99.667429,11.595123,11.5 99.666787,11.593763,17 99.664822,11.589507,10.75 99.664735,11.589318,11.25 99.651759,11.561196,14.5 99.651651,11.560961,14.25 99.648806,11.554793,18 99.643893,11.544138,14.5 99.636925,11.52898,7.5 99.636677,11.528439,8.75 99.635829,11.526605,11.25 99.635076,11.524978,9.5 99.634519,11.52375,7.5 99.63327,11.521001,5.5 99.629572,11.513059,12.25 99.629218,11.512272,10.5 99.62914,11.512097,10.5 99.625187,11.503576,12.25 99.624356,11.501711,9.5 99.622711,11.498116,11.5 99.622215,11.497032,11.5 99.621485,11.495456,10.75 99.619765,11.491742,9.5 99.61969,11.49158,10 99.617156,11.486027,7.75 99.617005,11.485609,7 99.616835,11.484968,5.75 99.616688,11.484232,5 99.615871,11.477893,19 99.615775,11.477204,20.75 99.615597,11.47637,21.5 99.615279,11.475456,19.5 99.614109,11.473029,12.75 99.611958,11.468608,12 99.607374,11.459208,9.25 99.606212,11.456785,11 99.605059,11.45444,9 99.602019,11.448254,7.75 99.601788,11.447788,8.75 99.601566,11.447233,10.25 99.601415,11.446742,12.5 99.601231,11.446033,11 99.600517,11.44228,9.25 99.600467,11.442028,10 99.600263,11.441018,11.25 99.600095,11.440006,9.25 99.599154,11.434979,8 99.598985,11.434071,7 99.598838,11.433297,7.25 99.598784,11.432961,8 99.598729,11.432554,8.75 99.598692,11.432132,9.25 99.59868,11.431673,9.5 99.598688,11.431229,9.25 99.598735,11.430763,8.75 99.598806,11.430207,8.25 99.599467,11.426561,10.25 99.599754,11.424624,14 99.599805,11.424191,13.25 99.599838,11.423797,13.25 99.599854,11.423182,13.5 99.599831,11.422696,14.25 99.599782,11.422272,15 99.59972,11.421829,15.5 99.599621,11.421364,15 99.599532,11.421033,13.75 99.599411,11.420629,13.25 99.598533,11.417853,13.25 99.597571,11.415148,17.25 99.596273,11.411211,15.75 99.595216,11.408033,13.25 99.594711,11.406464,10 99.594173,11.404903,10.75 99.593271,11.402304,11 99.59296,11.401386,10.75 99.592819,11.401015,11 99.592547,11.400402,9.25 99.592254,11.399859,8.75 99.592036,11.39952,9.25 99.59176,11.399114,9.5 99.591524,11.398791,9.75 99.586099,11.392457,14.25 99.583393,11.389343,12.25 99.580672,11.386246,12.25 99.572806,11.377098,13.5 99.572427,11.376661,13 99.57013,11.373986,10.25 99.569922,11.373711,10.75 99.569773,11.373473,11.25 99.569199,11.372503,12 99.567533,11.369459,12.75 99.563732,11.362659,10.25 99.563549,11.362349,11.75 99.557781,11.351923,7.25 99.557324,11.351097,8.5 99.55706,11.350648,9 99.556838,11.350315,9 99.556533,11.349843,8.75 99.554928,11.34695,9.25 99.554768,11.346582,9.25 99.554645,11.346286,9.5 99.554175,11.34541,8.75 99.553927,11.344871,7.75 99.553757,11.344468,8.75 99.55361,11.344163,9.25 99.553559,11.343963,9.25 99.552207,11.340074,8 99.5501,11.334032,9 99.549909,11.333449,9.5 99.548694,11.328683,8.25 99.547922,11.325624,8.25 99.547264,11.322995,7.5 99.547096,11.322267,6.75 99.54698,11.321626,7.25 99.545737,11.311515,7.75 99.545634,11.310701,7.5 99.545359,11.308585,7.75 99.545295,11.308052,7.75 99.545252,11.307544,7.75 99.545214,11.30483,8.25 99.545187,11.302509,10 99.545153,11.299865,9.5 99.545134,11.299183,9 99.545072,11.298599,9 99.544986,11.298083,9.25 99.54485,11.297576,9 99.544745,11.297221,8.5 99.544606,11.296789,7.5 99.544443,11.296356,7.75 99.544266,11.295951,8.75 99.544076,11.295571,8.75 99.543776,11.295064,8 99.543448,11.294593,7.25 99.539207,11.288766,16.25 99.538891,11.288289,15.5 99.538598,11.287763,13.5 99.538303,11.287142,12.25 99.538044,11.286455,12 99.537851,11.285798,11.5 99.535653,11.277202,10 99.531516,11.261044,11.75 99.531363,11.260585,11.5 99.530305,11.256421,12.5 99.530215,11.255909,11.75 99.530079,11.255343,10.25 99.52602,11.239279,4.75 99.525816,11.238432,3.75 99.525547,11.237433,5 99.525247,11.236498,3.5 99.524947,11.235758,4.25 99.524687,11.235242,5.75 99.524034,11.234295,5.75 99.519102,11.227389,12.25 99.516797,11.224214,15 99.510884,11.215927,7 99.510671,11.215642,7.25 99.510466,11.215373,8.5 99.510172,11.215032,9 99.508004,11.212003,10.25 99.507722,11.211603,11.25 99.507446,11.211131,10 99.506998,11.210487,8.5 99.506285,11.209518,8 99.505952,11.209071,7.25 99.505448,11.208362,10.75 99.505183,11.207985,10.75 99.501207,11.202386,9 99.499861,11.200514,11 99.497343,11.197023,7 99.497117,11.196753,6.5 99.496913,11.196541,6.5 99.48875,11.188537,13.5 99.484901,11.184772,14.5 99.484502,11.184345,16 99.484238,11.184035,18.5 99.483949,11.183662,21 99.483693,11.183309,19.75 99.483461,11.18297,16.75 99.479751,11.177287,20.5 99.477185,11.173367,22.25 99.476874,11.172875,20 99.476575,11.172309,17.5 99.476168,11.171375,15.75 99.476002,11.170849,16 99.475859,11.170297,14.75 99.475777,11.169823,14.25 99.475725,11.169491,14.75 99.47566,11.168916,15 99.475545,11.167556,15.25 99.475531,11.167377,15.25 99.475122,11.162388,12 99.475062,11.161741,12 99.474388,11.153371,11.5 99.473448,11.14277,8.25 99.473404,11.142395,9 99.473351,11.142058,9.25 99.473295,11.141762,10 99.473141,11.141026,12 99.472362,11.136667,10.25 99.472326,11.13643,10.75 99.472261,11.136121,11.5 99.470549,11.126675,13.25 99.468916,11.117894,16.75 99.468858,11.117566,18 99.468757,11.117114,18.75 99.46861,11.116645,19.5 99.468482,11.116284,17.25 99.468333,11.115924,14.5 99.468114,11.115447,13.25 99.466746,11.112945,9.75 99.466636,11.112734,10 99.460354,11.101258,12.5 99.458799,11.098425,11.25 99.458698,11.098251,11.5 99.458241,11.09742,13 99.457895,11.096849,11.5 99.450597,11.086816,14 99.449862,11.085789,13.5 99.447686,11.082828,12 99.443845,11.077476,20.5 99.432785,11.06238,24 99.431465,11.060044,25 99.430427,11.057448,23.75 99.429309,11.054754,26 99.428021,11.05144,18.5 99.427808,11.050948,21.5 99.427367,11.049914,25.25 99.427267,11.049702,25.5 99.427133,11.049471,25.25 99.424269,11.04513,27 99.422141,11.041943,27.75 99.420129,11.039053,28.25 99.417391,11.034937,24 99.416721,11.033944,24.5 99.415243,11.031755,23.5 99.414386,11.03047,25.5 99.412256,11.027278,29.5 99.412072,11.02701,28.5 99.401825,11.013541,29.5 99.397419,11.007967,31.75 99.393289,11.002525,33 99.39045,10.998846,31.25 99.390264,10.998607,31.25 99.37268,10.975629,43.25 99.372387,10.975142,43 99.372015,10.974324,43 99.371757,10.973549,41.5 99.370339,10.968329,41.25 99.370174,10.967831,39.75 99.369988,10.967381,39 99.369757,10.966916,39.5 99.369498,10.966468,39.75 99.365784,10.960581,44 99.364317,10.958286,46.75 99.3629,10.956034,45 99.362478,10.955354,45 99.35964,10.95089,51.25 99.359254,10.95035,52.75 99.358883,10.949935,53.75 99.358283,10.949339,54.25 99.351795,10.944141,59.75 99.351277,10.943661,62 99.350921,10.943241,61.25 99.350608,10.942835,63.25 99.350245,10.942263,64.75 99.347255,10.937391,72 99.346922,10.936728,75 99.346619,10.936008,74.25 99.346378,10.935348,76.75 99.34619,10.934559,80.25 99.345152,10.927014,86 99.34473,10.924256,90 99.344658,10.923399,88.25 99.344629,10.922601,91.25 99.344684,10.921883,93.5 99.344845,10.92102,94.5 99.34639,10.915491,96 99.347401,10.911768,96.75 99.347517,10.911088,97.5 99.347592,10.910351,98 99.347912,10.903211,90.75 99.347929,10.90239,92.25 99.347808,10.90173,91.75 99.347597,10.901156,85 99.34727,10.900642,84 99.346828,10.900093,81.75 99.346377,10.899716,80.5 99.345907,10.899394,79.25 99.34545,10.899034,79.5 99.345067,10.898611,80.25 99.3448,10.898141,82.75 99.344516,10.897479,86 99.344367,10.89663,88.75 99.344389,10.895801,89.75 99.344477,10.894187,95.25 99.344555,10.893527,98.5 99.344725,10.892798,99.75 99.345954,10.888702,82 99.346081,10.888064,85.5 99.346147,10.887464,87.25 99.346191,10.886834,88 99.346141,10.886089,87.25 99.346041,10.885395,83.25 99.345841,10.884629,78.5 99.344896,10.881977,83 99.343955,10.879465,80 99.343638,10.878714,83.25 99.342544,10.876898,86.25 99.342196,10.876353,90 99.341892,10.87575,92.75 99.341644,10.875052,93.75 99.341508,10.874308,96.75 99.341478,10.873928,96 99.341497,10.873552,93.75 99.341544,10.87312,92 99.341645,10.872633,91.25 99.341761,10.872258,90.25 99.341938,10.871789,89.25 99.34214,10.871066,89.75 99.344036,10.864455,84.75 99.344115,10.864002,85.25 99.345181,10.860294,77 99.348853,10.847386,63.75 99.348927,10.847078,64.5 99.34897,10.84676,65 99.348991,10.846459,65 99.348992,10.84615,65.25 99.348931,10.845584,66.25 99.348833,10.845126,67 99.348685,10.844654,68.5 99.34795,10.842962,64 99.347624,10.841976,57 99.347418,10.841,55 99.347289,10.840063,50.75 99.347314,10.838973,53.5 99.34751,10.837815,55 99.347847,10.836719,63.75 99.352567,10.823949,53 99.35274,10.823237,55.75 99.352864,10.822532,56.5 99.352921,10.821864,57 99.352943,10.821257,56.25 99.352912,10.820523,56 99.352798,10.819753,56.5 99.352649,10.819057,55.5 99.352404,10.818281,53.75 99.352053,10.817468,53 99.351627,10.816672,50.25 99.34995,10.814234,45.25 99.349595,10.81363,46.25 99.349311,10.813019,46.75 99.349094,10.812472,48.25 99.348935,10.811875,49 99.348828,10.811386,49.5 99.348747,10.810851,49 99.348515,10.808175,41.75 99.348017,10.802427,41.75 99.347965,10.801998,41.5 99.347891,10.801446,40.5 99.347794,10.800905,38.5 99.347694,10.80043,36 99.347595,10.800061,33.5 99.347324,10.799133,34.5 99.346914,10.798155,38.25 99.346741,10.797811,39.25 99.346493,10.797401,41.5 99.346221,10.797049,44.25 99.345941,10.796772,41.75 99.344657,10.795647,40.5 99.344292,10.795242,41.5 99.344028,10.794911,42 99.34334,10.793954,40.5 99.342954,10.793399,40.25 99.342754,10.793037,38.75 99.342578,10.792619,37 99.342418,10.792047,36 99.342338,10.791416,35.25 99.342218,10.789306,32.75 99.342174,10.788677,32.75 99.342125,10.788151,31.75 99.342029,10.78772,29.75 99.341284,10.785543,32 99.341079,10.785019,33 99.340887,10.784598,33.5 99.340623,10.784122,34.75 99.339451,10.782351,34 99.339161,10.781846,30.75 99.338875,10.781272,28.75 99.338648,10.78071,27.5 99.338487,10.780176,26.75 99.338354,10.779672,25.75 99.338247,10.779065,25 99.338185,10.778415,26.75 99.338192,10.777784,27.75 99.338223,10.777221,27.5 99.338304,10.776574,25.75 99.339972,10.768469,19.5 99.340152,10.767513,23.25 99.340246,10.766478,28 99.340152,10.764979,24.5 99.339903,10.76389,24 99.339598,10.762967,23.5 99.33922,10.762113,23 99.338288,10.760735,23.75 99.337508,10.759842,22 99.336685,10.758995,17.5 99.336067,10.758202,16.5 99.335519,10.757063,16.5 99.335145,10.755831,21.75 99.334994,10.754864,16.75 99.334674,10.752439,16.25 99.334331,10.749773,14.25 99.334248,10.749063,13.75 99.33387,10.74611,13.25 99.333715,10.745215,13 99.33347,10.744439,11.5 99.333254,10.743833,10.75 99.332863,10.743069,11.75 99.330647,10.739201,11.25 99.330539,10.739016,10.75 99.330182,10.738224,9.5 99.329933,10.737497,9 99.329746,10.736565,11.75 99.329481,10.735071,17.5 99.329305,10.734431,18.75 99.32908,10.733866,19.75 99.328852,10.733422,20.25 99.326019,10.729057,14.25 99.324305,10.726399,13.75 99.321467,10.722028,10.25 99.320736,10.720649,13.25 99.319233,10.71749,15.75 99.319193,10.717404,15.75 99.318822,10.716597,14.5 99.318619,10.716057,12.5 99.318456,10.715618,12 99.315921,10.710181,12.5 99.315735,10.709865,13 99.315067,10.708445,11.25 99.314784,10.707966,11.25 99.314372,10.70705,11 99.312309,10.699824,12 99.31212,10.699179,11 99.31162,10.698199,11.25 99.310936,10.697228,11 99.310578,10.696806,10 99.310252,10.696458,9.75 99.307535,10.69406,11.5 99.301096,10.688313,10.25 99.299259,10.686684,10 99.297942,10.685493,19.25 99.294726,10.682618,23.75 99.293634,10.681564,23 99.290908,10.678544,28.5 99.288329,10.6757,33.25 99.285976,10.67312,37.75 99.285599,10.672627,39 99.285276,10.672137,39 99.284652,10.671013,40.75 99.283051,10.667793,43 99.277455,10.656397,41.5 99.276886,10.655627,39.75 99.275929,10.654611,40 99.274043,10.652612,41 99.272392,10.650871,41.25 99.272009,10.650466,41.25 99.270829,10.649178,42 99.270338,10.648743,42.75 99.269928,10.648456,41.5 99.269458,10.648253,41.25 99.268987,10.648141,41.5 99.2685,10.648083,41.75 99.267523,10.648079,41 99.267053,10.648061,40 99.266592,10.647996,38.75 99.266152,10.647885,38 99.265661,10.647681,37 99.265369,10.647509,36.5 99.264885,10.647174,37.75 99.254799,10.637588,24.25 99.254529,10.637295,24.25 99.254266,10.636997,24.25 99.253979,10.636628,23.75 99.250362,10.631841,24.75 99.246748,10.627109,29 99.244803,10.623861,25.75 99.242885,10.620571,22 99.24272,10.620274,22 99.242562,10.619947,21.75 99.242437,10.61964,22.25 99.242336,10.619342,22.5 99.241496,10.616465,26.25 99.241046,10.614955,25.75 99.240791,10.614087,28 99.240434,10.612943,29 99.240164,10.612284,28 99.239801,10.611515,27.5 99.238937,10.609703,27.5 99.236554,10.604693,28 99.234148,10.599501,24 99.233833,10.59885,28 99.233492,10.598289,35 99.233171,10.5978,33 99.232628,10.597076,30.5 99.232383,10.596796,29.75 99.232106,10.596542,30.25 99.230417,10.595195,23.5 99.228288,10.593649,24.75 99.227837,10.593307,24.75 99.22739,10.592911,24.75 99.227021,10.592534,23.75 99.226576,10.592024,22 99.226008,10.591237,21.5 99.222803,10.586045,23.5 99.216373,10.575378,17.5 99.214892,10.572804,15 99.21466,10.572367,14 99.214417,10.571817,14 99.214222,10.571318,15.75 99.21408,10.570808,17.75 99.21398,10.570371,19 99.213906,10.569951,20.5 99.213834,10.56937,22 99.213792,10.568826,22.25 99.213809,10.568303,22 99.213844,10.567772,20.5 99.215176,10.553098,17.5 99.215684,10.547206,11 99.215966,10.543941,8.75 99.215988,10.543286,8 99.215799,10.54239,8.25 99.215564,10.541618,11.25 99.215175,10.540921,11.75 99.21474,10.540322,13.75 99.214243,10.539813,15.75 99.213549,10.539251,17.25 99.213038,10.538949,16.75 99.212504,10.538686,16 99.210751,10.53787,14.75 99.210745,10.537867,14.75 99.208416,10.536784,15.75 99.206148,10.535728,15.5 99.205339,10.535352,15.25 99.203801,10.534639,14.5 99.203484,10.534468,15.25 99.203132,10.534234,16.5 99.202759,10.533956,17.75 99.202489,10.533713,18.5 99.20225,10.533468,18.75 99.201844,10.532947,19 99.201468,10.532394,21.25 99.201164,10.53177,23.75 99.201006,10.531214,22.75 99.200917,10.530742,21.25 99.200848,10.530019,18 99.200808,10.528782,13 99.200703,10.528018,11.75 99.200588,10.527434,12.25 99.200373,10.526885,12 99.200174,10.526495,11.5 99.199837,10.525879,9.75 99.199386,10.525328,9.75 99.198545,10.524622,8.75 99.196711,10.523506,7.5 99.195789,10.522822,8.75 99.189649,10.516729,7.75 99.189251,10.516318,7.75 99.182994,10.510163,8 99.17995,10.507155,9 99.179425,10.506668,8.5 99.179217,10.506462,9 99.175818,10.503102,8.5 99.174391,10.5017,8 99.173636,10.500958,9 99.172553,10.499887,9 99.172294,10.499632,9.75 99.170476,10.497836,8.25 99.170264,10.497622,6.75 99.169772,10.497147,6.5 99.169682,10.49706,7 99.167073,10.494407,10 99.166792,10.494067,9.25 99.166541,10.493743,8.75 99.166279,10.493339,8 99.16606,10.492978,8 99.165768,10.492467,8.75 99.164862,10.49088,7 99.162429,10.486584,10.25 99.162274,10.486309,10.75 99.158208,10.4791,9 99.157995,10.478722,9.5 99.156606,10.476241,10.5 99.155565,10.474408,7.25 99.155165,10.473698,7.25 99.154165,10.471914,7.5 99.153825,10.471327,7.5 99.153694,10.471084,7.25 99.153548,10.470782,7.25 99.153413,10.470472,7.25 99.153315,10.470217,7.25 99.151173,10.464385,5.75 99.151006,10.463907,5.5 99.149218,10.4588,6.25 99.148116,10.45569,16.75 99.147973,10.455252,17.75 99.147786,10.45482,19 99.14763,10.454503,20 99.147432,10.454189,21.25 99.147224,10.453889,22.75 99.146827,10.453424,23.75 99.1465,10.453105,25 99.146095,10.452803,26.5 99.144291,10.451692,26.25 99.143863,10.451422,26.25 99.143478,10.451112,25.75 99.143113,10.450764,24 99.142784,10.450377,22.75 99.142523,10.450022,21 99.142262,10.449588,22 99.142077,10.449228,21.75 99.141929,10.448872,20.75 99.141775,10.448303,20 99.1414,10.446451,20.5 99.138614,10.432311,11 99.138383,10.43084,9.75 99.138318,10.430424,9.5 99.137112,10.421854,11.75 99.136862,10.420078,10.75 99.136709,10.418799,12.5 99.136665,10.418016,11.5 99.136664,10.417086,10.5 99.136705,10.413553,9 99.136707,10.413359,9 99.136743,10.41007,7 99.136759,10.409797,7 99.136951,10.408217,8.75 99.13721,10.406367,8.75 99.137332,10.405484,8.5 99.13774,10.402524,11.25 99.13806,10.400209,11.25 99.13872,10.395427,17.25 99.138758,10.395014,17.25 99.138757,10.394527,18 99.13872,10.393984,18 99.13863,10.393404,16.25 99.13853,10.392956,16 99.138376,10.392524,16 99.138225,10.392126,17.25 99.137999,10.391692,18 99.137713,10.39123,16.5 99.137141,10.390472,13.75 99.136069,10.389305,17.75 99.135751,10.388861,18.25 99.135428,10.388276,17 99.135185,10.387568,14.75 99.135074,10.386875,13.25 99.135054,10.38648,12.75 99.13513,10.38448,18.75 99.135103,10.384077,19 99.135046,10.38366,19 99.134947,10.383242,19 99.134796,10.382856,19.5 99.1346,10.382452,20 99.134206,10.381816,18 99.133533,10.381059,17.25 99.133066,10.380533,15.25 99.132667,10.380036,14.75 99.132372,10.379495,13.75 99.132188,10.379113,13 99.131921,10.378249,13.5 99.131784,10.377133,13 99.131606,10.375422,21.5 99.131198,10.370904,21.25 99.130909,10.367731,24.25 99.130802,10.366624,20.75 99.130695,10.365805,17 99.130148,10.363811,21 99.129781,10.362883,18.5 99.129289,10.361927,18 99.128784,10.361195,20.75 99.127811,10.360148,25.5 99.126803,10.359276,25 99.123456,10.356716,14 99.123096,10.356383,12.75 99.122575,10.355842,11.75 99.12217,10.35516,9.25 99.121875,10.354391,8 99.120792,10.350596,11 99.120341,10.349013,13.25 99.119725,10.346998,12.25 99.119062,10.344901,15.75 99.118924,10.344425,16 99.118754,10.343938,15.75 99.118286,10.342864,14.5 99.116258,10.338361,10.25 99.113557,10.332461,8.5 99.113225,10.331699,9.25 99.111617,10.32821,10.25 99.110969,10.326875,11.25 99.109932,10.324556,11.25 99.109788,10.324234,11.75 99.107825,10.319936,9.75 99.107276,10.318815,9.5 99.107093,10.318463,8.5 99.106882,10.318108,7.5 99.106628,10.317747,7.25 99.106361,10.317394,8.25 99.103701,10.314116,9 99.102369,10.312528,8.5 99.101843,10.311844,9.5 99.101535,10.311416,9.25 99.101177,10.310896,10.5 99.100776,10.310298,9.5 99.099919,10.30892,8 99.099629,10.308414,8.75 99.099356,10.307863,8 99.099071,10.307153,7.25 99.098775,10.306301,8.25 99.098313,10.304506,7.5 99.095072,10.293794,11.75 99.094675,10.292529,12.75 99.094559,10.292089,12.75 99.094486,10.291655,12.5 99.094463,10.291386,12.5 99.094467,10.2909,12.25 99.094494,10.290611,12 99.094888,10.28698,15.5 99.095037,10.285174,18.25 99.095106,10.284607,19 99.095188,10.284021,18.5 99.09529,10.283417,19 99.095413,10.282933,20.25 99.095549,10.282507,21.25 99.09573,10.282025,20.75 99.095931,10.281603,20.25 99.096136,10.281151,19.5 99.096173,10.281069,19.25 99.096462,10.280432,18.5 99.096634,10.280034,18 99.096871,10.279446,18.25 99.09703,10.278914,18 99.097161,10.278324,18 99.097312,10.277306,17 99.097565,10.274266,14 99.0984,10.263981,10.25 99.098435,10.263552,8.75 99.099326,10.251935,9 99.099398,10.25117,8.25 99.09955,10.250303,8.25 99.099739,10.249563,8.5 99.099941,10.248935,7.75 99.100362,10.247948,7.25 99.10072,10.24729,8 99.101415,10.246046,8.75 99.101714,10.245506,9.5 99.102516,10.244055,9.75 99.102689,10.243696,8.75 99.102848,10.24334,8 99.103036,10.242849,9 99.103171,10.242418,9.25 99.103655,10.240721,8.5 99.103743,10.240411,8.5 99.103942,10.23966,7.75 99.104123,10.238932,7.5 99.104849,10.236326,9 99.10553,10.233763,10.25 99.106543,10.230028,8.75 99.108374,10.223137,14.75 99.108594,10.222076,13.5 99.108679,10.221419,13.5 99.108711,10.220875,14.25 99.108694,10.220254,14.25 99.108645,10.219602,14 99.107775,10.211875,5.5 99.107633,10.210397,6.25 99.107578,10.209717,6 99.107505,10.208366,8.75 99.106869,10.193627,6.75 99.106115,10.174512,5.75 99.105882,10.16952,4.75 99.105763,10.166822,9.25 99.10564,10.164116,6 99.10521,10.154439,8 99.104183,10.136712,9 99.104092,10.13516,11.75 99.103925,10.132305,8.75 99.103921,10.132214,8.75 99.103431,10.123629,8 99.103353,10.122388,8.5 99.102546,10.108798,7 99.10191,10.097482,8.25 99.102049,10.095516,6.75 99.102114,10.094974,6.25 99.102223,10.094327,7.5 99.102467,10.091487,10 99.102593,10.090323,8.25 99.102609,10.089752,6.5 99.102708,10.088992,5 99.102714,10.087933,9 99.102654,10.087384,10.75 99.102562,10.086752,8.25 99.101893,10.084193,8 99.101751,10.083598,7 99.101088,10.081144,11.5 99.100585,10.079234,10.25 99.099964,10.076781,9.25 99.099879,10.076508,8.75 99.099737,10.076143,8.75 99.099601,10.075834,8.5 99.099441,10.075504,8.5 99.095779,10.068804,15.75 99.095586,10.068363,18 99.095424,10.067874,15.75 99.09527,10.067304,14.25 99.095115,10.066591,14.75 99.09339,10.055975,19.5 99.093292,10.055408,20.25 99.093236,10.054908,21.75 99.093211,10.054499,22.5 99.093201,10.053989,22.75 99.093262,10.043893,13.5 99.093267,10.041358,12.5 99.093289,10.031174,13.25 99.093289,10.031074,13 99.0933,10.027087,11.75 99.093289,10.026755,11 99.093263,10.026323,10.5 99.093098,10.024058,8 99.092452,10.015547,7.25 99.09244,10.015367,6.75 99.0924,10.01473,6 99.092264,10.013114,7.25 99.09219,10.012609,8.5 99.092107,10.012218,9.25 99.091985,10.011794,9 99.09182,10.011297,8.75 99.091263,10.009838,10.25 99.090804,10.008553,7 99.090432,10.007531,9.75 99.090197,10.006909,9.25 99.090169,10.006833,9.25 99.088641,10.002788,6.75 99.088266,10.001808,8 99.08802,10.001205,11.25 99.085472,9.994593,8.75 99.085375,9.994354,9 99.084984,9.99334,7.75 99.084517,9.992159,11.25 99.084428,9.991918,11.75 99.084299,9.991529,11 99.084115,9.990776,8 99.084049,9.990403,9.5 99.084001,9.990002,10.75 99.08359,9.98524,12.75 99.083521,9.984674,14.25 99.083445,9.984135,15 99.083337,9.98354,15.75 99.083238,9.983092,16 99.083111,9.982642,16.5 99.082665,9.980983,13 99.081454,9.976702,13.25 99.080445,9.97306,13.75 99.080327,9.972534,14.5 99.080249,9.972007,13.5 99.080208,9.971361,13.25 99.08022,9.970868,14.25 99.080239,9.970463,13.25 99.080325,9.969838,12 99.08074,9.967639,18 99.0827,9.958736,17.5 99.082808,9.9582,17.5 99.082894,9.957654,17.75 99.082933,9.957226,17.5 99.082928,9.956847,17 99.082883,9.956469,16.5 99.082809,9.956123,15.75 99.082716,9.955773,15 99.082632,9.955526,15.25 99.082523,9.955277,15.5 99.082385,9.954988,16.25 99.082246,9.954751,16.75 99.082074,9.954503,16.5 99.08188,9.95424,15.75 99.081679,9.954017,14.5 99.081461,9.953796,13 99.08119,9.953547,10 99.08024,9.952738,12.5 99.079394,9.952,14 99.078768,9.951414,14 99.076418,9.949288,13.5 99.075071,9.94811,12.5 99.074732,9.947702,12.5 99.074411,9.947208,12 99.074174,9.946722,12 99.073966,9.94613,12.5 99.073869,9.945747,12.75 99.073802,9.945329,11.75 99.073743,9.94437,12 99.073608,9.94238,12.5 99.071891,9.919804,16.5 99.071336,9.91259,16.75 99.071309,9.911758,15 99.071378,9.910973,16.75 99.073206,9.900969,20 99.073956,9.896868,22.75 99.073995,9.896352,23 99.073998,9.895958,23.25 99.073982,9.895567,23.5 99.073189,9.886438,16.5 99.073185,9.885885,15.75 99.073246,9.885165,15.75 99.073372,9.884458,15.25 99.073544,9.883762,15.5 99.074268,9.880763,17.5 99.074621,9.879497,18.25 99.074897,9.87854,17 99.074945,9.878371,17 99.075063,9.878,16.5 99.078136,9.867726,15 99.078913,9.862719,19.75 99.080501,9.852494,22 99.081106,9.848487,24.75 99.082902,9.83708,23.5 99.083958,9.832171,18 99.083978,9.83208,18.25 99.089831,9.804902,20.5 99.089969,9.804286,19.25 99.090226,9.803195,21.75 99.090504,9.802288,21 99.090729,9.801785,18.75 99.091122,9.801084,19 99.091521,9.800465,21 99.091876,9.800038,21.25 99.092296,9.799592,23 99.092928,9.799082,22 99.093869,9.798483,18 99.100199,9.794627,19.75 99.100569,9.794383,20.25 99.100862,9.794153,19.75 99.10116,9.793869,19.75 99.101456,9.793537,19.25 99.101695,9.793171,18.25 99.101892,9.792815,17.5 99.102066,9.792451,16.75 99.102173,9.792155,16.25 99.102382,9.79132,13.5 99.1026,9.790398,13 99.102989,9.788882,16.5 99.103279,9.788099,18.5 99.103539,9.787555,23.25 99.103879,9.786911,23 99.104848,9.785322,23.25 99.105153,9.784768,23 99.105443,9.784167,21.25 99.10573,9.783379,19.5 99.105954,9.782562,21 99.106927,9.778304,19.75 99.107195,9.777076,17.25 99.107713,9.774714,18.25 99.108323,9.772153,17.25 99.108803,9.770076,18 99.108843,9.769899,18 99.110524,9.762664,19.75 99.112049,9.755859,21.25 99.116674,9.735978,13.25 99.116788,9.735598,13 99.116964,9.735094,12.75 99.117184,9.734532,13.75 99.121847,9.723504,13.75 99.12299,9.72077,11.5 99.123887,9.718658,12.25 99.124904,9.71623,10 99.144146,9.670761,15 99.144858,9.669078,16 99.145902,9.666608,16.75 99.147016,9.663973,13.25 99.14855,9.660345,14.25 99.148671,9.660011,14.75 99.148797,9.659561,15.25 99.149402,9.657161,14.5 99.14954,9.656615,14 99.151791,9.647694,14 99.151897,9.647275,13.75 99.154396,9.637658,16.75 99.155148,9.634762,17 99.155701,9.632634,15.5 99.155841,9.632127,15.25 99.15589,9.631937,15.75 99.156723,9.628737,15.75 99.158276,9.622775,12 99.158306,9.622658,12 99.15873,9.621029,13.25 99.158781,9.620814,12.75 99.158842,9.620523,13.75 99.1589,9.620201,14.5 99.158949,9.619866,15.5 99.159452,9.615598,15.75 99.160674,9.604623,14.5 99.162031,9.59266,14.75 99.163544,9.579081,17.5 99.163611,9.578487,18 99.164623,9.569504,12.5 99.164662,9.569157,12.25 99.164739,9.568474,12.5 99.165051,9.565645,13.5 99.165321,9.563352,13.75 99.166003,9.558243,13.25 99.166497,9.555013,15.5 99.167625,9.546711,12.5 99.167885,9.545219,13 99.168525,9.540629,8.75 99.169237,9.535931,8.75 99.169821,9.532182,5.75 99.169886,9.531777,5.75 99.172171,9.517039,8.5 99.173145,9.510792,9.75 99.174498,9.502088,10.75 99.177842,9.48042,13 99.178937,9.473306,12.25 99.179341,9.470684,13.75 99.179696,9.468362,13.5 99.17981,9.467619,14.25 99.181983,9.453435,14.5 99.183028,9.446816,14.75 99.184781,9.435722,11.5 99.189173,9.407973,13.25 99.189289,9.407471,14.25 99.189403,9.407041,14.25 99.189552,9.406589,14.25 99.189753,9.406066,14.25 99.190027,9.405471,13.5 99.190369,9.40487,13.25 99.19075,9.404307,14 99.192525,9.401943,12.5 99.192856,9.401436,12.25 99.193124,9.400943,11.25 99.193402,9.400284,9.75 99.193608,9.399576,10 99.193723,9.3989,11 99.193987,9.39718,10.5 99.194026,9.396931,10.25 99.194806,9.391854,7.25 99.194933,9.391026,9.25 99.195327,9.388465,13.75 99.195708,9.385985,11 99.195742,9.385765,10.75 99.196215,9.382686,9.25 99.196246,9.382472,9.25 99.196768,9.378835,8.75 99.198568,9.366301,6 99.198601,9.366068,6 99.199638,9.358847,5.5 99.199713,9.358327,5.5 99.199975,9.356499,6 99.2008,9.350755,8.5 99.20094,9.349788,6.75 99.201176,9.347536,7.25 99.201606,9.343433,6.5 99.201627,9.34323,6.25 99.201641,9.343098,6.75 99.202144,9.338306,5.75 99.20279,9.332144,12.5 99.202867,9.331528,13.25 99.203023,9.330776,11.75 99.203201,9.330135,11.5 99.204879,9.325684,8 99.205053,9.325164,7 99.205169,9.32463,6.75 99.205632,9.320972,8 99.207154,9.304412,5.25 99.207967,9.296286,8.75 99.207986,9.295778,7.75 99.207944,9.295221,9 99.207903,9.294893,9 99.207837,9.294528,8.25 99.207716,9.294095,7.75 99.207687,9.294002,7.75 99.206075,9.288795,8.25 99.20591,9.28828,5 99.205715,9.287813,5.75 99.205383,9.28709,5.75 99.201618,9.27974,6.75 99.200814,9.278046,4.25 99.199423,9.275341,5 99.198399,9.273308,6.75 99.197533,9.271575,5.75 99.196814,9.270135,3.5 99.196439,9.269464,5 99.195743,9.268087,7 99.193337,9.263359,6 99.193062,9.262704,7 99.192853,9.261949,7.25 99.192676,9.261195,7.75 99.192426,9.259109,7.75 99.192236,9.257638,8.5 99.192129,9.256839,8 99.191978,9.256136,8.75 99.191745,9.25546,9.25 99.191441,9.254769,10 99.186902,9.246963,7 99.186789,9.246772,7 99.183485,9.241101,5.5 99.177013,9.230019,4.75 99.166236,9.211537,7.25 99.165995,9.211107,7 99.164627,9.20878,6 99.163294,9.20647,5 99.160164,9.201201,3.5 99.157638,9.196874,5.5 99.157556,9.196677,5.75 99.157061,9.195489,5 99.156958,9.195173,5.5 99.156663,9.193929,6.25 99.15662,9.193607,6.5 99.156604,9.192781,6.25 99.156709,9.188246,7.75 99.156804,9.185103,6.5 99.157135,9.174186,6.5 99.15724,9.171057,8.25 99.157339,9.170136,7.75 99.157512,9.169257,7 99.158079,9.167717,9.75 99.158999,9.165401,7.25 99.160079,9.16277,5.5 99.162018,9.158072,7.5 99.163021,9.155336,7.25 99.167074,9.145478,5.75 99.167124,9.145351,6 99.167461,9.144539,8 99.167954,9.143718,9 99.16843,9.143055,8.25 99.169007,9.142425,6 99.169666,9.141853,6.5 99.170442,9.141321,5.75 99.174221,9.138894,6 99.181426,9.134171,5.5 99.19463,9.125575,6.75 99.198457,9.123107,7.25 99.201617,9.12104,6.25 99.204713,9.119048,7 99.210831,9.115029,10 99.211134,9.114834,9.25 99.211654,9.114529,8.25 99.212124,9.114283,7.25 99.212587,9.114066,6.75 99.213065,9.113887,7.5 99.213578,9.113718,7.25 99.214041,9.113596,5.5 99.214487,9.113498,5 99.214964,9.113433,5 99.215391,9.113386,5.75 99.215936,9.113341,7 99.217491,9.113247,8 99.217641,9.113238,8 99.222757,9.11293,8 99.224621,9.112821,5 99.225124,9.112757,6.25 99.225995,9.112579,7.75 99.226332,9.112466,7.25 99.226575,9.112355,7.25 99.226866,9.112196,7.5 99.227215,9.111994,7.25 99.227585,9.111719,7 99.227857,9.111468,7.25 99.228089,9.111188,7.25 99.228274,9.110915,7 99.228431,9.110661,7 99.228585,9.110321,7.5 99.228677,9.109955,8 99.229193,9.10804,6.25 99.229269,9.107677,6.75 99.229377,9.107324,7.25 99.229543,9.106729,7.75 99.230741,9.102234,8.5 99.230902,9.101602,9.5 99.231035,9.101132,11 99.231094,9.100892,12 99.23121,9.100559,12.5 99.231341,9.100268,12.75 99.231519,9.099969,12.5 99.231707,9.099725,11.75 99.231893,9.09954,11 99.232215,9.0993,9.75 99.233403,9.098575,10 99.233722,9.098347,9.75 99.234005,9.098088,9.5 99.234263,9.097749,9.25 99.23509,9.096301,10.75 99.235293,9.096005,11.5 99.235736,9.095516,11.25 99.236005,9.095283,11.5 99.236256,9.095086,11.25 99.236541,9.094888,11.25 99.236842,9.094719,12 99.237172,9.094576,12.5 99.23751,9.094446,12.25 99.237908,9.094336,12.5 99.238259,9.094277,13 99.238612,9.094234,11.5 99.23897,9.094233,10.75 99.239279,9.094247,9.75 99.24037,9.094371,7 99.240714,9.09439,8 99.24108,9.094393,8 99.241397,9.09437,7.75 99.241771,9.094302,7.25 99.242107,9.094206,7 99.242486,9.094055,6.75 99.242852,9.093856,7.25 99.243172,9.093636,8 99.243439,9.093386,10.25 99.24371,9.093101,12.5 99.24396,9.092764,12.5 99.244169,9.092417,11.5 99.24669,9.087947,8.25 99.249179,9.083455,13.75 99.249542,9.082737,13 99.249708,9.082339,10.75 99.24986,9.081913,8.75 99.250047,9.081311,7.5 99.250162,9.080766,6.75 99.253648,9.061601,8.5 99.253906,9.060506,10.5 99.254052,9.060094,11.5 99.254867,9.058371,12 99.256001,9.055909,13 99.257166,9.05332,15.25 99.257411,9.05273,12 99.257658,9.052227,11 99.257954,9.051772,12.5 99.25832,9.051275,12.5 99.258717,9.050836,12.5 99.25915,9.050425,12.75 99.259602,9.050059,13 99.260162,9.049679,14 99.260716,9.049378,12.75 99.265691,9.046998,12 99.265997,9.04683,11.25 99.26626,9.046658,10.5 99.266528,9.046462,10.75 99.266785,9.04626,11.5 99.267018,9.046034,12 99.267257,9.045793,11.5 99.267488,9.045511,11.75 99.267678,9.04525,12.5 99.267863,9.044978,12.75 99.268019,9.044699,12 99.268261,9.044186,10 99.268356,9.043914,8.75 99.26843,9.043671,7.5 99.268507,9.04339,6.25 99.268585,9.04305,6.25 99.268635,9.042672,6.25 99.268649,9.042352,6.75 99.268493,9.037166,12 99.268484,9.036684,13 99.268489,9.03617,11.25 99.268546,9.035313,11.25 99.26873,9.03376,12.75 99.269664,9.026893,19.25 99.269715,9.026411,18.75 99.269726,9.025909,18 99.269707,9.021376,17.5 99.269648,9.016315,19.75 99.269641,9.010271,24.75 99.26964,9.009441,26 99.269663,9.008784,26 99.26969,9.008406,25.75 99.269764,9.007825,26 99.269865,9.007301,26.25 99.270004,9.006742,24.25 99.270439,9.005629,25.5 99.270587,9.005294,27.5 99.271079,9.004411,28.25 99.271393,9.003964,27.5 99.271758,9.003474,25.25 99.275053,8.999481,18.75 99.275152,8.999362,18.75 99.275776,8.998607,22.5 99.276153,8.998179,25 99.276502,8.997814,26 99.27686,8.997475,24.75 99.277368,8.997068,24 99.277912,8.996676,22 99.281894,8.993902,10 99.285379,8.991475,8.5 99.288078,8.989595,7.75 99.288258,8.989469,8.25 99.29008,8.9882,9.5 99.290555,8.987856,10.5 99.290966,8.987524,11.5 99.291369,8.987145,13 99.291768,8.986696,14.75 99.292065,8.986311,16 99.29234,8.985885,15.75 99.292583,8.985434,15.25 99.292774,8.98503,15.25 99.292928,8.984622,15 99.293049,8.984246,13.75 99.293171,8.983793,13.5 99.293269,8.983375,14 99.293324,8.982981,14.25 99.293355,8.982642,14.75 99.293601,8.978952,13.75 99.293747,8.977329,15.25 99.293977,8.973437,11.25 99.294075,8.972072,13.75 99.294096,8.97178,15 99.294107,8.971553,15.75 99.294509,8.965279,20.75 99.295482,8.950122,19 99.29549,8.949952,19 99.295571,8.949245,19 99.295683,8.948415,18.5 99.295833,8.947652,18.75 99.299365,8.933642,18.75 99.299479,8.933191,19 99.30123,8.926246,22.5 99.301423,8.925476,22 99.302119,8.922702,22 99.302708,8.920375,21.75 99.302745,8.920227,21.75 99.303902,8.915649,24.25 99.304208,8.914178,24 99.304413,8.913058,23.5 99.304481,8.912687,23.75 99.307571,8.895779,27 99.307758,8.894752,27 99.307835,8.894318,27.25 99.30789,8.893855,27.75 99.307931,8.893435,28.75 99.307949,8.893025,29.25 99.307952,8.892689,29.5 99.30794,8.892277,29 99.307887,8.891668,28 99.307853,8.891257,28 99.307806,8.890488,27.25 99.307819,8.889999,26 99.307849,8.889765,26.75 99.307887,8.889594,27.25 99.307937,8.889428,27.5 99.308002,8.889225,28 99.308071,8.889041,27.75 99.308203,8.888775,27.25 99.308491,8.888364,26.75 99.308825,8.887976,26 99.30961,8.887261,25 99.31004,8.886865,24.5 99.310406,8.886505,25.5 99.311957,8.885201,28 99.312321,8.884955,29.75 99.31297,8.884403,30.25 99.313341,8.884139,28 99.313768,8.883784,29.75 99.314093,8.883477,29.25 99.314343,8.883219,29.25 99.314616,8.882926,29.75 99.314974,8.882575,30 99.315426,8.882062,32 99.321062,8.874419,30.5 99.329689,8.862606,36.5 99.339875,8.848811,28 99.348526,8.837175,41 99.349376,8.836032,43.5 99.349879,8.835342,44.75 99.351768,8.832756,45 99.353607,8.830225,47 99.356101,8.826899,51.25 99.356677,8.825982,48.75 99.356928,8.825408,49 99.357155,8.824815,49 99.357356,8.824189,50.75 99.358309,8.82106,44 99.358539,8.820238,46.5 99.358733,8.819042,50.5 99.358794,8.818285,48.75 99.358795,8.817278,50 99.358725,8.816545,50.75 99.358051,8.812133,48.25 99.358027,8.811793,47.75 99.358014,8.8114,47.25 99.358035,8.811044,47 99.35808,8.810755,46.75 99.35815,8.810464,46.25 99.358272,8.810148,45.5 99.3585,8.809712,45.5 99.358756,8.809315,45.25 99.358975,8.809078,43.75 99.359738,8.808322,38.75 99.360788,8.807428,39 99.361395,8.806806,38.5 99.361547,8.806637,38.25 99.361756,8.80637,38 99.361893,8.806163,38.5 99.362025,8.805888,38.75 99.362125,8.805639,39.25 99.362231,8.805313,39.75 99.36228,8.805028,39.75 99.3623,8.8049,40 99.36233,8.804471,40 99.362313,8.803647,40 99.362263,8.803259,40.25 99.362136,8.799781,38 99.362169,8.799299,39 99.362123,8.797687,39.5 99.36161,8.779963,35 99.361299,8.770142,36.75 99.36111,8.763316,38.75 99.361066,8.761268,36 99.361026,8.760738,37.5 99.360885,8.759742,43.75 99.360769,8.759164,44.5 99.358503,8.749497,30.25 99.357569,8.745599,36.25 99.355003,8.734932,44.75 99.354861,8.734135,47 99.354792,8.733491,45 99.353668,8.715609,31.25 99.353641,8.715146,32.5 99.35362,8.714591,33.25 99.353564,8.712351,33 99.353562,8.712159,33.25 99.353523,8.710291,38 99.35357,8.709893,39.25 99.353567,8.705473,30.75 99.353522,8.705166,30.5 99.353488,8.699532,27 99.353398,8.690658,29.25 99.353417,8.689612,31 99.353473,8.688926,33.75 99.353627,8.687774,35.25 99.35571,8.674344,29.25 99.35707,8.665541,25.5 99.357192,8.66481,26.5 99.35734,8.664198,25.75 99.357515,8.663663,25.5 99.357785,8.663018,26.25 99.360625,8.657014,26.75 99.36365,8.650644,33.25 99.366753,8.644137,34 99.369894,8.637478,36 99.370482,8.636243,36.5 99.370872,8.635471,36 99.371167,8.635042,36 99.372427,8.633594,37.75 99.374221,8.631531,36.5 99.374571,8.631123,35.75 99.374839,8.630834,35.75 99.374963,8.630706,36.5 99.375442,8.630178,39 99.375812,8.629826,39 99.376204,8.62948,38.75 99.376584,8.629173,38 99.376971,8.628885,38.25 99.381595,8.626044,36.25 99.3837,8.624772,38.75 99.384062,8.624553,40.25 99.384822,8.624069,42.5 99.385724,8.623529,43 99.386403,8.62309,40.25 99.386743,8.622811,39.25 99.38734,8.622249,38.75 99.389151,8.620264,46.75 99.389655,8.619732,49.5 99.390257,8.619234,50 99.391649,8.61822,45.25 99.396707,8.614589,50.75 99.399212,8.612878,57.25 99.405261,8.608389,48.25 99.405669,8.608092,49.75 99.405849,8.607923,51.75 99.40601,8.60776,52.75 99.406276,8.607428,54.75 99.409507,8.603414,59.25 99.411726,8.600651,55.75 99.411944,8.600402,57.75 99.412202,8.60014,58 99.412496,8.599894,57.25 99.413139,8.599338,57 99.419031,8.594925,57.25 99.419143,8.594842,57.5 99.419536,8.594578,58.75 99.421265,8.593254,60 99.423932,8.591272,57.25 99.424068,8.591168,57 99.424156,8.591106,56.75 99.425646,8.589951,54.25 99.42613,8.589608,55 99.427986,8.588474,58.5 99.432629,8.585628,64.5 99.439505,8.581488,64.5 99.440705,8.580678,67.5 99.441591,8.57997,68.5 99.442356,8.579243,70.75 99.443252,8.578212,67.5 99.443532,8.577855,67.5 99.44381,8.577432,68.75 99.446583,8.573581,60 99.447129,8.572893,61 99.447523,8.572503,60.75 99.447961,8.572085,62.5 99.448543,8.571635,62.5 99.449342,8.571131,61.75 99.450131,8.570749,60.5 99.450277,8.570688,60.75 99.450439,8.570614,61.25 99.450733,8.570492,62.75 99.451157,8.570343,63.75 99.451575,8.570221,63.75 99.45211,8.570105,61.75 99.453071,8.569953,60 99.453615,8.569818,61.25 99.454242,8.56968,61.5 99.455043,8.569451,65.25 99.455607,8.569201,64 99.456179,8.568893,64.25 99.456674,8.568563,62.25 99.457167,8.568177,60.75 99.458146,8.567224,60.75 99.458397,8.566879,62 99.459586,8.564925,63.5 99.459807,8.564434,63 99.459949,8.564072,63.25 99.460044,8.563683,62.75 99.460134,8.563262,62.75 99.460191,8.562802,62 99.460955,8.555438,56.25 99.461055,8.554475,55.25 99.46111,8.554081,55 99.461238,8.553547,54.25 99.461311,8.553307,54 99.461425,8.553032,55.25 99.461574,8.552722,56.75 99.461733,8.552427,59.25 99.461937,8.55211,62 99.462634,8.551206,64 99.462771,8.55104,63.25 99.467148,8.54542,51.25 99.467504,8.544897,49 99.467767,8.544449,49.75 99.467993,8.54398,50.25 99.468171,8.543579,50.75 99.468319,8.543182,50.75 99.468484,8.542677,50.75 99.472718,8.527592,47.75 99.473372,8.525181,47.75 99.474032,8.522588,43.5 99.474335,8.521455,42 99.474426,8.521093,42.5 99.474495,8.520865,43 99.474599,8.520588,44 99.476348,8.516668,44.25 99.476414,8.516536,44.5 99.483641,8.500846,47.75 99.484417,8.498911,56 99.484512,8.498639,56.5 99.484588,8.498353,57 99.484638,8.498096,55.75 99.484755,8.497377,53 99.48481,8.496975,54 99.484892,8.495916,56.75 99.48492,8.495333,56.5 99.485427,8.4874,55.5 99.485535,8.486429,56.25 99.485641,8.485806,54.75 99.48587,8.485069,52.75 99.485958,8.484809,54.5 99.49057,8.471306,38 99.490958,8.470171,35.75 99.491943,8.467241,37 99.492611,8.465247,37.25 99.493256,8.463059,33.75 99.494199,8.460183,35.75 99.494837,8.458078,36.5 99.494966,8.457501,34.25 99.498111,8.43616,34.5 99.499239,8.428557,31.25 99.499354,8.427882,31 99.499606,8.427157,31 99.499952,8.426514,29.5 99.500464,8.425802,30 99.500869,8.425377,30.5 99.501408,8.424949,31.25 99.501721,8.424736,31.25 99.502437,8.424255,31.75 99.502949,8.42396,32.25 99.503555,8.423599,32.25 99.506559,8.421808,27.75 99.50666,8.421748,27.75 99.506987,8.421553,30.25 99.50736,8.421285,32.75 99.507862,8.420987,33.75 99.508368,8.420621,33.5 99.508821,8.420228,32.75 99.50927,8.419758,33.25 99.510426,8.418353,30.25 99.510828,8.417947,28 99.514111,8.413996,27.75 99.517587,8.409647,32.5 99.518357,8.408761,32 99.51971,8.407044,34 99.520195,8.406428,33.25 99.521922,8.404232,33.75 99.522591,8.40334,34.25 99.523297,8.402268,30.25 99.523378,8.402134,31.25 99.529046,8.392769,34.25 99.529631,8.392048,41 99.530333,8.39141,39.75 99.533277,8.38928,43 99.534161,8.388492,43 99.537367,8.385029,35.75 99.537852,8.384505,35 99.539308,8.382896,37.5 99.539588,8.38257,38.75 99.539829,8.382243,38.5 99.540089,8.381875,37.25 99.540342,8.381445,36.5 99.540459,8.381206,35.75 99.540966,8.380031,34.5 99.541182,8.37952,34 99.541554,8.378596,34 99.543158,8.374977,33.75 99.543404,8.374381,33.75 99.543477,8.374123,34.5 99.543596,8.373622,37.75 99.543665,8.373223,39.5 99.543787,8.372321,38.5 99.543809,8.371795,36.5 99.543772,8.371048,33 99.542367,8.363611,35.5 99.542275,8.36292,36.75 99.54224,8.362151,36.5 99.542264,8.361368,35.75 99.542411,8.360075,38 99.543325,8.351946,39.25 99.543644,8.349047,34.75 99.543671,8.348816,35.5 99.543876,8.347325,33.75 99.545173,8.335639,35.25 99.545992,8.328118,37.75 99.546019,8.327866,37 99.546231,8.325921,37.25 99.546359,8.325365,38 99.54651,8.324853,37.5 99.546666,8.324423,36.5 99.546895,8.323888,36.75 99.547654,8.322138,36.75 99.549018,8.318966,35 99.550332,8.315916,39.5 99.550565,8.315467,38.5 99.550762,8.315168,37 99.551062,8.314775,34.75 99.55148,8.314321,34.25 99.552111,8.313779,34.25 99.55252,8.313504,34.75 99.554113,8.312627,35.25 99.554648,8.312336,35 99.5554,8.311851,36.75 99.564574,8.30406,36.5 99.565281,8.303407,37.75 99.565847,8.302875,39.5 99.56629,8.302335,40 99.567831,8.300377,41.5 99.568156,8.299983,41.5 99.572623,8.294377,40.25 99.572741,8.294208,40.5 99.573629,8.293114,41.25 99.573759,8.292959,42 99.574979,8.291398,39.5 99.575339,8.290895,41.25 99.581338,8.281157,48.25 99.581807,8.280521,47 99.58218,8.280079,45.5 99.582776,8.279481,50.5 99.590758,8.272855,62.5 99.591262,8.272394,62.25 99.59185,8.271744,58.5 99.592303,8.271157,58 99.593446,8.269395,53 99.59407,8.268383,52.25 99.594368,8.267894,53 99.594586,8.267584,53.25 99.594924,8.267133,53.25 99.595258,8.26675,54.25 99.596032,8.265882,54.25 99.5981,8.263568,55 99.59817,8.26349,55.25 99.599081,8.262456,57.75 99.599382,8.262049,61.5 99.603692,8.255892,71.25 99.603978,8.255503,69.5 99.604275,8.255166,67.25 99.604852,8.254587,65.5 99.605464,8.254067,66 99.605936,8.25372,66.5 99.606884,8.253109,64.5 99.607263,8.252889,63.25 99.609395,8.251721,69.5 99.610118,8.251314,69.5 99.610753,8.250907,64.5 99.611227,8.250535,66 99.611777,8.25003,64 99.612129,8.249631,64 99.612543,8.249082,62.25 99.613717,8.247388,71.75 99.614069,8.246933,70 99.614465,8.246499,69 99.614884,8.246136,67 99.615472,8.245684,63.25 99.616064,8.245363,62.75 99.61764,8.244538,70 99.618153,8.24422,70.25 99.618556,8.243951,69.25 99.618939,8.243662,66.75 99.619286,8.243374,63.25 99.620017,8.242636,60.5 99.620351,8.242284,61 99.620638,8.241922,61 99.620864,8.241626,60 99.622227,8.240142,61 99.62332,8.238958,61 99.623607,8.238702,62 99.623938,8.238402,61.25 99.625062,8.237172,68.75 99.630149,8.230993,75.75 99.635212,8.224945,63.75 99.641306,8.21753,82 99.644093,8.214253,68 99.644946,8.213262,64.5 99.657277,8.198332,69 99.659929,8.195088,63.25 99.660074,8.194897,62.75 99.660196,8.19472,62.5 99.660332,8.194509,62.25 99.660493,8.194243,62 99.660674,8.193945,62.75 99.660915,8.193554,63.75 99.661111,8.193259,64 99.661306,8.192984,63 99.661543,8.192691,61.25 99.661787,8.192416,59.75 99.661994,8.192204,59.75 99.662374,8.191836,59.75 99.663009,8.191209,59.25 99.663077,8.191142,59.25 99.663352,8.190876,58 99.663546,8.190679,57.5 99.664056,8.190091,57 99.664135,8.189998,57 99.66868,8.184497,60.25 99.673477,8.178694,59.5 99.67592,8.175738,58.25 99.676403,8.175106,59 99.676703,8.174695,58.5 99.676997,8.174381,58.75 99.677419,8.173836,58.5 99.677465,8.173771,58.5 99.677667,8.173477,58.5 99.677727,8.173394,58.5 99.677935,8.173157,58.25 99.678158,8.172854,57.25 99.67842,8.172565,56 99.678596,8.172377,56 99.678798,8.172159,56 99.681257,8.168583,58 99.68181,8.16778,56.75 99.681981,8.167575,56.5 99.682078,8.167458,56.5 99.682307,8.167224,57.25 99.682434,8.167117,57.75 99.682706,8.166932,57.5 99.682845,8.166839,56.75 99.682971,8.166769,56.25 99.683102,8.166707,55.25 99.683371,8.166609,54.25 99.683516,8.166572,54.5 99.683671,8.166539,55 99.684022,8.166502,55.75 99.684658,8.166471,56.25 99.686828,8.166417,57.25 99.689464,8.166294,56.75 99.694236,8.166042,67.5 99.70227,8.165759,66 99.703732,8.165684,65.25 99.704008,8.165673,64.5 99.704189,8.165665,64 99.704725,8.165611,64 99.705056,8.165553,64.25 99.705396,8.165479,65.25 99.705783,8.165367,66.25 99.706135,8.165239,66.25 99.711321,8.162979,67.5 99.711602,8.162861,66 99.711893,8.162764,66.25 99.712206,8.162671,67.25 99.712766,8.162556,67 99.71312,8.162495,65.75 99.714363,8.162328,63.75 99.714957,8.162218,63.25 99.715248,8.162151,63 99.715558,8.16207,62.75 99.716317,8.161853,63.25 99.718619,8.161146,65.5 99.719321,8.160882,64.25 99.720659,8.160475,66.5 99.723414,8.159674,65.75 99.724171,8.159519,66.5 99.725341,8.159186,64.5 99.728618,8.158222,67.25 99.731199,8.157464,71 99.735178,8.156294,73.5 99.736503,8.155893,73.5 99.737439,8.155633,72.25 99.737676,8.15556,73 99.738002,8.155445,74 99.738532,8.155204,75.5 99.738955,8.154994,75.25 99.73927,8.154815,76.25 99.741794,8.153199,84 99.742348,8.152876,83.25 99.742866,8.152637,82.5 99.743331,8.152457,81.75 99.743893,8.152278,83.5 99.744504,8.152146,85.75 99.745296,8.152034,86.5 99.746881,8.151931,84.5 99.747281,8.151889,85 99.748771,8.151648,92.25 99.749893,8.151305,93.75 99.750046,8.151231,93.5 99.751417,8.150409,96 99.753398,8.148938,96.25 99.756018,8.14696,93.75 99.758046,8.145511,98.25 99.75864,8.145167,99.5 99.760177,8.144452,104.5 99.760455,8.144302,105.25 99.760721,8.144125,103.75 99.761247,8.143693,109.25 99.761896,8.1431,105.5 99.762163,8.142913,104.75 99.762529,8.142617,101.75 99.762791,8.142415,99.75 99.76303,8.142248,99.25 99.76337,8.142051,98.75 99.76367,8.141901,98.75 99.763924,8.141788,98.25 99.764168,8.141698,98 99.764591,8.14156,100.5 99.765116,8.141438,102.5 99.76569,8.141376,103.75 99.76625,8.141389,104 99.766802,8.141453,103.75 99.767168,8.141573,104.5 99.767683,8.141764,106 99.768039,8.141923,108.5 99.768591,8.142155,112.75 99.7691,8.142393,114.5 99.770444,8.143003,121.25 99.77093,8.14319,122.25 99.771173,8.143262,122.25 99.771505,8.143277,122 99.771812,8.143263,121.75 99.772189,8.143204,121 99.772553,8.143094,119.75 99.772921,8.142891,119.5 99.773147,8.142707,117 99.773942,8.142022,117 99.774117,8.141904,115.75 99.774336,8.14178,113.5 99.774629,8.141687,112.5 99.775546,8.141547,111 99.775941,8.141455,109.75 99.776151,8.14139,110.5 99.776401,8.141265,109.75 99.777114,8.140756,104.5 99.777306,8.140643,103.75 99.777514,8.140557,103.25 99.777862,8.140437,103.5 99.77837,8.140277,102.25 99.778769,8.140175,99.25 99.779021,8.140128,98.5 99.779292,8.140101,98.5 99.779691,8.140133,101.25 99.780003,8.140194,103.75 99.780355,8.140285,101.25 99.781788,8.140789,98.25 99.782672,8.141034,100.75 99.782936,8.141074,100.75 99.783145,8.141066,99 99.784248,8.140899,93.25 99.784636,8.140856,91.75 99.784917,8.140859,91.75 99.785194,8.140901,91.75 99.785797,8.141052,92.25 99.78624,8.141266,100 99.786462,8.141444,106.75 99.787633,8.143084,97.75 99.788082,8.143675,82.5 99.788338,8.143933,79.25 99.788565,8.144102,78.75 99.788766,8.144223,77.5 99.788972,8.144315,75.75 99.789324,8.144435,76 99.789792,8.144512,79.75 99.792223,8.144768,65.75 99.792389,8.1448,64.75 99.792579,8.144851,64.25 99.792779,8.144922,64 99.793047,8.145039,63.75 99.793157,8.145104,64.75 99.793371,8.145223,67.25 99.793577,8.145371,69 99.794767,8.1464,70.25 99.795128,8.146736,65.5 99.796159,8.147958,62.75 99.796415,8.148195,62.25 99.796719,8.148421,60.75 99.796818,8.148479,60.75 99.797091,8.148619,60.5 99.797483,8.148728,58.75 99.797778,8.14879,59.5 99.798182,8.148818,59.5 99.798417,8.148809,59.75 99.798577,8.148788,60 99.7988,8.14874,60.25 99.800103,8.148327,55.5 99.801652,8.147823,51 99.801935,8.147682,50.5 99.802379,8.1474,50.25 99.80331,8.146756,43 99.803721,8.146511,42 99.804158,8.146319,42.75 99.804429,8.146245,42 99.80484,8.14617,40.25 99.805853,8.146047,39.5 99.806062,8.146015,41.25 99.807011,8.145911,43.5 99.807483,8.145885,40.25 99.807934,8.145876,40.5 99.808189,8.145881,41 99.808973,8.145995,41.5 99.812703,8.146719,35.75 99.820995,8.148326,35.75 99.821901,8.148588,36 99.822846,8.148929,33.75 99.828092,8.150864,32 99.828942,8.151168,33 99.831159,8.151961,30 99.835048,8.153352,27 99.83644,8.153842,27.25 99.836908,8.153997,27.5 99.83782,8.154196,29.5 99.838235,8.154237,30.5 99.839161,8.154213,30.5 99.840729,8.154131,28 99.841733,8.154087,29.75 99.843283,8.154041,29.25 99.848337,8.153781,27.25 99.849278,8.15375,25.5 99.852645,8.153626,22.25 99.853145,8.15358,23 99.85367,8.153507,23 99.854094,8.153421,22.75 99.854558,8.153311,22 99.855059,8.153157,22.25 99.855468,8.153003,24.75 99.857948,8.151981,24.25 99.861021,8.150731,25.25 99.866893,8.148322,30 99.868081,8.147898,37.25 99.868689,8.147742,39.5 99.869248,8.147633,40.25 99.869914,8.147561,40.25 99.870446,8.147542,37.5 99.87177,8.147584,29.75 99.874791,8.147621,22 99.880001,8.147741,16 99.88018,8.14774,15.75 99.881242,8.147736,16 99.88297,8.147768,16 99.885945,8.147852,14.5 99.888521,8.147922,12.75 99.892514,8.148025,18 99.896909,8.148128,17 99.898626,8.148151,19.5 99.899485,8.148106,20.25 99.900225,8.148001,19.75 99.90093,8.147846,16.75 99.901555,8.147665,15.75 99.902561,8.147286,13.75 99.903279,8.146953,12 99.904173,8.146417,10.5 99.90499,8.145836,11.75 99.90582,8.145105,16.25 99.906404,8.144477,16 99.908775,8.141342,16.75 99.91881,8.128155,11 99.931149,8.111938,8 99.934988,8.106888,6.75 99.936943,8.104311,6.75 99.938156,8.102699,5.5 99.938637,8.102052,6 99.938762,8.101887,6 99.945244,8.093323,7 99.946121,8.092163,8 99.946427,8.091685,7.25 99.946696,8.091232,7.5 99.949032,8.087135,6 99.951767,8.082386,7.5 99.954582,8.077483,5 99.956844,8.073521,7 99.957068,8.07313,7.5 99.958548,8.070549,8.25 99.958915,8.069882,9 99.959198,8.069292,10 99.959424,8.068701,13.5 99.959897,8.066828,17 99.960309,8.064939,16.25 99.96051,8.064142,15 99.960756,8.063326,9.75 99.961353,8.060541,9.75 99.961509,8.059814,9.5 99.961672,8.05895,8.25 99.961848,8.058253,8.75 99.962052,8.057633,8.5 99.962419,8.05665,7.5 99.966255,8.047235,7 99.968192,8.042496,8.25 99.970973,8.035645,10 99.971155,8.035157,10.75 99.971326,8.034662,11.25 99.974015,8.024214,6 99.974063,8.024045,5.75 99.975312,8.019277,6 99.975413,8.018944,5.75 99.975538,8.018593,5.75 99.97567,8.018272,6.25 99.977752,8.013789,8.25 99.986741,7.994031,8 99.986931,7.993613,8 99.993912,7.978358,7.75 99.9946,7.976869,6.25 99.995377,7.97511,6.25 99.996183,7.973402,4 99.996385,7.972874,4 99.996546,7.972374,4.25 99.996794,7.971501,4 99.997271,7.969155,6 99.997451,7.968576,6 99.998148,7.965387,6.5 99.998218,7.964821,6.5 99.998286,7.964476,5.75 99.998618,7.96292,6 99.998784,7.96213,5.75 100.000094,7.95591,8 100.000361,7.954575,10 100.000385,7.954468,9.75 100.000581,7.953634,8 100.00266,7.944141,5.75 100.003172,7.941813,4 100.004381,7.936061,7 100.005381,7.93156,3.75 100.005567,7.930623,3.5 100.005641,7.930263,5.25 100.006654,7.925498,6 100.00742,7.921977,9 100.007913,7.91971,8 100.007936,7.919595,8.25 100.010179,7.909208,9.5 100.010897,7.905848,8.5 100.011224,7.904348,8.25 100.01182,7.901624,9.25 100.012048,7.900578,8 100.012446,7.898812,5.5 100.015158,7.886335,11 100.015225,7.886052,11.5 100.015315,7.885707,12 100.015497,7.885101,12 100.015582,7.884808,11.25 100.015848,7.883909,8 100.016174,7.88305,8.25 100.018528,7.877765,9 100.018607,7.877599,9.25 100.019001,7.876722,9.75 100.019147,7.876401,9.75 100.021395,7.871389,8 100.021486,7.871188,8.5 100.023234,7.867313,8.75 100.023338,7.867062,9 100.026609,7.859886,12 100.027326,7.858122,9.75 100.027728,7.857223,11 100.028652,7.855173,9.5 100.029868,7.852445,7.5 100.030786,7.850477,7.75 100.03547,7.840001,7.75 100.035623,7.839638,8.5 100.040411,7.828906,6 100.040661,7.828282,6.5 100.040828,7.827627,7 100.040883,7.827314,7 100.040923,7.826998,7.25 100.041,7.825794,10.5 100.041024,7.825462,10 100.041055,7.825142,9.25 100.04118,7.824149,5 100.041245,7.823826,4.75 100.041305,7.823597,4.5 100.041352,7.823415,4.25 100.041406,7.823226,4.25 100.041473,7.823022,4.5 100.04158,7.822745,5.25 100.041783,7.822272,6 100.041887,7.822059,6 100.041991,7.821862,6.25 100.042126,7.821641,6.25 100.042245,7.821459,5.5 100.042485,7.821132,3.75 100.042535,7.821068,3.5 100.042659,7.82091,3 100.043043,7.820465,4.75 100.04383,7.819638,6.25 100.044499,7.818933,5.25 100.044789,7.818602,5.25 100.045029,7.818271,5 100.045206,7.817974,5 100.045412,7.817648,4.75 100.045571,7.81736,4 100.045716,7.817062,3.5 100.046519,7.815176,6 100.046688,7.814887,5 100.04843,7.811026,4.25 100.048536,7.810676,3.5 100.051097,7.805019,3.25 100.055092,7.796019,6 100.055185,7.795822,6 100.055787,7.794472,5.75 100.06075,7.783344,4.75 100.062007,7.780556,3.5 100.062161,7.780192,3.5 100.063649,7.776238,3.5 100.06377,7.775901,3.25 100.068866,7.762346,5.25 100.073065,7.7512,3 100.07313,7.751011,3 100.073445,7.750327,3 100.076044,7.743431,1.75 100.076373,7.742492,3.5 100.076583,7.741715,4 100.076688,7.741086,3.75 100.076779,7.739998,4.25 100.076784,7.739848,4.25 100.076801,7.739399,4.75 100.076813,7.739107,5 100.07685,7.738734,5.5 100.076963,7.738069,5.5 100.077136,7.734615,5 100.077144,7.734457,5.25 100.077161,7.73339,3.75 100.078197,7.716421,5.75 100.078481,7.711368,5.75 100.078496,7.711121,6 100.07896,7.703895,4 100.079096,7.701536,5.5 100.079446,7.695791,4.5 100.079456,7.695531,4.75 100.079676,7.691735,3.25 100.08054,7.676939,6 100.080658,7.675251,5.75 100.081181,7.666281,5.75 100.081196,7.666034,5.5 100.081373,7.661564,6 100.081821,7.654892,4.25 100.082047,7.651304,4 100.082075,7.650933,4 100.08259,7.642398,6.25 100.082606,7.642164,6.5 100.082854,7.637881,7 100.082868,7.637683,6.5 100.083098,7.633703,6.25 100.083262,7.630959,6.75 100.08331,7.630449,5 100.083382,7.629984,3 100.083613,7.628918,6.5 100.084702,7.624876,9 100.084806,7.624465,9 100.085292,7.622574,9.75 100.0857,7.620957,12 100.086006,7.619753,13.5 100.086091,7.61937,13 100.086413,7.618162,10.25 100.086441,7.618055,10.5 100.087611,7.613769,8.25 100.088323,7.611026,9 100.089168,7.607709,9.25 100.089566,7.606088,11.75 100.089621,7.605867,12 100.089962,7.604581,11 100.09005,7.604215,10 100.090157,7.60388,10.5 100.091447,7.600223,8.25 100.091632,7.599724,9.25 100.091681,7.599586,9.5 100.09196,7.598754,10 100.092065,7.598396,9 100.092138,7.598097,8.5 100.092707,7.595909,8.25 100.092768,7.595684,8.5 100.093202,7.593961,9.5 100.093245,7.593787,9.25 100.094515,7.58896,8.5 100.094584,7.58867,8.75 100.096127,7.582783,7 100.096166,7.58262,7 100.097097,7.578982,12 100.098282,7.574449,7.25 100.09834,7.57423,7.75 100.100526,7.565789,8 100.101793,7.560863,9.75 100.101964,7.560224,10.5 100.102019,7.56003,10.75 100.103272,7.555228,9.75 100.103377,7.554815,9.25 100.104676,7.549781,10.75 100.104768,7.549415,11 100.105976,7.544778,9.25 100.10605,7.544488,9.5 100.108885,7.533554,11 100.109515,7.53113,11.25 100.11017,7.528608,12.5 100.110341,7.528003,13.75 100.113614,7.515301,12 100.113691,7.515011,11.5 100.114307,7.512666,9 100.115301,7.508878,10.5 100.11625,7.5051,12.75 100.116312,7.504854,12.5 100.117126,7.502131,11.25 100.117895,7.500074,11 100.11851,7.498368,13 100.120562,7.493796,15.5 100.132156,7.467959,21.5 100.132358,7.467607,20.5 100.132591,7.467257,21.25 100.132875,7.46688,22.75 100.133193,7.466513,22 100.13361,7.46607,20.5 100.134001,7.465732,18 100.13435,7.465458,16.5 100.134658,7.46524,15.25 100.135024,7.465012,13.25 100.135762,7.464584,13.5 100.136155,7.464358,13.25 100.136927,7.463914,13.25 100.137319,7.463678,13 100.137842,7.463306,13.25 100.138058,7.463133,13.5 100.138269,7.462944,13.25 100.138644,7.46255,13.75 100.138876,7.462275,13 100.139278,7.461717,10.25 100.139502,7.461376,10.5 100.139938,7.460651,11.25 100.140415,7.45983,11.5 100.1415,7.457977,9.5 100.142383,7.45649,9.75 100.143731,7.454204,9.75 100.146744,7.448994,9.25 100.149359,7.444472,10.75 100.150958,7.441799,10.75 100.152943,7.438361,15 100.153754,7.437025,16.25 100.154083,7.436552,13.25 100.154419,7.436124,14 100.154739,7.435787,15.75 100.155124,7.435428,17.75 100.156784,7.434005,15 100.157091,7.433727,16.25 100.160265,7.430977,14.5 100.161005,7.430315,12.25 100.161691,7.429555,10 100.163386,7.427253,11.25 100.165608,7.42422,11.25 100.167287,7.421928,15.5 100.168552,7.42021,12.25 100.169118,7.419441,12.5 100.171303,7.416462,13.75 100.17163,7.416015,12 100.176466,7.409499,10.5 100.185404,7.397254,13.25 100.196958,7.381614,12 100.201259,7.375724,16.25 100.202733,7.373707,14.25 100.206472,7.368656,14.25 100.20949,7.364498,15.5 100.21128,7.362076,12 100.211807,7.361473,10.75 100.212263,7.361044,10.75 100.2129,7.360508,11.25 100.213512,7.360101,10.25 100.222555,7.354754,12.75 100.222855,7.354573,12 100.224472,7.353629,19.5 100.225486,7.353024,16.25 100.225911,7.352777,15.5 100.226315,7.352529,14.5 100.226534,7.352385,14 100.227069,7.351998,14.25 100.227675,7.351486,14.25 100.228018,7.351147,15.25 100.228334,7.350798,14 100.228615,7.350448,14.5 100.229366,7.349482,11.25 100.23101,7.347285,11.25 100.232095,7.345817,11.5 100.232636,7.345078,11.5 100.232828,7.344816,11 100.239861,7.33541,17.75 100.24438,7.329333,7 100.24502,7.328359,7.75 100.2481,7.32294,9.5 100.252161,7.315694,13.5 100.252469,7.315145,13.25 100.254303,7.311902,20.25 100.254595,7.311412,22.5 100.254897,7.310983,21.75 100.255185,7.310596,20.25 100.25544,7.310288,19 100.255708,7.309995,17.25 100.256084,7.309597,14.25 100.256936,7.308738,8.75 100.257137,7.308531,8.75 100.259196,7.306435,10.25 100.259347,7.306277,10 100.269598,7.295808,9.5 100.269782,7.295622,10.5 100.270114,7.295296,11.25 100.271214,7.29416,11.5 100.272122,7.293233,11 100.27376,7.291561,8.5 100.274379,7.290927,9.5 100.274571,7.290727,9.25 100.279677,7.285505,8.5 100.280925,7.284258,9 100.281206,7.283959,9 100.281481,7.283664,8.75 100.281716,7.283401,8 100.282135,7.282916,8.25 100.282243,7.282791,8.25 100.283159,7.281743,8.75 100.286307,7.278182,12 100.289023,7.275121,8.75 100.292563,7.271105,18.75 100.292972,7.270582,20.5 100.293392,7.269957,21.25 100.29393,7.268983,22.5 100.295404,7.266417,8.25 100.298112,7.261653,5.75 100.299249,7.259628,10.75 100.299333,7.25948,11.25 100.300952,7.256609,14.25 100.306478,7.246855,10 100.30683,7.246234,10.5 100.309532,7.241493,10.5 100.311545,7.237899,14.25 100.312136,7.23687,11.5 100.312249,7.236673,11 100.312337,7.23651,10.75 100.31281,7.23569,10.5 100.313102,7.23524,11 100.313443,7.234753,11.25 100.313874,7.23423,12.25 100.314351,7.233705,12.75 100.31597,7.232151,14.25 100.316724,7.231429,13 100.316877,7.231282,13.25 100.322283,7.226115,12.25 100.323792,7.224663,12.25 100.327528,7.221087,10 100.32775,7.220878,10 100.337539,7.211466,13.5 100.346194,7.203189,20.75 100.346495,7.202866,20 100.346979,7.202254,17 100.347239,7.201878,14.75 100.347443,7.201532,13.5 100.347631,7.201189,14.25 100.347799,7.200807,15.5 100.347942,7.200425,15.25 100.348081,7.200008,14.5 100.348213,7.199589,14.5 100.349801,7.194218,11.75 100.35008,7.193271,11 100.350116,7.193044,11 100.351184,7.189437,13 100.351327,7.188955,12.75 100.351387,7.188776,12.75 100.351542,7.188379,12.25 100.353091,7.183024,17 100.353335,7.182349,17 100.353608,7.181666,18.25 100.353899,7.181093,17.75 100.354158,7.180641,18.5 100.354469,7.180202,21.5 100.354804,7.179752,23.25 100.355315,7.179189,25.5 100.363561,7.170759,12.75 100.363607,7.170705,13 100.36618,7.168086,10 100.36899,7.1652,9.5 100.369376,7.164819,9.25 100.369815,7.16441,10.25 100.370174,7.1641,10.5 100.370621,7.163762,10.5 100.37201,7.162731,11.5 100.372504,7.16234,12.75 100.373073,7.161861,12 100.373342,7.161608,12 100.373611,7.161307,13.5 100.373863,7.161008,14 100.375516,7.158937,14 100.375782,7.158608,15 100.378807,7.154748,12 100.380486,7.152671,10.25 100.381576,7.151269,9.75 100.381802,7.150971,9.75 100.38217,7.150437,9.5 100.383792,7.148109,11.5 100.385252,7.145939,10.75 100.386698,7.143861,11 100.387296,7.142972,11.25 100.387517,7.142667,11 100.39111,7.137506,9.5 100.391314,7.137172,10 100.392375,7.135699,12.5 100.398603,7.126647,28.25 100.39906,7.125914,24.5 100.399562,7.124965,25.25 100.399856,7.124175,26 100.400093,7.123386,25 100.400227,7.122591,24 100.400305,7.121929,22.5 100.400343,7.121186,21.25 100.400936,7.107893,7 100.400992,7.107193,9.25 100.401075,7.106669,10 100.401234,7.106012,9 100.401458,7.105333,6.25 100.401691,7.104766,4 100.401859,7.104445,4 100.401976,7.10422,4.25 100.402197,7.103784,4.25 100.402419,7.103425,4 100.40269,7.103034,4.25 100.402988,7.102649,4.25 100.403299,7.102307,6.25 100.403577,7.102016,10.25 100.406922,7.098589,7.25 100.409799,7.095595,4.75 100.410851,7.094515,9.5 100.41256,7.09276,18.25 100.413377,7.091869,19.25 100.413662,7.09152,20.5 100.41395,7.091116,20.25 100.414341,7.09042,19.25 100.414668,7.089711,21.75 100.415423,7.087697,19.75 100.416236,7.085401,20.25 100.416612,7.084406,20 100.41721,7.082826,18 100.421778,7.070717,3 100.424329,7.063825,3.75 100.424409,7.063599,4 100.425647,7.06018,12.5 100.42586,7.059744,13.25 100.426023,7.059432,13.5 100.426157,7.059211,13.5 100.426373,7.058873,13.5 100.429986,7.053848,7.75 100.43032,7.053315,7.5 100.43047,7.053047,7.25 100.430604,7.052776,7.25 100.430762,7.052426,7.25 100.430913,7.052061,6.25 100.431684,7.05009,6.75 100.432639,7.047611,11 100.433001,7.046677,12.75 100.433585,7.045213,9.75 100.436341,7.038183,8 100.436516,7.037759,8 100.436687,7.037393,7.75 100.436851,7.037084,7.5 100.437018,7.036792,7 100.437408,7.036252,7 100.437645,7.035934,7.25 100.437912,7.035634,8 100.438173,7.035368,8.75 100.438467,7.035106,9 100.438745,7.034886,9 100.439063,7.034651,9.25 100.439422,7.034412,9.75 100.439725,7.034244,9.75 100.440141,7.034033,10 100.447115,7.030677,8.75 100.449399,7.029588,7.25 100.449582,7.029489,7.5 100.452542,7.028068,9.5 100.453301,7.027705,10.5 100.454263,7.027274,15.25 100.454711,7.027056,14.5 100.455153,7.026828,12.75 100.459434,7.024766,10.75 100.460566,7.024208,8 100.460861,7.024069,7.75 100.461261,7.023845,7.5 100.461546,7.02367,7.25 100.461929,7.023414,7 100.462312,7.023118,7.25 100.462681,7.022796,7.5 100.462963,7.022531,7.75 100.463279,7.022209,7.75 100.463542,7.021908,8 100.46386,7.021525,8.5 100.464098,7.021183,8.25 100.464315,7.020847,7.75 100.464474,7.020576,7.5 100.46459,7.02038,7.25 100.464757,7.020068,6.75 100.464918,7.019712,6.75 100.465059,7.019328,7.5 100.465189,7.019,8.25 100.465311,7.018627,8.5 100.465403,7.018296,8.75 100.46548,7.017966,9.25 100.465545,7.017624,9.5 100.4662,7.012682,11 100.466382,7.011362,12.75 100.466534,7.010207,10.5 100.466659,7.009251,10 100.466773,7.008445,12 100.466859,7.007833,12 100.466918,7.007251,11.5 100.466989,7.006844,11 100.467044,7.006396,10.75 100.467575,7.002425,12.75 100.467721,7.001437,12.25 100.467792,7.000949,12.5 100.467929,6.999839,13.5 100.468001,6.99936,14 100.468105,6.998932,13.5 100.468173,6.998713,13.25 100.468232,6.998545,13 100.468323,6.998335,12.75 100.468418,6.998149,12.25 100.46863,6.99782,11.5 100.468738,6.997685,11 100.468895,6.99752,10.75 100.469333,6.99707,10.75 100.469494,6.996895,11.25 100.469817,6.996515,11.75 100.46999,6.996299,11.75 100.472201,6.993404,11 100.472384,6.993172,10.5 100.47313,6.992251,10.5 100.473258,6.992123,10.5 100.473442,6.991934,10.25 100.473732,6.991685,10 100.474285,6.991267,10.75 100.474954,6.99088,11 100.475874,6.990462,13 100.476815,6.990114,14.5 100.47828,6.989558,16.25 100.481017,6.988527,15.75 100.481865,6.988223,15 100.483816,6.987485,15.5 100.484742,6.98717,15.25 100.485825,6.986773,16 100.486237,6.986639,16.5 100.486528,6.986569,17.25 100.48681,6.986519,18 100.487093,6.986486,18.75 100.48739,6.986477,19.5 100.487656,6.986488,19.75 100.487914,6.986508,20 100.488182,6.986543,20 100.48845,6.986591,20.5 100.488831,6.986699,21.75 100.490299,6.987088,27.25 100.490635,6.987164,28 100.491233,6.987228,28.25 100.491573,6.987246,28 100.492305,6.987219,26 100.492657,6.987175,25.25 100.492985,6.987113,24 100.493342,6.987027,22.75 100.493652,6.986928,22 100.493949,6.986823,21 100.494228,6.986709,19.5 100.494408,6.986634,18.5 100.494554,6.986563,18 100.494724,6.986475,18 100.494974,6.986326,16.75 100.495203,6.986181,16.75 100.495426,6.986031,16.75 100.495596,6.985895,16.5 100.495653,6.985848,16.5 100.495794,6.985745,16.5 100.496195,6.985371,17.75 100.496438,6.98512,18.75 100.49662,6.984919,19.75 100.496796,6.984706,20.25 100.502,6.978629,18 100.502057,6.97857,18 100.506203,6.97372,20 100.506553,6.973388,20 100.506865,6.973122,21.25 100.507197,6.97289,22 100.507523,6.972703,21.5 100.507866,6.972549,23.25 100.50821,6.972437,25.75 100.508608,6.97234,28.5 100.50896,6.972289,30.75 100.509307,6.972242,30.5 100.509676,6.972221,27.5 100.510069,6.97224,24.5 100.510466,6.972286,22.75 100.510885,6.972378,21.25 100.51128,6.972499,20.75 100.512985,6.973145,32.25 100.513314,6.97323,32.5 100.513557,6.973284,29.25 100.513857,6.973324,26.25 100.51435,6.973349,22.75 100.514811,6.973331,20 100.515049,6.973303,19 100.515287,6.973267,18.75 100.515523,6.973219,18.5 100.515712,6.973172,18.5 100.515918,6.973107,18.75 100.516414,6.972914,20 100.51671,6.972765,20.25 100.516976,6.972606,20 100.518791,6.971412,22.75 100.521599,6.969559,26 100.522767,6.968772,27 100.524616,6.967552,27.25 100.525477,6.96711,26.75 100.526682,6.966711,27.5 100.528908,6.966063,27 100.532228,6.965073,22.75 100.535049,6.964223,29.5 100.535838,6.964041,31.25 100.537057,6.963901,34.75 100.540314,6.963493,29.25 100.540924,6.963411,25.25 100.542952,6.963166,28 100.543954,6.96307,27.5 100.544476,6.96308,27.75 100.544984,6.963147,27.75 100.545296,6.963212,27.75 100.545541,6.963271,27.75 100.55082,6.964531,30 100.551508,6.964694,31 100.553067,6.965047,28.5 100.555192,6.965554,32 100.558239,6.966277,30.25 100.559008,6.966464,29 100.559528,6.966613,28.5 100.56004,6.966802,28.25 100.5603,6.966891,28.25 100.560563,6.966999,28.25 100.561091,6.967232,28 100.561622,6.967496,28 100.562948,6.968119,29.25 100.565822,6.969488,36.25 100.567835,6.970429,38.75 100.569331,6.97115,37 100.571339,6.972106,37 100.575404,6.974027,36.75 100.576964,6.974773,35.25 100.578779,6.975631,35.25 100.578946,6.975717,34.75 100.5793,6.975889,33.5 100.582031,6.977177,36 100.583286,6.97778,36.5 100.584627,6.978413,37.25 100.586689,6.979397,39 100.587163,6.979609,39 100.588334,6.980174,39.5 100.589656,6.980795,42 100.590425,6.981164,42.5 100.592091,6.981954,43.5 100.593416,6.982594,45.5 100.594565,6.983123,47.5 100.595529,6.98359,49.75 100.597337,6.984438,49.25 100.597957,6.984712,51 100.598505,6.984924,51 100.599025,6.985081,51.5 100.599772,6.985247,55.75 100.603011,6.985809,61.25 100.603786,6.985957,63.5 100.604613,6.986175,64.5 100.605127,6.986341,65 100.60557,6.98652,66.75 100.606183,6.986799,69.25 100.606889,6.98715,73.5 100.607493,6.987423,74.75 100.608165,6.987709,77.75 100.608853,6.987934,78.25 100.609531,6.988115,76.5 100.610389,6.988275,74 100.611017,6.988352,71.75 100.611717,6.988395,67.75 100.612541,6.988389,64.5 100.612702,6.988376,63.5 100.613328,6.988333,60 100.614037,6.988223,64.75 100.614734,6.988057,71 100.615335,6.987869,75 100.61588,6.987651,73.5 100.616431,6.987383,70.5 100.616905,6.987097,69.5 100.617862,6.986418,69.75 100.618067,6.986274,70.5 100.619714,6.985053,64 100.62034,6.98466,64.5 100.621365,6.98414,57 100.621796,6.983943,57 100.622248,6.983741,58.5 100.622737,6.983559,59.5 100.623257,6.983415,59 100.623731,6.983307,57.25 100.624193,6.983233,57.5 100.624645,6.983199,54.5 100.625528,6.983166,50.5 100.626732,6.983107,54.5 100.627813,6.983061,56.5 100.628578,6.983018,54.25 100.629145,6.982957,52 100.629628,6.98288,50.75 100.630585,6.982705,47.75 100.631294,6.982566,42.5 100.632106,6.982425,40.75 100.632837,6.982345,43.5 100.633425,6.982326,42.75 100.634104,6.98236,37.25 100.634819,6.982452,36 100.635528,6.982622,34.25 100.635965,6.982741,33 100.636733,6.983021,29.25 100.637461,6.983319,29 100.640561,6.98462,30.25 100.641239,6.984847,29 100.641589,6.984946,28.25 100.642181,6.985069,26.75 100.642711,6.985155,25.75 100.643129,6.985182,25.5 100.643813,6.985192,24.75 100.644433,6.985155,23.25 100.645024,6.985072,22 100.645199,6.985043,22.25 100.645925,6.984868,26.75 100.646645,6.984616,28.5 100.647413,6.984274,24.75 100.648145,6.98386,24.25 100.648732,6.983385,25.25 100.649978,6.982269,22.75 100.651115,6.981308,21.5 100.651841,6.980858,18 100.651974,6.980773,18 100.653608,6.979993,22.25 100.656148,6.978858,15.25 100.657781,6.978126,17.25 100.658026,6.978016,17.75 100.660667,6.976793,18.25 100.661496,6.976312,20.25 100.662415,6.97564,17 100.662669,6.975442,17 100.66305,6.975165,17.25 100.663504,6.974775,18.25 100.664067,6.974262,19.25 100.664598,6.973789,20 100.664845,6.973602,19.75 100.667971,6.970647,17.25 100.668283,6.970291,16.75 100.668658,6.969921,16.25 100.673026,6.965838,11.25 100.687286,6.952915,4.5 100.689599,6.950802,6.5 100.697822,6.943333,4 100.698253,6.942904,4.75 100.698607,6.942499,6 100.698962,6.94201,6.5 100.699105,6.941792,6.25 100.699255,6.941542,6.75 100.701433,6.937859,11.5 100.701631,6.93756,10 100.701834,6.937279,11 100.702024,6.937054,11.25 100.702219,6.93684,10 100.702676,6.936421,8.25 100.702934,6.9362,9.25 100.705232,6.934338,7.25 100.708558,6.931613,3.25 100.708815,6.93139,3.5 100.710693,6.929868,5.5 100.713185,6.927827,4.75 100.713925,6.927236,5.25 100.715717,6.925766,5.25 100.719194,6.922938,5.75 100.719915,6.922354,5.5 100.722546,6.920175,7 100.724112,6.918914,6.25 100.724291,6.918784,6.25 100.727695,6.915995,5.75 100.730009,6.914079,8 100.73081,6.913526,8.75 100.731127,6.913305,8 100.73233,6.912515,9.75 100.732656,6.912318,9 100.733004,6.912126,7.75 100.733322,6.91198,6.75 100.736964,6.910488,10 100.737786,6.910159,10.25 100.74011,6.909219,11.5 100.742532,6.908225,15.25 100.744558,6.907355,13.75 100.751676,6.904478,5.75 100.753781,6.903627,10.5 100.76093,6.900759,5.25 100.770144,6.897027,9.75 100.770501,6.896872,11.25 100.773596,6.895586,10.75 100.774108,6.895378,9.5 100.77479,6.89513,8.25 100.775281,6.894979,8.25 100.775634,6.894888,9.25 100.77591,6.894828,9.75 100.77647,6.894731,11.25 100.782625,6.893915,11.25 100.796578,6.892068,9 100.796904,6.892029,8.75 100.803428,6.891174,6 100.804868,6.890969,5.5 100.805846,6.890847,9 100.807867,6.890592,5.25 100.808235,6.89054,5.5 100.80849,6.890511,5.5 100.810295,6.890264,5.25 100.811529,6.890111,5.25 100.812219,6.890028,6.25 100.813608,6.889838,7.75 100.813854,6.889809,8.25 100.814194,6.889761,8.5 100.814557,6.88969,7.5 100.814829,6.88963,6.5 100.815049,6.889569,5.75 100.815392,6.889458,6 100.815769,6.88932,6 100.828881,6.883673,9.75 100.82907,6.883589,9.5 100.83208,6.882276,8.5 100.833154,6.88182,8.75 100.834215,6.8813,7.5 100.836434,6.880368,8.5 100.836939,6.880183,9 100.842409,6.877815,8 100.842665,6.877707,7.5 100.855283,6.872252,13.75 100.856796,6.871608,12 100.864882,6.868118,12.5 100.865169,6.867986,13.5 100.865496,6.867824,13.5 100.86613,6.867462,12 100.866414,6.867267,12 100.866642,6.867101,12.25 100.867134,6.866724,14.75 100.868017,6.865953,18.5 100.868261,6.865757,18.25 100.868483,6.865593,17.5 100.868757,6.865427,16.25 100.869034,6.865272,15 100.869328,6.865131,13.5 100.869624,6.86501,12.25 100.869906,6.864912,12.5 100.870185,6.864837,13.25 100.870509,6.864765,14.25 100.870872,6.864706,15 100.874492,6.86444,9.75 100.876251,6.864305,8.25 100.877365,6.864234,7.25 100.877736,6.864239,7.75 100.87809,6.864232,8.5 100.881171,6.864004,7 100.881436,6.863974,7 100.88183,6.863905,6.5 100.88397,6.863756,5 100.884334,6.863728,5 100.885203,6.863649,5.75 100.885528,6.863614,6 100.885882,6.863554,6.25 100.886239,6.86348,5.75 100.886933,6.863287,4.25 100.887352,6.863136,3.75 100.888185,6.862777,6.75 100.899685,6.857627,5.5 100.907611,6.854115,6.5 100.907945,6.853958,7.5 100.908284,6.853778,7.75 100.908562,6.853617,7.5 100.909127,6.853256,6 100.918247,6.846534,3.25 100.924252,6.842123,1.75 100.926199,6.840671,1.5 100.928445,6.839016,3 100.931404,6.836863,3.75 100.932774,6.835874,3.75 100.933098,6.835666,4 100.933398,6.835494,4 100.933958,6.835199,3 100.93442,6.835,2.5 100.934633,6.834923,3 100.936193,6.834415,4.75 100.93804,6.833867,3.5 100.940236,6.833195,4.5 100.942279,6.832532,5.75 100.94474,6.83181,7 100.957012,6.828094,9.25 100.963367,6.826136,6.75 100.968404,6.824566,10.75 100.96867,6.824485,10.75 100.970004,6.824038,11 100.970805,6.823626,12.25 100.971612,6.823152,10.5 100.972335,6.822597,8.5 100.973169,6.821789,9 100.974548,6.82023,8.25 100.975445,6.819257,8.25 100.976417,6.818203,11 100.978525,6.816324,13.75 100.981604,6.81403,11.5 100.982968,6.813003,9 100.985003,6.811444,11.25 100.985942,6.810737,9.75 100.987997,6.809218,8.25 100.989083,6.808398,12 100.990033,6.807714,11.25 100.990956,6.806999,11.75 100.991908,6.806305,13 100.992826,6.805648,10.25 100.996429,6.803038,9.75 100.996979,6.802489,9.25 100.998511,6.801443,8 101.002801,6.798268,7.75 101.004765,6.796797,7 101.008994,6.793601,7.5 101.009274,6.793393,7.25 101.010179,6.792721,6.75 101.013789,6.789988,7 101.015528,6.788692,8.25 101.017372,6.787294,11.75 101.020873,6.784647,12.5 101.022541,6.783393,5.25 101.023588,6.782617,7 101.024232,6.782105,5.5 101.026008,6.780756,6.5 101.027717,6.779239,5.5 101.029145,6.777953,6.5 101.029357,6.777759,6.5 101.031112,6.776163,5.75 101.032731,6.774701,4.75 101.034204,6.773384,11 101.034402,6.773194,13.5 101.03611,6.771674,19 101.037814,6.770147,19.5 101.039357,6.768743,20.5 101.042658,6.765797,10.25 101.043259,6.765254,6.75 101.043325,6.765194,6.25 101.045982,6.762782,13.25 101.047722,6.761627,14.5 101.04966,6.760448,14 101.050931,6.759663,13.5 101.051401,6.759373,12.5 101.052317,6.758822,10.25 101.05251,6.758697,10.5 101.053309,6.758185,12.25 101.055259,6.757012,19.25 101.057184,6.755829,18.5 101.059008,6.754688,24 101.062462,6.752567,24.75 101.064152,6.751468,29.75 101.065696,6.750566,27.5 101.067335,6.749547,17.5 101.068596,6.748754,15.5 101.069886,6.747974,11.75 101.07032,6.747703,11.75 101.073116,6.745964,11 101.073841,6.745405,11 101.077967,6.742128,11 101.078912,6.741387,11 101.079143,6.741204,11 101.079978,6.740555,12.5 101.081401,6.739411,14.5 101.083207,6.737979,12.75 101.083389,6.737835,13 101.084995,6.736579,13 101.088478,6.733808,14.25 101.091301,6.731573,19.5 101.091619,6.731302,19.75 101.091712,6.731228,19.75 101.092278,6.730785,18.5 101.093411,6.729885,18.5 101.096283,6.727606,21.75 101.096708,6.727282,22.5 101.09881,6.72562,24.25 101.099725,6.724886,22.5 101.099859,6.724779,22 101.102121,6.722977,20 101.105751,6.720103,21 101.10951,6.717116,26 101.111207,6.715786,27.5 101.111693,6.715393,27 101.111998,6.715139,28.5 101.112262,6.714882,30.5 101.11324,6.713891,32.25 101.114529,6.712547,34.5 101.116107,6.71093,31.75 101.119239,6.707691,24.5 101.120806,6.706087,21 101.12238,6.70445,26.25 101.123106,6.703718,25.25 101.124181,6.702514,25.75 101.12596,6.700759,31 101.127661,6.699012,34 101.130797,6.69576,40.25 101.132699,6.693832,31 101.132797,6.693726,31 101.135507,6.690945,29.5 101.13559,6.69086,29.5 101.137039,6.689361,29.75 101.138474,6.687893,30 101.139892,6.686401,31.5 101.141186,6.685075,33 101.142779,6.683499,36 101.143622,6.682726,37 101.144277,6.682251,35.5 101.144536,6.682084,34.5 101.14582,6.681342,34.25 101.147596,6.680255,34.5 101.147858,6.680103,34.5 101.151268,6.678038,39.25 101.158218,6.673875,46 101.160262,6.672628,40 101.16215,6.671465,35.75 101.163833,6.670515,36.75 101.165478,6.669749,36.75 101.167052,6.668963,31.75 101.16892,6.668111,30.75 101.172166,6.666555,20.25 101.172314,6.666485,19.75 101.177065,6.66427,26.25 101.179128,6.663246,27.25 101.180925,6.662423,25.75 101.182927,6.661488,21.75 101.185275,6.660326,24.75 101.187394,6.659352,23.5 101.188267,6.658935,20 101.189706,6.658248,18.5 101.192792,6.656757,17.5 101.205425,6.650839,13.75 101.208885,6.649168,14.25 101.209169,6.649034,14 101.217205,6.645194,16.5 101.217729,6.64499,16.75 101.219374,6.644215,16.25 101.219818,6.643954,16.75 101.221442,6.643212,19.25 101.224723,6.641645,20.25 101.226873,6.640619,17.5 101.228886,6.639706,17.25 101.230486,6.638727,11.5 101.230809,6.638444,11 101.2326,6.636933,14 101.234433,6.635363,13.75 101.23775,6.632471,13.75 101.239484,6.630918,12.25 101.241198,6.629411,14 101.243063,6.627791,14 101.248862,6.622768,16.25 101.249577,6.622126,17.25 101.251049,6.62086,19.5 101.252641,6.619454,19.25 101.25429,6.618049,25.5 101.256274,6.616323,25.5 101.258792,6.614152,26.25 101.260814,6.612391,21 101.262085,6.611246,27.25 101.263514,6.60999,19.25 101.263857,6.60967,19.5 101.264602,6.609021,20.5 101.26529,6.608388,20.25 101.265898,6.607586,20.75 101.266886,6.605748,21.5 101.26846,6.602649,20.5 101.269463,6.600697,18 101.270815,6.598014,15.25 101.271552,6.596713,19.5 101.273352,6.593173,22.75 101.273917,6.592097,20 101.274078,6.591778,18.75 101.274678,6.590627,22.75 101.275897,6.588226,21.25 101.276195,6.587622,22 101.277277,6.585426,19.75 101.278185,6.583779,22.25 101.278864,6.58244,20.75 101.280364,6.579882,22.5 101.281469,6.578206,22.25 101.282679,6.576421,19.75 101.284578,6.573511,26 101.285096,6.572695,22.75 101.286395,6.570727,20.5 101.287161,6.569429,20.5 101.288767,6.567021,18.5 101.289871,6.565325,17.75 101.291437,6.562912,20.25 101.291864,6.562284,21.5 101.291917,6.562206,21.75 101.293039,6.560442,22.5 101.293902,6.559121,22 101.295233,6.557113,21 101.295498,6.556764,20.75 101.295647,6.556593,20.75 101.295774,6.556449,20.75 101.296077,6.556103,21 101.296468,6.55572,22.5 101.296745,6.555501,23.5 101.296995,6.555326,23 101.297731,6.554888,21.25 101.298529,6.554457,20 101.300444,6.553532,19.5 101.305476,6.551125,19.5 101.310251,6.548848,21.5 101.320866,6.543655,18.25 101.321757,6.543228,17.75 101.331325,6.539957,17.75 101.333937,6.539035,18.75 101.335738,6.537995,18 101.34373,6.531412,20.75 101.346409,6.529204,18.75 101.349848,6.526294,18.75 101.35318,6.523582,20.5 101.355,6.522075,23.25 101.357074,6.520368,22 101.361535,6.516631,19.75 101.364561,6.514077,20.75 101.365519,6.513436,19.75 101.366881,6.512622,20.25 101.369338,6.511218,19.75 101.376174,6.507312,21 101.38299,6.503423,22.25 101.392461,6.49802,24.25 101.398269,6.494688,22 101.402677,6.492119,31.25 101.403785,6.491475,36.75 101.405437,6.490497,37.75 101.407963,6.48936,35 101.409967,6.48859,33.25 101.416704,6.486001,25.75 101.419251,6.484836,31 101.421979,6.483384,24.75 101.422896,6.482906,25.75 101.428748,6.479892,25.5 101.430229,6.478886,25.25 101.431536,6.477443,25.5 101.432887,6.475583,23.75 101.435031,6.472599,23 101.440509,6.464965,20.25 101.442164,6.462699,25.75 101.443049,6.461452,24.25 101.445597,6.457893,21.75 101.446992,6.456007,23.25 101.448384,6.454067,21.75 101.449456,6.452608,25.75 101.450963,6.450528,26 101.452034,6.448962,28.5 101.45433,6.445774,30.5 101.455382,6.44435,30 101.456481,6.442788,25.75 101.457524,6.441349,26.75 101.458491,6.439993,24.25 101.458951,6.439377,25 101.459835,6.438061,25 101.460876,6.436555,27.5 101.462098,6.434852,28 101.463271,6.433276,24 101.464425,6.43167,23 101.466967,6.428192,23.25 101.468025,6.426699,23.5 101.46912,6.425261,22.5 101.470165,6.423766,25 101.471108,6.422436,25.5 101.471688,6.42173,24 101.472036,6.421413,25 101.472385,6.421131,25.75 101.472754,6.420882,25.5 101.473277,6.420586,25.75 101.473817,6.420321,26.25 101.474302,6.420171,26.5 101.474738,6.420096,26.25 101.476652,6.420037,25 101.478803,6.420117,23.5 101.485245,6.420382,39 101.486238,6.420388,33.25 101.487137,6.420307,35.75 101.48827,6.420107,41 101.49052,6.419446,28.75 101.494981,6.418194,35 101.497033,6.417602,36.75 101.499098,6.417035,38.75 101.500379,6.41669,35.5 101.501202,6.416505,34 101.501931,6.416415,35 101.503783,6.416251,38 101.507793,6.415909,44.5 101.508352,6.415868,43.25 101.508847,6.415776,46.75 101.509282,6.415639,50.25 101.509681,6.415465,53.5 101.510039,6.415248,54.5 101.5104,6.414957,54 101.510759,6.414596,52.5 101.510953,6.414335,50.25 101.511124,6.414026,48.75 101.51128,6.413701,47.5 101.511388,6.413412,46 101.511475,6.413108,46 101.511528,6.412803,47 101.511715,6.411188,47.5 101.512188,6.406554,33.5 101.512373,6.404923,33 101.512538,6.403227,31.75 101.512621,6.402375,31 101.512795,6.400421,34 101.512924,6.399126,31 101.513124,6.397916,30.5 101.513256,6.397419,29.75 101.513431,6.396933,28.5 101.513665,6.39639,28 101.513793,6.396165,28.25 101.513898,6.395955,28.5 101.514093,6.395664,29 101.514275,6.395416,29.5 101.514905,6.394606,31.25 101.515332,6.394042,33 101.515783,6.393394,32 101.516025,6.393019,32.5 101.516616,6.392182,33.75 101.516926,6.391784,34.25 101.51775,6.390553,34 101.518991,6.388849,33.75 101.519783,6.387773,36 101.525934,6.379455,49.75 101.527369,6.377498,50 101.528308,6.376157,47.25 101.528546,6.375821,48 101.529906,6.374059,57 101.531005,6.372549,57.75 101.532149,6.370979,60.25 101.534176,6.368224,60.5 101.536003,6.365718,53.25 101.536932,6.364483,59.75 101.537441,6.363791,58.25 101.537727,6.363355,55.25 101.537876,6.363068,54.5 101.538042,6.362627,52.75 101.538177,6.36221,51.5 101.538259,6.361832,50.25 101.538314,6.361253,48 101.538346,6.36056,45.5 101.538352,6.358951,44.25 101.538369,6.358108,41.75 101.538393,6.35539,39.5 101.538449,6.354106,40.5 101.53851,6.353696,43 101.538647,6.353105,46.5 101.53884,6.352515,47.25 101.539075,6.35195,45.75 101.539375,6.351349,47 101.539597,6.350996,48.25 101.539891,6.350582,48.75 101.541282,6.34883,56.25 101.542497,6.347368,51.25 101.542778,6.347057,51.75 101.543114,6.346728,49.5 101.54346,6.346426,48.5 101.544106,6.345959,48 101.544624,6.345656,47 101.54516,6.345404,46 101.545602,6.345215,46 101.545876,6.345114,46.25 101.546174,6.345029,47 101.547916,6.344569,50 101.550134,6.343955,45 101.551326,6.343685,45.75 101.552177,6.343491,45 101.55428,6.343429,51.25 101.556217,6.344132,46.25 101.560155,6.346169,43.5 101.562031,6.347151,44.5 101.564145,6.348221,41.75 101.566108,6.349232,44.5 101.568309,6.350389,45.75 101.570286,6.351403,47 101.572448,6.352528,50.5 101.574403,6.353373,50.75 101.575928,6.35402,49.25 101.578048,6.354881,48.25 101.578466,6.355098,48.25 101.580066,6.355757,49 101.580603,6.355928,49.25 101.582515,6.356701,49 101.584637,6.357606,49.25 101.58682,6.3585,52.5 101.588809,6.359349,54.5 101.591035,6.360186,52.5 101.593236,6.361054,54.5 101.594077,6.361293,56 101.594734,6.361415,57.25 101.595392,6.361459,57.5 101.596113,6.361435,57 101.59772,6.361196,54 101.599919,6.360792,57 101.601788,6.360425,57.5 101.603555,6.360157,63 101.604812,6.359953,63.75 101.605512,6.359762,65.75 101.605993,6.35959,66.75 101.606849,6.359159,62.25 101.608705,6.358336,54.5 101.610735,6.357425,56.25 101.611968,6.356837,53.75 101.612624,6.356455,53.75 101.613074,6.356161,54.25 101.614321,6.355179,46.5 101.615767,6.354054,45.75 101.617317,6.352926,46.5 101.617689,6.352586,46 101.618103,6.352173,45.75 101.618675,6.351525,45.25 101.61989,6.349938,42.75 101.620794,6.348848,40.5 101.621636,6.347859,40.5 101.622471,6.346784,39 101.623728,6.345267,41.25 101.623983,6.344991,41.75 101.624326,6.34467,44 101.624659,6.344387,44.75 101.625612,6.34368,43.5 101.626846,6.342843,45 101.628704,6.341602,37.5 101.630204,6.340565,39 101.631903,6.339436,39 101.635033,6.337304,34 101.635999,6.336641,30 101.639011,6.334602,32 101.640252,6.333758,30.5 101.64053,6.333569,30.75 101.642551,6.332143,31 101.644528,6.33077,31.5 101.646595,6.329448,34 101.646752,6.329336,34.5 101.647119,6.329076,35.25 101.647644,6.328684,37.75 101.64797,6.328403,39 101.648179,6.328184,39.75 101.649157,6.327106,38.25 101.649896,6.326157,37 101.651215,6.324335,37.75 101.652588,6.322608,43.25 101.653876,6.320943,40.5 101.65526,6.319234,45 101.656985,6.318009,48.75 101.658765,6.317264,44.25 101.660517,6.316631,38.25 101.662481,6.315955,37.5 101.66452,6.315227,30.5 101.666364,6.314535,37.75 101.668802,6.31367,30 101.668807,6.31366,30 101.670411,6.313097,27 101.672526,6.312299,34.75 101.67492,6.311404,32.75 101.676073,6.311169,31.75 101.676858,6.3111,28.25 101.67736,6.311087,27 101.678884,6.311273,27.5 101.683246,6.311701,35.75 101.685208,6.311872,29.75 101.686685,6.312038,40 101.687407,6.312067,40.75 101.688169,6.311953,37.5 101.688766,6.311746,34 101.689438,6.31136,32 101.690976,6.310069,26.25 101.692597,6.308468,28.5 101.694079,6.306968,20.5 101.695637,6.305525,26.25 101.69664,6.304876,29.5 101.697521,6.304481,29.5 101.699524,6.30383,26.5 101.701321,6.303302,22.5 101.702622,6.302961,19.75 101.70443,6.30243,19.75 101.704879,6.302278,20.5 101.705298,6.302115,21.75 101.705651,6.301945,22.5 101.706272,6.301584,21.5 101.706565,6.30137,20.75 101.707053,6.300988,20 101.707427,6.300638,19.75 101.709807,6.298056,23.5 101.710881,6.296876,23.5 101.711137,6.296572,24.5 101.711482,6.296131,25.25 101.711909,6.295504,24.25 101.712047,6.295277,24 101.71227,6.294821,24 101.712857,6.293882,26 101.713628,6.292667,26 101.71443,6.291427,26.25 101.714699,6.291067,25.25 101.715186,6.290329,24 101.715889,6.289527,23.75 101.716188,6.289202,23.25 101.716684,6.288801,22.25 101.717161,6.288473,22.25 101.717642,6.28821,24.25 101.718153,6.287962,26.75 101.719126,6.287639,27.5 101.721569,6.286967,22.5 101.723513,6.286462,21 101.727313,6.285456,19.25 101.729165,6.28489,21.25 101.730765,6.284409,22.75 101.732039,6.28407,22.75 101.732494,6.28395,23.5 101.734078,6.283489,24.25 101.735495,6.283085,22.5 101.738169,6.282346,25.25 101.739164,6.282055,24.75 101.739768,6.281884,23 101.740826,6.281591,20.75 101.741341,6.281434,20.25 101.742288,6.281121,19 101.742961,6.280847,18.75 101.743545,6.28052,20.75 101.744091,6.280123,21.5 101.745593,6.27878,20.75 101.747358,6.277277,22 101.748925,6.275888,20.25 101.750532,6.274532,22.75 101.752081,6.273128,29.75 101.754019,6.27157,29.25 101.755503,6.270324,24.75 101.757332,6.269008,21.25 101.758947,6.267773,21 101.760747,6.266431,21.25 101.762352,6.26515,22 101.763359,6.264419,19.75 101.764039,6.263927,19.25 101.765923,6.262546,22 101.767749,6.261163,21 101.76957,6.259831,18 101.771538,6.258335,19.75 101.773355,6.256984,19 101.775131,6.255677,22.75 101.777149,6.254174,21.75 101.77908,6.252704,20.5 101.781013,6.251271,17.75 101.782677,6.250009,22.75 101.78606,6.247477,20.75 101.78754,6.24634,21.25 101.789088,6.245222,26.5 101.790368,6.244269,27.25 101.791647,6.243306,27.25 101.79274,6.24247,28.75 101.793783,6.241701,27 101.794855,6.240856,25 101.795787,6.240003,24 101.796571,6.239276,22.25 101.797999,6.238,21.5 101.798674,6.237422,23.75 101.799149,6.236971,25.25 101.799883,6.236394,24.5 101.800125,6.23618,24.5 101.80026,6.236044,24.5 101.800313,6.235935,24.5 101.80035,6.235898,24.5 101.800423,6.235874,24.5 101.80062,6.235728,24.25 101.800855,6.235542,24.25 101.801249,6.235168,24.25 101.801699,6.234726,25 101.802863,6.233752,25.25 101.802976,6.233652,25 101.803393,6.233264,24 101.803908,6.232763,24.25 101.804394,6.232252,24 101.804831,6.231663,23.5 101.80517,6.231122,24 101.805398,6.230719,23.75 101.805838,6.229681,24 101.806297,6.228837,27.25 101.806589,6.22824,28.25 101.810013,6.221596,26.75 101.810972,6.219603,29 101.81133,6.218807,33.75 101.811596,6.218175,37.5 101.812166,6.216612,32.75 101.812878,6.214698,38.25 101.813653,6.212488,37.5 101.815016,6.208781,31.75 101.815576,6.20723,31.5 101.816197,6.205552,29 101.816678,6.204121,26 101.816741,6.203934,26.25 101.816852,6.203604,27 101.817647,6.201466,28.5 101.817707,6.201304,28.5 101.817996,6.200531,28.25 101.818247,6.199859,26.5 101.81887,6.198059,29.25 101.819618,6.196084,30.75 101.820381,6.194024,32.5 101.821004,6.19216,35.25 101.821742,6.190316,35 101.82243,6.188254,34.5 101.822483,6.188116,34.25 101.823187,6.186251,32.5 101.823369,6.185722,31.25 101.823783,6.184632,34 101.824663,6.182259,32.75 101.825349,6.180385,32 101.826073,6.178277,32.5 101.826287,6.177703,34 101.826864,6.176155,36.5 101.827599,6.174078,36 101.828416,6.172034,37.25 101.82847,6.171901,37.25 101.82953,6.169838,38.75 101.830549,6.168039,40.25 101.831612,6.166194,40.75 101.832267,6.165087,38.75 101.832867,6.164073,37.75 101.834082,6.162046,37.25 101.835344,6.1597,37.5 101.836311,6.157443,36.5 101.837284,6.154965,41 101.838199,6.152722,40.5 101.839144,6.150318,40.5 101.840072,6.148037,47.5 101.840965,6.146058,43.25 101.841518,6.145203,42 101.841825,6.14473,43 101.842121,6.144272,44.5 101.843342,6.142317,47.75 101.844465,6.140585,42.25 101.845672,6.138759,42.25 101.846817,6.136949,44.5 101.847968,6.135299,43.75 101.849057,6.133692,43.5 101.849972,6.132249,40.75 101.851036,6.130635,38.25 101.852071,6.129043,36 101.854001,6.126045,35 101.855665,6.123469,32.75 101.856425,6.122318,32.75 101.857152,6.121167,31.5 101.857476,6.120678,32.5 101.857613,6.12047,33.25 101.857835,6.120135,34 101.858513,6.119075,35 101.859222,6.118013,34 101.860082,6.116588,33.5 101.860733,6.115523,34.25 101.861922,6.113811,32.75 101.863202,6.111901,32 101.864326,6.11012,28.5 101.86554,6.108221,26.75 101.86672,6.106392,27.25 101.867301,6.105502,31 101.867463,6.105253,31.25 101.869924,6.101441,28.75 101.871183,6.099581,29 101.871347,6.099315,29 101.873296,6.096619,30 101.874025,6.095611,30.25 101.874962,6.094264,27.5 101.875851,6.093053,26.5 101.876572,6.091957,28.25 101.877404,6.090869,27.5 101.878731,6.089,24 101.879281,6.088187,24.5 101.880209,6.086906,25 101.880937,6.085877,25.75 101.881921,6.084514,24.75 101.882015,6.084398,25 101.882509,6.083794,26 101.883307,6.082644,23 101.884343,6.081056,23.5 101.885462,6.079465,21.75 101.886771,6.077726,26.25 101.886936,6.077492,27.25 101.889285,6.074175,22 101.891879,6.070468,21 101.894494,6.066862,28.75 101.895638,6.065257,23.5 101.895819,6.065004,22 101.897069,6.063194,27.25 101.899606,6.059751,23.25 101.90081,6.058086,23.5 101.901659,6.056842,22 101.901967,6.056391,22 101.903223,6.054683,20.5 101.904608,6.05276,15.75 101.906043,6.050811,18.5 101.90873,6.047045,24 101.909562,6.044973,21.25 101.910382,6.042583,20.75 101.911102,6.040224,23.75 101.91176,6.038233,22.75 101.912171,6.037149,26 101.912774,6.036152,28.5 101.913614,6.035417,28.25 101.914585,6.034819,25.75 101.915899,6.034123,25.25 101.91777,6.033068,26.75 101.91952,6.032118,23.25 101.921434,6.031119,23.75 101.923192,6.030138,21 101.925013,6.02871,20.25 101.926821,6.027144,15 101.928516,6.025716,17.5 101.930425,6.024124,18.5 101.932066,6.022711,23.5 101.932699,6.022287,24 101.933482,6.021867,24.25 101.934166,6.021641,21.25 101.934821,6.02145,22.25 101.935502,6.02132,21.5 101.936393,6.021306,22.75 101.937136,6.021349,24.25 101.938317,6.021472,22.5 101.940155,6.021697,22.75 101.940983,6.021777,22.5 101.942146,6.02189,25 101.943959,6.022142,25.25 101.94571,6.022356,24.75 101.946135,6.022397,23.75 101.947378,6.022547,21.25 101.948738,6.022684,23.5 101.950157,6.022869,23.75 101.951497,6.023014,21.75 101.952726,6.023197,21.75 101.953791,6.023396,20.5 101.954993,6.023676,20 101.95641,6.024036,21.25 101.958374,6.024499,19.5 101.961189,6.025188,17.5 101.961641,6.025291,17 101.961987,6.025384,16.25 101.963452,6.025736,17.25 101.964843,6.026077,16.5</coordinates></LineString>
  </Placemark>
  </Folder>
</Document>
</kml>