<?xml version="1.0" encoding="UTF-8"?>
<kml xmlns="http://www.opengis.net/kml/2.2">
  <Document>
    <name>Thai Railway Stations Merged</name>
    <description>Original: 579 | Added: 27 | Total: 606</description>
    <Style id="style_class_Special">
      <IconStyle><color>ff0000ff</color><scale>0.9</scale>
      <Icon><href>http://maps.google.com/mapfiles/kml/shapes/rail.png</href></Icon>
      </IconStyle>
    </Style>
    <Style id="style_class_1">
      <IconStyle><color>ff0080ff</color><scale>0.9</scale>
      <Icon><href>http://maps.google.com/mapfiles/kml/shapes/rail.png</href></Icon>
      </IconStyle>
    </Style>
    <Style id="style_class_2">
      <IconStyle><color>ff00ffff</color><scale>0.9</scale>
      <Icon><href>http://maps.google.com/mapfiles/kml/shapes/rail.png</href></Icon>
      </IconStyle>
    </Style>
    <Style id="style_class_3">
      <IconStyle><color>ff00ff80</color><scale>0.9</scale>
      <Icon><href>http://maps.google.com/mapfiles/kml/shapes/rail.png</href></Icon>
      </IconStyle>
    </Style>
    <Style id="style_class_4">
      <IconStyle><color>ffaaaaaa</color><scale>0.9</scale>
      <Icon><href>http://maps.google.com/mapfiles/kml/shapes/rail.png</href></Icon>
      </IconStyle>
    </Style>
    <Style id="style_class_Halt">
      <IconStyle><color>ff888888</color><scale>0.9</scale>
      <Icon><href>http://maps.google.com/mapfiles/kml/shapes/rail.png</href></Icon>
      </IconStyle>
    </Style>
    <Style id="style_class_Unknown">
      <IconStyle><color>ffdddddd</color><scale>0.9</scale>
      <Icon><href>http://maps.google.com/mapfiles/kml/shapes/rail.png</href></Icon>
      </IconStyle>
    </Style>
    <Folder>
      <name>Eastern Line</name>
      <open>0</open>
      <description>1 новых из thaitrainguide</description>
      <Placemark>
        <name>Aranyaprathet</name>
        <description>&lt;b&gt;Aranyaprathet / อรัญประเทศ&lt;/b&gt;&lt;br/&gt;Code:อร. Class:2 Line:Eastern&lt;br/&gt;District:Aranyaprathet Province:Sa Kaeo&lt;br/&gt;Source:google_places </description>
        <styleUrl>#style_class_2</styleUrl>
        <ExtendedData>
          <Data name="name_en"><value>Aranyaprathet</value></Data>
          <Data name="name_th"><value>อรัญประเทศ</value></Data>
          <Data name="code"><value>อร.</value></Data>
          <Data name="class"><value>2</value></Data>
          <Data name="line"><value>Eastern</value></Data>
          <Data name="district"><value>Aranyaprathet</value></Data>
          <Data name="province"><value>Sa Kaeo</value></Data>
          <Data name="lat"><value>13.6926</value></Data>
          <Data name="lon"><value>102.5051</value></Data>
          <Data name="coord_source"><value>google_places</value></Data>
          <Data name="ttg_url"><value></value></Data>
          <Data name="is_new"><value>False</value></Data>
        </ExtendedData>
        <Point><coordinates>102.5051,13.6926,0</coordinates></Point>
      </Placemark>
      <Placemark>
        <name>Asok</name>
        <description>&lt;b&gt;Asok / อโศก&lt;/b&gt;&lt;br/&gt;Code:อโ. Class:Halt Line:Eastern&lt;br/&gt;District:Ratchathewi Province:Bangkok&lt;br/&gt;Source:google_places </description>
        <styleUrl>#style_class_Halt</styleUrl>
        <ExtendedData>
          <Data name="name_en"><value>Asok</value></Data>
          <Data name="name_th"><value>อโศก</value></Data>
          <Data name="code"><value>อโ.</value></Data>
          <Data name="class"><value>Halt</value></Data>
          <Data name="line"><value>Eastern</value></Data>
          <Data name="district"><value>Ratchathewi</value></Data>
          <Data name="province"><value>Bangkok</value></Data>
          <Data name="lat"><value>13.7495</value></Data>
          <Data name="lon"><value>100.5638</value></Data>
          <Data name="coord_source"><value>google_places</value></Data>
          <Data name="ttg_url"><value></value></Data>
          <Data name="is_new"><value>False</value></Data>
        </ExtendedData>
        <Point><coordinates>100.5638,13.7495,0</coordinates></Point>
      </Placemark>
      <Placemark>
        <name>Ban Chang</name>
        <description>&lt;b&gt;Ban Chang / บ้านฉาง&lt;/b&gt;&lt;br/&gt;Code:บฉ. Class:4 Line:Eastern&lt;br/&gt;District:Ban Chang Province:Rayong&lt;br/&gt;Source:google_places </description>
        <styleUrl>#style_class_4</styleUrl>
        <ExtendedData>
          <Data name="name_en"><value>Ban Chang</value></Data>
          <Data name="name_th"><value>บ้านฉาง</value></Data>
          <Data name="code"><value>บฉ.</value></Data>
          <Data name="class"><value>4</value></Data>
          <Data name="line"><value>Eastern</value></Data>
          <Data name="district"><value>Ban Chang</value></Data>
          <Data name="province"><value>Rayong</value></Data>
          <Data name="lat"><value>12.7065</value></Data>
          <Data name="lon"><value>101.0554</value></Data>
          <Data name="coord_source"><value>google_places</value></Data>
          <Data name="ttg_url"><value></value></Data>
          <Data name="is_new"><value>False</value></Data>
        </ExtendedData>
        <Point><coordinates>101.0554,12.7065,0</coordinates></Point>
      </Placemark>
      <Placemark>
        <name>Ban Dong Bang</name>
        <description>&lt;b&gt;Ban Dong Bang / บ้านดงบัง&lt;/b&gt;&lt;br/&gt;Code:ดบ. Class:4 Line:Eastern&lt;br/&gt;District:Prachantakham Province:Prachinburi&lt;br/&gt;Source:osm_th_raw </description>
        <styleUrl>#style_class_4</styleUrl>
        <ExtendedData>
          <Data name="name_en"><value>Ban Dong Bang</value></Data>
          <Data name="name_th"><value>บ้านดงบัง</value></Data>
          <Data name="code"><value>ดบ.</value></Data>
          <Data name="class"><value>4</value></Data>
          <Data name="line"><value>Eastern</value></Data>
          <Data name="district"><value>Prachantakham</value></Data>
          <Data name="province"><value>Prachinburi</value></Data>
          <Data name="lat"><value>14.0404999</value></Data>
          <Data name="lon"><value>101.5988489</value></Data>
          <Data name="coord_source"><value>osm_th_raw</value></Data>
          <Data name="ttg_url"><value></value></Data>
          <Data name="is_new"><value>False</value></Data>
        </ExtendedData>
        <Point><coordinates>101.5988489,14.0404999,0</coordinates></Point>
      </Placemark>
      <Placemark>
        <name>Ban Huai Khwang</name>
        <description>&lt;b&gt;Ban Huai Khwang / บ้านห้วยขวาง&lt;/b&gt;&lt;br/&gt;Code:ยข. Class:3 Line:Eastern&lt;br/&gt;District:Bang Lamung Province:Chonburi&lt;br/&gt;Source:osm_th_raw </description>
        <styleUrl>#style_class_3</styleUrl>
        <ExtendedData>
          <Data name="name_en"><value>Ban Huai Khwang</value></Data>
          <Data name="name_th"><value>บ้านห้วยขวาง</value></Data>
          <Data name="code"><value>ยข.</value></Data>
          <Data name="class"><value>3</value></Data>
          <Data name="line"><value>Eastern</value></Data>
          <Data name="district"><value>Bang Lamung</value></Data>
          <Data name="province"><value>Chonburi</value></Data>
          <Data name="lat"><value>12.8263019</value></Data>
          <Data name="lon"><value>100.9214409</value></Data>
          <Data name="coord_source"><value>osm_th_raw</value></Data>
          <Data name="ttg_url"><value></value></Data>
          <Data name="is_new"><value>False</value></Data>
        </ExtendedData>
        <Point><coordinates>100.9214409,12.8263019,0</coordinates></Point>
      </Placemark>
      <Placemark>
        <name>Ban Kaeng</name>
        <description>&lt;b&gt;Ban Kaeng / บ้านแก้ง&lt;/b&gt;&lt;br/&gt;Code:บแ. Class:Halt Line:Eastern&lt;br/&gt;District:Mueang Province:Sa Kaeo&lt;br/&gt;Source:osm_th_raw </description>
        <styleUrl>#style_class_Halt</styleUrl>
        <ExtendedData>
          <Data name="name_en"><value>Ban Kaeng</value></Data>
          <Data name="name_th"><value>บ้านแก้ง</value></Data>
          <Data name="code"><value>บแ.</value></Data>
          <Data name="class"><value>Halt</value></Data>
          <Data name="line"><value>Eastern</value></Data>
          <Data name="district"><value>Mueang</value></Data>
          <Data name="province"><value>Sa Kaeo</value></Data>
          <Data name="lat"><value>13.9172199</value></Data>
          <Data name="lon"><value>101.9690793</value></Data>
          <Data name="coord_source"><value>osm_th_raw</value></Data>
          <Data name="ttg_url"><value></value></Data>
          <Data name="is_new"><value>False</value></Data>
        </ExtendedData>
        <Point><coordinates>101.9690793,13.9172199,0</coordinates></Point>
      </Placemark>
      <Placemark>
        <name>Ban Klong Luk Border</name>
        <description>&lt;b&gt;Ban Klong Luk Border / ด่านพรมแดนบ้านคลองลึก&lt;/b&gt;&lt;br/&gt;Code:ลง. Class:3 Line:Eastern&lt;br/&gt;District:Aranyaprathet Province:Sa Kaeo&lt;br/&gt;Source:osm_th_raw </description>
        <styleUrl>#style_class_3</styleUrl>
        <ExtendedData>
          <Data name="name_en"><value>Ban Klong Luk Border</value></Data>
          <Data name="name_th"><value>ด่านพรมแดนบ้านคลองลึก</value></Data>
          <Data name="code"><value>ลง.</value></Data>
          <Data name="class"><value>3</value></Data>
          <Data name="line"><value>Eastern</value></Data>
          <Data name="district"><value>Aranyaprathet</value></Data>
          <Data name="province"><value>Sa Kaeo</value></Data>
          <Data name="lat"><value>13.662873</value></Data>
          <Data name="lon"><value>102.5484453</value></Data>
          <Data name="coord_source"><value>osm_th_raw</value></Data>
          <Data name="ttg_url"><value></value></Data>
          <Data name="is_new"><value>False</value></Data>
        </ExtendedData>
        <Point><coordinates>102.5484453,13.662873,0</coordinates></Point>
      </Placemark>
      <Placemark>
        <name>Ban Ko Daeng</name>
        <description>&lt;b&gt;Ban Ko Daeng / บ้านเกาะแดง&lt;/b&gt;&lt;br/&gt;Code:เด. Class:Halt Line:Eastern&lt;br/&gt;District:Kabin Buri Province:Prachinburi&lt;br/&gt;Source:osm_th_raw </description>
        <styleUrl>#style_class_Halt</styleUrl>
        <ExtendedData>
          <Data name="name_en"><value>Ban Ko Daeng</value></Data>
          <Data name="name_th"><value>บ้านเกาะแดง</value></Data>
          <Data name="code"><value>เด.</value></Data>
          <Data name="class"><value>Halt</value></Data>
          <Data name="line"><value>Eastern</value></Data>
          <Data name="district"><value>Kabin Buri</value></Data>
          <Data name="province"><value>Prachinburi</value></Data>
          <Data name="lat"><value>14.0073655</value></Data>
          <Data name="lon"><value>101.6790675</value></Data>
          <Data name="coord_source"><value>osm_th_raw</value></Data>
          <Data name="ttg_url"><value></value></Data>
          <Data name="is_new"><value>False</value></Data>
        </ExtendedData>
        <Point><coordinates>101.6790675,14.0073655,0</coordinates></Point>
      </Placemark>
      <Placemark>
        <name>Ban Nong Sriwichai</name>
        <description>&lt;b&gt;Ban Nong Sriwichai / บ้านหนองศรีวิชัย&lt;/b&gt;&lt;br/&gt;Code:ศิ. Class:Halt Line:Eastern&lt;br/&gt;District:Prachantakham Province:Prachinburi&lt;br/&gt;Source:osm_fuzzy_th_0.86 </description>
        <styleUrl>#style_class_Halt</styleUrl>
        <ExtendedData>
          <Data name="name_en"><value>Ban Nong Sriwichai</value></Data>
          <Data name="name_th"><value>บ้านหนองศรีวิชัย</value></Data>
          <Data name="code"><value>ศิ.</value></Data>
          <Data name="class"><value>Halt</value></Data>
          <Data name="line"><value>Eastern</value></Data>
          <Data name="district"><value>Prachantakham</value></Data>
          <Data name="province"><value>Prachinburi</value></Data>
          <Data name="lat"><value>14.0326716</value></Data>
          <Data name="lon"><value>101.617804</value></Data>
          <Data name="coord_source"><value>osm_fuzzy_th_0.86</value></Data>
          <Data name="ttg_url"><value></value></Data>
          <Data name="is_new"><value>False</value></Data>
        </ExtendedData>
        <Point><coordinates>101.617804,14.0326716,0</coordinates></Point>
      </Placemark>
      <Placemark>
        <name>Ban Pak Phli</name>
        <description>&lt;b&gt;Ban Pak Phli / บ้านปากพลี&lt;/b&gt;&lt;br/&gt;Code:าป. Class:3 Line:Eastern&lt;br/&gt;District:Pak Phli Province:Nakhon Nayok&lt;br/&gt;Source:osm_th_raw </description>
        <styleUrl>#style_class_3</styleUrl>
        <ExtendedData>
          <Data name="name_en"><value>Ban Pak Phli</value></Data>
          <Data name="name_th"><value>บ้านปากพลี</value></Data>
          <Data name="code"><value>าป.</value></Data>
          <Data name="class"><value>3</value></Data>
          <Data name="line"><value>Eastern</value></Data>
          <Data name="district"><value>Pak Phli</value></Data>
          <Data name="province"><value>Nakhon Nayok</value></Data>
          <Data name="lat"><value>14.0741571</value></Data>
          <Data name="lon"><value>101.3153331</value></Data>
          <Data name="coord_source"><value>osm_th_raw</value></Data>
          <Data name="ttg_url"><value></value></Data>
          <Data name="is_new"><value>False</value></Data>
        </ExtendedData>
        <Point><coordinates>101.3153331,14.0741571,0</coordinates></Point>
      </Placemark>
      <Placemark>
        <name>Ban Phlu Ta Luang</name>
        <description>&lt;b&gt;Ban Phlu Ta Luang / บ้านพลูตาหลวง&lt;/b&gt;&lt;br/&gt;Code:พต. Class:3 Line:Eastern&lt;br/&gt;District:Sattahip Province:Chonburi&lt;br/&gt;Source:osm_th_raw </description>
        <styleUrl>#style_class_3</styleUrl>
        <ExtendedData>
          <Data name="name_en"><value>Ban Phlu Ta Luang</value></Data>
          <Data name="name_th"><value>บ้านพลูตาหลวง</value></Data>
          <Data name="code"><value>พต.</value></Data>
          <Data name="class"><value>3</value></Data>
          <Data name="line"><value>Eastern</value></Data>
          <Data name="district"><value>Sattahip</value></Data>
          <Data name="province"><value>Chonburi</value></Data>
          <Data name="lat"><value>12.7045627</value></Data>
          <Data name="lon"><value>100.9722522</value></Data>
          <Data name="coord_source"><value>osm_th_raw</value></Data>
          <Data name="ttg_url"><value></value></Data>
          <Data name="is_new"><value>False</value></Data>
        </ExtendedData>
        <Point><coordinates>100.9722522,12.7045627,0</coordinates></Point>
      </Placemark>
      <Placemark>
        <name>Ban Phrom Saeng</name>
        <description>&lt;b&gt;Ban Phrom Saeng / บ้านพรมแสง&lt;/b&gt;&lt;br/&gt;Code:พส. Class:Halt Line:Eastern&lt;br/&gt;District:Kabin Buri Province:Prachinburi&lt;br/&gt;Source:osm_th_raw </description>
        <styleUrl>#style_class_Halt</styleUrl>
        <ExtendedData>
          <Data name="name_en"><value>Ban Phrom Saeng</value></Data>
          <Data name="name_th"><value>บ้านพรมแสง</value></Data>
          <Data name="code"><value>พส.</value></Data>
          <Data name="class"><value>Halt</value></Data>
          <Data name="line"><value>Eastern</value></Data>
          <Data name="district"><value>Kabin Buri</value></Data>
          <Data name="province"><value>Prachinburi</value></Data>
          <Data name="lat"><value>14.0224971</value></Data>
          <Data name="lon"><value>101.6423802</value></Data>
          <Data name="coord_source"><value>osm_th_raw</value></Data>
          <Data name="ttg_url"><value></value></Data>
          <Data name="is_new"><value>False</value></Data>
        </ExtendedData>
        <Point><coordinates>101.6423802,14.0224971,0</coordinates></Point>
      </Placemark>
      <Placemark>
        <name>Ban Pong Kom</name>
        <description>&lt;b&gt;Ban Pong Kom / บ้านโป่งคอม&lt;/b&gt;&lt;br/&gt;Code:อม. Class:Halt Line:Eastern&lt;br/&gt;District:Watthana Nakhon Province:Sa Kaeo&lt;br/&gt;Source:osm_th_raw </description>
        <styleUrl>#style_class_Halt</styleUrl>
        <ExtendedData>
          <Data name="name_en"><value>Ban Pong Kom</value></Data>
          <Data name="name_th"><value>บ้านโป่งคอม</value></Data>
          <Data name="code"><value>อม.</value></Data>
          <Data name="class"><value>Halt</value></Data>
          <Data name="line"><value>Eastern</value></Data>
          <Data name="district"><value>Watthana Nakhon</value></Data>
          <Data name="province"><value>Sa Kaeo</value></Data>
          <Data name="lat"><value>13.7246802</value></Data>
          <Data name="lon"><value>102.3805079</value></Data>
          <Data name="coord_source"><value>osm_th_raw</value></Data>
          <Data name="ttg_url"><value></value></Data>
          <Data name="is_new"><value>False</value></Data>
        </ExtendedData>
        <Point><coordinates>102.3805079,13.7246802,0</coordinates></Point>
      </Placemark>
      <Placemark>
        <name>Ban Sang</name>
        <description>&lt;b&gt;Ban Sang / บ้านสร้าง&lt;/b&gt;&lt;br/&gt;Code:สา. Class:3 Line:Eastern&lt;br/&gt;District:Ban Sang Province:Prachinburi&lt;br/&gt;Source:osm_th_raw </description>
        <styleUrl>#style_class_3</styleUrl>
        <ExtendedData>
          <Data name="name_en"><value>Ban Sang</value></Data>
          <Data name="name_th"><value>บ้านสร้าง</value></Data>
          <Data name="code"><value>สา.</value></Data>
          <Data name="class"><value>3</value></Data>
          <Data name="line"><value>Eastern</value></Data>
          <Data name="district"><value>Ban Sang</value></Data>
          <Data name="province"><value>Prachinburi</value></Data>
          <Data name="lat"><value>14.0151534</value></Data>
          <Data name="lon"><value>101.2028807</value></Data>
          <Data name="coord_source"><value>osm_th_raw</value></Data>
          <Data name="ttg_url"><value></value></Data>
          <Data name="is_new"><value>False</value></Data>
        </ExtendedData>
        <Point><coordinates>101.2028807,14.0151534,0</coordinates></Point>
      </Placemark>
      <Placemark>
        <name>Ban Thap Chang</name>
        <description>&lt;b&gt;Ban Thap Chang / บ้านทับช้าง&lt;/b&gt;&lt;br/&gt;Code:ทช. Class:2 Line:Eastern&lt;br/&gt;District:Prawet Province:Bangkok&lt;br/&gt;Source:osm_th_raw </description>
        <styleUrl>#style_class_2</styleUrl>
        <ExtendedData>
          <Data name="name_en"><value>Ban Thap Chang</value></Data>
          <Data name="name_th"><value>บ้านทับช้าง</value></Data>
          <Data name="code"><value>ทช.</value></Data>
          <Data name="class"><value>2</value></Data>
          <Data name="line"><value>Eastern</value></Data>
          <Data name="district"><value>Prawet</value></Data>
          <Data name="province"><value>Bangkok</value></Data>
          <Data name="lat"><value>13.7328881</value></Data>
          <Data name="lon"><value>100.6908166</value></Data>
          <Data name="coord_source"><value>osm_th_raw</value></Data>
          <Data name="ttg_url"><value></value></Data>
          <Data name="is_new"><value>False</value></Data>
        </ExtendedData>
        <Point><coordinates>100.6908166,13.7328881,0</coordinates></Point>
      </Placemark>
      <Placemark>
        <name>Bang Lamung</name>
        <description>&lt;b&gt;Bang Lamung / บางละมุง&lt;/b&gt;&lt;br/&gt;Code:มุ. Class:1 Line:Eastern&lt;br/&gt;District:Bang Lamung Province:Chonburi&lt;br/&gt;Source:osm_th_raw </description>
        <styleUrl>#style_class_1</styleUrl>
        <ExtendedData>
          <Data name="name_en"><value>Bang Lamung</value></Data>
          <Data name="name_th"><value>บางละมุง</value></Data>
          <Data name="code"><value>มุ.</value></Data>
          <Data name="class"><value>1</value></Data>
          <Data name="line"><value>Eastern</value></Data>
          <Data name="district"><value>Bang Lamung</value></Data>
          <Data name="province"><value>Chonburi</value></Data>
          <Data name="lat"><value>13.0344892</value></Data>
          <Data name="lon"><value>100.9400616</value></Data>
          <Data name="coord_source"><value>osm_th_raw</value></Data>
          <Data name="ttg_url"><value></value></Data>
          <Data name="is_new"><value>False</value></Data>
        </ExtendedData>
        <Point><coordinates>100.9400616,13.0344892,0</coordinates></Point>
      </Placemark>
      <Placemark>
        <name>Bang Nam Priao</name>
        <description>&lt;b&gt;Bang Nam Priao / บางน้ำเปรี้ยว&lt;/b&gt;&lt;br/&gt;Code:บย. Class:3 Line:Eastern&lt;br/&gt;District:Bang Nam Priao Province:Chachoengsao&lt;br/&gt;Source:osm_th_raw </description>
        <styleUrl>#style_class_3</styleUrl>
        <ExtendedData>
          <Data name="name_en"><value>Bang Nam Priao</value></Data>
          <Data name="name_th"><value>บางน้ำเปรี้ยว</value></Data>
          <Data name="code"><value>บย.</value></Data>
          <Data name="class"><value>3</value></Data>
          <Data name="line"><value>Eastern</value></Data>
          <Data name="district"><value>Bang Nam Priao</value></Data>
          <Data name="province"><value>Chachoengsao</value></Data>
          <Data name="lat"><value>13.8500565</value></Data>
          <Data name="lon"><value>101.1019996</value></Data>
          <Data name="coord_source"><value>osm_th_raw</value></Data>
          <Data name="ttg_url"><value></value></Data>
          <Data name="is_new"><value>False</value></Data>
        </ExtendedData>
        <Point><coordinates>101.1019996,13.8500565,0</coordinates></Point>
      </Placemark>
      <Placemark>
        <name>Bang Phra</name>
        <description>&lt;b&gt;Bang Phra / บางพระ&lt;/b&gt;&lt;br/&gt;Code:ระ. Class:3 Line:Eastern&lt;br/&gt;District:Si Racha Province:Chonburi&lt;br/&gt;Source:osm_th_raw </description>
        <styleUrl>#style_class_3</styleUrl>
        <ExtendedData>
          <Data name="name_en"><value>Bang Phra</value></Data>
          <Data name="name_th"><value>บางพระ</value></Data>
          <Data name="code"><value>ระ.</value></Data>
          <Data name="class"><value>3</value></Data>
          <Data name="line"><value>Eastern</value></Data>
          <Data name="district"><value>Si Racha</value></Data>
          <Data name="province"><value>Chonburi</value></Data>
          <Data name="lat"><value>13.2357646</value></Data>
          <Data name="lon"><value>100.9535761</value></Data>
          <Data name="coord_source"><value>osm_th_raw</value></Data>
          <Data name="ttg_url"><value></value></Data>
          <Data name="is_new"><value>False</value></Data>
        </ExtendedData>
        <Point><coordinates>100.9535761,13.2357646,0</coordinates></Point>
      </Placemark>
      <Placemark>
        <name>Bang Toei</name>
        <description>&lt;b&gt;Bang Toei / บางเตย&lt;/b&gt;&lt;br/&gt;Code:งย. Class:Halt Line:Eastern&lt;br/&gt;District:Mueang Province:Chachoengsao&lt;br/&gt;Source:osm_th_raw </description>
        <styleUrl>#style_class_Halt</styleUrl>
        <ExtendedData>
          <Data name="name_en"><value>Bang Toei</value></Data>
          <Data name="name_th"><value>บางเตย</value></Data>
          <Data name="code"><value>งย.</value></Data>
          <Data name="class"><value>Halt</value></Data>
          <Data name="line"><value>Eastern</value></Data>
          <Data name="district"><value>Mueang</value></Data>
          <Data name="province"><value>Chachoengsao</value></Data>
          <Data name="lat"><value>13.7006834</value></Data>
          <Data name="lon"><value>101.0186611</value></Data>
          <Data name="coord_source"><value>osm_th_raw</value></Data>
          <Data name="ttg_url"><value></value></Data>
          <Data name="is_new"><value>False</value></Data>
        </ExtendedData>
        <Point><coordinates>101.0186611,13.7006834,0</coordinates></Point>
      </Placemark>
      <Placemark>
        <name>Bu Yai</name>
        <description>&lt;b&gt;Bu Yai / บุใหญ่&lt;/b&gt;&lt;br/&gt;Code:ให. Class:3 Line:Eastern&lt;br/&gt;District:Kaeng Khoi Province:Saraburi&lt;br/&gt;Source:osm_th_raw </description>
        <styleUrl>#style_class_3</styleUrl>
        <ExtendedData>
          <Data name="name_en"><value>Bu Yai</value></Data>
          <Data name="name_th"><value>บุใหญ่</value></Data>
          <Data name="code"><value>ให.</value></Data>
          <Data name="class"><value>3</value></Data>
          <Data name="line"><value>Eastern</value></Data>
          <Data name="district"><value>Kaeng Khoi</value></Data>
          <Data name="province"><value>Saraburi</value></Data>
          <Data name="lat"><value>14.4282723</value></Data>
          <Data name="lon"><value>101.0062401</value></Data>
          <Data name="coord_source"><value>osm_th_raw</value></Data>
          <Data name="ttg_url"><value></value></Data>
          <Data name="is_new"><value>False</value></Data>
        </ExtendedData>
        <Point><coordinates>101.0062401,14.4282723,0</coordinates></Point>
      </Placemark>
      <Placemark>
        <name>Chachoengsao Junction</name>
        <description>&lt;b&gt;Chachoengsao Junction / ชุมทางฉะเชิงเทรา&lt;/b&gt;&lt;br/&gt;Code:ฉท. Class:1 Line:Eastern&lt;br/&gt;District:Mueang Province:Chachoengsao&lt;br/&gt;Source:google_places </description>
        <styleUrl>#style_class_1</styleUrl>
        <ExtendedData>
          <Data name="name_en"><value>Chachoengsao Junction</value></Data>
          <Data name="name_th"><value>ชุมทางฉะเชิงเทรา</value></Data>
          <Data name="code"><value>ฉท.</value></Data>
          <Data name="class"><value>1</value></Data>
          <Data name="line"><value>Eastern</value></Data>
          <Data name="district"><value>Mueang</value></Data>
          <Data name="province"><value>Chachoengsao</value></Data>
          <Data name="lat"><value>13.6954</value></Data>
          <Data name="lon"><value>101.0592</value></Data>
          <Data name="coord_source"><value>google_places</value></Data>
          <Data name="ttg_url"><value></value></Data>
          <Data name="is_new"><value>False</value></Data>
        </ExtendedData>
        <Point><coordinates>101.0592,13.6954,0</coordinates></Point>
      </Placemark>
      <Placemark>
        <name>Chonburi</name>
        <description>&lt;b&gt;Chonburi / ชลบุรี&lt;/b&gt;&lt;br/&gt;Code:ชบ. Class:1 Line:Eastern&lt;br/&gt;District:Mueang Province:Chonburi&lt;br/&gt;Source:google_places </description>
        <styleUrl>#style_class_1</styleUrl>
        <ExtendedData>
          <Data name="name_en"><value>Chonburi</value></Data>
          <Data name="name_th"><value>ชลบุรี</value></Data>
          <Data name="code"><value>ชบ.</value></Data>
          <Data name="class"><value>1</value></Data>
          <Data name="line"><value>Eastern</value></Data>
          <Data name="district"><value>Mueang</value></Data>
          <Data name="province"><value>Chonburi</value></Data>
          <Data name="lat"><value>13.3423</value></Data>
          <Data name="lon"><value>100.9982</value></Data>
          <Data name="coord_source"><value>google_places</value></Data>
          <Data name="ttg_url"><value></value></Data>
          <Data name="is_new"><value>False</value></Data>
        </ExtendedData>
        <Point><coordinates>100.9982,13.3423,0</coordinates></Point>
      </Placemark>
      <Placemark>
        <name>Chuk Samet</name>
        <description>&lt;b&gt;Chuk Samet / จุกเสม็ด&lt;/b&gt;&lt;br/&gt;Code:จเ. Class:1 Line:Eastern&lt;br/&gt;District:Sattahip Province:Chonburi&lt;br/&gt;Source:osm_th_raw </description>
        <styleUrl>#style_class_1</styleUrl>
        <ExtendedData>
          <Data name="name_en"><value>Chuk Samet</value></Data>
          <Data name="name_th"><value>จุกเสม็ด</value></Data>
          <Data name="code"><value>จเ.</value></Data>
          <Data name="class"><value>1</value></Data>
          <Data name="line"><value>Eastern</value></Data>
          <Data name="district"><value>Sattahip</value></Data>
          <Data name="province"><value>Chonburi</value></Data>
          <Data name="lat"><value>12.6247647</value></Data>
          <Data name="lon"><value>100.9216077</value></Data>
          <Data name="coord_source"><value>osm_th_raw</value></Data>
          <Data name="ttg_url"><value></value></Data>
          <Data name="is_new"><value>False</value></Data>
        </ExtendedData>
        <Point><coordinates>100.9216077,12.6247647,0</coordinates></Point>
      </Placemark>
      <Placemark>
        <name>Don Si Non</name>
        <description>&lt;b&gt;Don Si Non / ดอนสีนนท์&lt;/b&gt;&lt;br/&gt;Code:ดอ. Class:3 Line:Eastern&lt;br/&gt;District:Ban Pho Province:Chachoengsao&lt;br/&gt;Source:osm_th_raw </description>
        <styleUrl>#style_class_3</styleUrl>
        <ExtendedData>
          <Data name="name_en"><value>Don Si Non</value></Data>
          <Data name="name_th"><value>ดอนสีนนท์</value></Data>
          <Data name="code"><value>ดอ.</value></Data>
          <Data name="class"><value>3</value></Data>
          <Data name="line"><value>Eastern</value></Data>
          <Data name="district"><value>Ban Pho</value></Data>
          <Data name="province"><value>Chachoengsao</value></Data>
          <Data name="lat"><value>13.6010025</value></Data>
          <Data name="lon"><value>101.1088784</value></Data>
          <Data name="coord_source"><value>osm_th_raw</value></Data>
          <Data name="ttg_url"><value></value></Data>
          <Data name="is_new"><value>False</value></Data>
        </ExtendedData>
        <Point><coordinates>101.1088784,13.6010025,0</coordinates></Point>
      </Placemark>
      <Placemark>
        <name>Hua Mak</name>
        <description>&lt;b&gt;Hua Mak / หัวหมาก&lt;/b&gt;&lt;br/&gt;Code:หม. Class:1 Line:Eastern&lt;br/&gt;District:Suan Luang Province:Bangkok&lt;br/&gt;Source:osm_th_raw </description>
        <styleUrl>#style_class_1</styleUrl>
        <ExtendedData>
          <Data name="name_en"><value>Hua Mak</value></Data>
          <Data name="name_th"><value>หัวหมาก</value></Data>
          <Data name="code"><value>หม.</value></Data>
          <Data name="class"><value>1</value></Data>
          <Data name="line"><value>Eastern</value></Data>
          <Data name="district"><value>Suan Luang</value></Data>
          <Data name="province"><value>Bangkok</value></Data>
          <Data name="lat"><value>13.7383682</value></Data>
          <Data name="lon"><value>100.6397382</value></Data>
          <Data name="coord_source"><value>osm_th_raw</value></Data>
          <Data name="ttg_url"><value></value></Data>
          <Data name="is_new"><value>False</value></Data>
        </ExtendedData>
        <Point><coordinates>100.6397382,13.7383682,0</coordinates></Point>
      </Placemark>
      <Placemark>
        <name>Hua Takhe</name>
        <description>&lt;b&gt;Hua Takhe / หัวตะเข้&lt;/b&gt;&lt;br/&gt;Code:หข. Class:1 Line:Eastern&lt;br/&gt;District:Lat Krabang Province:Bangkok&lt;br/&gt;Source:osm_th_raw </description>
        <styleUrl>#style_class_1</styleUrl>
        <ExtendedData>
          <Data name="name_en"><value>Hua Takhe</value></Data>
          <Data name="name_th"><value>หัวตะเข้</value></Data>
          <Data name="code"><value>หข.</value></Data>
          <Data name="class"><value>1</value></Data>
          <Data name="line"><value>Eastern</value></Data>
          <Data name="district"><value>Lat Krabang</value></Data>
          <Data name="province"><value>Bangkok</value></Data>
          <Data name="lat"><value>13.7282484</value></Data>
          <Data name="lon"><value>100.7829084</value></Data>
          <Data name="coord_source"><value>osm_th_raw</value></Data>
          <Data name="ttg_url"><value></value></Data>
          <Data name="is_new"><value>False</value></Data>
        </ExtendedData>
        <Point><coordinates>100.7829084,13.7282484,0</coordinates></Point>
      </Placemark>
      <Placemark>
        <name>Huai Chot</name>
        <description>&lt;b&gt;Huai Chot / ห้วยโจด&lt;/b&gt;&lt;br/&gt;Code:ยจ. Class:Halt Line:Eastern&lt;br/&gt;District:Watthana Nakhon Province:Sa Kaeo&lt;br/&gt;Source:osm_th_raw </description>
        <styleUrl>#style_class_Halt</styleUrl>
        <ExtendedData>
          <Data name="name_en"><value>Huai Chot</value></Data>
          <Data name="name_th"><value>ห้วยโจด</value></Data>
          <Data name="code"><value>ยจ.</value></Data>
          <Data name="class"><value>Halt</value></Data>
          <Data name="line"><value>Eastern</value></Data>
          <Data name="district"><value>Watthana Nakhon</value></Data>
          <Data name="province"><value>Sa Kaeo</value></Data>
          <Data name="lat"><value>13.770513</value></Data>
          <Data name="lon"><value>102.2312053</value></Data>
          <Data name="coord_source"><value>osm_th_raw</value></Data>
          <Data name="ttg_url"><value></value></Data>
          <Data name="is_new"><value>False</value></Data>
        </ExtendedData>
        <Point><coordinates>102.2312053,13.770513,0</coordinates></Point>
      </Placemark>
      <Placemark>
        <name>Huai Dua</name>
        <description>&lt;b&gt;Huai Dua / ห้วยเดื่อ&lt;/b&gt;&lt;br/&gt;Code: Class:Halt Line:Eastern&lt;br/&gt;District: Province:&lt;br/&gt;Source:osm_fuzzy_en_0.94 </description>
        <styleUrl>#style_class_Halt</styleUrl>
        <ExtendedData>
          <Data name="name_en"><value>Huai Dua</value></Data>
          <Data name="name_th"><value>ห้วยเดื่อ</value></Data>
          <Data name="code"><value></value></Data>
          <Data name="class"><value>Halt</value></Data>
          <Data name="line"><value>Eastern</value></Data>
          <Data name="district"><value></value></Data>
          <Data name="province"><value></value></Data>
          <Data name="lat"><value>13.7129193</value></Data>
          <Data name="lon"><value>102.4223798</value></Data>
          <Data name="coord_source"><value>osm_fuzzy_en_0.94</value></Data>
          <Data name="ttg_url"><value></value></Data>
          <Data name="is_new"><value>False</value></Data>
        </ExtendedData>
        <Point><coordinates>102.4223798,13.7129193,0</coordinates></Point>
      </Placemark>
      <Placemark>
        <name>Kabin Buri</name>
        <description>&lt;b&gt;Kabin Buri / กบินทร์บุรี&lt;/b&gt;&lt;br/&gt;Code:กบ. Class:2 Line:Eastern&lt;br/&gt;District:Kabin Buri Province:Prachinburi&lt;br/&gt;Source:osm_th_raw </description>
        <styleUrl>#style_class_2</styleUrl>
        <ExtendedData>
          <Data name="name_en"><value>Kabin Buri</value></Data>
          <Data name="name_th"><value>กบินทร์บุรี</value></Data>
          <Data name="code"><value>กบ.</value></Data>
          <Data name="class"><value>2</value></Data>
          <Data name="line"><value>Eastern</value></Data>
          <Data name="district"><value>Kabin Buri</value></Data>
          <Data name="province"><value>Prachinburi</value></Data>
          <Data name="lat"><value>13.9895143</value></Data>
          <Data name="lon"><value>101.7226862</value></Data>
          <Data name="coord_source"><value>osm_th_raw</value></Data>
          <Data name="ttg_url"><value></value></Data>
          <Data name="is_new"><value>False</value></Data>
        </ExtendedData>
        <Point><coordinates>101.7226862,13.9895143,0</coordinates></Point>
      </Placemark>
      <Placemark>
        <name>Kabin Kao</name>
        <description>&lt;b&gt;Kabin Kao / กบินทร์เก่า&lt;/b&gt;&lt;br/&gt;Code: Class:Halt Line:Eastern&lt;br/&gt;District: Province:&lt;br/&gt;Source:osm_en </description>
        <styleUrl>#style_class_Halt</styleUrl>
        <ExtendedData>
          <Data name="name_en"><value>Kabin Kao</value></Data>
          <Data name="name_th"><value>กบินทร์เก่า</value></Data>
          <Data name="code"><value></value></Data>
          <Data name="class"><value>Halt</value></Data>
          <Data name="line"><value>Eastern</value></Data>
          <Data name="district"><value></value></Data>
          <Data name="province"><value></value></Data>
          <Data name="lat"><value>13.9968406</value></Data>
          <Data name="lon"><value>101.7611728</value></Data>
          <Data name="coord_source"><value>osm_en</value></Data>
          <Data name="ttg_url"><value></value></Data>
          <Data name="is_new"><value>False</value></Data>
        </ExtendedData>
        <Point><coordinates>101.7611728,13.9968406,0</coordinates></Point>
      </Placemark>
      <Placemark>
        <name>Kao Chi Chan Junction</name>
        <description>&lt;b&gt;Kao Chi Chan Junction&lt;/b&gt;&lt;br/&gt;Code: Class:Unknown Line:Eastern&lt;br/&gt;District: Province:&lt;br/&gt;Source:thaitrainguide </description>
        <styleUrl>#style_class_Unknown</styleUrl>
        <ExtendedData>
          <Data name="name_en"><value>Kao Chi Chan Junction</value></Data>
          <Data name="name_th"><value></value></Data>
          <Data name="code"><value></value></Data>
          <Data name="class"><value>Unknown</value></Data>
          <Data name="line"><value>Eastern</value></Data>
          <Data name="district"><value></value></Data>
          <Data name="province"><value></value></Data>
          <Data name="lat"><value>12.7335388</value></Data>
          <Data name="lon"><value>100.9545037</value></Data>
          <Data name="coord_source"><value>thaitrainguide</value></Data>
          <Data name="ttg_url"><value></value></Data>
          <Data name="is_new"><value>True</value></Data>
        </ExtendedData>
        <Point><coordinates>100.9545037,12.7335388,0</coordinates></Point>
      </Placemark>
      <Placemark>
        <name>Khao Chi Chan Junction</name>
        <description>&lt;b&gt;Khao Chi Chan Junction / ชุมทางเขาชีจรรย์&lt;/b&gt;&lt;br/&gt;Code: Class:Halt Line:Eastern&lt;br/&gt;District: Province:&lt;br/&gt;Source:osm_en </description>
        <styleUrl>#style_class_Halt</styleUrl>
        <ExtendedData>
          <Data name="name_en"><value>Khao Chi Chan Junction</value></Data>
          <Data name="name_th"><value>ชุมทางเขาชีจรรย์</value></Data>
          <Data name="code"><value></value></Data>
          <Data name="class"><value>Halt</value></Data>
          <Data name="line"><value>Eastern</value></Data>
          <Data name="district"><value></value></Data>
          <Data name="province"><value></value></Data>
          <Data name="lat"><value>12.7336884</value></Data>
          <Data name="lon"><value>100.9545837</value></Data>
          <Data name="coord_source"><value>osm_en</value></Data>
          <Data name="ttg_url"><value></value></Data>
          <Data name="is_new"><value>False</value></Data>
        </ExtendedData>
        <Point><coordinates>100.9545837,12.7336884,0</coordinates></Point>
      </Placemark>
      <Placemark>
        <name>Khao Phrabat</name>
        <description>&lt;b&gt;Khao Phrabat / เขาพระบาท&lt;/b&gt;&lt;br/&gt;Code: Class:Halt Line:Eastern&lt;br/&gt;District: Province:&lt;br/&gt;Source:osm_fuzzy_en_0.96 </description>
        <styleUrl>#style_class_Halt</styleUrl>
        <ExtendedData>
          <Data name="name_en"><value>Khao Phrabat</value></Data>
          <Data name="name_th"><value>เขาพระบาท</value></Data>
          <Data name="code"><value></value></Data>
          <Data name="class"><value>Halt</value></Data>
          <Data name="line"><value>Eastern</value></Data>
          <Data name="district"><value></value></Data>
          <Data name="province"><value></value></Data>
          <Data name="lat"><value>13.2024409</value></Data>
          <Data name="lon"><value>100.9416248</value></Data>
          <Data name="coord_source"><value>osm_fuzzy_en_0.96</value></Data>
          <Data name="ttg_url"><value></value></Data>
          <Data name="is_new"><value>False</value></Data>
        </ExtendedData>
        <Point><coordinates>100.9416248,13.2024409,0</coordinates></Point>
      </Placemark>
      <Placemark>
        <name>Khlong Bang Phra</name>
        <description>&lt;b&gt;Khlong Bang Phra / คลองบางพระ&lt;/b&gt;&lt;br/&gt;Code: Class:Halt Line:Eastern&lt;br/&gt;District: Province:&lt;br/&gt;Source:osm_en </description>
        <styleUrl>#style_class_Halt</styleUrl>
        <ExtendedData>
          <Data name="name_en"><value>Khlong Bang Phra</value></Data>
          <Data name="name_th"><value>คลองบางพระ</value></Data>
          <Data name="code"><value></value></Data>
          <Data name="class"><value>Halt</value></Data>
          <Data name="line"><value>Eastern</value></Data>
          <Data name="district"><value></value></Data>
          <Data name="province"><value></value></Data>
          <Data name="lat"><value>13.7041552</value></Data>
          <Data name="lon"><value>100.9913951</value></Data>
          <Data name="coord_source"><value>osm_en</value></Data>
          <Data name="ttg_url"><value></value></Data>
          <Data name="is_new"><value>False</value></Data>
        </ExtendedData>
        <Point><coordinates>100.9913951,13.7041552,0</coordinates></Point>
      </Placemark>
      <Placemark>
        <name>Khlong Kwaeng Klan</name>
        <description>&lt;b&gt;Khlong Kwaeng Klan / คลองแขวงกลั่น&lt;/b&gt;&lt;br/&gt;Code: Class:Halt Line:Eastern&lt;br/&gt;District: Province:&lt;br/&gt;Source:osm_en </description>
        <styleUrl>#style_class_Halt</styleUrl>
        <ExtendedData>
          <Data name="name_en"><value>Khlong Kwaeng Klan</value></Data>
          <Data name="name_th"><value>คลองแขวงกลั่น</value></Data>
          <Data name="code"><value></value></Data>
          <Data name="class"><value>Halt</value></Data>
          <Data name="line"><value>Eastern</value></Data>
          <Data name="district"><value></value></Data>
          <Data name="province"><value></value></Data>
          <Data name="lat"><value>13.7072634</value></Data>
          <Data name="lon"><value>100.9666525</value></Data>
          <Data name="coord_source"><value>osm_en</value></Data>
          <Data name="ttg_url"><value></value></Data>
          <Data name="is_new"><value>False</value></Data>
        </ExtendedData>
        <Point><coordinates>100.9666525,13.7072634,0</coordinates></Point>
      </Placemark>
      <Placemark>
        <name>Khlong Luang Phaeng</name>
        <description>&lt;b&gt;Khlong Luang Phaeng / คลองหลวงแพ่ง&lt;/b&gt;&lt;br/&gt;Code: Class:Halt Line:Eastern&lt;br/&gt;District: Province:&lt;br/&gt;Source:osm_en </description>
        <styleUrl>#style_class_Halt</styleUrl>
        <ExtendedData>
          <Data name="name_en"><value>Khlong Luang Phaeng</value></Data>
          <Data name="name_th"><value>คลองหลวงแพ่ง</value></Data>
          <Data name="code"><value></value></Data>
          <Data name="class"><value>Halt</value></Data>
          <Data name="line"><value>Eastern</value></Data>
          <Data name="district"><value></value></Data>
          <Data name="province"><value></value></Data>
          <Data name="lat"><value>13.7200739</value></Data>
          <Data name="lon"><value>100.8630607</value></Data>
          <Data name="coord_source"><value>osm_en</value></Data>
          <Data name="ttg_url"><value></value></Data>
          <Data name="is_new"><value>False</value></Data>
        </ExtendedData>
        <Point><coordinates>100.8630607,13.7200739,0</coordinates></Point>
      </Placemark>
      <Placemark>
        <name>Khlong Sip Kao Junction</name>
        <description>&lt;b&gt;Khlong Sip Kao Junction / ชุมทางคลองสิบเก้า&lt;/b&gt;&lt;br/&gt;Code: Class:Halt Line:Eastern&lt;br/&gt;District: Province:&lt;br/&gt;Source:osm_en </description>
        <styleUrl>#style_class_Halt</styleUrl>
        <ExtendedData>
          <Data name="name_en"><value>Khlong Sip Kao Junction</value></Data>
          <Data name="name_th"><value>ชุมทางคลองสิบเก้า</value></Data>
          <Data name="code"><value></value></Data>
          <Data name="class"><value>Halt</value></Data>
          <Data name="line"><value>Eastern</value></Data>
          <Data name="district"><value></value></Data>
          <Data name="province"><value></value></Data>
          <Data name="lat"><value>13.9072169</value></Data>
          <Data name="lon"><value>101.1138463</value></Data>
          <Data name="coord_source"><value>osm_en</value></Data>
          <Data name="ttg_url"><value></value></Data>
          <Data name="is_new"><value>False</value></Data>
        </ExtendedData>
        <Point><coordinates>101.1138463,13.9072169,0</coordinates></Point>
      </Placemark>
      <Placemark>
        <name>Khlong Tan</name>
        <description>&lt;b&gt;Khlong Tan / คลองตัน&lt;/b&gt;&lt;br/&gt;Code:คต. Class:2 Line:Eastern&lt;br/&gt;District:Huai Khwang Province:Bangkok&lt;br/&gt;Source:osm_th_raw </description>
        <styleUrl>#style_class_2</styleUrl>
        <ExtendedData>
          <Data name="name_en"><value>Khlong Tan</value></Data>
          <Data name="name_th"><value>คลองตัน</value></Data>
          <Data name="code"><value>คต.</value></Data>
          <Data name="class"><value>2</value></Data>
          <Data name="line"><value>Eastern</value></Data>
          <Data name="district"><value>Huai Khwang</value></Data>
          <Data name="province"><value>Bangkok</value></Data>
          <Data name="lat"><value>13.744339</value></Data>
          <Data name="lon"><value>100.5895169</value></Data>
          <Data name="coord_source"><value>osm_th_raw</value></Data>
          <Data name="ttg_url"><value></value></Data>
          <Data name="is_new"><value>False</value></Data>
        </ExtendedData>
        <Point><coordinates>100.5895169,13.744339,0</coordinates></Point>
      </Placemark>
      <Placemark>
        <name>Khlong Udom Chonlajorn</name>
        <description>&lt;b&gt;Khlong Udom Chonlajorn / คลองอุดมชลจร&lt;/b&gt;&lt;br/&gt;Code: Class:Halt Line:Eastern&lt;br/&gt;District: Province:&lt;br/&gt;Source:osm_en </description>
        <styleUrl>#style_class_Halt</styleUrl>
        <ExtendedData>
          <Data name="name_en"><value>Khlong Udom Chonlajorn</value></Data>
          <Data name="name_th"><value>คลองอุดมชลจร</value></Data>
          <Data name="code"><value></value></Data>
          <Data name="class"><value>Halt</value></Data>
          <Data name="line"><value>Eastern</value></Data>
          <Data name="district"><value></value></Data>
          <Data name="province"><value></value></Data>
          <Data name="lat"><value>13.715861</value></Data>
          <Data name="lon"><value>100.8969339</value></Data>
          <Data name="coord_source"><value>osm_en</value></Data>
          <Data name="ttg_url"><value></value></Data>
          <Data name="is_new"><value>False</value></Data>
        </ExtendedData>
        <Point><coordinates>100.8969339,13.715861,0</coordinates></Point>
      </Placemark>
      <Placemark>
        <name>Khlong Yi Sip Et</name>
        <description>&lt;b&gt;Khlong Yi Sip Et / คลองยี่สิบเอ็ด&lt;/b&gt;&lt;br/&gt;Code: Class:Halt Line:Eastern&lt;br/&gt;District: Province:&lt;br/&gt;Source:osm_fuzzy_en_0.90 </description>
        <styleUrl>#style_class_Halt</styleUrl>
        <ExtendedData>
          <Data name="name_en"><value>Khlong Yi Sip Et</value></Data>
          <Data name="name_th"><value>คลองยี่สิบเอ็ด</value></Data>
          <Data name="code"><value></value></Data>
          <Data name="class"><value>Halt</value></Data>
          <Data name="line"><value>Eastern</value></Data>
          <Data name="district"><value></value></Data>
          <Data name="province"><value></value></Data>
          <Data name="lat"><value>13.9386245</value></Data>
          <Data name="lon"><value>101.1271106</value></Data>
          <Data name="coord_source"><value>osm_fuzzy_en_0.90</value></Data>
          <Data name="ttg_url"><value></value></Data>
          <Data name="is_new"><value>False</value></Data>
        </ExtendedData>
        <Point><coordinates>101.1271106,13.9386245,0</coordinates></Point>
      </Placemark>
      <Placemark>
        <name>Khok Makok</name>
        <description>&lt;b&gt;Khok Makok / โคกมะกอก&lt;/b&gt;&lt;br/&gt;Code: Class:Halt Line:Eastern&lt;br/&gt;District: Province:&lt;br/&gt;Source:osm_en </description>
        <styleUrl>#style_class_Halt</styleUrl>
        <ExtendedData>
          <Data name="name_en"><value>Khok Makok</value></Data>
          <Data name="name_th"><value>โคกมะกอก</value></Data>
          <Data name="code"><value></value></Data>
          <Data name="class"><value>Halt</value></Data>
          <Data name="line"><value>Eastern</value></Data>
          <Data name="district"><value></value></Data>
          <Data name="province"><value></value></Data>
          <Data name="lat"><value>14.0649298</value></Data>
          <Data name="lon"><value>101.4579158</value></Data>
          <Data name="coord_source"><value>osm_en</value></Data>
          <Data name="ttg_url"><value></value></Data>
          <Data name="is_new"><value>False</value></Data>
        </ExtendedData>
        <Point><coordinates>101.4579158,14.0649298,0</coordinates></Point>
      </Placemark>
      <Placemark>
        <name>Laem Chabang</name>
        <description>&lt;b&gt;Laem Chabang / แหลมฉบัง&lt;/b&gt;&lt;br/&gt;Code:ฉบ. Class:1 Line:Eastern&lt;br/&gt;District:Si Racha Province:Chonburi&lt;br/&gt;Source:osm_th_raw </description>
        <styleUrl>#style_class_1</styleUrl>
        <ExtendedData>
          <Data name="name_en"><value>Laem Chabang</value></Data>
          <Data name="name_th"><value>แหลมฉบัง</value></Data>
          <Data name="code"><value>ฉบ.</value></Data>
          <Data name="class"><value>1</value></Data>
          <Data name="line"><value>Eastern</value></Data>
          <Data name="district"><value>Si Racha</value></Data>
          <Data name="province"><value>Chonburi</value></Data>
          <Data name="lat"><value>13.0990761</value></Data>
          <Data name="lon"><value>100.8983441</value></Data>
          <Data name="coord_source"><value>osm_th_raw</value></Data>
          <Data name="ttg_url"><value></value></Data>
          <Data name="is_new"><value>False</value></Data>
        </ExtendedData>
        <Point><coordinates>100.8983441,13.0990761,0</coordinates></Point>
      </Placemark>
      <Placemark>
        <name>Lat Krabang</name>
        <description>&lt;b&gt;Lat Krabang / ลาดกระบัง&lt;/b&gt;&lt;br/&gt;Code:ะบ. Class:2 Line:Eastern&lt;br/&gt;District:Lat Krabang Province:Bangkok&lt;br/&gt;Source:osm_th_raw </description>
        <styleUrl>#style_class_2</styleUrl>
        <ExtendedData>
          <Data name="name_en"><value>Lat Krabang</value></Data>
          <Data name="name_th"><value>ลาดกระบัง</value></Data>
          <Data name="code"><value>ะบ.</value></Data>
          <Data name="class"><value>2</value></Data>
          <Data name="line"><value>Eastern</value></Data>
          <Data name="district"><value>Lat Krabang</value></Data>
          <Data name="province"><value>Bangkok</value></Data>
          <Data name="lat"><value>13.7274829</value></Data>
          <Data name="lon"><value>100.7485565</value></Data>
          <Data name="coord_source"><value>osm_th_raw</value></Data>
          <Data name="ttg_url"><value></value></Data>
          <Data name="is_new"><value>False</value></Data>
        </ExtendedData>
        <Point><coordinates>100.7485565,13.7274829,0</coordinates></Point>
      </Placemark>
      <Placemark>
        <name>Makkasan</name>
        <description>&lt;b&gt;Makkasan / มักกะสัน&lt;/b&gt;&lt;br/&gt;Code:มส. Class:1 Line:Eastern&lt;br/&gt;District:Ratchathewi Province:Bangkok&lt;br/&gt;Source:osm_th_raw </description>
        <styleUrl>#style_class_1</styleUrl>
        <ExtendedData>
          <Data name="name_en"><value>Makkasan</value></Data>
          <Data name="name_th"><value>มักกะสัน</value></Data>
          <Data name="code"><value>มส.</value></Data>
          <Data name="class"><value>1</value></Data>
          <Data name="line"><value>Eastern</value></Data>
          <Data name="district"><value>Ratchathewi</value></Data>
          <Data name="province"><value>Bangkok</value></Data>
          <Data name="lat"><value>13.753883</value></Data>
          <Data name="lon"><value>100.547371</value></Data>
          <Data name="coord_source"><value>osm_th_raw</value></Data>
          <Data name="ttg_url"><value></value></Data>
          <Data name="is_new"><value>False</value></Data>
        </ExtendedData>
        <Point><coordinates>100.547371,13.753883,0</coordinates></Point>
      </Placemark>
      <Placemark>
        <name>Nong Krachap</name>
        <description>&lt;b&gt;Nong Krachap / หนองกระจับ&lt;/b&gt;&lt;br/&gt;Code: Class:Halt Line:Eastern&lt;br/&gt;District: Province:&lt;br/&gt;Source:osm_en </description>
        <styleUrl>#style_class_Halt</styleUrl>
        <ExtendedData>
          <Data name="name_en"><value>Nong Krachap</value></Data>
          <Data name="name_th"><value>หนองกระจับ</value></Data>
          <Data name="code"><value></value></Data>
          <Data name="class"><value>Halt</value></Data>
          <Data name="line"><value>Eastern</value></Data>
          <Data name="district"><value></value></Data>
          <Data name="province"><value></value></Data>
          <Data name="lat"><value>14.0631131</value></Data>
          <Data name="lon"><value>101.4143568</value></Data>
          <Data name="coord_source"><value>osm_en</value></Data>
          <Data name="ttg_url"><value></value></Data>
          <Data name="is_new"><value>False</value></Data>
        </ExtendedData>
        <Point><coordinates>101.4143568,14.0631131,0</coordinates></Point>
      </Placemark>
      <Placemark>
        <name>Nong Nam Khao</name>
        <description>&lt;b&gt;Nong Nam Khao / หนองน้ำขาว&lt;/b&gt;&lt;br/&gt;Code: Class:Halt Line:Eastern&lt;br/&gt;District: Province:&lt;br/&gt;Source:osm_en </description>
        <styleUrl>#style_class_Halt</styleUrl>
        <ExtendedData>
          <Data name="name_en"><value>Nong Nam Khao</value></Data>
          <Data name="name_th"><value>หนองน้ำขาว</value></Data>
          <Data name="code"><value></value></Data>
          <Data name="class"><value>Halt</value></Data>
          <Data name="line"><value>Eastern</value></Data>
          <Data name="district"><value></value></Data>
          <Data name="province"><value></value></Data>
          <Data name="lat"><value>14.0495091</value></Data>
          <Data name="lon"><value>101.2683341</value></Data>
          <Data name="coord_source"><value>osm_en</value></Data>
          <Data name="ttg_url"><value></value></Data>
          <Data name="is_new"><value>False</value></Data>
        </ExtendedData>
        <Point><coordinates>101.2683341,14.0495091,0</coordinates></Point>
      </Placemark>
      <Placemark>
        <name>Nong Sang</name>
        <description>&lt;b&gt;Nong Sang / หนองสัง&lt;/b&gt;&lt;br/&gt;Code: Class:Halt Line:Eastern&lt;br/&gt;District: Province:&lt;br/&gt;Source:osm_en </description>
        <styleUrl>#style_class_Halt</styleUrl>
        <ExtendedData>
          <Data name="name_en"><value>Nong Sang</value></Data>
          <Data name="name_th"><value>หนองสัง</value></Data>
          <Data name="code"><value></value></Data>
          <Data name="class"><value>Halt</value></Data>
          <Data name="line"><value>Eastern</value></Data>
          <Data name="district"><value></value></Data>
          <Data name="province"><value></value></Data>
          <Data name="lat"><value>13.9807677</value></Data>
          <Data name="lon"><value>101.8253445</value></Data>
          <Data name="coord_source"><value>osm_en</value></Data>
          <Data name="ttg_url"><value></value></Data>
          <Data name="is_new"><value>False</value></Data>
        </ExtendedData>
        <Point><coordinates>101.8253445,13.9807677,0</coordinates></Point>
      </Placemark>
      <Placemark>
        <name>Paet Riu</name>
        <description>&lt;b&gt;Paet Riu / แปดริ้ว&lt;/b&gt;&lt;br/&gt;Code: Class:Halt Line:Eastern&lt;br/&gt;District: Province:&lt;br/&gt;Source:osm_fuzzy_en_0.88 </description>
        <styleUrl>#style_class_Halt</styleUrl>
        <ExtendedData>
          <Data name="name_en"><value>Paet Riu</value></Data>
          <Data name="name_th"><value>แปดริ้ว</value></Data>
          <Data name="code"><value></value></Data>
          <Data name="class"><value>Halt</value></Data>
          <Data name="line"><value>Eastern</value></Data>
          <Data name="district"><value></value></Data>
          <Data name="province"><value></value></Data>
          <Data name="lat"><value>13.6932968</value></Data>
          <Data name="lon"><value>101.0768045</value></Data>
          <Data name="coord_source"><value>osm_fuzzy_en_0.88</value></Data>
          <Data name="ttg_url"><value></value></Data>
          <Data name="is_new"><value>False</value></Data>
        </ExtendedData>
        <Point><coordinates>101.0768045,13.6932968,0</coordinates></Point>
      </Placemark>
      <Placemark>
        <name>Pattaya</name>
        <description>&lt;b&gt;Pattaya / พัทยา&lt;/b&gt;&lt;br/&gt;Code:พา. Class:2 Line:Eastern&lt;br/&gt;District:Bang Lamung Province:Chonburi&lt;br/&gt;Source:osm_th_raw </description>
        <styleUrl>#style_class_2</styleUrl>
        <ExtendedData>
          <Data name="name_en"><value>Pattaya</value></Data>
          <Data name="name_th"><value>พัทยา</value></Data>
          <Data name="code"><value>พา.</value></Data>
          <Data name="class"><value>2</value></Data>
          <Data name="line"><value>Eastern</value></Data>
          <Data name="district"><value>Bang Lamung</value></Data>
          <Data name="province"><value>Chonburi</value></Data>
          <Data name="lat"><value>12.940201</value></Data>
          <Data name="lon"><value>100.9094181</value></Data>
          <Data name="coord_source"><value>osm_th_raw</value></Data>
          <Data name="ttg_url"><value></value></Data>
          <Data name="is_new"><value>False</value></Data>
        </ExtendedData>
        <Point><coordinates>100.9094181,12.940201,0</coordinates></Point>
      </Placemark>
      <Placemark>
        <name>Pattaya Floating Market</name>
        <description>&lt;b&gt;Pattaya Floating Market / ตลาดน้ำ 4 ภาค&lt;/b&gt;&lt;br/&gt;Code: Class:Halt Line:Eastern&lt;br/&gt;District: Province:&lt;br/&gt;Source:osm_en </description>
        <styleUrl>#style_class_Halt</styleUrl>
        <ExtendedData>
          <Data name="name_en"><value>Pattaya Floating Market</value></Data>
          <Data name="name_th"><value>ตลาดน้ำ 4 ภาค</value></Data>
          <Data name="code"><value></value></Data>
          <Data name="class"><value>Halt</value></Data>
          <Data name="line"><value>Eastern</value></Data>
          <Data name="district"><value></value></Data>
          <Data name="province"><value></value></Data>
          <Data name="lat"><value>12.8696752</value></Data>
          <Data name="lon"><value>100.909609</value></Data>
          <Data name="coord_source"><value>osm_en</value></Data>
          <Data name="ttg_url"><value></value></Data>
          <Data name="is_new"><value>False</value></Data>
        </ExtendedData>
        <Point><coordinates>100.909609,12.8696752,0</coordinates></Point>
      </Placemark>
      <Placemark>
        <name>Pattaya Tai</name>
        <description>&lt;b&gt;Pattaya Tai / พัทยาใต้&lt;/b&gt;&lt;br/&gt;Code: Class:Halt Line:Eastern&lt;br/&gt;District: Province:&lt;br/&gt;Source:osm_en </description>
        <styleUrl>#style_class_Halt</styleUrl>
        <ExtendedData>
          <Data name="name_en"><value>Pattaya Tai</value></Data>
          <Data name="name_th"><value>พัทยาใต้</value></Data>
          <Data name="code"><value></value></Data>
          <Data name="class"><value>Halt</value></Data>
          <Data name="line"><value>Eastern</value></Data>
          <Data name="district"><value></value></Data>
          <Data name="province"><value></value></Data>
          <Data name="lat"><value>12.9084474</value></Data>
          <Data name="lon"><value>100.9012331</value></Data>
          <Data name="coord_source"><value>osm_en</value></Data>
          <Data name="ttg_url"><value></value></Data>
          <Data name="is_new"><value>False</value></Data>
        </ExtendedData>
        <Point><coordinates>100.9012331,12.9084474,0</coordinates></Point>
      </Placemark>
      <Placemark>
        <name>Phan Thong</name>
        <description>&lt;b&gt;Phan Thong / พานทอง&lt;/b&gt;&lt;br/&gt;Code:งท. Class:3 Line:Eastern&lt;br/&gt;District:Phan Thong Province:Chonburi&lt;br/&gt;Source:osm_th_raw </description>
        <styleUrl>#style_class_3</styleUrl>
        <ExtendedData>
          <Data name="name_en"><value>Phan Thong</value></Data>
          <Data name="name_th"><value>พานทอง</value></Data>
          <Data name="code"><value>งท.</value></Data>
          <Data name="class"><value>3</value></Data>
          <Data name="line"><value>Eastern</value></Data>
          <Data name="district"><value>Phan Thong</value></Data>
          <Data name="province"><value>Chonburi</value></Data>
          <Data name="lat"><value>13.462977</value></Data>
          <Data name="lon"><value>101.0811134</value></Data>
          <Data name="coord_source"><value>osm_th_raw</value></Data>
          <Data name="ttg_url"><value></value></Data>
          <Data name="is_new"><value>False</value></Data>
        </ExtendedData>
        <Point><coordinates>101.0811134,13.462977,0</coordinates></Point>
      </Placemark>
      <Placemark>
        <name>Phaya Thai</name>
        <description>&lt;b&gt;Phaya Thai / พญาไท&lt;/b&gt;&lt;br/&gt;Code: Class:Halt Line:Eastern&lt;br/&gt;District: Province:&lt;br/&gt;Source:osm_en </description>
        <styleUrl>#style_class_Halt</styleUrl>
        <ExtendedData>
          <Data name="name_en"><value>Phaya Thai</value></Data>
          <Data name="name_th"><value>พญาไท</value></Data>
          <Data name="code"><value></value></Data>
          <Data name="class"><value>Halt</value></Data>
          <Data name="line"><value>Eastern</value></Data>
          <Data name="district"><value></value></Data>
          <Data name="province"><value></value></Data>
          <Data name="lat"><value>13.7569781</value></Data>
          <Data name="lon"><value>100.5338074</value></Data>
          <Data name="coord_source"><value>osm_en</value></Data>
          <Data name="ttg_url"><value></value></Data>
          <Data name="is_new"><value>False</value></Data>
        </ExtendedData>
        <Point><coordinates>100.5338074,13.7569781,0</coordinates></Point>
      </Placemark>
      <Placemark>
        <name>Phra Chom Klao</name>
        <description>&lt;b&gt;Phra Chom Klao / พระจอมเกล้า&lt;/b&gt;&lt;br/&gt;Code: Class:Halt Line:Eastern&lt;br/&gt;District: Province:&lt;br/&gt;Source:osm_en </description>
        <styleUrl>#style_class_Halt</styleUrl>
        <ExtendedData>
          <Data name="name_en"><value>Phra Chom Klao</value></Data>
          <Data name="name_th"><value>พระจอมเกล้า</value></Data>
          <Data name="code"><value></value></Data>
          <Data name="class"><value>Halt</value></Data>
          <Data name="line"><value>Eastern</value></Data>
          <Data name="district"><value></value></Data>
          <Data name="province"><value></value></Data>
          <Data name="lat"><value>13.7281797</value></Data>
          <Data name="lon"><value>100.7754678</value></Data>
          <Data name="coord_source"><value>osm_en</value></Data>
          <Data name="ttg_url"><value></value></Data>
          <Data name="is_new"><value>False</value></Data>
        </ExtendedData>
        <Point><coordinates>100.7754678,13.7281797,0</coordinates></Point>
      </Placemark>
      <Placemark>
        <name>Phra Prong</name>
        <description>&lt;b&gt;Phra Prong / พระปรง&lt;/b&gt;&lt;br/&gt;Code: Class:Halt Line:Eastern&lt;br/&gt;District: Province:&lt;br/&gt;Source:osm_en </description>
        <styleUrl>#style_class_Halt</styleUrl>
        <ExtendedData>
          <Data name="name_en"><value>Phra Prong</value></Data>
          <Data name="name_th"><value>พระปรง</value></Data>
          <Data name="code"><value></value></Data>
          <Data name="class"><value>Halt</value></Data>
          <Data name="line"><value>Eastern</value></Data>
          <Data name="district"><value></value></Data>
          <Data name="province"><value></value></Data>
          <Data name="lat"><value>13.9524985</value></Data>
          <Data name="lon"><value>101.9235056</value></Data>
          <Data name="coord_source"><value>osm_en</value></Data>
          <Data name="ttg_url"><value></value></Data>
          <Data name="is_new"><value>False</value></Data>
        </ExtendedData>
        <Point><coordinates>101.9235056,13.9524985,0</coordinates></Point>
      </Placemark>
      <Placemark>
        <name>Phrong Akat</name>
        <description>&lt;b&gt;Phrong Akat / โพรงอากาศ&lt;/b&gt;&lt;br/&gt;Code: Class:Halt Line:Eastern&lt;br/&gt;District: Province:&lt;br/&gt;Source:osm_en </description>
        <styleUrl>#style_class_Halt</styleUrl>
        <ExtendedData>
          <Data name="name_en"><value>Phrong Akat</value></Data>
          <Data name="name_th"><value>โพรงอากาศ</value></Data>
          <Data name="code"><value></value></Data>
          <Data name="class"><value>Halt</value></Data>
          <Data name="line"><value>Eastern</value></Data>
          <Data name="district"><value></value></Data>
          <Data name="province"><value></value></Data>
          <Data name="lat"><value>13.8089152</value></Data>
          <Data name="lon"><value>101.094369</value></Data>
          <Data name="coord_source"><value>osm_en</value></Data>
          <Data name="ttg_url"><value></value></Data>
          <Data name="is_new"><value>False</value></Data>
        </ExtendedData>
        <Point><coordinates>101.094369,13.8089152,0</coordinates></Point>
      </Placemark>
      <Placemark>
        <name>Prachantakham</name>
        <description>&lt;b&gt;Prachantakham / ประจันตคาม&lt;/b&gt;&lt;br/&gt;Code:จค. Class:2 Line:Eastern&lt;br/&gt;District:Prachantakham Province:Prachinburi&lt;br/&gt;Source:osm_th_raw </description>
        <styleUrl>#style_class_2</styleUrl>
        <ExtendedData>
          <Data name="name_en"><value>Prachantakham</value></Data>
          <Data name="name_th"><value>ประจันตคาม</value></Data>
          <Data name="code"><value>จค.</value></Data>
          <Data name="class"><value>2</value></Data>
          <Data name="line"><value>Eastern</value></Data>
          <Data name="district"><value>Prachantakham</value></Data>
          <Data name="province"><value>Prachinburi</value></Data>
          <Data name="lat"><value>14.0631483</value></Data>
          <Data name="lon"><value>101.5186627</value></Data>
          <Data name="coord_source"><value>osm_th_raw</value></Data>
          <Data name="ttg_url"><value></value></Data>
          <Data name="is_new"><value>False</value></Data>
        </ExtendedData>
        <Point><coordinates>101.5186627,14.0631483,0</coordinates></Point>
      </Placemark>
      <Placemark>
        <name>Prachinburi</name>
        <description>&lt;b&gt;Prachinburi / ปราจีนบุรี&lt;/b&gt;&lt;br/&gt;Code:ปจ. Class:1 Line:Eastern&lt;br/&gt;District:Mueang Province:Prachinburi&lt;br/&gt;Source:osm_th_raw </description>
        <styleUrl>#style_class_1</styleUrl>
        <ExtendedData>
          <Data name="name_en"><value>Prachinburi</value></Data>
          <Data name="name_th"><value>ปราจีนบุรี</value></Data>
          <Data name="code"><value>ปจ.</value></Data>
          <Data name="class"><value>1</value></Data>
          <Data name="line"><value>Eastern</value></Data>
          <Data name="district"><value>Mueang</value></Data>
          <Data name="province"><value>Prachinburi</value></Data>
          <Data name="lat"><value>14.0709368</value></Data>
          <Data name="lon"><value>101.3736795</value></Data>
          <Data name="coord_source"><value>osm_th_raw</value></Data>
          <Data name="ttg_url"><value></value></Data>
          <Data name="is_new"><value>False</value></Data>
        </ExtendedData>
        <Point><coordinates>101.3736795,14.0709368,0</coordinates></Point>
      </Placemark>
      <Placemark>
        <name>Preng</name>
        <description>&lt;b&gt;Preng / เปรง&lt;/b&gt;&lt;br/&gt;Code: Class:Halt Line:Eastern&lt;br/&gt;District: Province:&lt;br/&gt;Source:osm_en </description>
        <styleUrl>#style_class_Halt</styleUrl>
        <ExtendedData>
          <Data name="name_en"><value>Preng</value></Data>
          <Data name="name_th"><value>เปรง</value></Data>
          <Data name="code"><value></value></Data>
          <Data name="class"><value>Halt</value></Data>
          <Data name="line"><value>Eastern</value></Data>
          <Data name="district"><value></value></Data>
          <Data name="province"><value></value></Data>
          <Data name="lat"><value>13.7123679</value></Data>
          <Data name="lon"><value>100.9249376</value></Data>
          <Data name="coord_source"><value>osm_en</value></Data>
          <Data name="ttg_url"><value></value></Data>
          <Data name="is_new"><value>False</value></Data>
        </ExtendedData>
        <Point><coordinates>100.9249376,13.7123679,0</coordinates></Point>
      </Placemark>
      <Placemark>
        <name>Sa Kaeo</name>
        <description>&lt;b&gt;Sa Kaeo / สระแก้ว&lt;/b&gt;&lt;br/&gt;Code:ะก. Class:2 Line:Eastern&lt;br/&gt;District:Mueang Province:Sa Kaeo&lt;br/&gt;Source:osm_th_raw </description>
        <styleUrl>#style_class_2</styleUrl>
        <ExtendedData>
          <Data name="name_en"><value>Sa Kaeo</value></Data>
          <Data name="name_th"><value>สระแก้ว</value></Data>
          <Data name="code"><value>ะก.</value></Data>
          <Data name="class"><value>2</value></Data>
          <Data name="line"><value>Eastern</value></Data>
          <Data name="district"><value>Mueang</value></Data>
          <Data name="province"><value>Sa Kaeo</value></Data>
          <Data name="lat"><value>13.8272286</value></Data>
          <Data name="lon"><value>102.0751732</value></Data>
          <Data name="coord_source"><value>osm_th_raw</value></Data>
          <Data name="ttg_url"><value></value></Data>
          <Data name="is_new"><value>False</value></Data>
        </ExtendedData>
        <Point><coordinates>102.0751732,13.8272286,0</coordinates></Point>
      </Placemark>
      <Placemark>
        <name>Sa Kaeo Provincial Office</name>
        <description>&lt;b&gt;Sa Kaeo Provincial Office / ศูนย์ราชการจังหวัดสระแก้ว&lt;/b&gt;&lt;br/&gt;Code: Class:Halt Line:Eastern&lt;br/&gt;District: Province:&lt;br/&gt;Source:osm_en </description>
        <styleUrl>#style_class_Halt</styleUrl>
        <ExtendedData>
          <Data name="name_en"><value>Sa Kaeo Provincial Office</value></Data>
          <Data name="name_th"><value>ศูนย์ราชการจังหวัดสระแก้ว</value></Data>
          <Data name="code"><value></value></Data>
          <Data name="class"><value>Halt</value></Data>
          <Data name="line"><value>Eastern</value></Data>
          <Data name="district"><value></value></Data>
          <Data name="province"><value></value></Data>
          <Data name="lat"><value>13.7996319</value></Data>
          <Data name="lon"><value>102.1392566</value></Data>
          <Data name="coord_source"><value>osm_en</value></Data>
          <Data name="ttg_url"><value></value></Data>
          <Data name="is_new"><value>False</value></Data>
        </ExtendedData>
        <Point><coordinates>102.1392566,13.7996319,0</coordinates></Point>
      </Placemark>
      <Placemark>
        <name>Sala Lamduan</name>
        <description>&lt;b&gt;Sala Lamduan / ศาลาลำดวน&lt;/b&gt;&lt;br/&gt;Code: Class:Halt Line:Eastern&lt;br/&gt;District: Province:&lt;br/&gt;Source:osm_en </description>
        <styleUrl>#style_class_Halt</styleUrl>
        <ExtendedData>
          <Data name="name_en"><value>Sala Lamduan</value></Data>
          <Data name="name_th"><value>ศาลาลำดวน</value></Data>
          <Data name="code"><value></value></Data>
          <Data name="class"><value>Halt</value></Data>
          <Data name="line"><value>Eastern</value></Data>
          <Data name="district"><value></value></Data>
          <Data name="province"><value></value></Data>
          <Data name="lat"><value>13.8828519</value></Data>
          <Data name="lon"><value>102.0096136</value></Data>
          <Data name="coord_source"><value>osm_en</value></Data>
          <Data name="ttg_url"><value></value></Data>
          <Data name="is_new"><value>False</value></Data>
        </ExtendedData>
        <Point><coordinates>102.0096136,13.8828519,0</coordinates></Point>
      </Placemark>
      <Placemark>
        <name>Si Racha Junction</name>
        <description>&lt;b&gt;Si Racha Junction / ชุมทางศรีราชา&lt;/b&gt;&lt;br/&gt;Code:ศช. Class:1 Line:Eastern&lt;br/&gt;District:Si Racha Province:Chonburi&lt;br/&gt;Source:osm_th_raw </description>
        <styleUrl>#style_class_1</styleUrl>
        <ExtendedData>
          <Data name="name_en"><value>Si Racha Junction</value></Data>
          <Data name="name_th"><value>ชุมทางศรีราชา</value></Data>
          <Data name="code"><value>ศช.</value></Data>
          <Data name="class"><value>1</value></Data>
          <Data name="line"><value>Eastern</value></Data>
          <Data name="district"><value>Si Racha</value></Data>
          <Data name="province"><value>Chonburi</value></Data>
          <Data name="lat"><value>13.1561998</value></Data>
          <Data name="lon"><value>100.9459405</value></Data>
          <Data name="coord_source"><value>osm_th_raw</value></Data>
          <Data name="ttg_url"><value></value></Data>
          <Data name="is_new"><value>False</value></Data>
        </ExtendedData>
        <Point><coordinates>100.9459405,13.1561998,0</coordinates></Point>
      </Placemark>
      <Placemark>
        <name>Soi Wat Lan Boon</name>
        <description>&lt;b&gt;Soi Wat Lan Boon / ซอยวัดลานบุญ&lt;/b&gt;&lt;br/&gt;Code: Class:Halt Line:Eastern&lt;br/&gt;District: Province:&lt;br/&gt;Source:osm_en </description>
        <styleUrl>#style_class_Halt</styleUrl>
        <ExtendedData>
          <Data name="name_en"><value>Soi Wat Lan Boon</value></Data>
          <Data name="name_th"><value>ซอยวัดลานบุญ</value></Data>
          <Data name="code"><value></value></Data>
          <Data name="class"><value>Halt</value></Data>
          <Data name="line"><value>Eastern</value></Data>
          <Data name="district"><value></value></Data>
          <Data name="province"><value></value></Data>
          <Data name="lat"><value>13.7296814</value></Data>
          <Data name="lon"><value>100.7181852</value></Data>
          <Data name="coord_source"><value>osm_en</value></Data>
          <Data name="ttg_url"><value></value></Data>
          <Data name="is_new"><value>False</value></Data>
        </ExtendedData>
        <Point><coordinates>100.7181852,13.7296814,0</coordinates></Point>
      </Placemark>
      <Placemark>
        <name>Suan Nong Nuch</name>
        <description>&lt;b&gt;Suan Nong Nuch / สวนนงนุช&lt;/b&gt;&lt;br/&gt;Code: Class:Halt Line:Eastern&lt;br/&gt;District: Province:&lt;br/&gt;Source:osm_en </description>
        <styleUrl>#style_class_Halt</styleUrl>
        <ExtendedData>
          <Data name="name_en"><value>Suan Nong Nuch</value></Data>
          <Data name="name_th"><value>สวนนงนุช</value></Data>
          <Data name="code"><value></value></Data>
          <Data name="class"><value>Halt</value></Data>
          <Data name="line"><value>Eastern</value></Data>
          <Data name="district"><value></value></Data>
          <Data name="province"><value></value></Data>
          <Data name="lat"><value>12.7746754</value></Data>
          <Data name="lon"><value>100.9242303</value></Data>
          <Data name="coord_source"><value>osm_en</value></Data>
          <Data name="ttg_url"><value></value></Data>
          <Data name="is_new"><value>False</value></Data>
        </ExtendedData>
        <Point><coordinates>100.9242303,12.7746754,0</coordinates></Point>
      </Placemark>
      <Placemark>
        <name>Sukhumvit 71</name>
        <description>&lt;b&gt;Sukhumvit 71 / สุขุมวิท 71&lt;/b&gt;&lt;br/&gt;Code: Class:Halt Line:Eastern&lt;br/&gt;District: Province:&lt;br/&gt;Source:osm_en </description>
        <styleUrl>#style_class_Halt</styleUrl>
        <ExtendedData>
          <Data name="name_en"><value>Sukhumvit 71</value></Data>
          <Data name="name_th"><value>สุขุมวิท 71</value></Data>
          <Data name="code"><value></value></Data>
          <Data name="class"><value>Halt</value></Data>
          <Data name="line"><value>Eastern</value></Data>
          <Data name="district"><value></value></Data>
          <Data name="province"><value></value></Data>
          <Data name="lat"><value>13.7428046</value></Data>
          <Data name="lon"><value>100.6006736</value></Data>
          <Data name="coord_source"><value>osm_en</value></Data>
          <Data name="ttg_url"><value></value></Data>
          <Data name="is_new"><value>False</value></Data>
        </ExtendedData>
        <Point><coordinates>100.6006736,13.7428046,0</coordinates></Point>
      </Placemark>
      <Placemark>
        <name>Tha Kasem</name>
        <description>&lt;b&gt;Tha Kasem / ท่าเกษม&lt;/b&gt;&lt;br/&gt;Code: Class:Halt Line:Eastern&lt;br/&gt;District: Province:&lt;br/&gt;Source:osm_en </description>
        <styleUrl>#style_class_Halt</styleUrl>
        <ExtendedData>
          <Data name="name_en"><value>Tha Kasem</value></Data>
          <Data name="name_th"><value>ท่าเกษม</value></Data>
          <Data name="code"><value></value></Data>
          <Data name="class"><value>Halt</value></Data>
          <Data name="line"><value>Eastern</value></Data>
          <Data name="district"><value></value></Data>
          <Data name="province"><value></value></Data>
          <Data name="lat"><value>13.7903475</value></Data>
          <Data name="lon"><value>102.1685781</value></Data>
          <Data name="coord_source"><value>osm_en</value></Data>
          <Data name="ttg_url"><value></value></Data>
          <Data name="is_new"><value>False</value></Data>
        </ExtendedData>
        <Point><coordinates>102.1685781,13.7903475,0</coordinates></Point>
      </Placemark>
      <Placemark>
        <name>U Taphao</name>
        <description>&lt;b&gt;U Taphao / อู่ตะเภา&lt;/b&gt;&lt;br/&gt;Code: Class:Halt Line:Eastern&lt;br/&gt;District: Province:&lt;br/&gt;Source:unverified </description>
        <styleUrl>#style_class_Halt</styleUrl>
        <ExtendedData>
          <Data name="name_en"><value>U Taphao</value></Data>
          <Data name="name_th"><value>อู่ตะเภา</value></Data>
          <Data name="code"><value></value></Data>
          <Data name="class"><value>Halt</value></Data>
          <Data name="line"><value>Eastern</value></Data>
          <Data name="district"><value></value></Data>
          <Data name="province"><value></value></Data>
          <Data name="lat"><value>12.6616827</value></Data>
          <Data name="lon"><value>100.9640231</value></Data>
          <Data name="coord_source"><value>unverified</value></Data>
          <Data name="ttg_url"><value></value></Data>
          <Data name="is_new"><value>False</value></Data>
        </ExtendedData>
        <Point><coordinates>100.9640231,12.6616827,0</coordinates></Point>
      </Placemark>
      <Placemark>
        <name>Urupong</name>
        <description>&lt;b&gt;Urupong / อุรุพงษ์&lt;/b&gt;&lt;br/&gt;Code: Class:Halt Line:Eastern&lt;br/&gt;District: Province:&lt;br/&gt;Source:osm_fuzzy_en_0.93 </description>
        <styleUrl>#style_class_Halt</styleUrl>
        <ExtendedData>
          <Data name="name_en"><value>Urupong</value></Data>
          <Data name="name_th"><value>อุรุพงษ์</value></Data>
          <Data name="code"><value></value></Data>
          <Data name="class"><value>Halt</value></Data>
          <Data name="line"><value>Eastern</value></Data>
          <Data name="district"><value></value></Data>
          <Data name="province"><value></value></Data>
          <Data name="lat"><value>13.7585654</value></Data>
          <Data name="lon"><value>100.5263091</value></Data>
          <Data name="coord_source"><value>osm_fuzzy_en_0.93</value></Data>
          <Data name="ttg_url"><value></value></Data>
          <Data name="is_new"><value>False</value></Data>
        </ExtendedData>
        <Point><coordinates>100.5263091,13.7585654,0</coordinates></Point>
      </Placemark>
      <Placemark>
        <name>Watthana Nakhon</name>
        <description>&lt;b&gt;Watthana Nakhon / วัฒนานคร&lt;/b&gt;&lt;br/&gt;Code: Class:Halt Line:Eastern&lt;br/&gt;District: Province:&lt;br/&gt;Source:osm_en </description>
        <styleUrl>#style_class_Halt</styleUrl>
        <ExtendedData>
          <Data name="name_en"><value>Watthana Nakhon</value></Data>
          <Data name="name_th"><value>วัฒนานคร</value></Data>
          <Data name="code"><value></value></Data>
          <Data name="class"><value>Halt</value></Data>
          <Data name="line"><value>Eastern</value></Data>
          <Data name="district"><value></value></Data>
          <Data name="province"><value></value></Data>
          <Data name="lat"><value>13.7412648</value></Data>
          <Data name="lon"><value>102.3231926</value></Data>
          <Data name="coord_source"><value>osm_en</value></Data>
          <Data name="ttg_url"><value></value></Data>
          <Data name="is_new"><value>False</value></Data>
        </ExtendedData>
        <Point><coordinates>102.3231926,13.7412648,0</coordinates></Point>
      </Placemark>
      <Placemark>
        <name>Yanasangwararam</name>
        <description>&lt;b&gt;Yanasangwararam / ญาณสังวราราม&lt;/b&gt;&lt;br/&gt;Code: Class:Halt Line:Eastern&lt;br/&gt;District: Province:&lt;br/&gt;Source:osm_en </description>
        <styleUrl>#style_class_Halt</styleUrl>
        <ExtendedData>
          <Data name="name_en"><value>Yanasangwararam</value></Data>
          <Data name="name_th"><value>ญาณสังวราราม</value></Data>
          <Data name="code"><value></value></Data>
          <Data name="class"><value>Halt</value></Data>
          <Data name="line"><value>Eastern</value></Data>
          <Data name="district"><value></value></Data>
          <Data name="province"><value></value></Data>
          <Data name="lat"><value>12.8013992</value></Data>
          <Data name="lon"><value>100.9224543</value></Data>
          <Data name="coord_source"><value>osm_en</value></Data>
          <Data name="ttg_url"><value></value></Data>
          <Data name="is_new"><value>False</value></Data>
        </ExtendedData>
        <Point><coordinates>100.9224543,12.8013992,0</coordinates></Point>
      </Placemark>
      <Placemark>
        <name>Yommarat</name>
        <description>&lt;b&gt;Yommarat / ยมราช&lt;/b&gt;&lt;br/&gt;Code: Class:Halt Line:Eastern&lt;br/&gt;District: Province:&lt;br/&gt;Source:osm_en </description>
        <styleUrl>#style_class_Halt</styleUrl>
        <ExtendedData>
          <Data name="name_en"><value>Yommarat</value></Data>
          <Data name="name_th"><value>ยมราช</value></Data>
          <Data name="code"><value></value></Data>
          <Data name="class"><value>Halt</value></Data>
          <Data name="line"><value>Eastern</value></Data>
          <Data name="district"><value></value></Data>
          <Data name="province"><value></value></Data>
          <Data name="lat"><value>13.758628</value></Data>
          <Data name="lon"><value>100.5214744</value></Data>
          <Data name="coord_source"><value>osm_en</value></Data>
          <Data name="ttg_url"><value></value></Data>
          <Data name="is_new"><value>False</value></Data>
        </ExtendedData>
        <Point><coordinates>100.5214744,13.758628,0</coordinates></Point>
      </Placemark>
      <Placemark>
        <name>Yothaka</name>
        <description>&lt;b&gt;Yothaka / โยทะกา&lt;/b&gt;&lt;br/&gt;Code: Class:Halt Line:Eastern&lt;br/&gt;District: Province:&lt;br/&gt;Source:osm_en </description>
        <styleUrl>#style_class_Halt</styleUrl>
        <ExtendedData>
          <Data name="name_en"><value>Yothaka</value></Data>
          <Data name="name_th"><value>โยทะกา</value></Data>
          <Data name="code"><value></value></Data>
          <Data name="class"><value>Halt</value></Data>
          <Data name="line"><value>Eastern</value></Data>
          <Data name="district"><value></value></Data>
          <Data name="province"><value></value></Data>
          <Data name="lat"><value>13.9708151</value></Data>
          <Data name="lon"><value>101.1495678</value></Data>
          <Data name="coord_source"><value>osm_en</value></Data>
          <Data name="ttg_url"><value></value></Data>
          <Data name="is_new"><value>False</value></Data>
        </ExtendedData>
        <Point><coordinates>101.1495678,13.9708151,0</coordinates></Point>
      </Placemark>
    </Folder>
    <Folder>
      <name>Maeklong Line</name>
      <open>0</open>
      <Placemark>
        <name>Ban Bo</name>
        <description>&lt;b&gt;Ban Bo / บ้านบ่อ&lt;/b&gt;&lt;br/&gt;Code:บ่. Class:Halt Line:Maeklong&lt;br/&gt;District:Mueang Province:Samut Sakhon&lt;br/&gt;Source:osm_th_raw </description>
        <styleUrl>#style_class_Halt</styleUrl>
        <ExtendedData>
          <Data name="name_en"><value>Ban Bo</value></Data>
          <Data name="name_th"><value>บ้านบ่อ</value></Data>
          <Data name="code"><value>บ่.</value></Data>
          <Data name="class"><value>Halt</value></Data>
          <Data name="line"><value>Maeklong</value></Data>
          <Data name="district"><value>Mueang</value></Data>
          <Data name="province"><value>Samut Sakhon</value></Data>
          <Data name="lat"><value>13.5015479</value></Data>
          <Data name="lon"><value>100.1804413</value></Data>
          <Data name="coord_source"><value>osm_th_raw</value></Data>
          <Data name="ttg_url"><value></value></Data>
          <Data name="is_new"><value>False</value></Data>
        </ExtendedData>
        <Point><coordinates>100.1804413,13.5015479,0</coordinates></Point>
      </Placemark>
      <Placemark>
        <name>Ban Chi Phakhao</name>
        <description>&lt;b&gt;Ban Chi Phakhao / บ้านชีผ้าขาว&lt;/b&gt;&lt;br/&gt;Code:ผา. Class:Halt Line:Maeklong&lt;br/&gt;District:Mueang Province:Samut Sakhon&lt;br/&gt;Source:osm_th_raw </description>
        <styleUrl>#style_class_Halt</styleUrl>
        <ExtendedData>
          <Data name="name_en"><value>Ban Chi Phakhao</value></Data>
          <Data name="name_th"><value>บ้านชีผ้าขาว</value></Data>
          <Data name="code"><value>ผา.</value></Data>
          <Data name="class"><value>Halt</value></Data>
          <Data name="line"><value>Maeklong</value></Data>
          <Data name="district"><value>Mueang</value></Data>
          <Data name="province"><value>Samut Sakhon</value></Data>
          <Data name="lat"><value>13.5247682</value></Data>
          <Data name="lon"><value>100.240265</value></Data>
          <Data name="coord_source"><value>osm_th_raw</value></Data>
          <Data name="ttg_url"><value></value></Data>
          <Data name="is_new"><value>False</value></Data>
        </ExtendedData>
        <Point><coordinates>100.240265,13.5247682,0</coordinates></Point>
      </Placemark>
      <Placemark>
        <name>Ban Kalong</name>
        <description>&lt;b&gt;Ban Kalong / บ้านกาหลง&lt;/b&gt;&lt;br/&gt;Code:กห. Class:Halt Line:Maeklong&lt;br/&gt;District:Mueang Province:Samut Sakhon&lt;br/&gt;Source:osm_th_raw </description>
        <styleUrl>#style_class_Halt</styleUrl>
        <ExtendedData>
          <Data name="name_en"><value>Ban Kalong</value></Data>
          <Data name="name_th"><value>บ้านกาหลง</value></Data>
          <Data name="code"><value>กห.</value></Data>
          <Data name="class"><value>Halt</value></Data>
          <Data name="line"><value>Maeklong</value></Data>
          <Data name="district"><value>Mueang</value></Data>
          <Data name="province"><value>Samut Sakhon</value></Data>
          <Data name="lat"><value>13.4872587</value></Data>
          <Data name="lon"><value>100.1376696</value></Data>
          <Data name="coord_source"><value>osm_th_raw</value></Data>
          <Data name="ttg_url"><value></value></Data>
          <Data name="is_new"><value>False</value></Data>
        </ExtendedData>
        <Point><coordinates>100.1376696,13.4872587,0</coordinates></Point>
      </Placemark>
      <Placemark>
        <name>Ban Khom</name>
        <description>&lt;b&gt;Ban Khom / บ้านขอม&lt;/b&gt;&lt;br/&gt;Code:ขม. Class:Halt Line:Maeklong&lt;br/&gt;District:Mueang Province:Samut Sakhon&lt;br/&gt;Source:osm_th_raw </description>
        <styleUrl>#style_class_Halt</styleUrl>
        <ExtendedData>
          <Data name="name_en"><value>Ban Khom</value></Data>
          <Data name="name_th"><value>บ้านขอม</value></Data>
          <Data name="code"><value>ขม.</value></Data>
          <Data name="class"><value>Halt</value></Data>
          <Data name="line"><value>Maeklong</value></Data>
          <Data name="district"><value>Mueang</value></Data>
          <Data name="province"><value>Samut Sakhon</value></Data>
          <Data name="lat"><value>13.5629977</value></Data>
          <Data name="lon"><value>100.3135539</value></Data>
          <Data name="coord_source"><value>osm_th_raw</value></Data>
          <Data name="ttg_url"><value></value></Data>
          <Data name="is_new"><value>False</value></Data>
        </ExtendedData>
        <Point><coordinates>100.3135539,13.5629977,0</coordinates></Point>
      </Placemark>
      <Placemark>
        <name>Ban Laem</name>
        <description>&lt;b&gt;Ban Laem / บ้านแหลม&lt;/b&gt;&lt;br/&gt;Code:แห. Class:3 Line:Maeklong&lt;br/&gt;District:Mueang Province:Samut Sakhon&lt;br/&gt;Source:osm_th_raw </description>
        <styleUrl>#style_class_3</styleUrl>
        <ExtendedData>
          <Data name="name_en"><value>Ban Laem</value></Data>
          <Data name="name_th"><value>บ้านแหลม</value></Data>
          <Data name="code"><value>แห.</value></Data>
          <Data name="class"><value>3</value></Data>
          <Data name="line"><value>Maeklong</value></Data>
          <Data name="district"><value>Mueang</value></Data>
          <Data name="province"><value>Samut Sakhon</value></Data>
          <Data name="lat"><value>13.5419156</value></Data>
          <Data name="lon"><value>100.2700042</value></Data>
          <Data name="coord_source"><value>osm_th_raw</value></Data>
          <Data name="ttg_url"><value></value></Data>
          <Data name="is_new"><value>False</value></Data>
        </ExtendedData>
        <Point><coordinates>100.2700042,13.5419156,0</coordinates></Point>
      </Placemark>
      <Placemark>
        <name>Ban Na Khok</name>
        <description>&lt;b&gt;Ban Na Khok / บ้านนาโคก&lt;/b&gt;&lt;br/&gt;Code:าโ. Class:Halt Line:Maeklong&lt;br/&gt;District:Mueang Province:Samut Sakhon&lt;br/&gt;Source:osm_th_raw </description>
        <styleUrl>#style_class_Halt</styleUrl>
        <ExtendedData>
          <Data name="name_en"><value>Ban Na Khok</value></Data>
          <Data name="name_th"><value>บ้านนาโคก</value></Data>
          <Data name="code"><value>าโ.</value></Data>
          <Data name="class"><value>Halt</value></Data>
          <Data name="line"><value>Maeklong</value></Data>
          <Data name="district"><value>Mueang</value></Data>
          <Data name="province"><value>Samut Sakhon</value></Data>
          <Data name="lat"><value>13.4768509</value></Data>
          <Data name="lon"><value>100.1025404</value></Data>
          <Data name="coord_source"><value>osm_th_raw</value></Data>
          <Data name="ttg_url"><value></value></Data>
          <Data name="is_new"><value>False</value></Data>
        </ExtendedData>
        <Point><coordinates>100.1025404,13.4768509,0</coordinates></Point>
      </Placemark>
      <Placemark>
        <name>Ban Na Khwang</name>
        <description>&lt;b&gt;Ban Na Khwang / บ้านนาขวาง&lt;/b&gt;&lt;br/&gt;Code:บ้. Class:Halt Line:Maeklong&lt;br/&gt;District:Mueang Province:Samut Sakhon&lt;br/&gt;Source:osm_th_raw </description>
        <styleUrl>#style_class_Halt</styleUrl>
        <ExtendedData>
          <Data name="name_en"><value>Ban Na Khwang</value></Data>
          <Data name="name_th"><value>บ้านนาขวาง</value></Data>
          <Data name="code"><value>บ้.</value></Data>
          <Data name="class"><value>Halt</value></Data>
          <Data name="line"><value>Maeklong</value></Data>
          <Data name="district"><value>Mueang</value></Data>
          <Data name="province"><value>Samut Sakhon</value></Data>
          <Data name="lat"><value>13.4860562</value></Data>
          <Data name="lon"><value>100.1211351</value></Data>
          <Data name="coord_source"><value>osm_th_raw</value></Data>
          <Data name="ttg_url"><value></value></Data>
          <Data name="is_new"><value>False</value></Data>
        </ExtendedData>
        <Point><coordinates>100.1211351,13.4860562,0</coordinates></Point>
      </Placemark>
      <Placemark>
        <name>Bang Bon</name>
        <description>&lt;b&gt;Bang Bon / บางบอน&lt;/b&gt;&lt;br/&gt;Code:าา. Class:Halt Line:Maeklong&lt;br/&gt;District:Bang Bon Province:Bangkok&lt;br/&gt;Source:osm_th_raw </description>
        <styleUrl>#style_class_Halt</styleUrl>
        <ExtendedData>
          <Data name="name_en"><value>Bang Bon</value></Data>
          <Data name="name_th"><value>บางบอน</value></Data>
          <Data name="code"><value>าา.</value></Data>
          <Data name="class"><value>Halt</value></Data>
          <Data name="line"><value>Maeklong</value></Data>
          <Data name="district"><value>Bang Bon</value></Data>
          <Data name="province"><value>Bangkok</value></Data>
          <Data name="lat"><value>13.6664849</value></Data>
          <Data name="lon"><value>100.4288556</value></Data>
          <Data name="coord_source"><value>osm_th_raw</value></Data>
          <Data name="ttg_url"><value></value></Data>
          <Data name="is_new"><value>False</value></Data>
        </ExtendedData>
        <Point><coordinates>100.4288556,13.6664849,0</coordinates></Point>
      </Placemark>
      <Placemark>
        <name>Bang Krachao</name>
        <description>&lt;b&gt;Bang Krachao / บางกระเจ้า&lt;/b&gt;&lt;br/&gt;Code:ะจ. Class:Halt Line:Maeklong&lt;br/&gt;District:Mueang Province:Samut Sakhon&lt;br/&gt;Source:osm_th_raw </description>
        <styleUrl>#style_class_Halt</styleUrl>
        <ExtendedData>
          <Data name="name_en"><value>Bang Krachao</value></Data>
          <Data name="name_th"><value>บางกระเจ้า</value></Data>
          <Data name="code"><value>ะจ.</value></Data>
          <Data name="class"><value>Halt</value></Data>
          <Data name="line"><value>Maeklong</value></Data>
          <Data name="district"><value>Mueang</value></Data>
          <Data name="province"><value>Samut Sakhon</value></Data>
          <Data name="lat"><value>13.5087416</value></Data>
          <Data name="lon"><value>100.1974875</value></Data>
          <Data name="coord_source"><value>osm_th_raw</value></Data>
          <Data name="ttg_url"><value></value></Data>
          <Data name="is_new"><value>False</value></Data>
        </ExtendedData>
        <Point><coordinates>100.1974875,13.5087416,0</coordinates></Point>
      </Placemark>
      <Placemark>
        <name>Bang Nam Jued</name>
        <description>&lt;b&gt;Bang Nam Jued / บางน้ำจืด&lt;/b&gt;&lt;br/&gt;Code:นจ. Class:Halt Line:Maeklong&lt;br/&gt;District:Mueang Province:Samut Sakhon&lt;br/&gt;Source:osm_th_raw </description>
        <styleUrl>#style_class_Halt</styleUrl>
        <ExtendedData>
          <Data name="name_en"><value>Bang Nam Jued</value></Data>
          <Data name="name_th"><value>บางน้ำจืด</value></Data>
          <Data name="code"><value>นจ.</value></Data>
          <Data name="class"><value>Halt</value></Data>
          <Data name="line"><value>Maeklong</value></Data>
          <Data name="district"><value>Mueang</value></Data>
          <Data name="province"><value>Samut Sakhon</value></Data>
          <Data name="lat"><value>13.6051039</value></Data>
          <Data name="lon"><value>100.3602877</value></Data>
          <Data name="coord_source"><value>osm_th_raw</value></Data>
          <Data name="ttg_url"><value></value></Data>
          <Data name="is_new"><value>False</value></Data>
        </ExtendedData>
        <Point><coordinates>100.3602877,13.6051039,0</coordinates></Point>
      </Placemark>
      <Placemark>
        <name>Bang Si Khot</name>
        <description>&lt;b&gt;Bang Si Khot / บางสีคต&lt;/b&gt;&lt;br/&gt;Code:บี. Class:Halt Line:Maeklong&lt;br/&gt;District:Mueang Province:Samut Sakhon&lt;br/&gt;Source:osm_th_raw </description>
        <styleUrl>#style_class_Halt</styleUrl>
        <ExtendedData>
          <Data name="name_en"><value>Bang Si Khot</value></Data>
          <Data name="name_th"><value>บางสีคต</value></Data>
          <Data name="code"><value>บี.</value></Data>
          <Data name="class"><value>Halt</value></Data>
          <Data name="line"><value>Maeklong</value></Data>
          <Data name="district"><value>Mueang</value></Data>
          <Data name="province"><value>Samut Sakhon</value></Data>
          <Data name="lat"><value>13.515796</value></Data>
          <Data name="lon"><value>100.21431</value></Data>
          <Data name="coord_source"><value>osm_th_raw</value></Data>
          <Data name="ttg_url"><value></value></Data>
          <Data name="is_new"><value>False</value></Data>
        </ExtendedData>
        <Point><coordinates>100.21431,13.515796,0</coordinates></Point>
      </Placemark>
      <Placemark>
        <name>Bang Thorat</name>
        <description>&lt;b&gt;Bang Thorat / บางโทรัด&lt;/b&gt;&lt;br/&gt;Code:งโ. Class:Halt Line:Maeklong&lt;br/&gt;District:Mueang Province:Samut Sakhon&lt;br/&gt;Source:osm_th_raw </description>
        <styleUrl>#style_class_Halt</styleUrl>
        <ExtendedData>
          <Data name="name_en"><value>Bang Thorat</value></Data>
          <Data name="name_th"><value>บางโทรัด</value></Data>
          <Data name="code"><value>งโ.</value></Data>
          <Data name="class"><value>Halt</value></Data>
          <Data name="line"><value>Maeklong</value></Data>
          <Data name="district"><value>Mueang</value></Data>
          <Data name="province"><value>Samut Sakhon</value></Data>
          <Data name="lat"><value>13.4942482</value></Data>
          <Data name="lon"><value>100.1600937</value></Data>
          <Data name="coord_source"><value>osm_th_raw</value></Data>
          <Data name="ttg_url"><value></value></Data>
          <Data name="is_new"><value>False</value></Data>
        </ExtendedData>
        <Point><coordinates>100.1600937,13.4942482,0</coordinates></Point>
      </Placemark>
      <Placemark>
        <name>Chom Thong</name>
        <description>&lt;b&gt;Chom Thong / จอมทอง&lt;/b&gt;&lt;br/&gt;Code:ทจ. Class:Halt Line:Maeklong&lt;br/&gt;District:Chom Thong Province:Bangkok&lt;br/&gt;Source:osm_th_raw </description>
        <styleUrl>#style_class_Halt</styleUrl>
        <ExtendedData>
          <Data name="name_en"><value>Chom Thong</value></Data>
          <Data name="name_th"><value>จอมทอง</value></Data>
          <Data name="code"><value>ทจ.</value></Data>
          <Data name="class"><value>Halt</value></Data>
          <Data name="line"><value>Maeklong</value></Data>
          <Data name="district"><value>Chom Thong</value></Data>
          <Data name="province"><value>Bangkok</value></Data>
          <Data name="lat"><value>13.7018278</value></Data>
          <Data name="lon"><value>100.465136</value></Data>
          <Data name="coord_source"><value>osm_th_raw</value></Data>
          <Data name="ttg_url"><value></value></Data>
          <Data name="is_new"><value>False</value></Data>
        </ExtendedData>
        <Point><coordinates>100.465136,13.7018278,0</coordinates></Point>
      </Placemark>
      <Placemark>
        <name>Maeklong</name>
        <description>&lt;b&gt;Maeklong / แม่กลอง&lt;/b&gt;&lt;br/&gt;Code:แอ. Class:3 Line:Maeklong&lt;br/&gt;District:Mueang Province:Samut Songkhram&lt;br/&gt;Source:osm_th_raw </description>
        <styleUrl>#style_class_3</styleUrl>
        <ExtendedData>
          <Data name="name_en"><value>Maeklong</value></Data>
          <Data name="name_th"><value>แม่กลอง</value></Data>
          <Data name="code"><value>แอ.</value></Data>
          <Data name="class"><value>3</value></Data>
          <Data name="line"><value>Maeklong</value></Data>
          <Data name="district"><value>Mueang</value></Data>
          <Data name="province"><value>Samut Songkhram</value></Data>
          <Data name="lat"><value>13.4074854</value></Data>
          <Data name="lon"><value>99.9984292</value></Data>
          <Data name="coord_source"><value>osm_th_raw</value></Data>
          <Data name="ttg_url"><value></value></Data>
          <Data name="is_new"><value>False</value></Data>
        </ExtendedData>
        <Point><coordinates>99.9984292,13.4074854,0</coordinates></Point>
      </Placemark>
      <Placemark>
        <name>Mahachai</name>
        <description>&lt;b&gt;Mahachai / มหาชัย&lt;/b&gt;&lt;br/&gt;Code:ชั. Class:1 Line:Maeklong&lt;br/&gt;District:Mueang Province:Samut Sakhon&lt;br/&gt;Source:osm_th_raw </description>
        <styleUrl>#style_class_1</styleUrl>
        <ExtendedData>
          <Data name="name_en"><value>Mahachai</value></Data>
          <Data name="name_th"><value>มหาชัย</value></Data>
          <Data name="code"><value>ชั.</value></Data>
          <Data name="class"><value>1</value></Data>
          <Data name="line"><value>Maeklong</value></Data>
          <Data name="district"><value>Mueang</value></Data>
          <Data name="province"><value>Samut Sakhon</value></Data>
          <Data name="lat"><value>13.5462729</value></Data>
          <Data name="lon"><value>100.2766139</value></Data>
          <Data name="coord_source"><value>osm_th_raw</value></Data>
          <Data name="ttg_url"><value></value></Data>
          <Data name="is_new"><value>False</value></Data>
        </ExtendedData>
        <Point><coordinates>100.2766139,13.5462729,0</coordinates></Point>
      </Placemark>
      <Placemark>
        <name>Wongwian Yai</name>
        <description>&lt;b&gt;Wongwian Yai / วงเวียนใหญ่&lt;/b&gt;&lt;br/&gt;Code:งญ. Class:1 Line:Maeklong&lt;br/&gt;District:Thon Buri Province:Bangkok&lt;br/&gt;Source:osm_th_raw </description>
        <styleUrl>#style_class_1</styleUrl>
        <ExtendedData>
          <Data name="name_en"><value>Wongwian Yai</value></Data>
          <Data name="name_th"><value>วงเวียนใหญ่</value></Data>
          <Data name="code"><value>งญ.</value></Data>
          <Data name="class"><value>1</value></Data>
          <Data name="line"><value>Maeklong</value></Data>
          <Data name="district"><value>Thon Buri</value></Data>
          <Data name="province"><value>Bangkok</value></Data>
          <Data name="lat"><value>13.7243675</value></Data>
          <Data name="lon"><value>100.4912402</value></Data>
          <Data name="coord_source"><value>osm_th_raw</value></Data>
          <Data name="ttg_url"><value></value></Data>
          <Data name="is_new"><value>False</value></Data>
        </ExtendedData>
        <Point><coordinates>100.4912402,13.7243675,0</coordinates></Point>
      </Placemark>
    </Folder>
    <Folder>
      <name>Northeastern Line</name>
      <open>0</open>
      <Placemark>
        <name>Assumption Convent School</name>
        <description>&lt;b&gt;Assumption Convent School / โรงเรียนอัสสัมชัญคอนแวนต์&lt;/b&gt;&lt;br/&gt;Code:อแ. Class:Halt Line:Northeastern&lt;br/&gt;District:Chai Badan Province:Lopburi&lt;br/&gt;Source:osm_th_raw </description>
        <styleUrl>#style_class_Halt</styleUrl>
        <ExtendedData>
          <Data name="name_en"><value>Assumption Convent School</value></Data>
          <Data name="name_th"><value>โรงเรียนอัสสัมชัญคอนแวนต์</value></Data>
          <Data name="code"><value>อแ.</value></Data>
          <Data name="class"><value>Halt</value></Data>
          <Data name="line"><value>Northeastern</value></Data>
          <Data name="district"><value>Chai Badan</value></Data>
          <Data name="province"><value>Lopburi</value></Data>
          <Data name="lat"><value>15.1356396</value></Data>
          <Data name="lon"><value>101.0436172</value></Data>
          <Data name="coord_source"><value>osm_th_raw</value></Data>
          <Data name="ttg_url"><value></value></Data>
          <Data name="is_new"><value>False</value></Data>
        </ExtendedData>
        <Point><coordinates>101.0436172,15.1356396,0</coordinates></Point>
      </Placemark>
      <Placemark>
        <name>Bamnet Narong</name>
        <description>&lt;b&gt;Bamnet Narong / บำเหน็จณรงค์&lt;/b&gt;&lt;br/&gt;Code:าจ. Class:2 Line:Northeastern&lt;br/&gt;District:Bamnet Narong Province:Chaiyaphum&lt;br/&gt;Source:google_places </description>
        <styleUrl>#style_class_2</styleUrl>
        <ExtendedData>
          <Data name="name_en"><value>Bamnet Narong</value></Data>
          <Data name="name_th"><value>บำเหน็จณรงค์</value></Data>
          <Data name="code"><value>าจ.</value></Data>
          <Data name="class"><value>2</value></Data>
          <Data name="line"><value>Northeastern</value></Data>
          <Data name="district"><value>Bamnet Narong</value></Data>
          <Data name="province"><value>Chaiyaphum</value></Data>
          <Data name="lat"><value>15.4686</value></Data>
          <Data name="lon"><value>101.6854</value></Data>
          <Data name="coord_source"><value>google_places</value></Data>
          <Data name="ttg_url"><value></value></Data>
          <Data name="is_new"><value>False</value></Data>
        </ExtendedData>
        <Point><coordinates>101.6854,15.4686,0</coordinates></Point>
      </Placemark>
      <Placemark>
        <name>Ban Chong Tai</name>
        <description>&lt;b&gt;Ban Chong Tai / บ้านช่องใต้&lt;/b&gt;&lt;br/&gt;Code:ชต. Class:3 Line:Northeastern&lt;br/&gt;District:Kaeng Khoi Province:Saraburi&lt;br/&gt;Source:google_places </description>
        <styleUrl>#style_class_3</styleUrl>
        <ExtendedData>
          <Data name="name_en"><value>Ban Chong Tai</value></Data>
          <Data name="name_th"><value>บ้านช่องใต้</value></Data>
          <Data name="code"><value>ชต.</value></Data>
          <Data name="class"><value>3</value></Data>
          <Data name="line"><value>Northeastern</value></Data>
          <Data name="district"><value>Kaeng Khoi</value></Data>
          <Data name="province"><value>Saraburi</value></Data>
          <Data name="lat"><value>14.6152</value></Data>
          <Data name="lon"><value>101.0182</value></Data>
          <Data name="coord_source"><value>google_places</value></Data>
          <Data name="ttg_url"><value></value></Data>
          <Data name="is_new"><value>False</value></Data>
        </ExtendedData>
        <Point><coordinates>101.0182,14.6152,0</coordinates></Point>
      </Placemark>
      <Placemark>
        <name>Ban Chongko</name>
        <description>&lt;b&gt;Ban Chongko / บ้านจงโก&lt;/b&gt;&lt;br/&gt;Code:จโ. Class:Halt Line:Northeastern&lt;br/&gt;District:Lam Sonthi Province:Lopburi&lt;br/&gt;Source:osm_th_raw </description>
        <styleUrl>#style_class_Halt</styleUrl>
        <ExtendedData>
          <Data name="name_en"><value>Ban Chongko</value></Data>
          <Data name="name_th"><value>บ้านจงโก</value></Data>
          <Data name="code"><value>จโ.</value></Data>
          <Data name="class"><value>Halt</value></Data>
          <Data name="line"><value>Northeastern</value></Data>
          <Data name="district"><value>Lam Sonthi</value></Data>
          <Data name="province"><value>Lopburi</value></Data>
          <Data name="lat"><value>15.2626301</value></Data>
          <Data name="lon"><value>101.3363414</value></Data>
          <Data name="coord_source"><value>osm_th_raw</value></Data>
          <Data name="ttg_url"><value></value></Data>
          <Data name="is_new"><value>False</value></Data>
        </ExtendedData>
        <Point><coordinates>101.3363414,15.2626301,0</coordinates></Point>
      </Placemark>
      <Placemark>
        <name>Ban Don Yai</name>
        <description>&lt;b&gt;Ban Don Yai / บ้านดอนใหญ่&lt;/b&gt;&lt;br/&gt;Code:ดญ. Class:4 Line:Northeastern&lt;br/&gt;District:Khong Province:Nakhon Ratchasima&lt;br/&gt;Source:google_places </description>
        <styleUrl>#style_class_4</styleUrl>
        <ExtendedData>
          <Data name="name_en"><value>Ban Don Yai</value></Data>
          <Data name="name_th"><value>บ้านดอนใหญ่</value></Data>
          <Data name="code"><value>ดญ.</value></Data>
          <Data name="class"><value>4</value></Data>
          <Data name="line"><value>Northeastern</value></Data>
          <Data name="district"><value>Khong</value></Data>
          <Data name="province"><value>Nakhon Ratchasima</value></Data>
          <Data name="lat"><value>15.3891</value></Data>
          <Data name="lon"><value>102.3128</value></Data>
          <Data name="coord_source"><value>google_places</value></Data>
          <Data name="ttg_url"><value></value></Data>
          <Data name="is_new"><value>False</value></Data>
        </ExtendedData>
        <Point><coordinates>102.3128,15.3891,0</coordinates></Point>
      </Placemark>
      <Placemark>
        <name>Ban Dong Phlong</name>
        <description>&lt;b&gt;Ban Dong Phlong / บ้านดงพลอง&lt;/b&gt;&lt;br/&gt;Code:ดพ. Class:3 Line:Northeastern&lt;br/&gt;District:Non Sung Province:Nakhon Ratchasima&lt;br/&gt;Source:google_places </description>
        <styleUrl>#style_class_3</styleUrl>
        <ExtendedData>
          <Data name="name_en"><value>Ban Dong Phlong</value></Data>
          <Data name="name_th"><value>บ้านดงพลอง</value></Data>
          <Data name="code"><value>ดพ.</value></Data>
          <Data name="class"><value>3</value></Data>
          <Data name="line"><value>Northeastern</value></Data>
          <Data name="district"><value>Non Sung</value></Data>
          <Data name="province"><value>Nakhon Ratchasima</value></Data>
          <Data name="lat"><value>15.2268</value></Data>
          <Data name="lon"><value>102.2894</value></Data>
          <Data name="coord_source"><value>google_places</value></Data>
          <Data name="ttg_url"><value></value></Data>
          <Data name="is_new"><value>False</value></Data>
        </ExtendedData>
        <Point><coordinates>102.2894,15.2268,0</coordinates></Point>
      </Placemark>
      <Placemark>
        <name>Ban Haet</name>
        <description>&lt;b&gt;Ban Haet / บ้านแฮด&lt;/b&gt;&lt;br/&gt;Code:ฮด. Class:3 Line:Northeastern&lt;br/&gt;District:Ban Haet Province:Khon Kaen&lt;br/&gt;Source:google_places </description>
        <styleUrl>#style_class_3</styleUrl>
        <ExtendedData>
          <Data name="name_en"><value>Ban Haet</value></Data>
          <Data name="name_th"><value>บ้านแฮด</value></Data>
          <Data name="code"><value>ฮด.</value></Data>
          <Data name="class"><value>3</value></Data>
          <Data name="line"><value>Northeastern</value></Data>
          <Data name="district"><value>Ban Haet</value></Data>
          <Data name="province"><value>Khon Kaen</value></Data>
          <Data name="lat"><value>16.1976</value></Data>
          <Data name="lon"><value>102.7661</value></Data>
          <Data name="coord_source"><value>google_places</value></Data>
          <Data name="ttg_url"><value></value></Data>
          <Data name="is_new"><value>False</value></Data>
        </ExtendedData>
        <Point><coordinates>102.7661,16.1976,0</coordinates></Point>
      </Placemark>
      <Placemark>
        <name>Ban Han</name>
        <description>&lt;b&gt;Ban Han / บ้านหัน&lt;/b&gt;&lt;br/&gt;Code:าห. Class:3 Line:Northeastern&lt;br/&gt;District:Non Sila Province:Khon Kaen&lt;br/&gt;Source:google_places </description>
        <styleUrl>#style_class_3</styleUrl>
        <ExtendedData>
          <Data name="name_en"><value>Ban Han</value></Data>
          <Data name="name_th"><value>บ้านหัน</value></Data>
          <Data name="code"><value>าห.</value></Data>
          <Data name="class"><value>3</value></Data>
          <Data name="line"><value>Northeastern</value></Data>
          <Data name="district"><value>Non Sila</value></Data>
          <Data name="province"><value>Khon Kaen</value></Data>
          <Data name="lat"><value>15.966</value></Data>
          <Data name="lon"><value>102.6938</value></Data>
          <Data name="coord_source"><value>google_places</value></Data>
          <Data name="ttg_url"><value></value></Data>
          <Data name="is_new"><value>False</value></Data>
        </ExtendedData>
        <Point><coordinates>102.6938,15.966,0</coordinates></Point>
      </Placemark>
      <Placemark>
        <name>Ban Hin Khon</name>
        <description>&lt;b&gt;Ban Hin Khon / บ้านหินโคน&lt;/b&gt;&lt;br/&gt;Code:หโ. Class:3 Line:Northeastern&lt;br/&gt;District:Chakkarat Province:Nakhon Ratchasima&lt;br/&gt;Source:google_places </description>
        <styleUrl>#style_class_3</styleUrl>
        <ExtendedData>
          <Data name="name_en"><value>Ban Hin Khon</value></Data>
          <Data name="name_th"><value>บ้านหินโคน</value></Data>
          <Data name="code"><value>หโ.</value></Data>
          <Data name="class"><value>3</value></Data>
          <Data name="line"><value>Northeastern</value></Data>
          <Data name="district"><value>Chakkarat</value></Data>
          <Data name="province"><value>Nakhon Ratchasima</value></Data>
          <Data name="lat"><value>15.0038</value></Data>
          <Data name="lon"><value>102.4991</value></Data>
          <Data name="coord_source"><value>google_places</value></Data>
          <Data name="ttg_url"><value></value></Data>
          <Data name="is_new"><value>False</value></Data>
        </ExtendedData>
        <Point><coordinates>102.4991,15.0038,0</coordinates></Point>
      </Placemark>
      <Placemark>
        <name>Ban Kalan</name>
        <description>&lt;b&gt;Ban Kalan / บ้านกะลัน&lt;/b&gt;&lt;br/&gt;Code:ลน. Class:3 Line:Northeastern&lt;br/&gt;District:Sikhoraphum Province:Surin&lt;br/&gt;Source:osm_th_raw </description>
        <styleUrl>#style_class_3</styleUrl>
        <ExtendedData>
          <Data name="name_en"><value>Ban Kalan</value></Data>
          <Data name="name_th"><value>บ้านกะลัน</value></Data>
          <Data name="code"><value>ลน.</value></Data>
          <Data name="class"><value>3</value></Data>
          <Data name="line"><value>Northeastern</value></Data>
          <Data name="district"><value>Sikhoraphum</value></Data>
          <Data name="province"><value>Surin</value></Data>
          <Data name="lat"><value>14.9737514</value></Data>
          <Data name="lon"><value>103.8533067</value></Data>
          <Data name="coord_source"><value>osm_th_raw</value></Data>
          <Data name="ttg_url"><value></value></Data>
          <Data name="is_new"><value>False</value></Data>
        </ExtendedData>
        <Point><coordinates>103.8533067,14.9737514,0</coordinates></Point>
      </Placemark>
      <Placemark>
        <name>Ban Kao Ngiu</name>
        <description>&lt;b&gt;Ban Kao Ngiu / บ้านเก่างิ้ว&lt;/b&gt;&lt;br/&gt;Code:งิ. Class:Halt Line:Northeastern&lt;br/&gt;District:Bua Yai Province:Nakhon Ratchasima&lt;br/&gt;Source:osm_th_raw </description>
        <styleUrl>#style_class_Halt</styleUrl>
        <ExtendedData>
          <Data name="name_en"><value>Ban Kao Ngiu</value></Data>
          <Data name="name_th"><value>บ้านเก่างิ้ว</value></Data>
          <Data name="code"><value>งิ.</value></Data>
          <Data name="class"><value>Halt</value></Data>
          <Data name="line"><value>Northeastern</value></Data>
          <Data name="district"><value>Bua Yai</value></Data>
          <Data name="province"><value>Nakhon Ratchasima</value></Data>
          <Data name="lat"><value>15.6054333</value></Data>
          <Data name="lon"><value>102.2941322</value></Data>
          <Data name="coord_source"><value>osm_th_raw</value></Data>
          <Data name="ttg_url"><value></value></Data>
          <Data name="is_new"><value>False</value></Data>
        </ExtendedData>
        <Point><coordinates>102.2941322,15.6054333,0</coordinates></Point>
      </Placemark>
      <Placemark>
        <name>Ban Khlo</name>
        <description>&lt;b&gt;Ban Khlo / บ้านคล้อ&lt;/b&gt;&lt;br/&gt;Code:าค. Class:3 Line:Northeastern&lt;br/&gt;District:Kanthararom Province:Sisaket&lt;br/&gt;Source:osm_th_raw </description>
        <styleUrl>#style_class_3</styleUrl>
        <ExtendedData>
          <Data name="name_en"><value>Ban Khlo</value></Data>
          <Data name="name_th"><value>บ้านคล้อ</value></Data>
          <Data name="code"><value>าค.</value></Data>
          <Data name="class"><value>3</value></Data>
          <Data name="line"><value>Northeastern</value></Data>
          <Data name="district"><value>Kanthararom</value></Data>
          <Data name="province"><value>Sisaket</value></Data>
          <Data name="lat"><value>15.1071517</value></Data>
          <Data name="lon"><value>104.5042048</value></Data>
          <Data name="coord_source"><value>osm_th_raw</value></Data>
          <Data name="ttg_url"><value></value></Data>
          <Data name="is_new"><value>False</value></Data>
        </ExtendedData>
        <Point><coordinates>104.5042048,15.1071517,0</coordinates></Point>
      </Placemark>
      <Placemark>
        <name>Ban Khok Krabuang</name>
        <description>&lt;b&gt;Ban Khok Krabuang / บ้านโคกกระเบื้อง&lt;/b&gt;&lt;br/&gt;Code:ะอ. Class:Halt Line:Northeastern&lt;br/&gt;District:Ban Lueam Province:Nakhon Ratchasima&lt;br/&gt;Source:osm_th_raw </description>
        <styleUrl>#style_class_Halt</styleUrl>
        <ExtendedData>
          <Data name="name_en"><value>Ban Khok Krabuang</value></Data>
          <Data name="name_th"><value>บ้านโคกกระเบื้อง</value></Data>
          <Data name="code"><value>ะอ.</value></Data>
          <Data name="class"><value>Halt</value></Data>
          <Data name="line"><value>Northeastern</value></Data>
          <Data name="district"><value>Ban Lueam</value></Data>
          <Data name="province"><value>Nakhon Ratchasima</value></Data>
          <Data name="lat"><value>15.6070156</value></Data>
          <Data name="lon"><value>102.1646688</value></Data>
          <Data name="coord_source"><value>osm_th_raw</value></Data>
          <Data name="ttg_url"><value></value></Data>
          <Data name="is_new"><value>False</value></Data>
        </ExtendedData>
        <Point><coordinates>102.1646688,15.6070156,0</coordinates></Point>
      </Placemark>
      <Placemark>
        <name>Ban Kloi</name>
        <description>&lt;b&gt;Ban Kloi / บ้านกลอย&lt;/b&gt;&lt;br/&gt;Code:ย้. Class:Halt Line:Northeastern&lt;br/&gt;District:Bamnet Narong Province:Chaiyaphum&lt;br/&gt;Source:osm_th_raw </description>
        <styleUrl>#style_class_Halt</styleUrl>
        <ExtendedData>
          <Data name="name_en"><value>Ban Kloi</value></Data>
          <Data name="name_th"><value>บ้านกลอย</value></Data>
          <Data name="code"><value>ย้.</value></Data>
          <Data name="class"><value>Halt</value></Data>
          <Data name="line"><value>Northeastern</value></Data>
          <Data name="district"><value>Bamnet Narong</value></Data>
          <Data name="province"><value>Chaiyaphum</value></Data>
          <Data name="lat"><value>15.479546</value></Data>
          <Data name="lon"><value>101.7081364</value></Data>
          <Data name="coord_source"><value>osm_th_raw</value></Data>
          <Data name="ttg_url"><value></value></Data>
          <Data name="is_new"><value>False</value></Data>
        </ExtendedData>
        <Point><coordinates>101.7081364,15.479546,0</coordinates></Point>
      </Placemark>
      <Placemark>
        <name>Ban Ko</name>
        <description>&lt;b&gt;Ban Ko / บ้านเกาะ&lt;/b&gt;&lt;br/&gt;Code:กะ. Class:3 Line:Northeastern&lt;br/&gt;District:Mueang Province:Nakhon Ratchasima&lt;br/&gt;Source:osm_th_raw </description>
        <styleUrl>#style_class_3</styleUrl>
        <ExtendedData>
          <Data name="name_en"><value>Ban Ko</value></Data>
          <Data name="name_th"><value>บ้านเกาะ</value></Data>
          <Data name="code"><value>กะ.</value></Data>
          <Data name="class"><value>3</value></Data>
          <Data name="line"><value>Northeastern</value></Data>
          <Data name="district"><value>Mueang</value></Data>
          <Data name="province"><value>Nakhon Ratchasima</value></Data>
          <Data name="lat"><value>15.004157</value></Data>
          <Data name="lon"><value>102.1384666</value></Data>
          <Data name="coord_source"><value>osm_th_raw</value></Data>
          <Data name="ttg_url"><value></value></Data>
          <Data name="is_new"><value>False</value></Data>
        </ExtendedData>
        <Point><coordinates>102.1384666,15.004157,0</coordinates></Point>
      </Placemark>
      <Placemark>
        <name>Ban Ko Rang</name>
        <description>&lt;b&gt;Ban Ko Rang / บ้านเกาะรัง&lt;/b&gt;&lt;br/&gt;Code:รง. Class:Halt Line:Northeastern&lt;br/&gt;District:Chai Badan Province:Lopburi&lt;br/&gt;Source:osm_th_raw </description>
        <styleUrl>#style_class_Halt</styleUrl>
        <ExtendedData>
          <Data name="name_en"><value>Ban Ko Rang</value></Data>
          <Data name="name_th"><value>บ้านเกาะรัง</value></Data>
          <Data name="code"><value>รง.</value></Data>
          <Data name="class"><value>Halt</value></Data>
          <Data name="line"><value>Northeastern</value></Data>
          <Data name="district"><value>Chai Badan</value></Data>
          <Data name="province"><value>Lopburi</value></Data>
          <Data name="lat"><value>15.2790836</value></Data>
          <Data name="lon"><value>101.220711</value></Data>
          <Data name="coord_source"><value>osm_th_raw</value></Data>
          <Data name="ttg_url"><value></value></Data>
          <Data name="is_new"><value>False</value></Data>
        </ExtendedData>
        <Point><coordinates>101.220711,15.2790836,0</coordinates></Point>
      </Placemark>
      <Placemark>
        <name>Ban Kradon</name>
        <description>&lt;b&gt;Ban Kradon / บ้านกระโดน&lt;/b&gt;&lt;br/&gt;Code:กโ. Class:3 Line:Northeastern&lt;br/&gt;District:Mueang Province:Nakhon Ratchasima&lt;br/&gt;Source:osm_th_raw </description>
        <styleUrl>#style_class_3</styleUrl>
        <ExtendedData>
          <Data name="name_en"><value>Ban Kradon</value></Data>
          <Data name="name_th"><value>บ้านกระโดน</value></Data>
          <Data name="code"><value>กโ.</value></Data>
          <Data name="class"><value>3</value></Data>
          <Data name="line"><value>Northeastern</value></Data>
          <Data name="district"><value>Mueang</value></Data>
          <Data name="province"><value>Nakhon Ratchasima</value></Data>
          <Data name="lat"><value>15.1042237</value></Data>
          <Data name="lon"><value>102.1869891</value></Data>
          <Data name="coord_source"><value>osm_th_raw</value></Data>
          <Data name="ttg_url"><value></value></Data>
          <Data name="is_new"><value>False</value></Data>
        </ExtendedData>
        <Point><coordinates>102.1869891,15.1042237,0</coordinates></Point>
      </Placemark>
      <Placemark>
        <name>Ban Kraphi</name>
        <description>&lt;b&gt;Ban Kraphi / บ้านกระพี้&lt;/b&gt;&lt;br/&gt;Code:พี. Class:Halt Line:Northeastern&lt;br/&gt;District:Bua Yai Province:Nakhon Ratchasima&lt;br/&gt;Source:osm_en </description>
        <styleUrl>#style_class_Halt</styleUrl>
        <ExtendedData>
          <Data name="name_en"><value>Ban Kraphi</value></Data>
          <Data name="name_th"><value>บ้านกระพี้</value></Data>
          <Data name="code"><value>พี.</value></Data>
          <Data name="class"><value>Halt</value></Data>
          <Data name="line"><value>Northeastern</value></Data>
          <Data name="district"><value>Bua Yai</value></Data>
          <Data name="province"><value>Nakhon Ratchasima</value></Data>
          <Data name="lat"><value>15.6018122</value></Data>
          <Data name="lon"><value>102.2761209</value></Data>
          <Data name="coord_source"><value>osm_en</value></Data>
          <Data name="ttg_url"><value></value></Data>
          <Data name="is_new"><value>False</value></Data>
        </ExtendedData>
        <Point><coordinates>102.2761209,15.6018122,0</coordinates></Point>
      </Placemark>
      <Placemark>
        <name>Ban Lueam</name>
        <description>&lt;b&gt;Ban Lueam / บ้านเหลื่อม&lt;/b&gt;&lt;br/&gt;Code:นเ. Class:2 Line:Northeastern&lt;br/&gt;District:Ban Lueam Province:Nakhon Ratchasima&lt;br/&gt;Source:google_places </description>
        <styleUrl>#style_class_2</styleUrl>
        <ExtendedData>
          <Data name="name_en"><value>Ban Lueam</value></Data>
          <Data name="name_th"><value>บ้านเหลื่อม</value></Data>
          <Data name="code"><value>นเ.</value></Data>
          <Data name="class"><value>2</value></Data>
          <Data name="line"><value>Northeastern</value></Data>
          <Data name="district"><value>Ban Lueam</value></Data>
          <Data name="province"><value>Nakhon Ratchasima</value></Data>
          <Data name="lat"><value>15.6001</value></Data>
          <Data name="lon"><value>102.1196</value></Data>
          <Data name="coord_source"><value>google_places</value></Data>
          <Data name="ttg_url"><value></value></Data>
          <Data name="is_new"><value>False</value></Data>
        </ExtendedData>
        <Point><coordinates>102.1196,15.6001,0</coordinates></Point>
      </Placemark>
      <Placemark>
        <name>Ban Mai Samrong</name>
        <description>&lt;b&gt;Ban Mai Samrong / บ้านใหม่สำโรง&lt;/b&gt;&lt;br/&gt;Code:สำ. Class:3 Line:Northeastern&lt;br/&gt;District:Sikhio Province:Nakhon Ratchasima&lt;br/&gt;Source:osm_th_raw </description>
        <styleUrl>#style_class_3</styleUrl>
        <ExtendedData>
          <Data name="name_en"><value>Ban Mai Samrong</value></Data>
          <Data name="name_th"><value>บ้านใหม่สำโรง</value></Data>
          <Data name="code"><value>สำ.</value></Data>
          <Data name="class"><value>3</value></Data>
          <Data name="line"><value>Northeastern</value></Data>
          <Data name="district"><value>Sikhio</value></Data>
          <Data name="province"><value>Nakhon Ratchasima</value></Data>
          <Data name="lat"><value>14.868326</value></Data>
          <Data name="lon"><value>101.6437321</value></Data>
          <Data name="coord_source"><value>osm_th_raw</value></Data>
          <Data name="ttg_url"><value></value></Data>
          <Data name="is_new"><value>False</value></Data>
        </ExtendedData>
        <Point><coordinates>101.6437321,14.868326,0</coordinates></Point>
      </Placemark>
      <Placemark>
        <name>Ban Makha</name>
        <description>&lt;b&gt;Ban Makha / บ้านมะค่า&lt;/b&gt;&lt;br/&gt;Code:มค. Class:3 Line:Northeastern&lt;br/&gt;District:Non Sung Province:Nakhon Ratchasima&lt;br/&gt;Source:osm_th_raw </description>
        <styleUrl>#style_class_3</styleUrl>
        <ExtendedData>
          <Data name="name_en"><value>Ban Makha</value></Data>
          <Data name="name_th"><value>บ้านมะค่า</value></Data>
          <Data name="code"><value>มค.</value></Data>
          <Data name="class"><value>3</value></Data>
          <Data name="line"><value>Northeastern</value></Data>
          <Data name="district"><value>Non Sung</value></Data>
          <Data name="province"><value>Nakhon Ratchasima</value></Data>
          <Data name="lat"><value>15.2811036</value></Data>
          <Data name="lon"><value>102.2952689</value></Data>
          <Data name="coord_source"><value>osm_th_raw</value></Data>
          <Data name="ttg_url"><value></value></Data>
          <Data name="is_new"><value>False</value></Data>
        </ExtendedData>
        <Point><coordinates>102.2952689,15.2811036,0</coordinates></Point>
      </Placemark>
      <Placemark>
        <name>Ban Niam</name>
        <description>&lt;b&gt;Ban Niam / บ้านเนียม&lt;/b&gt;&lt;br/&gt;Code:นเ. Class:3 Line:Northeastern&lt;br/&gt;District:Uthumphon Phisai Province:Sisaket&lt;br/&gt;Source:osm_th_raw </description>
        <styleUrl>#style_class_3</styleUrl>
        <ExtendedData>
          <Data name="name_en"><value>Ban Niam</value></Data>
          <Data name="name_th"><value>บ้านเนียม</value></Data>
          <Data name="code"><value>นเ.</value></Data>
          <Data name="class"><value>3</value></Data>
          <Data name="line"><value>Northeastern</value></Data>
          <Data name="district"><value>Uthumphon Phisai</value></Data>
          <Data name="province"><value>Sisaket</value></Data>
          <Data name="lat"><value>15.1259574</value></Data>
          <Data name="lon"><value>104.2246212</value></Data>
          <Data name="coord_source"><value>osm_th_raw</value></Data>
          <Data name="ttg_url"><value></value></Data>
          <Data name="is_new"><value>False</value></Data>
        </ExtendedData>
        <Point><coordinates>104.2246212,15.1259574,0</coordinates></Point>
      </Placemark>
      <Placemark>
        <name>Ban Non Phueng</name>
        <description>&lt;b&gt;Ban Non Phueng / บ้านโนนผึ้ง&lt;/b&gt;&lt;br/&gt;Code:นผ. Class:Halt Line:Northeastern&lt;br/&gt;District:Kanthararom Province:Sisaket&lt;br/&gt;Source:osm_th_raw </description>
        <styleUrl>#style_class_Halt</styleUrl>
        <ExtendedData>
          <Data name="name_en"><value>Ban Non Phueng</value></Data>
          <Data name="name_th"><value>บ้านโนนผึ้ง</value></Data>
          <Data name="code"><value>นผ.</value></Data>
          <Data name="class"><value>Halt</value></Data>
          <Data name="line"><value>Northeastern</value></Data>
          <Data name="district"><value>Kanthararom</value></Data>
          <Data name="province"><value>Sisaket</value></Data>
          <Data name="lat"><value>15.1073105</value></Data>
          <Data name="lon"><value>104.6219342</value></Data>
          <Data name="coord_source"><value>osm_th_raw</value></Data>
          <Data name="ttg_url"><value></value></Data>
          <Data name="is_new"><value>False</value></Data>
        </ExtendedData>
        <Point><coordinates>104.6219342,15.1073105,0</coordinates></Point>
      </Placemark>
      <Placemark>
        <name>Ban Nong Bua</name>
        <description>&lt;b&gt;Ban Nong Bua / บ้านหนองบัว&lt;/b&gt;&lt;br/&gt;Code:าบ. Class:Halt Line:Northeastern&lt;br/&gt;District:Phatthana Nikhom Province:Lopburi&lt;br/&gt;Source:osm_th_raw </description>
        <styleUrl>#style_class_Halt</styleUrl>
        <ExtendedData>
          <Data name="name_en"><value>Ban Nong Bua</value></Data>
          <Data name="name_th"><value>บ้านหนองบัว</value></Data>
          <Data name="code"><value>าบ.</value></Data>
          <Data name="class"><value>Halt</value></Data>
          <Data name="line"><value>Northeastern</value></Data>
          <Data name="district"><value>Phatthana Nikhom</value></Data>
          <Data name="province"><value>Lopburi</value></Data>
          <Data name="lat"><value>14.8976816</value></Data>
          <Data name="lon"><value>101.0519994</value></Data>
          <Data name="coord_source"><value>osm_th_raw</value></Data>
          <Data name="ttg_url"><value></value></Data>
          <Data name="is_new"><value>False</value></Data>
        </ExtendedData>
        <Point><coordinates>101.0519994,14.8976816,0</coordinates></Point>
      </Placemark>
      <Placemark>
        <name>Ban Nong Kan Nga</name>
        <description>&lt;b&gt;Ban Nong Kan Nga / บ้านหนองกันงา&lt;/b&gt;&lt;br/&gt;Code:ก้. Class:Halt Line:Northeastern&lt;br/&gt;District:Mueang Province:Nakhon Ratchasima&lt;br/&gt;Source:osm_th_raw </description>
        <styleUrl>#style_class_Halt</styleUrl>
        <ExtendedData>
          <Data name="name_en"><value>Ban Nong Kan Nga</value></Data>
          <Data name="name_th"><value>บ้านหนองกันงา</value></Data>
          <Data name="code"><value>ก้.</value></Data>
          <Data name="class"><value>Halt</value></Data>
          <Data name="line"><value>Northeastern</value></Data>
          <Data name="district"><value>Mueang</value></Data>
          <Data name="province"><value>Nakhon Ratchasima</value></Data>
          <Data name="lat"><value>15.1290891</value></Data>
          <Data name="lon"><value>102.2060051</value></Data>
          <Data name="coord_source"><value>osm_th_raw</value></Data>
          <Data name="ttg_url"><value></value></Data>
          <Data name="is_new"><value>False</value></Data>
        </ExtendedData>
        <Point><coordinates>102.2060051,15.1290891,0</coordinates></Point>
      </Placemark>
      <Placemark>
        <name>Ban Nong Kham</name>
        <description>&lt;b&gt;Ban Nong Kham / บ้านหนองขาม&lt;/b&gt;&lt;br/&gt;Code:บ้. Class:Halt Line:Northeastern&lt;br/&gt;District:Noen Sa-nga Province:Chaiyaphum&lt;br/&gt;Source:osm_th_raw </description>
        <styleUrl>#style_class_Halt</styleUrl>
        <ExtendedData>
          <Data name="name_en"><value>Ban Nong Kham</value></Data>
          <Data name="name_th"><value>บ้านหนองขาม</value></Data>
          <Data name="code"><value>บ้.</value></Data>
          <Data name="class"><value>Halt</value></Data>
          <Data name="line"><value>Northeastern</value></Data>
          <Data name="district"><value>Noen Sa-nga</value></Data>
          <Data name="province"><value>Chaiyaphum</value></Data>
          <Data name="lat"><value>15.5830349</value></Data>
          <Data name="lon"><value>102.0564755</value></Data>
          <Data name="coord_source"><value>osm_th_raw</value></Data>
          <Data name="ttg_url"><value></value></Data>
          <Data name="is_new"><value>False</value></Data>
        </ExtendedData>
        <Point><coordinates>102.0564755,15.5830349,0</coordinates></Point>
      </Placemark>
      <Placemark>
        <name>Ban Nong Prue Pong</name>
        <description>&lt;b&gt;Ban Nong Prue Pong / บ้านหนองปรือโป่ง&lt;/b&gt;&lt;br/&gt;Code:นป. Class:Halt Line:Northeastern&lt;br/&gt;District:Ban Lueam Province:Nakhon Ratchasima&lt;br/&gt;Source:osm_th_raw </description>
        <styleUrl>#style_class_Halt</styleUrl>
        <ExtendedData>
          <Data name="name_en"><value>Ban Nong Prue Pong</value></Data>
          <Data name="name_th"><value>บ้านหนองปรือโป่ง</value></Data>
          <Data name="code"><value>นป.</value></Data>
          <Data name="class"><value>Halt</value></Data>
          <Data name="line"><value>Northeastern</value></Data>
          <Data name="district"><value>Ban Lueam</value></Data>
          <Data name="province"><value>Nakhon Ratchasima</value></Data>
          <Data name="lat"><value>15.6019414</value></Data>
          <Data name="lon"><value>102.2173739</value></Data>
          <Data name="coord_source"><value>osm_th_raw</value></Data>
          <Data name="ttg_url"><value></value></Data>
          <Data name="is_new"><value>False</value></Data>
        </ExtendedData>
        <Point><coordinates>102.2173739,15.6019414,0</coordinates></Point>
      </Placemark>
      <Placemark>
        <name>Ban Nong Tat</name>
        <description>&lt;b&gt;Ban Nong Tat / บ้านหนองตาด&lt;/b&gt;&lt;br/&gt;Code:ตา. Class:3 Line:Northeastern&lt;br/&gt;District:Mueang Province:Buriram&lt;br/&gt;Source:osm_th_raw </description>
        <styleUrl>#style_class_3</styleUrl>
        <ExtendedData>
          <Data name="name_en"><value>Ban Nong Tat</value></Data>
          <Data name="name_th"><value>บ้านหนองตาด</value></Data>
          <Data name="code"><value>ตา.</value></Data>
          <Data name="class"><value>3</value></Data>
          <Data name="line"><value>Northeastern</value></Data>
          <Data name="district"><value>Mueang</value></Data>
          <Data name="province"><value>Buriram</value></Data>
          <Data name="lat"><value>15.0208755</value></Data>
          <Data name="lon"><value>103.0211625</value></Data>
          <Data name="coord_source"><value>osm_th_raw</value></Data>
          <Data name="ttg_url"><value></value></Data>
          <Data name="is_new"><value>False</value></Data>
        </ExtendedData>
        <Point><coordinates>103.0211625,15.0208755,0</coordinates></Point>
      </Placemark>
      <Placemark>
        <name>Ban Pak Chap</name>
        <description>&lt;b&gt;Ban Pak Chap / บ้านปากจาบ&lt;/b&gt;&lt;br/&gt;Code:จบ. Class:Halt Line:Northeastern&lt;br/&gt;District:Bamnet Narong Province:Chaiyaphum&lt;br/&gt;Source:osm_th_raw </description>
        <styleUrl>#style_class_Halt</styleUrl>
        <ExtendedData>
          <Data name="name_en"><value>Ban Pak Chap</value></Data>
          <Data name="name_th"><value>บ้านปากจาบ</value></Data>
          <Data name="code"><value>จบ.</value></Data>
          <Data name="class"><value>Halt</value></Data>
          <Data name="line"><value>Northeastern</value></Data>
          <Data name="district"><value>Bamnet Narong</value></Data>
          <Data name="province"><value>Chaiyaphum</value></Data>
          <Data name="lat"><value>15.435778</value></Data>
          <Data name="lon"><value>101.5936993</value></Data>
          <Data name="coord_source"><value>osm_th_raw</value></Data>
          <Data name="ttg_url"><value></value></Data>
          <Data name="is_new"><value>False</value></Data>
        </ExtendedData>
        <Point><coordinates>101.5936993,15.435778,0</coordinates></Point>
      </Placemark>
      <Placemark>
        <name>Ban Phai</name>
        <description>&lt;b&gt;Ban Phai / บ้านไผ่&lt;/b&gt;&lt;br/&gt;Code:บผ. Class:1 Line:Northeastern&lt;br/&gt;District:Ban Phai Province:Khon Kaen&lt;br/&gt;Source:google_places </description>
        <styleUrl>#style_class_1</styleUrl>
        <ExtendedData>
          <Data name="name_en"><value>Ban Phai</value></Data>
          <Data name="name_th"><value>บ้านไผ่</value></Data>
          <Data name="code"><value>บผ.</value></Data>
          <Data name="class"><value>1</value></Data>
          <Data name="line"><value>Northeastern</value></Data>
          <Data name="district"><value>Ban Phai</value></Data>
          <Data name="province"><value>Khon Kaen</value></Data>
          <Data name="lat"><value>16.0587</value></Data>
          <Data name="lon"><value>102.7248</value></Data>
          <Data name="coord_source"><value>google_places</value></Data>
          <Data name="ttg_url"><value></value></Data>
          <Data name="is_new"><value>False</value></Data>
        </ExtendedData>
        <Point><coordinates>102.7248,16.0587,0</coordinates></Point>
      </Placemark>
      <Placemark>
        <name>Ban Phanao</name>
        <description>&lt;b&gt;Ban Phanao / บ้านพะเนา&lt;/b&gt;&lt;br/&gt;Code:พเ. Class:3 Line:Northeastern&lt;br/&gt;District:Mueang Province:Nakhon Ratchasima&lt;br/&gt;Source:osm_th_raw </description>
        <styleUrl>#style_class_3</styleUrl>
        <ExtendedData>
          <Data name="name_en"><value>Ban Phanao</value></Data>
          <Data name="name_th"><value>บ้านพะเนา</value></Data>
          <Data name="code"><value>พเ.</value></Data>
          <Data name="class"><value>3</value></Data>
          <Data name="line"><value>Northeastern</value></Data>
          <Data name="district"><value>Mueang</value></Data>
          <Data name="province"><value>Nakhon Ratchasima</value></Data>
          <Data name="lat"><value>14.9858888</value></Data>
          <Data name="lon"><value>102.1929714</value></Data>
          <Data name="coord_source"><value>osm_th_raw</value></Data>
          <Data name="ttg_url"><value></value></Data>
          <Data name="is_new"><value>False</value></Data>
        </ExtendedData>
        <Point><coordinates>102.1929714,14.9858888,0</coordinates></Point>
      </Placemark>
      <Placemark>
        <name>Ban Phra Phut</name>
        <description>&lt;b&gt;Ban Phra Phut / บ้านพระพุทธ&lt;/b&gt;&lt;br/&gt;Code:ะท. Class:Halt Line:Northeastern&lt;br/&gt;District:Chaloem Phra Kiat Province:Nakhon Ratchasima&lt;br/&gt;Source:osm_th_raw </description>
        <styleUrl>#style_class_Halt</styleUrl>
        <ExtendedData>
          <Data name="name_en"><value>Ban Phra Phut</value></Data>
          <Data name="name_th"><value>บ้านพระพุทธ</value></Data>
          <Data name="code"><value>ะท.</value></Data>
          <Data name="class"><value>Halt</value></Data>
          <Data name="line"><value>Northeastern</value></Data>
          <Data name="district"><value>Chaloem Phra Kiat</value></Data>
          <Data name="province"><value>Nakhon Ratchasima</value></Data>
          <Data name="lat"><value>14.9956633</value></Data>
          <Data name="lon"><value>102.2262286</value></Data>
          <Data name="coord_source"><value>osm_th_raw</value></Data>
          <Data name="ttg_url"><value></value></Data>
          <Data name="is_new"><value>False</value></Data>
        </ExtendedData>
        <Point><coordinates>102.2262286,14.9956633,0</coordinates></Point>
      </Placemark>
      <Placemark>
        <name>Ban Pokpaek</name>
        <description>&lt;b&gt;Ban Pokpaek / บ้านป๊อกแป๊ก&lt;/b&gt;&lt;br/&gt;Code:ปป. Class:2 Line:Northeastern&lt;br/&gt;District:Mueang Province:Saraburi&lt;br/&gt;Source:osm_th_raw </description>
        <styleUrl>#style_class_2</styleUrl>
        <ExtendedData>
          <Data name="name_en"><value>Ban Pokpaek</value></Data>
          <Data name="name_th"><value>บ้านป๊อกแป๊ก</value></Data>
          <Data name="code"><value>ปป.</value></Data>
          <Data name="class"><value>2</value></Data>
          <Data name="line"><value>Northeastern</value></Data>
          <Data name="district"><value>Mueang</value></Data>
          <Data name="province"><value>Saraburi</value></Data>
          <Data name="lat"><value>14.522363</value></Data>
          <Data name="lon"><value>100.8642978</value></Data>
          <Data name="coord_source"><value>osm_th_raw</value></Data>
          <Data name="ttg_url"><value></value></Data>
          <Data name="is_new"><value>False</value></Data>
        </ExtendedData>
        <Point><coordinates>100.8642978,14.522363,0</coordinates></Point>
      </Placemark>
      <Placemark>
        <name>Ban Rai</name>
        <description>&lt;b&gt;Ban Rai / บ้านไร่&lt;/b&gt;&lt;br/&gt;Code:นไ. Class:Halt Line:Northeastern&lt;br/&gt;District:Bua Yai Province:Nakhon Ratchasima&lt;br/&gt;Source:osm_th_raw </description>
        <styleUrl>#style_class_Halt</styleUrl>
        <ExtendedData>
          <Data name="name_en"><value>Ban Rai</value></Data>
          <Data name="name_th"><value>บ้านไร่</value></Data>
          <Data name="code"><value>นไ.</value></Data>
          <Data name="class"><value>Halt</value></Data>
          <Data name="line"><value>Northeastern</value></Data>
          <Data name="district"><value>Bua Yai</value></Data>
          <Data name="province"><value>Nakhon Ratchasima</value></Data>
          <Data name="lat"><value>15.4975227</value></Data>
          <Data name="lon"><value>102.3646319</value></Data>
          <Data name="coord_source"><value>osm_th_raw</value></Data>
          <Data name="ttg_url"><value></value></Data>
          <Data name="is_new"><value>False</value></Data>
        </ExtendedData>
        <Point><coordinates>102.3646319,15.4975227,0</coordinates></Point>
      </Placemark>
      <Placemark>
        <name>Ban Sa Khrok</name>
        <description>&lt;b&gt;Ban Sa Khrok / บ้านสระครก&lt;/b&gt;&lt;br/&gt;Code:ะค. Class:Halt Line:Northeastern&lt;br/&gt;District:Bua Yai Province:Nakhon Ratchasima&lt;br/&gt;Source:osm_th_raw </description>
        <styleUrl>#style_class_Halt</styleUrl>
        <ExtendedData>
          <Data name="name_en"><value>Ban Sa Khrok</value></Data>
          <Data name="name_th"><value>บ้านสระครก</value></Data>
          <Data name="code"><value>ะค.</value></Data>
          <Data name="class"><value>Halt</value></Data>
          <Data name="line"><value>Northeastern</value></Data>
          <Data name="district"><value>Bua Yai</value></Data>
          <Data name="province"><value>Nakhon Ratchasima</value></Data>
          <Data name="lat"><value>15.6044548</value></Data>
          <Data name="lon"><value>102.3117991</value></Data>
          <Data name="coord_source"><value>osm_th_raw</value></Data>
          <Data name="ttg_url"><value></value></Data>
          <Data name="is_new"><value>False</value></Data>
        </ExtendedData>
        <Point><coordinates>102.3117991,15.6044548,0</coordinates></Point>
      </Placemark>
      <Placemark>
        <name>Ban Salaeng Phan</name>
        <description>&lt;b&gt;Ban Salaeng Phan / บ้านแสลงพัน&lt;/b&gt;&lt;br/&gt;Code:งพ. Class:3 Line:Northeastern&lt;br/&gt;District:Lam Plai Mat Province:Buriram&lt;br/&gt;Source:osm_th_raw </description>
        <styleUrl>#style_class_3</styleUrl>
        <ExtendedData>
          <Data name="name_en"><value>Ban Salaeng Phan</value></Data>
          <Data name="name_th"><value>บ้านแสลงพัน</value></Data>
          <Data name="code"><value>งพ.</value></Data>
          <Data name="class"><value>3</value></Data>
          <Data name="line"><value>Northeastern</value></Data>
          <Data name="district"><value>Lam Plai Mat</value></Data>
          <Data name="province"><value>Buriram</value></Data>
          <Data name="lat"><value>15.0268075</value></Data>
          <Data name="lon"><value>102.9919894</value></Data>
          <Data name="coord_source"><value>osm_th_raw</value></Data>
          <Data name="ttg_url"><value></value></Data>
          <Data name="is_new"><value>False</value></Data>
        </ExtendedData>
        <Point><coordinates>102.9919894,15.0268075,0</coordinates></Point>
      </Placemark>
      <Placemark>
        <name>Ban Sok Rang</name>
        <description>&lt;b&gt;Ban Sok Rang / บ้านโสกรัง&lt;/b&gt;&lt;br/&gt;Code:บั. Class:Halt Line:Northeastern&lt;br/&gt;District:Bua Yai Province:Nakhon Ratchasima&lt;br/&gt;Source:osm_th_raw </description>
        <styleUrl>#style_class_Halt</styleUrl>
        <ExtendedData>
          <Data name="name_en"><value>Ban Sok Rang</value></Data>
          <Data name="name_th"><value>บ้านโสกรัง</value></Data>
          <Data name="code"><value>บั.</value></Data>
          <Data name="class"><value>Halt</value></Data>
          <Data name="line"><value>Northeastern</value></Data>
          <Data name="district"><value>Bua Yai</value></Data>
          <Data name="province"><value>Nakhon Ratchasima</value></Data>
          <Data name="lat"><value>15.5984539</value></Data>
          <Data name="lon"><value>102.3513598</value></Data>
          <Data name="coord_source"><value>osm_th_raw</value></Data>
          <Data name="ttg_url"><value></value></Data>
          <Data name="is_new"><value>False</value></Data>
        </ExtendedData>
        <Point><coordinates>102.3513598,15.5984539,0</coordinates></Point>
      </Placemark>
      <Placemark>
        <name>Ban Ta Noen</name>
        <description>&lt;b&gt;Ban Ta Noen / บ้านตาเนิน&lt;/b&gt;&lt;br/&gt;Code:บต. Class:Halt Line:Northeastern&lt;br/&gt;District:Noen Sa-nga Province:Chaiyaphum&lt;br/&gt;Source:osm_th_raw </description>
        <styleUrl>#style_class_Halt</styleUrl>
        <ExtendedData>
          <Data name="name_en"><value>Ban Ta Noen</value></Data>
          <Data name="name_th"><value>บ้านตาเนิน</value></Data>
          <Data name="code"><value>บต.</value></Data>
          <Data name="class"><value>Halt</value></Data>
          <Data name="line"><value>Northeastern</value></Data>
          <Data name="district"><value>Noen Sa-nga</value></Data>
          <Data name="province"><value>Chaiyaphum</value></Data>
          <Data name="lat"><value>15.5772825</value></Data>
          <Data name="lon"><value>102.0207498</value></Data>
          <Data name="coord_source"><value>osm_th_raw</value></Data>
          <Data name="ttg_url"><value></value></Data>
          <Data name="is_new"><value>False</value></Data>
        </ExtendedData>
        <Point><coordinates>102.0207498,15.5772825,0</coordinates></Point>
      </Placemark>
      <Placemark>
        <name>Ban Tae</name>
        <description>&lt;b&gt;Ban Tae / บ้านแต้&lt;/b&gt;&lt;br/&gt;Code:แต. Class:Halt Line:Northeastern&lt;br/&gt;District:Uthumphon Phisai Province:Sisaket&lt;br/&gt;Source:osm_th_raw </description>
        <styleUrl>#style_class_Halt</styleUrl>
        <ExtendedData>
          <Data name="name_en"><value>Ban Tae</value></Data>
          <Data name="name_th"><value>บ้านแต้</value></Data>
          <Data name="code"><value>แต.</value></Data>
          <Data name="class"><value>Halt</value></Data>
          <Data name="line"><value>Northeastern</value></Data>
          <Data name="district"><value>Uthumphon Phisai</value></Data>
          <Data name="province"><value>Sisaket</value></Data>
          <Data name="lat"><value>15.1198441</value></Data>
          <Data name="lon"><value>104.1730193</value></Data>
          <Data name="coord_source"><value>osm_th_raw</value></Data>
          <Data name="ttg_url"><value></value></Data>
          <Data name="is_new"><value>False</value></Data>
        </ExtendedData>
        <Point><coordinates>104.1730193,15.1198441,0</coordinates></Point>
      </Placemark>
      <Placemark>
        <name>Ban Tako</name>
        <description>&lt;b&gt;Ban Tako / บ้านตะโก&lt;/b&gt;&lt;br/&gt;Code:ตโ. Class:Halt Line:Northeastern&lt;br/&gt;District:Mueang Province:Buriram&lt;br/&gt;Source:osm_th_raw </description>
        <styleUrl>#style_class_Halt</styleUrl>
        <ExtendedData>
          <Data name="name_en"><value>Ban Tako</value></Data>
          <Data name="name_th"><value>บ้านตะโก</value></Data>
          <Data name="code"><value>ตโ.</value></Data>
          <Data name="class"><value>Halt</value></Data>
          <Data name="line"><value>Northeastern</value></Data>
          <Data name="district"><value>Mueang</value></Data>
          <Data name="province"><value>Buriram</value></Data>
          <Data name="lat"><value>14.9907404</value></Data>
          <Data name="lon"><value>103.145723</value></Data>
          <Data name="coord_source"><value>osm_th_raw</value></Data>
          <Data name="ttg_url"><value></value></Data>
          <Data name="is_new"><value>False</value></Data>
        </ExtendedData>
        <Point><coordinates>103.145723,14.9907404,0</coordinates></Point>
      </Placemark>
      <Placemark>
        <name>Ban Thon</name>
        <description>&lt;b&gt;Ban Thon / บ้านถ่อน&lt;/b&gt;&lt;br/&gt;Code:บถ. Class:Halt Line:Northeastern&lt;br/&gt;District:Warin Chamrap Province:Ubon Ratchathani&lt;br/&gt;Source:osm_th_raw </description>
        <styleUrl>#style_class_Halt</styleUrl>
        <ExtendedData>
          <Data name="name_en"><value>Ban Thon</value></Data>
          <Data name="name_th"><value>บ้านถ่อน</value></Data>
          <Data name="code"><value>บถ.</value></Data>
          <Data name="class"><value>Halt</value></Data>
          <Data name="line"><value>Northeastern</value></Data>
          <Data name="district"><value>Warin Chamrap</value></Data>
          <Data name="province"><value>Ubon Ratchathani</value></Data>
          <Data name="lat"><value>15.1182462</value></Data>
          <Data name="lon"><value>104.7213763</value></Data>
          <Data name="coord_source"><value>osm_th_raw</value></Data>
          <Data name="ttg_url"><value></value></Data>
          <Data name="is_new"><value>False</value></Data>
        </ExtendedData>
        <Point><coordinates>104.7213763,15.1182462,0</coordinates></Point>
      </Placemark>
      <Placemark>
        <name>Ban Wa Tabaek</name>
        <description>&lt;b&gt;Ban Wa Tabaek / บ้านวะตะแบก&lt;/b&gt;&lt;br/&gt;Code:แบ. Class:3 Line:Northeastern&lt;br/&gt;District:Thep Sathit Province:Chaiyaphum&lt;br/&gt;Source:nominatim </description>
        <styleUrl>#style_class_3</styleUrl>
        <ExtendedData>
          <Data name="name_en"><value>Ban Wa Tabaek</value></Data>
          <Data name="name_th"><value>บ้านวะตะแบก</value></Data>
          <Data name="code"><value>แบ.</value></Data>
          <Data name="class"><value>3</value></Data>
          <Data name="line"><value>Northeastern</value></Data>
          <Data name="district"><value>Thep Sathit</value></Data>
          <Data name="province"><value>Chaiyaphum</value></Data>
          <Data name="lat"><value>15.3971958</value></Data>
          <Data name="lon"><value>101.4535189</value></Data>
          <Data name="coord_source"><value>nominatim</value></Data>
          <Data name="ttg_url"><value></value></Data>
          <Data name="is_new"><value>False</value></Data>
        </ExtendedData>
        <Point><coordinates>101.4535189,15.3971958,0</coordinates></Point>
      </Placemark>
      <Placemark>
        <name>Ban Wang Chai</name>
        <description>&lt;b&gt;Ban Wang Chai / บ้านวังชัย&lt;/b&gt;&lt;br/&gt;Code:วช. Class:Halt Line:Northeastern&lt;br/&gt;District:Nam Phong Province:Khon Kaen&lt;br/&gt;Source:osm_th_raw </description>
        <styleUrl>#style_class_Halt</styleUrl>
        <ExtendedData>
          <Data name="name_en"><value>Ban Wang Chai</value></Data>
          <Data name="name_th"><value>บ้านวังชัย</value></Data>
          <Data name="code"><value>วช.</value></Data>
          <Data name="class"><value>Halt</value></Data>
          <Data name="line"><value>Northeastern</value></Data>
          <Data name="district"><value>Nam Phong</value></Data>
          <Data name="province"><value>Khon Kaen</value></Data>
          <Data name="lat"><value>16.6787527</value></Data>
          <Data name="lon"><value>102.8460197</value></Data>
          <Data name="coord_source"><value>osm_th_raw</value></Data>
          <Data name="ttg_url"><value></value></Data>
          <Data name="is_new"><value>False</value></Data>
        </ExtendedData>
        <Point><coordinates>102.8460197,16.6787527,0</coordinates></Point>
      </Placemark>
      <Placemark>
        <name>Bandai Ma</name>
        <description>&lt;b&gt;Bandai Ma / บันไดม้า&lt;/b&gt;&lt;br/&gt;Code:ได. Class:2 Line:Northeastern&lt;br/&gt;District:Pak Chong Province:Nakhon Ratchasima&lt;br/&gt;Source:osm_th_raw </description>
        <styleUrl>#style_class_2</styleUrl>
        <ExtendedData>
          <Data name="name_en"><value>Bandai Ma</value></Data>
          <Data name="name_th"><value>บันไดม้า</value></Data>
          <Data name="code"><value>ได.</value></Data>
          <Data name="class"><value>2</value></Data>
          <Data name="line"><value>Northeastern</value></Data>
          <Data name="district"><value>Pak Chong</value></Data>
          <Data name="province"><value>Nakhon Ratchasima</value></Data>
          <Data name="lat"><value>14.6728925</value></Data>
          <Data name="lon"><value>101.3694444</value></Data>
          <Data name="coord_source"><value>osm_th_raw</value></Data>
          <Data name="ttg_url"><value></value></Data>
          <Data name="is_new"><value>False</value></Data>
        </ExtendedData>
        <Point><coordinates>101.3694444,14.6728925,0</coordinates></Point>
      </Placemark>
      <Placemark>
        <name>Bu Rusi</name>
        <description>&lt;b&gt;Bu Rusi / บุฤาษี&lt;/b&gt;&lt;br/&gt;Code:บุ. Class:3 Line:Northeastern&lt;br/&gt;District:Mueang Province:Surin&lt;br/&gt;Source:osm_fuzzy_th_0.83 </description>
        <styleUrl>#style_class_3</styleUrl>
        <ExtendedData>
          <Data name="name_en"><value>Bu Rusi</value></Data>
          <Data name="name_th"><value>บุฤาษี</value></Data>
          <Data name="code"><value>บุ.</value></Data>
          <Data name="class"><value>3</value></Data>
          <Data name="line"><value>Northeastern</value></Data>
          <Data name="district"><value>Mueang</value></Data>
          <Data name="province"><value>Surin</value></Data>
          <Data name="lat"><value>14.8899487</value></Data>
          <Data name="lon"><value>103.5763229</value></Data>
          <Data name="coord_source"><value>osm_fuzzy_th_0.83</value></Data>
          <Data name="ttg_url"><value></value></Data>
          <Data name="is_new"><value>False</value></Data>
        </ExtendedData>
        <Point><coordinates>103.5763229,14.8899487,0</coordinates></Point>
      </Placemark>
      <Placemark>
        <name>Bua Yai Junction</name>
        <description>&lt;b&gt;Bua Yai Junction / ชุมทางบัวใหญ่&lt;/b&gt;&lt;br/&gt;Code:วญ. Class:1 Line:Northeastern&lt;br/&gt;District:Bua Yai Province:Nakhon Ratchasima&lt;br/&gt;Source:google_places </description>
        <styleUrl>#style_class_1</styleUrl>
        <ExtendedData>
          <Data name="name_en"><value>Bua Yai Junction</value></Data>
          <Data name="name_th"><value>ชุมทางบัวใหญ่</value></Data>
          <Data name="code"><value>วญ.</value></Data>
          <Data name="class"><value>1</value></Data>
          <Data name="line"><value>Northeastern</value></Data>
          <Data name="district"><value>Bua Yai</value></Data>
          <Data name="province"><value>Nakhon Ratchasima</value></Data>
          <Data name="lat"><value>15.5861</value></Data>
          <Data name="lon"><value>102.4269</value></Data>
          <Data name="coord_source"><value>google_places</value></Data>
          <Data name="ttg_url"><value></value></Data>
          <Data name="is_new"><value>False</value></Data>
        </ExtendedData>
        <Point><coordinates>102.4269,15.5861,0</coordinates></Point>
      </Placemark>
      <Placemark>
        <name>Bung Wai</name>
        <description>&lt;b&gt;Bung Wai / บุ่งหวาย&lt;/b&gt;&lt;br/&gt;Code:งห. Class:3 Line:Northeastern&lt;br/&gt;District:Warin Chamrap Province:Ubon Ratchathani&lt;br/&gt;Source:osm_th_raw </description>
        <styleUrl>#style_class_3</styleUrl>
        <ExtendedData>
          <Data name="name_en"><value>Bung Wai</value></Data>
          <Data name="name_th"><value>บุ่งหวาย</value></Data>
          <Data name="code"><value>งห.</value></Data>
          <Data name="class"><value>3</value></Data>
          <Data name="line"><value>Northeastern</value></Data>
          <Data name="district"><value>Warin Chamrap</value></Data>
          <Data name="province"><value>Ubon Ratchathani</value></Data>
          <Data name="lat"><value>15.1561825</value></Data>
          <Data name="lon"><value>104.7895869</value></Data>
          <Data name="coord_source"><value>osm_th_raw</value></Data>
          <Data name="ttg_url"><value></value></Data>
          <Data name="is_new"><value>False</value></Data>
        </ExtendedData>
        <Point><coordinates>104.7895869,15.1561825,0</coordinates></Point>
      </Placemark>
      <Placemark>
        <name>Buriram</name>
        <description>&lt;b&gt;Buriram / บุรีรัมย์&lt;/b&gt;&lt;br/&gt;Code:รย. Class:1 Line:Northeastern&lt;br/&gt;District:Mueang Province:Buriram&lt;br/&gt;Source:google_places </description>
        <styleUrl>#style_class_1</styleUrl>
        <ExtendedData>
          <Data name="name_en"><value>Buriram</value></Data>
          <Data name="name_th"><value>บุรีรัมย์</value></Data>
          <Data name="code"><value>รย.</value></Data>
          <Data name="class"><value>1</value></Data>
          <Data name="line"><value>Northeastern</value></Data>
          <Data name="district"><value>Mueang</value></Data>
          <Data name="province"><value>Buriram</value></Data>
          <Data name="lat"><value>15.0032</value></Data>
          <Data name="lon"><value>103.108</value></Data>
          <Data name="coord_source"><value>google_places</value></Data>
          <Data name="ttg_url"><value></value></Data>
          <Data name="is_new"><value>False</value></Data>
        </ExtendedData>
        <Point><coordinates>103.108,15.0032,0</coordinates></Point>
      </Placemark>
      <Placemark>
        <name>Chakkarat</name>
        <description>&lt;b&gt;Chakkarat / จักราช&lt;/b&gt;&lt;br/&gt;Code:จช. Class:2 Line:Northeastern&lt;br/&gt;District:Chakkarat Province:Nakhon Ratchasima&lt;br/&gt;Source:osm_th_raw </description>
        <styleUrl>#style_class_2</styleUrl>
        <ExtendedData>
          <Data name="name_en"><value>Chakkarat</value></Data>
          <Data name="name_th"><value>จักราช</value></Data>
          <Data name="code"><value>จช.</value></Data>
          <Data name="class"><value>2</value></Data>
          <Data name="line"><value>Northeastern</value></Data>
          <Data name="district"><value>Chakkarat</value></Data>
          <Data name="province"><value>Nakhon Ratchasima</value></Data>
          <Data name="lat"><value>15.0127766</value></Data>
          <Data name="lon"><value>102.4104258</value></Data>
          <Data name="coord_source"><value>osm_th_raw</value></Data>
          <Data name="ttg_url"><value></value></Data>
          <Data name="is_new"><value>False</value></Data>
        </ExtendedData>
        <Point><coordinates>102.4104258,15.0127766,0</coordinates></Point>
      </Placemark>
      <Placemark>
        <name>Chalerm Kanchana</name>
        <description>&lt;b&gt;Chalerm Kanchana / เฉลิมกาญจนา&lt;/b&gt;&lt;br/&gt;Code:ฉก. Class:Halt Line:Northeastern&lt;br/&gt;District:Mueang Province:Sisaket&lt;br/&gt;Source:osm_th_raw </description>
        <styleUrl>#style_class_Halt</styleUrl>
        <ExtendedData>
          <Data name="name_en"><value>Chalerm Kanchana</value></Data>
          <Data name="name_th"><value>เฉลิมกาญจนา</value></Data>
          <Data name="code"><value>ฉก.</value></Data>
          <Data name="class"><value>Halt</value></Data>
          <Data name="line"><value>Northeastern</value></Data>
          <Data name="district"><value>Mueang</value></Data>
          <Data name="province"><value>Sisaket</value></Data>
          <Data name="lat"><value>15.1069135</value></Data>
          <Data name="lon"><value>104.3933431</value></Data>
          <Data name="coord_source"><value>osm_th_raw</value></Data>
          <Data name="ttg_url"><value></value></Data>
          <Data name="is_new"><value>False</value></Data>
        </ExtendedData>
        <Point><coordinates>104.3933431,15.1069135,0</coordinates></Point>
      </Placemark>
      <Placemark>
        <name>Chanthuk</name>
        <description>&lt;b&gt;Chanthuk / จันทึก&lt;/b&gt;&lt;br/&gt;Code:จท. Class:2 Line:Northeastern&lt;br/&gt;District:Pak Chong Province:Nakhon Ratchasima&lt;br/&gt;Source:osm_th_raw </description>
        <styleUrl>#style_class_2</styleUrl>
        <ExtendedData>
          <Data name="name_en"><value>Chanthuk</value></Data>
          <Data name="name_th"><value>จันทึก</value></Data>
          <Data name="code"><value>จท.</value></Data>
          <Data name="class"><value>2</value></Data>
          <Data name="line"><value>Northeastern</value></Data>
          <Data name="district"><value>Pak Chong</value></Data>
          <Data name="province"><value>Nakhon Ratchasima</value></Data>
          <Data name="lat"><value>14.8144387</value></Data>
          <Data name="lon"><value>101.493403</value></Data>
          <Data name="coord_source"><value>osm_th_raw</value></Data>
          <Data name="ttg_url"><value></value></Data>
          <Data name="is_new"><value>False</value></Data>
        </ExtendedData>
        <Point><coordinates>101.493403,14.8144387,0</coordinates></Point>
      </Placemark>
      <Placemark>
        <name>Chatturat</name>
        <description>&lt;b&gt;Chatturat / จัตุรัส&lt;/b&gt;&lt;br/&gt;Code:จต. Class:1 Line:Northeastern&lt;br/&gt;District:Chatturat Province:Chaiyaphum&lt;br/&gt;Source:osm_th_raw </description>
        <styleUrl>#style_class_1</styleUrl>
        <ExtendedData>
          <Data name="name_en"><value>Chatturat</value></Data>
          <Data name="name_th"><value>จัตุรัส</value></Data>
          <Data name="code"><value>จต.</value></Data>
          <Data name="class"><value>1</value></Data>
          <Data name="line"><value>Northeastern</value></Data>
          <Data name="district"><value>Chatturat</value></Data>
          <Data name="province"><value>Chaiyaphum</value></Data>
          <Data name="lat"><value>15.5556672</value></Data>
          <Data name="lon"><value>101.8399555</value></Data>
          <Data name="coord_source"><value>osm_th_raw</value></Data>
          <Data name="ttg_url"><value></value></Data>
          <Data name="is_new"><value>False</value></Data>
        </ExtendedData>
        <Point><coordinates>101.8399555,15.5556672,0</coordinates></Point>
      </Placemark>
      <Placemark>
        <name>Chong Samran</name>
        <description>&lt;b&gt;Chong Samran / ช่องสำราญ&lt;/b&gt;&lt;br/&gt;Code:อช. Class:3 Line:Northeastern&lt;br/&gt;District:Thep Sathit Province:Chaiyaphum&lt;br/&gt;Source:osm_th_raw </description>
        <styleUrl>#style_class_3</styleUrl>
        <ExtendedData>
          <Data name="name_en"><value>Chong Samran</value></Data>
          <Data name="name_th"><value>ช่องสำราญ</value></Data>
          <Data name="code"><value>อช.</value></Data>
          <Data name="class"><value>3</value></Data>
          <Data name="line"><value>Northeastern</value></Data>
          <Data name="district"><value>Thep Sathit</value></Data>
          <Data name="province"><value>Chaiyaphum</value></Data>
          <Data name="lat"><value>15.3521079</value></Data>
          <Data name="lon"><value>101.3869595</value></Data>
          <Data name="coord_source"><value>osm_th_raw</value></Data>
          <Data name="ttg_url"><value></value></Data>
          <Data name="is_new"><value>False</value></Data>
        </ExtendedData>
        <Point><coordinates>101.3869595,15.3521079,0</coordinates></Point>
      </Placemark>
      <Placemark>
        <name>Hin Dat</name>
        <description>&lt;b&gt;Hin Dat / หินดาษ&lt;/b&gt;&lt;br/&gt;Code:ดา. Class:3 Line:Northeastern&lt;br/&gt;District:Huai Thalaeng Province:Nakhon Ratchasima&lt;br/&gt;Source:osm_th_raw </description>
        <styleUrl>#style_class_3</styleUrl>
        <ExtendedData>
          <Data name="name_en"><value>Hin Dat</value></Data>
          <Data name="name_th"><value>หินดาษ</value></Data>
          <Data name="code"><value>ดา.</value></Data>
          <Data name="class"><value>3</value></Data>
          <Data name="line"><value>Northeastern</value></Data>
          <Data name="district"><value>Huai Thalaeng</value></Data>
          <Data name="province"><value>Nakhon Ratchasima</value></Data>
          <Data name="lat"><value>15.0028698</value></Data>
          <Data name="lon"><value>102.5656695</value></Data>
          <Data name="coord_source"><value>osm_th_raw</value></Data>
          <Data name="ttg_url"><value></value></Data>
          <Data name="is_new"><value>False</value></Data>
        </ExtendedData>
        <Point><coordinates>102.5656695,15.0028698,0</coordinates></Point>
      </Placemark>
      <Placemark>
        <name>Hin Lap</name>
        <description>&lt;b&gt;Hin Lap / หินลับ&lt;/b&gt;&lt;br/&gt;Code:หล. Class:3 Line:Northeastern&lt;br/&gt;District:Muak Lek Province:Saraburi&lt;br/&gt;Source:osm_th_raw </description>
        <styleUrl>#style_class_3</styleUrl>
        <ExtendedData>
          <Data name="name_en"><value>Hin Lap</value></Data>
          <Data name="name_th"><value>หินลับ</value></Data>
          <Data name="code"><value>หล.</value></Data>
          <Data name="class"><value>3</value></Data>
          <Data name="line"><value>Northeastern</value></Data>
          <Data name="district"><value>Muak Lek</value></Data>
          <Data name="province"><value>Saraburi</value></Data>
          <Data name="lat"><value>14.6631982</value></Data>
          <Data name="lon"><value>101.1332776</value></Data>
          <Data name="coord_source"><value>osm_th_raw</value></Data>
          <Data name="ttg_url"><value></value></Data>
          <Data name="is_new"><value>False</value></Data>
        </ExtendedData>
        <Point><coordinates>101.1332776,14.6631982,0</coordinates></Point>
      </Placemark>
      <Placemark>
        <name>Hin Son</name>
        <description>&lt;b&gt;Hin Son / หินซ้อน&lt;/b&gt;&lt;br/&gt;Code:หซ. Class:3 Line:Northeastern&lt;br/&gt;District:Kaeng Khoi Province:Saraburi&lt;br/&gt;Source:osm_th_raw </description>
        <styleUrl>#style_class_3</styleUrl>
        <ExtendedData>
          <Data name="name_en"><value>Hin Son</value></Data>
          <Data name="name_th"><value>หินซ้อน</value></Data>
          <Data name="code"><value>หซ.</value></Data>
          <Data name="class"><value>3</value></Data>
          <Data name="line"><value>Northeastern</value></Data>
          <Data name="district"><value>Kaeng Khoi</value></Data>
          <Data name="province"><value>Saraburi</value></Data>
          <Data name="lat"><value>14.741291</value></Data>
          <Data name="lon"><value>101.0510772</value></Data>
          <Data name="coord_source"><value>osm_th_raw</value></Data>
          <Data name="ttg_url"><value></value></Data>
          <Data name="is_new"><value>False</value></Data>
        </ExtendedData>
        <Point><coordinates>101.0510772,14.741291,0</coordinates></Point>
      </Placemark>
      <Placemark>
        <name>Huai Khayung</name>
        <description>&lt;b&gt;Huai Khayung / ห้วยขยุง&lt;/b&gt;&lt;br/&gt;Code:ขย. Class:3 Line:Northeastern&lt;br/&gt;District:Warin Chamrap Province:Ubon Ratchathani&lt;br/&gt;Source:osm_th_raw </description>
        <styleUrl>#style_class_3</styleUrl>
        <ExtendedData>
          <Data name="name_en"><value>Huai Khayung</value></Data>
          <Data name="name_th"><value>ห้วยขยุง</value></Data>
          <Data name="code"><value>ขย.</value></Data>
          <Data name="class"><value>3</value></Data>
          <Data name="line"><value>Northeastern</value></Data>
          <Data name="district"><value>Warin Chamrap</value></Data>
          <Data name="province"><value>Ubon Ratchathani</value></Data>
          <Data name="lat"><value>15.1098032</value></Data>
          <Data name="lon"><value>104.6881416</value></Data>
          <Data name="coord_source"><value>osm_th_raw</value></Data>
          <Data name="ttg_url"><value></value></Data>
          <Data name="is_new"><value>False</value></Data>
        </ExtendedData>
        <Point><coordinates>104.6881416,15.1098032,0</coordinates></Point>
      </Placemark>
      <Placemark>
        <name>Huai Koeng</name>
        <description>&lt;b&gt;Huai Koeng / ห้วยเกิ้ง&lt;/b&gt;&lt;br/&gt;Code:ยก. Class:3 Line:Northeastern&lt;br/&gt;District:Kumphawapi Province:Udon Thani&lt;br/&gt;Source:osm_th_raw </description>
        <styleUrl>#style_class_3</styleUrl>
        <ExtendedData>
          <Data name="name_en"><value>Huai Koeng</value></Data>
          <Data name="name_th"><value>ห้วยเกิ้ง</value></Data>
          <Data name="code"><value>ยก.</value></Data>
          <Data name="class"><value>3</value></Data>
          <Data name="line"><value>Northeastern</value></Data>
          <Data name="district"><value>Kumphawapi</value></Data>
          <Data name="province"><value>Udon Thani</value></Data>
          <Data name="lat"><value>17.0422322</value></Data>
          <Data name="lon"><value>102.9279692</value></Data>
          <Data name="coord_source"><value>osm_th_raw</value></Data>
          <Data name="ttg_url"><value></value></Data>
          <Data name="is_new"><value>False</value></Data>
        </ExtendedData>
        <Point><coordinates>102.9279692,17.0422322,0</coordinates></Point>
      </Placemark>
      <Placemark>
        <name>Huai Rahat</name>
        <description>&lt;b&gt;Huai Rahat / ห้วยระหัด&lt;/b&gt;&lt;br/&gt;Code: Class:Halt Line:Northeastern&lt;br/&gt;District: Province:&lt;br/&gt;Source:osm_en </description>
        <styleUrl>#style_class_Halt</styleUrl>
        <ExtendedData>
          <Data name="name_en"><value>Huai Rahat</value></Data>
          <Data name="name_th"><value>ห้วยระหัด</value></Data>
          <Data name="code"><value></value></Data>
          <Data name="class"><value>Halt</value></Data>
          <Data name="line"><value>Northeastern</value></Data>
          <Data name="district"><value></value></Data>
          <Data name="province"><value></value></Data>
          <Data name="lat"><value>15.5627436</value></Data>
          <Data name="lon"><value>102.4114143</value></Data>
          <Data name="coord_source"><value>osm_en</value></Data>
          <Data name="ttg_url"><value></value></Data>
          <Data name="is_new"><value>False</value></Data>
        </ExtendedData>
        <Point><coordinates>102.4114143,15.5627436,0</coordinates></Point>
      </Placemark>
      <Placemark>
        <name>Huai Rat</name>
        <description>&lt;b&gt;Huai Rat / ห้วยราช&lt;/b&gt;&lt;br/&gt;Code:หร. Class:2 Line:Northeastern&lt;br/&gt;District:Huai Rat Province:Buriram&lt;br/&gt;Source:osm_th_raw </description>
        <styleUrl>#style_class_2</styleUrl>
        <ExtendedData>
          <Data name="name_en"><value>Huai Rat</value></Data>
          <Data name="name_th"><value>ห้วยราช</value></Data>
          <Data name="code"><value>หร.</value></Data>
          <Data name="class"><value>2</value></Data>
          <Data name="line"><value>Northeastern</value></Data>
          <Data name="district"><value>Huai Rat</value></Data>
          <Data name="province"><value>Buriram</value></Data>
          <Data name="lat"><value>14.9727432</value></Data>
          <Data name="lon"><value>103.1900031</value></Data>
          <Data name="coord_source"><value>osm_th_raw</value></Data>
          <Data name="ttg_url"><value></value></Data>
          <Data name="is_new"><value>False</value></Data>
        </ExtendedData>
        <Point><coordinates>103.1900031,14.9727432,0</coordinates></Point>
      </Placemark>
      <Placemark>
        <name>Huai Sam Phat</name>
        <description>&lt;b&gt;Huai Sam Phat / ห้วยสามพาด&lt;/b&gt;&lt;br/&gt;Code:หพ. Class:3 Line:Northeastern&lt;br/&gt;District:Prachaksinlapakhom Province:Udon Thani&lt;br/&gt;Source:osm_th_raw </description>
        <styleUrl>#style_class_3</styleUrl>
        <ExtendedData>
          <Data name="name_en"><value>Huai Sam Phat</value></Data>
          <Data name="name_th"><value>ห้วยสามพาด</value></Data>
          <Data name="code"><value>หพ.</value></Data>
          <Data name="class"><value>3</value></Data>
          <Data name="line"><value>Northeastern</value></Data>
          <Data name="district"><value>Prachaksinlapakhom</value></Data>
          <Data name="province"><value>Udon Thani</value></Data>
          <Data name="lat"><value>17.2093598</value></Data>
          <Data name="lon"><value>102.9380964</value></Data>
          <Data name="coord_source"><value>osm_th_raw</value></Data>
          <Data name="ttg_url"><value></value></Data>
          <Data name="is_new"><value>False</value></Data>
        </ExtendedData>
        <Point><coordinates>102.9380964,17.2093598,0</coordinates></Point>
      </Placemark>
      <Placemark>
        <name>Huai Sieo</name>
        <description>&lt;b&gt;Huai Sieo / ห้วยเสียว&lt;/b&gt;&lt;br/&gt;Code:ยว. Class:3 Line:Northeastern&lt;br/&gt;District:Nam Phong Province:Khon Kaen&lt;br/&gt;Source:osm_th_raw </description>
        <styleUrl>#style_class_3</styleUrl>
        <ExtendedData>
          <Data name="name_en"><value>Huai Sieo</value></Data>
          <Data name="name_th"><value>ห้วยเสียว</value></Data>
          <Data name="code"><value>ยว.</value></Data>
          <Data name="class"><value>3</value></Data>
          <Data name="line"><value>Northeastern</value></Data>
          <Data name="district"><value>Nam Phong</value></Data>
          <Data name="province"><value>Khon Kaen</value></Data>
          <Data name="lat"><value>16.7569614</value></Data>
          <Data name="lon"><value>102.8708395</value></Data>
          <Data name="coord_source"><value>osm_th_raw</value></Data>
          <Data name="ttg_url"><value></value></Data>
          <Data name="is_new"><value>False</value></Data>
        </ExtendedData>
        <Point><coordinates>102.8708395,16.7569614,0</coordinates></Point>
      </Placemark>
      <Placemark>
        <name>Huai Thalaeng</name>
        <description>&lt;b&gt;Huai Thalaeng / ห้วยแถลง&lt;/b&gt;&lt;br/&gt;Code:ถล. Class:2 Line:Northeastern&lt;br/&gt;District:Huai Thalaeng Province:Nakhon Ratchasima&lt;br/&gt;Source:osm_th_raw </description>
        <styleUrl>#style_class_2</styleUrl>
        <ExtendedData>
          <Data name="name_en"><value>Huai Thalaeng</value></Data>
          <Data name="name_th"><value>ห้วยแถลง</value></Data>
          <Data name="code"><value>ถล.</value></Data>
          <Data name="class"><value>2</value></Data>
          <Data name="line"><value>Northeastern</value></Data>
          <Data name="district"><value>Huai Thalaeng</value></Data>
          <Data name="province"><value>Nakhon Ratchasima</value></Data>
          <Data name="lat"><value>14.9993907</value></Data>
          <Data name="lon"><value>102.6467614</value></Data>
          <Data name="coord_source"><value>osm_th_raw</value></Data>
          <Data name="ttg_url"><value></value></Data>
          <Data name="is_new"><value>False</value></Data>
        </ExtendedData>
        <Point><coordinates>102.6467614,14.9993907,0</coordinates></Point>
      </Placemark>
      <Placemark>
        <name>Huai Thap Than</name>
        <description>&lt;b&gt;Huai Thap Than / ห้วยทับทัน&lt;/b&gt;&lt;br/&gt;Code:ทท. Class:2 Line:Northeastern&lt;br/&gt;District:Huai Thap Than Province:Sisaket&lt;br/&gt;Source:osm_th_raw </description>
        <styleUrl>#style_class_2</styleUrl>
        <ExtendedData>
          <Data name="name_en"><value>Huai Thap Than</value></Data>
          <Data name="name_th"><value>ห้วยทับทัน</value></Data>
          <Data name="code"><value>ทท.</value></Data>
          <Data name="class"><value>2</value></Data>
          <Data name="line"><value>Northeastern</value></Data>
          <Data name="district"><value>Huai Thap Than</value></Data>
          <Data name="province"><value>Sisaket</value></Data>
          <Data name="lat"><value>15.0590847</value></Data>
          <Data name="lon"><value>104.0300528</value></Data>
          <Data name="coord_source"><value>osm_th_raw</value></Data>
          <Data name="ttg_url"><value></value></Data>
          <Data name="is_new"><value>False</value></Data>
        </ExtendedData>
        <Point><coordinates>104.0300528,15.0590847,0</coordinates></Point>
      </Placemark>
      <Placemark>
        <name>Huai Yai Chiu</name>
        <description>&lt;b&gt;Huai Yai Chiu / ห้วยยายจิ๋ว&lt;/b&gt;&lt;br/&gt;Code: Class:Halt Line:Northeastern&lt;br/&gt;District: Province:&lt;br/&gt;Source:osm_fuzzy_en_0.92 </description>
        <styleUrl>#style_class_Halt</styleUrl>
        <ExtendedData>
          <Data name="name_en"><value>Huai Yai Chiu</value></Data>
          <Data name="name_th"><value>ห้วยยายจิ๋ว</value></Data>
          <Data name="code"><value></value></Data>
          <Data name="class"><value>Halt</value></Data>
          <Data name="line"><value>Northeastern</value></Data>
          <Data name="district"><value></value></Data>
          <Data name="province"><value></value></Data>
          <Data name="lat"><value>15.4245651</value></Data>
          <Data name="lon"><value>101.531124</value></Data>
          <Data name="coord_source"><value>osm_fuzzy_en_0.92</value></Data>
          <Data name="ttg_url"><value></value></Data>
          <Data name="is_new"><value>False</value></Data>
        </ExtendedData>
        <Point><coordinates>101.531124,15.4245651,0</coordinates></Point>
      </Placemark>
      <Placemark>
        <name>Kadon Kho</name>
        <description>&lt;b&gt;Kadon Kho / กะโดนค้อ&lt;/b&gt;&lt;br/&gt;Code: Class:Halt Line:Northeastern&lt;br/&gt;District: Province:&lt;br/&gt;Source:osm_en </description>
        <styleUrl>#style_class_Halt</styleUrl>
        <ExtendedData>
          <Data name="name_en"><value>Kadon Kho</value></Data>
          <Data name="name_th"><value>กะโดนค้อ</value></Data>
          <Data name="code"><value></value></Data>
          <Data name="class"><value>Halt</value></Data>
          <Data name="line"><value>Northeastern</value></Data>
          <Data name="district"><value></value></Data>
          <Data name="province"><value></value></Data>
          <Data name="lat"><value>14.9219156</value></Data>
          <Data name="lon"><value>103.7269244</value></Data>
          <Data name="coord_source"><value>osm_en</value></Data>
          <Data name="ttg_url"><value></value></Data>
          <Data name="is_new"><value>False</value></Data>
        </ExtendedData>
        <Point><coordinates>103.7269244,14.9219156,0</coordinates></Point>
      </Placemark>
      <Placemark>
        <name>Kaeng Suea Ten</name>
        <description>&lt;b&gt;Kaeng Suea Ten / แก่งเสือเต้น&lt;/b&gt;&lt;br/&gt;Code: Class:Halt Line:Northeastern&lt;br/&gt;District: Province:&lt;br/&gt;Source:osm_en </description>
        <styleUrl>#style_class_Halt</styleUrl>
        <ExtendedData>
          <Data name="name_en"><value>Kaeng Suea Ten</value></Data>
          <Data name="name_th"><value>แก่งเสือเต้น</value></Data>
          <Data name="code"><value></value></Data>
          <Data name="class"><value>Halt</value></Data>
          <Data name="line"><value>Northeastern</value></Data>
          <Data name="district"><value></value></Data>
          <Data name="province"><value></value></Data>
          <Data name="lat"><value>14.8423132</value></Data>
          <Data name="lon"><value>101.0638116</value></Data>
          <Data name="coord_source"><value>osm_en</value></Data>
          <Data name="ttg_url"><value></value></Data>
          <Data name="is_new"><value>False</value></Data>
        </ExtendedData>
        <Point><coordinates>101.0638116,14.8423132,0</coordinates></Point>
      </Placemark>
      <Placemark>
        <name>Kanthararom</name>
        <description>&lt;b&gt;Kanthararom / กันทรารมย์&lt;/b&gt;&lt;br/&gt;Code:าร. Class:2 Line:Northeastern&lt;br/&gt;District:Kanthararom Province:Sisaket&lt;br/&gt;Source:osm_th_raw </description>
        <styleUrl>#style_class_2</styleUrl>
        <ExtendedData>
          <Data name="name_en"><value>Kanthararom</value></Data>
          <Data name="name_th"><value>กันทรารมย์</value></Data>
          <Data name="code"><value>าร.</value></Data>
          <Data name="class"><value>2</value></Data>
          <Data name="line"><value>Northeastern</value></Data>
          <Data name="district"><value>Kanthararom</value></Data>
          <Data name="province"><value>Sisaket</value></Data>
          <Data name="lat"><value>15.1072927</value></Data>
          <Data name="lon"><value>104.5783401</value></Data>
          <Data name="coord_source"><value>osm_th_raw</value></Data>
          <Data name="ttg_url"><value></value></Data>
          <Data name="is_new"><value>False</value></Data>
        </ExtendedData>
        <Point><coordinates>104.5783401,15.1072927,0</coordinates></Point>
      </Placemark>
      <Placemark>
        <name>Kham Kling</name>
        <description>&lt;b&gt;Kham Kling / คำกลิ้ง&lt;/b&gt;&lt;br/&gt;Code: Class:Halt Line:Northeastern&lt;br/&gt;District: Province:&lt;br/&gt;Source:osm_en </description>
        <styleUrl>#style_class_Halt</styleUrl>
        <ExtendedData>
          <Data name="name_en"><value>Kham Kling</value></Data>
          <Data name="name_th"><value>คำกลิ้ง</value></Data>
          <Data name="code"><value></value></Data>
          <Data name="class"><value>Halt</value></Data>
          <Data name="line"><value>Northeastern</value></Data>
          <Data name="district"><value></value></Data>
          <Data name="province"><value></value></Data>
          <Data name="lat"><value>17.3506559</value></Data>
          <Data name="lon"><value>102.8315646</value></Data>
          <Data name="coord_source"><value>osm_en</value></Data>
          <Data name="ttg_url"><value></value></Data>
          <Data name="is_new"><value>False</value></Data>
        </ExtendedData>
        <Point><coordinates>102.8315646,17.3506559,0</coordinates></Point>
      </Placemark>
      <Placemark>
        <name>Khao Hin Dat</name>
        <description>&lt;b&gt;Khao Hin Dat / เขาหินดาด&lt;/b&gt;&lt;br/&gt;Code: Class:Halt Line:Northeastern&lt;br/&gt;District: Province:&lt;br/&gt;Source:osm_en </description>
        <styleUrl>#style_class_Halt</styleUrl>
        <ExtendedData>
          <Data name="name_en"><value>Khao Hin Dat</value></Data>
          <Data name="name_th"><value>เขาหินดาด</value></Data>
          <Data name="code"><value></value></Data>
          <Data name="class"><value>Halt</value></Data>
          <Data name="line"><value>Northeastern</value></Data>
          <Data name="district"><value></value></Data>
          <Data name="province"><value></value></Data>
          <Data name="lat"><value>14.7155333</value></Data>
          <Data name="lon"><value>101.0089976</value></Data>
          <Data name="coord_source"><value>osm_en</value></Data>
          <Data name="ttg_url"><value></value></Data>
          <Data name="is_new"><value>False</value></Data>
        </ExtendedData>
        <Point><coordinates>101.0089976,14.7155333,0</coordinates></Point>
      </Placemark>
      <Placemark>
        <name>Khao Khok</name>
        <description>&lt;b&gt;Khao Khok / เขาคอก&lt;/b&gt;&lt;br/&gt;Code: Class:Halt Line:Northeastern&lt;br/&gt;District: Province:&lt;br/&gt;Source:osm_en </description>
        <styleUrl>#style_class_Halt</styleUrl>
        <ExtendedData>
          <Data name="name_en"><value>Khao Khok</value></Data>
          <Data name="name_th"><value>เขาคอก</value></Data>
          <Data name="code"><value></value></Data>
          <Data name="class"><value>Halt</value></Data>
          <Data name="line"><value>Northeastern</value></Data>
          <Data name="district"><value></value></Data>
          <Data name="province"><value></value></Data>
          <Data name="lat"><value>14.6629167</value></Data>
          <Data name="lon"><value>101.0170703</value></Data>
          <Data name="coord_source"><value>osm_en</value></Data>
          <Data name="ttg_url"><value></value></Data>
          <Data name="is_new"><value>False</value></Data>
        </ExtendedData>
        <Point><coordinates>101.0170703,14.6629167,0</coordinates></Point>
      </Placemark>
      <Placemark>
        <name>Khao Suan Kwang</name>
        <description>&lt;b&gt;Khao Suan Kwang / เขาสวนกวาง&lt;/b&gt;&lt;br/&gt;Code:สง. Class:3 Line:Northeastern&lt;br/&gt;District:Khao Suan Kwang Province:Khon Kaen&lt;br/&gt;Source:osm_th_raw </description>
        <styleUrl>#style_class_3</styleUrl>
        <ExtendedData>
          <Data name="name_en"><value>Khao Suan Kwang</value></Data>
          <Data name="name_th"><value>เขาสวนกวาง</value></Data>
          <Data name="code"><value>สง.</value></Data>
          <Data name="class"><value>3</value></Data>
          <Data name="line"><value>Northeastern</value></Data>
          <Data name="district"><value>Khao Suan Kwang</value></Data>
          <Data name="province"><value>Khon Kaen</value></Data>
          <Data name="lat"><value>16.8500684</value></Data>
          <Data name="lon"><value>102.8765124</value></Data>
          <Data name="coord_source"><value>osm_th_raw</value></Data>
          <Data name="ttg_url"><value></value></Data>
          <Data name="is_new"><value>False</value></Data>
        </ExtendedData>
        <Point><coordinates>102.8765124,16.8500684,0</coordinates></Point>
      </Placemark>
      <Placemark>
        <name>Khao Sung</name>
        <description>&lt;b&gt;Khao Sung / เขาสูง&lt;/b&gt;&lt;br/&gt;Code: Class:Halt Line:Northeastern&lt;br/&gt;District: Province:&lt;br/&gt;Source:osm_en </description>
        <styleUrl>#style_class_Halt</styleUrl>
        <ExtendedData>
          <Data name="name_en"><value>Khao Sung</value></Data>
          <Data name="name_th"><value>เขาสูง</value></Data>
          <Data name="code"><value></value></Data>
          <Data name="class"><value>Halt</value></Data>
          <Data name="line"><value>Northeastern</value></Data>
          <Data name="district"><value></value></Data>
          <Data name="province"><value></value></Data>
          <Data name="lat"><value>14.7800392</value></Data>
          <Data name="lon"><value>101.0544809</value></Data>
          <Data name="coord_source"><value>osm_en</value></Data>
          <Data name="ttg_url"><value></value></Data>
          <Data name="is_new"><value>False</value></Data>
        </ExtendedData>
        <Point><coordinates>101.0544809,14.7800392,0</coordinates></Point>
      </Placemark>
      <Placemark>
        <name>Khao Yai Ka Ta</name>
        <description>&lt;b&gt;Khao Yai Ka Ta / เขายายกะตา&lt;/b&gt;&lt;br/&gt;Code: Class:Halt Line:Northeastern&lt;br/&gt;District: Province:&lt;br/&gt;Source:osm_en </description>
        <styleUrl>#style_class_Halt</styleUrl>
        <ExtendedData>
          <Data name="name_en"><value>Khao Yai Ka Ta</value></Data>
          <Data name="name_th"><value>เขายายกะตา</value></Data>
          <Data name="code"><value></value></Data>
          <Data name="class"><value>Halt</value></Data>
          <Data name="line"><value>Northeastern</value></Data>
          <Data name="district"><value></value></Data>
          <Data name="province"><value></value></Data>
          <Data name="lat"><value>15.1737744</value></Data>
          <Data name="lon"><value>101.0689048</value></Data>
          <Data name="coord_source"><value>osm_en</value></Data>
          <Data name="ttg_url"><value></value></Data>
          <Data name="is_new"><value>False</value></Data>
        </ExtendedData>
        <Point><coordinates>101.0689048,15.1737744,0</coordinates></Point>
      </Placemark>
      <Placemark>
        <name>Khlong Khanan Chit</name>
        <description>&lt;b&gt;Khlong Khanan Chit / คลองขนานจิตร&lt;/b&gt;&lt;br/&gt;Code: Class:Halt Line:Northeastern&lt;br/&gt;District: Province:&lt;br/&gt;Source:osm_en </description>
        <styleUrl>#style_class_Halt</styleUrl>
        <ExtendedData>
          <Data name="name_en"><value>Khlong Khanan Chit</value></Data>
          <Data name="name_th"><value>คลองขนานจิตร</value></Data>
          <Data name="code"><value></value></Data>
          <Data name="class"><value>Halt</value></Data>
          <Data name="line"><value>Northeastern</value></Data>
          <Data name="district"><value></value></Data>
          <Data name="province"><value></value></Data>
          <Data name="lat"><value>14.8425312</value></Data>
          <Data name="lon"><value>101.5443176</value></Data>
          <Data name="coord_source"><value>osm_en</value></Data>
          <Data name="ttg_url"><value></value></Data>
          <Data name="is_new"><value>False</value></Data>
        </ExtendedData>
        <Point><coordinates>101.5443176,14.8425312,0</coordinates></Point>
      </Placemark>
      <Placemark>
        <name>Khlong Phai</name>
        <description>&lt;b&gt;Khlong Phai / คลองไผ่&lt;/b&gt;&lt;br/&gt;Code: Class:Halt Line:Northeastern&lt;br/&gt;District: Province:&lt;br/&gt;Source:osm_en </description>
        <styleUrl>#style_class_Halt</styleUrl>
        <ExtendedData>
          <Data name="name_en"><value>Khlong Phai</value></Data>
          <Data name="name_th"><value>คลองไผ่</value></Data>
          <Data name="code"><value></value></Data>
          <Data name="class"><value>Halt</value></Data>
          <Data name="line"><value>Northeastern</value></Data>
          <Data name="district"><value></value></Data>
          <Data name="province"><value></value></Data>
          <Data name="lat"><value>14.8742742</value></Data>
          <Data name="lon"><value>101.5710511</value></Data>
          <Data name="coord_source"><value>osm_en</value></Data>
          <Data name="ttg_url"><value></value></Data>
          <Data name="is_new"><value>False</value></Data>
        </ExtendedData>
        <Point><coordinates>101.5710511,14.8742742,0</coordinates></Point>
      </Placemark>
      <Placemark>
        <name>Khok Klhi</name>
        <description>&lt;b&gt;Khok Klhi / โคกคลี&lt;/b&gt;&lt;br/&gt;Code: Class:Halt Line:Northeastern&lt;br/&gt;District: Province:&lt;br/&gt;Source:osm_sched </description>
        <styleUrl>#style_class_Halt</styleUrl>
        <ExtendedData>
          <Data name="name_en"><value>Khok Klhi</value></Data>
          <Data name="name_th"><value>โคกคลี</value></Data>
          <Data name="code"><value></value></Data>
          <Data name="class"><value>Halt</value></Data>
          <Data name="line"><value>Northeastern</value></Data>
          <Data name="district"><value></value></Data>
          <Data name="province"><value></value></Data>
          <Data name="lat"><value>15.2745824</value></Data>
          <Data name="lon"><value>101.3691956</value></Data>
          <Data name="coord_source"><value>osm_sched</value></Data>
          <Data name="ttg_url"><value></value></Data>
          <Data name="is_new"><value>False</value></Data>
        </ExtendedData>
        <Point><coordinates>101.3691956,15.2745824,0</coordinates></Point>
      </Placemark>
      <Placemark>
        <name>Khok Kruat</name>
        <description>&lt;b&gt;Khok Kruat / โคกกรวด&lt;/b&gt;&lt;br/&gt;Code: Class:Halt Line:Northeastern&lt;br/&gt;District: Province:&lt;br/&gt;Source:osm_en </description>
        <styleUrl>#style_class_Halt</styleUrl>
        <ExtendedData>
          <Data name="name_en"><value>Khok Kruat</value></Data>
          <Data name="name_th"><value>โคกกรวด</value></Data>
          <Data name="code"><value></value></Data>
          <Data name="class"><value>Halt</value></Data>
          <Data name="line"><value>Northeastern</value></Data>
          <Data name="district"><value></value></Data>
          <Data name="province"><value></value></Data>
          <Data name="lat"><value>14.9311964</value></Data>
          <Data name="lon"><value>101.9588749</value></Data>
          <Data name="coord_source"><value>osm_en</value></Data>
          <Data name="ttg_url"><value></value></Data>
          <Data name="is_new"><value>False</value></Data>
        </ExtendedData>
        <Point><coordinates>101.9588749,14.9311964,0</coordinates></Point>
      </Placemark>
      <Placemark>
        <name>Khok Sa-at</name>
        <description>&lt;b&gt;Khok Sa-at / โคกสะอาด&lt;/b&gt;&lt;br/&gt;Code: Class:Halt Line:Northeastern&lt;br/&gt;District: Province:&lt;br/&gt;Source:osm_en </description>
        <styleUrl>#style_class_Halt</styleUrl>
        <ExtendedData>
          <Data name="name_en"><value>Khok Sa-at</value></Data>
          <Data name="name_th"><value>โคกสะอาด</value></Data>
          <Data name="code"><value></value></Data>
          <Data name="class"><value>Halt</value></Data>
          <Data name="line"><value>Northeastern</value></Data>
          <Data name="district"><value></value></Data>
          <Data name="province"><value></value></Data>
          <Data name="lat"><value>14.8973861</value></Data>
          <Data name="lon"><value>101.7695422</value></Data>
          <Data name="coord_source"><value>osm_en</value></Data>
          <Data name="ttg_url"><value></value></Data>
          <Data name="is_new"><value>False</value></Data>
        </ExtendedData>
        <Point><coordinates>101.7695422,14.8973861,0</coordinates></Point>
      </Placemark>
      <Placemark>
        <name>Khok Salung</name>
        <description>&lt;b&gt;Khok Salung / โคกสลุง&lt;/b&gt;&lt;br/&gt;Code: Class:Halt Line:Northeastern&lt;br/&gt;District: Province:&lt;br/&gt;Source:osm_en </description>
        <styleUrl>#style_class_Halt</styleUrl>
        <ExtendedData>
          <Data name="name_en"><value>Khok Salung</value></Data>
          <Data name="name_th"><value>โคกสลุง</value></Data>
          <Data name="code"><value></value></Data>
          <Data name="class"><value>Halt</value></Data>
          <Data name="line"><value>Northeastern</value></Data>
          <Data name="district"><value></value></Data>
          <Data name="province"><value></value></Data>
          <Data name="lat"><value>14.987146</value></Data>
          <Data name="lon"><value>101.0230995</value></Data>
          <Data name="coord_source"><value>osm_en</value></Data>
          <Data name="ttg_url"><value></value></Data>
          <Data name="is_new"><value>False</value></Data>
        </ExtendedData>
        <Point><coordinates>101.0230995,14.987146,0</coordinates></Point>
      </Placemark>
      <Placemark>
        <name>Khon Kaen</name>
        <description>&lt;b&gt;Khon Kaen / ขอนแก่น&lt;/b&gt;&lt;br/&gt;Code:ขอ. Class:1 Line:Northeastern&lt;br/&gt;District:Mueang Province:Khon Kaen&lt;br/&gt;Source:google_places </description>
        <styleUrl>#style_class_1</styleUrl>
        <ExtendedData>
          <Data name="name_en"><value>Khon Kaen</value></Data>
          <Data name="name_th"><value>ขอนแก่น</value></Data>
          <Data name="code"><value>ขอ.</value></Data>
          <Data name="class"><value>1</value></Data>
          <Data name="line"><value>Northeastern</value></Data>
          <Data name="district"><value>Mueang</value></Data>
          <Data name="province"><value>Khon Kaen</value></Data>
          <Data name="lat"><value>16.4268</value></Data>
          <Data name="lon"><value>102.8258</value></Data>
          <Data name="coord_source"><value>google_places</value></Data>
          <Data name="ttg_url"><value></value></Data>
          <Data name="is_new"><value>False</value></Data>
        </ExtendedData>
        <Point><coordinates>102.8258,16.4268,0</coordinates></Point>
      </Placemark>
      <Placemark>
        <name>Klang Dong</name>
        <description>&lt;b&gt;Klang Dong / กลางดง&lt;/b&gt;&lt;br/&gt;Code: Class:Halt Line:Northeastern&lt;br/&gt;District: Province:&lt;br/&gt;Source:osm_en </description>
        <styleUrl>#style_class_Halt</styleUrl>
        <ExtendedData>
          <Data name="name_en"><value>Klang Dong</value></Data>
          <Data name="name_th"><value>กลางดง</value></Data>
          <Data name="code"><value></value></Data>
          <Data name="class"><value>Halt</value></Data>
          <Data name="line"><value>Northeastern</value></Data>
          <Data name="district"><value></value></Data>
          <Data name="province"><value></value></Data>
          <Data name="lat"><value>14.6479174</value></Data>
          <Data name="lon"><value>101.25232</value></Data>
          <Data name="coord_source"><value>osm_en</value></Data>
          <Data name="ttg_url"><value></value></Data>
          <Data name="is_new"><value>False</value></Data>
        </ExtendedData>
        <Point><coordinates>101.25232,14.6479174,0</coordinates></Point>
      </Placemark>
      <Placemark>
        <name>Krasang</name>
        <description>&lt;b&gt;Krasang / กระสัง&lt;/b&gt;&lt;br/&gt;Code:ะส. Class:2 Line:Northeastern&lt;br/&gt;District:Krasang Province:Buriram&lt;br/&gt;Source:osm_th_raw </description>
        <styleUrl>#style_class_2</styleUrl>
        <ExtendedData>
          <Data name="name_en"><value>Krasang</value></Data>
          <Data name="name_th"><value>กระสัง</value></Data>
          <Data name="code"><value>ะส.</value></Data>
          <Data name="class"><value>2</value></Data>
          <Data name="line"><value>Northeastern</value></Data>
          <Data name="district"><value>Krasang</value></Data>
          <Data name="province"><value>Buriram</value></Data>
          <Data name="lat"><value>14.9269209</value></Data>
          <Data name="lon"><value>103.3026903</value></Data>
          <Data name="coord_source"><value>osm_th_raw</value></Data>
          <Data name="ttg_url"><value></value></Data>
          <Data name="is_new"><value>False</value></Data>
        </ExtendedData>
        <Point><coordinates>103.3026903,14.9269209,0</coordinates></Point>
      </Placemark>
      <Placemark>
        <name>Kumphawapi</name>
        <description>&lt;b&gt;Kumphawapi / กุมภวาปี&lt;/b&gt;&lt;br/&gt;Code:วป. Class:1 Line:Northeastern&lt;br/&gt;District:Kumphawapi Province:Udon Thani&lt;br/&gt;Source:osm_th_raw </description>
        <styleUrl>#style_class_1</styleUrl>
        <ExtendedData>
          <Data name="name_en"><value>Kumphawapi</value></Data>
          <Data name="name_th"><value>กุมภวาปี</value></Data>
          <Data name="code"><value>วป.</value></Data>
          <Data name="class"><value>1</value></Data>
          <Data name="line"><value>Northeastern</value></Data>
          <Data name="district"><value>Kumphawapi</value></Data>
          <Data name="province"><value>Udon Thani</value></Data>
          <Data name="lat"><value>17.1220424</value></Data>
          <Data name="lon"><value>102.9481029</value></Data>
          <Data name="coord_source"><value>osm_th_raw</value></Data>
          <Data name="ttg_url"><value></value></Data>
          <Data name="is_new"><value>False</value></Data>
        </ExtendedData>
        <Point><coordinates>102.9481029,17.1220424,0</coordinates></Point>
      </Placemark>
      <Placemark>
        <name>Kut Chik</name>
        <description>&lt;b&gt;Kut Chik / กุดจิก&lt;/b&gt;&lt;br/&gt;Code: Class:Halt Line:Northeastern&lt;br/&gt;District: Province:&lt;br/&gt;Source:osm_en </description>
        <styleUrl>#style_class_Halt</styleUrl>
        <ExtendedData>
          <Data name="name_en"><value>Kut Chik</value></Data>
          <Data name="name_th"><value>กุดจิก</value></Data>
          <Data name="code"><value></value></Data>
          <Data name="class"><value>Halt</value></Data>
          <Data name="line"><value>Northeastern</value></Data>
          <Data name="district"><value></value></Data>
          <Data name="province"><value></value></Data>
          <Data name="lat"><value>14.905555</value></Data>
          <Data name="lon"><value>101.8822018</value></Data>
          <Data name="coord_source"><value>osm_en</value></Data>
          <Data name="ttg_url"><value></value></Data>
          <Data name="is_new"><value>False</value></Data>
        </ExtendedData>
        <Point><coordinates>101.8822018,14.905555,0</coordinates></Point>
      </Placemark>
      <Placemark>
        <name>Lam Chi</name>
        <description>&lt;b&gt;Lam Chi / ลำชี&lt;/b&gt;&lt;br/&gt;Code:ลช. Class:2 Line:Northeastern&lt;br/&gt;District:Mueang Province:Surin&lt;br/&gt;Source:osm_th_raw </description>
        <styleUrl>#style_class_2</styleUrl>
        <ExtendedData>
          <Data name="name_en"><value>Lam Chi</value></Data>
          <Data name="name_th"><value>ลำชี</value></Data>
          <Data name="code"><value>ลช.</value></Data>
          <Data name="class"><value>2</value></Data>
          <Data name="line"><value>Northeastern</value></Data>
          <Data name="district"><value>Mueang</value></Data>
          <Data name="province"><value>Surin</value></Data>
          <Data name="lat"><value>14.8998501</value></Data>
          <Data name="lon"><value>103.4228262</value></Data>
          <Data name="coord_source"><value>osm_th_raw</value></Data>
          <Data name="ttg_url"><value></value></Data>
          <Data name="is_new"><value>False</value></Data>
        </ExtendedData>
        <Point><coordinates>103.4228262,14.8998501,0</coordinates></Point>
      </Placemark>
      <Placemark>
        <name>Lam Narai</name>
        <description>&lt;b&gt;Lam Narai / ลำนารายณ์&lt;/b&gt;&lt;br/&gt;Code:ลา. Class:1 Line:Northeastern&lt;br/&gt;District:Chai Badan Province:Lopburi&lt;br/&gt;Source:osm_th_raw </description>
        <styleUrl>#style_class_1</styleUrl>
        <ExtendedData>
          <Data name="name_en"><value>Lam Narai</value></Data>
          <Data name="name_th"><value>ลำนารายณ์</value></Data>
          <Data name="code"><value>ลา.</value></Data>
          <Data name="class"><value>1</value></Data>
          <Data name="line"><value>Northeastern</value></Data>
          <Data name="district"><value>Chai Badan</value></Data>
          <Data name="province"><value>Lopburi</value></Data>
          <Data name="lat"><value>15.2200983</value></Data>
          <Data name="lon"><value>101.1395215</value></Data>
          <Data name="coord_source"><value>osm_th_raw</value></Data>
          <Data name="ttg_url"><value></value></Data>
          <Data name="is_new"><value>False</value></Data>
        </ExtendedData>
        <Point><coordinates>101.1395215,15.2200983,0</coordinates></Point>
      </Placemark>
      <Placemark>
        <name>Lam Plai Mat</name>
        <description>&lt;b&gt;Lam Plai Mat / ลำปลายมาศ&lt;/b&gt;&lt;br/&gt;Code:ลำ. Class:1 Line:Northeastern&lt;br/&gt;District:Lam Plai Mat Province:Buriram&lt;br/&gt;Source:osm_th_raw </description>
        <styleUrl>#style_class_1</styleUrl>
        <ExtendedData>
          <Data name="name_en"><value>Lam Plai Mat</value></Data>
          <Data name="name_th"><value>ลำปลายมาศ</value></Data>
          <Data name="code"><value>ลำ.</value></Data>
          <Data name="class"><value>1</value></Data>
          <Data name="line"><value>Northeastern</value></Data>
          <Data name="district"><value>Lam Plai Mat</value></Data>
          <Data name="province"><value>Buriram</value></Data>
          <Data name="lat"><value>15.02451</value></Data>
          <Data name="lon"><value>102.8297065</value></Data>
          <Data name="coord_source"><value>osm_th_raw</value></Data>
          <Data name="ttg_url"><value></value></Data>
          <Data name="is_new"><value>False</value></Data>
        </ExtendedData>
        <Point><coordinates>102.8297065,15.02451,0</coordinates></Point>
      </Placemark>
      <Placemark>
        <name>Lat Bua Khao</name>
        <description>&lt;b&gt;Lat Bua Khao / ลาดบัวขาว&lt;/b&gt;&lt;br/&gt;Code: Class:Halt Line:Northeastern&lt;br/&gt;District: Province:&lt;br/&gt;Source:osm_en </description>
        <styleUrl>#style_class_Halt</styleUrl>
        <ExtendedData>
          <Data name="name_en"><value>Lat Bua Khao</value></Data>
          <Data name="name_th"><value>ลาดบัวขาว</value></Data>
          <Data name="code"><value></value></Data>
          <Data name="class"><value>Halt</value></Data>
          <Data name="line"><value>Northeastern</value></Data>
          <Data name="district"><value></value></Data>
          <Data name="province"><value></value></Data>
          <Data name="lat"><value>14.8613312</value></Data>
          <Data name="lon"><value>101.5961409</value></Data>
          <Data name="coord_source"><value>osm_en</value></Data>
          <Data name="ttg_url"><value></value></Data>
          <Data name="is_new"><value>False</value></Data>
        </ExtendedData>
        <Point><coordinates>101.5961409,14.8613312,0</coordinates></Point>
      </Placemark>
      <Placemark>
        <name>Map Kabao</name>
        <description>&lt;b&gt;Map Kabao / มาบกะเบา&lt;/b&gt;&lt;br/&gt;Code:มบ. Class:2 Line:Northeastern&lt;br/&gt;District:Kaeng Khoi Province:Saraburi&lt;br/&gt;Source:osm_th_raw </description>
        <styleUrl>#style_class_2</styleUrl>
        <ExtendedData>
          <Data name="name_en"><value>Map Kabao</value></Data>
          <Data name="name_th"><value>มาบกะเบา</value></Data>
          <Data name="code"><value>มบ.</value></Data>
          <Data name="class"><value>2</value></Data>
          <Data name="line"><value>Northeastern</value></Data>
          <Data name="district"><value>Kaeng Khoi</value></Data>
          <Data name="province"><value>Saraburi</value></Data>
          <Data name="lat"><value>14.618946</value></Data>
          <Data name="lon"><value>101.0836873</value></Data>
          <Data name="coord_source"><value>osm_th_raw</value></Data>
          <Data name="ttg_url"><value></value></Data>
          <Data name="is_new"><value>False</value></Data>
        </ExtendedData>
        <Point><coordinates>101.0836873,14.618946,0</coordinates></Point>
      </Placemark>
      <Placemark>
        <name>Muak Lek</name>
        <description>&lt;b&gt;Muak Lek / มวกเหล็ก&lt;/b&gt;&lt;br/&gt;Code:มล. Class:1 Line:Northeastern&lt;br/&gt;District:Muak Lek Province:Saraburi&lt;br/&gt;Source:osm_th_raw </description>
        <styleUrl>#style_class_1</styleUrl>
        <ExtendedData>
          <Data name="name_en"><value>Muak Lek</value></Data>
          <Data name="name_th"><value>มวกเหล็ก</value></Data>
          <Data name="code"><value>มล.</value></Data>
          <Data name="class"><value>1</value></Data>
          <Data name="line"><value>Northeastern</value></Data>
          <Data name="district"><value>Muak Lek</value></Data>
          <Data name="province"><value>Saraburi</value></Data>
          <Data name="lat"><value>14.6512518</value></Data>
          <Data name="lon"><value>101.1994149</value></Data>
          <Data name="coord_source"><value>osm_th_raw</value></Data>
          <Data name="ttg_url"><value></value></Data>
          <Data name="is_new"><value>False</value></Data>
        </ExtendedData>
        <Point><coordinates>101.1994149,14.6512518,0</coordinates></Point>
      </Placemark>
      <Placemark>
        <name>Mueang Khong</name>
        <description>&lt;b&gt;Mueang Khong / เมืองคง&lt;/b&gt;&lt;br/&gt;Code:งค. Class:1 Line:Northeastern&lt;br/&gt;District:Khong Province:Nakhon Ratchasima&lt;br/&gt;Source:osm_th_raw </description>
        <styleUrl>#style_class_1</styleUrl>
        <ExtendedData>
          <Data name="name_en"><value>Mueang Khong</value></Data>
          <Data name="name_th"><value>เมืองคง</value></Data>
          <Data name="code"><value>งค.</value></Data>
          <Data name="class"><value>1</value></Data>
          <Data name="line"><value>Northeastern</value></Data>
          <Data name="district"><value>Khong</value></Data>
          <Data name="province"><value>Nakhon Ratchasima</value></Data>
          <Data name="lat"><value>15.4450843</value></Data>
          <Data name="lon"><value>102.331268</value></Data>
          <Data name="coord_source"><value>osm_th_raw</value></Data>
          <Data name="ttg_url"><value></value></Data>
          <Data name="is_new"><value>False</value></Data>
        </ExtendedData>
        <Point><coordinates>102.331268,15.4450843,0</coordinates></Point>
      </Placemark>
      <Placemark>
        <name>Mueang Phon</name>
        <description>&lt;b&gt;Mueang Phon / เมืองพล&lt;/b&gt;&lt;br/&gt;Code:อล. Class:1 Line:Northeastern&lt;br/&gt;District:Phon Province:Khon Kaen&lt;br/&gt;Source:osm_th_raw </description>
        <styleUrl>#style_class_1</styleUrl>
        <ExtendedData>
          <Data name="name_en"><value>Mueang Phon</value></Data>
          <Data name="name_th"><value>เมืองพล</value></Data>
          <Data name="code"><value>อล.</value></Data>
          <Data name="class"><value>1</value></Data>
          <Data name="line"><value>Northeastern</value></Data>
          <Data name="district"><value>Phon</value></Data>
          <Data name="province"><value>Khon Kaen</value></Data>
          <Data name="lat"><value>15.8196911</value></Data>
          <Data name="lon"><value>102.6005043</value></Data>
          <Data name="coord_source"><value>osm_th_raw</value></Data>
          <Data name="ttg_url"><value></value></Data>
          <Data name="is_new"><value>False</value></Data>
        </ExtendedData>
        <Point><coordinates>102.6005043,15.8196911,0</coordinates></Point>
      </Placemark>
      <Placemark>
        <name>Mueang Thi</name>
        <description>&lt;b&gt;Mueang Thi / เมืองที&lt;/b&gt;&lt;br/&gt;Code: Class:Halt Line:Northeastern&lt;br/&gt;District: Province:&lt;br/&gt;Source:osm_en </description>
        <styleUrl>#style_class_Halt</styleUrl>
        <ExtendedData>
          <Data name="name_en"><value>Mueang Thi</value></Data>
          <Data name="name_th"><value>เมืองที</value></Data>
          <Data name="code"><value></value></Data>
          <Data name="class"><value>Halt</value></Data>
          <Data name="line"><value>Northeastern</value></Data>
          <Data name="district"><value></value></Data>
          <Data name="province"><value></value></Data>
          <Data name="lat"><value>14.8937362</value></Data>
          <Data name="lon"><value>103.6550328</value></Data>
          <Data name="coord_source"><value>osm_en</value></Data>
          <Data name="ttg_url"><value></value></Data>
          <Data name="is_new"><value>False</value></Data>
        </ExtendedData>
        <Point><coordinates>103.6550328,14.8937362,0</coordinates></Point>
      </Placemark>
      <Placemark>
        <name>Na Phu</name>
        <description>&lt;b&gt;Na Phu / นาพู่&lt;/b&gt;&lt;br/&gt;Code: Class:Halt Line:Northeastern&lt;br/&gt;District: Province:&lt;br/&gt;Source:osm_en </description>
        <styleUrl>#style_class_Halt</styleUrl>
        <ExtendedData>
          <Data name="name_en"><value>Na Phu</value></Data>
          <Data name="name_th"><value>นาพู่</value></Data>
          <Data name="code"><value></value></Data>
          <Data name="class"><value>Halt</value></Data>
          <Data name="line"><value>Northeastern</value></Data>
          <Data name="district"><value></value></Data>
          <Data name="province"><value></value></Data>
          <Data name="lat"><value>17.6198536</value></Data>
          <Data name="lon"><value>102.7727517</value></Data>
          <Data name="coord_source"><value>osm_en</value></Data>
          <Data name="ttg_url"><value></value></Data>
          <Data name="is_new"><value>False</value></Data>
        </ExtendedData>
        <Point><coordinates>102.7727517,17.6198536,0</coordinates></Point>
      </Placemark>
      <Placemark>
        <name>Na Tha</name>
        <description>&lt;b&gt;Na Tha / นาทา&lt;/b&gt;&lt;br/&gt;Code: Class:Halt Line:Northeastern&lt;br/&gt;District: Province:&lt;br/&gt;Source:osm_en </description>
        <styleUrl>#style_class_Halt</styleUrl>
        <ExtendedData>
          <Data name="name_en"><value>Na Tha</value></Data>
          <Data name="name_th"><value>นาทา</value></Data>
          <Data name="code"><value></value></Data>
          <Data name="class"><value>Halt</value></Data>
          <Data name="line"><value>Northeastern</value></Data>
          <Data name="district"><value></value></Data>
          <Data name="province"><value></value></Data>
          <Data name="lat"><value>17.8418383</value></Data>
          <Data name="lon"><value>102.7481592</value></Data>
          <Data name="coord_source"><value>osm_en</value></Data>
          <Data name="ttg_url"><value></value></Data>
          <Data name="is_new"><value>False</value></Data>
        </ExtendedData>
        <Point><coordinates>102.7481592,17.8418383,0</coordinates></Point>
      </Placemark>
      <Placemark>
        <name>Nakhon Ratchasima</name>
        <description>&lt;b&gt;Nakhon Ratchasima / นครราชสีมา&lt;/b&gt;&lt;br/&gt;Code:รส. Class:1 Line:Northeastern&lt;br/&gt;District:Mueang Province:Nakhon Ratchasima&lt;br/&gt;Source:google_places </description>
        <styleUrl>#style_class_1</styleUrl>
        <ExtendedData>
          <Data name="name_en"><value>Nakhon Ratchasima</value></Data>
          <Data name="name_th"><value>นครราชสีมา</value></Data>
          <Data name="code"><value>รส.</value></Data>
          <Data name="class"><value>1</value></Data>
          <Data name="line"><value>Northeastern</value></Data>
          <Data name="district"><value>Mueang</value></Data>
          <Data name="province"><value>Nakhon Ratchasima</value></Data>
          <Data name="lat"><value>14.9721</value></Data>
          <Data name="lon"><value>102.0785</value></Data>
          <Data name="coord_source"><value>google_places</value></Data>
          <Data name="ttg_url"><value></value></Data>
          <Data name="is_new"><value>False</value></Data>
        </ExtendedData>
        <Point><coordinates>102.0785,14.9721,0</coordinates></Point>
      </Placemark>
      <Placemark>
        <name>Nam Phong</name>
        <description>&lt;b&gt;Nam Phong / น้ำพอง&lt;/b&gt;&lt;br/&gt;Code:อง. Class:2 Line:Northeastern&lt;br/&gt;District:Nam Phong Province:Khon Kaen&lt;br/&gt;Source:osm_th_raw </description>
        <styleUrl>#style_class_2</styleUrl>
        <ExtendedData>
          <Data name="name_en"><value>Nam Phong</value></Data>
          <Data name="name_th"><value>น้ำพอง</value></Data>
          <Data name="code"><value>อง.</value></Data>
          <Data name="class"><value>2</value></Data>
          <Data name="line"><value>Northeastern</value></Data>
          <Data name="district"><value>Nam Phong</value></Data>
          <Data name="province"><value>Khon Kaen</value></Data>
          <Data name="lat"><value>16.7093642</value></Data>
          <Data name="lon"><value>102.8612221</value></Data>
          <Data name="coord_source"><value>osm_th_raw</value></Data>
          <Data name="ttg_url"><value></value></Data>
          <Data name="is_new"><value>False</value></Data>
        </ExtendedData>
        <Point><coordinates>102.8612221,16.7093642,0</coordinates></Point>
      </Placemark>
      <Placemark>
        <name>Noen Sawat</name>
        <description>&lt;b&gt;Noen Sawat / โนนสะอาด&lt;/b&gt;&lt;br/&gt;Code: Class:Halt Line:Northeastern&lt;br/&gt;District: Province:&lt;br/&gt;Source:osm_fuzzy_en_0.84 </description>
        <styleUrl>#style_class_Halt</styleUrl>
        <ExtendedData>
          <Data name="name_en"><value>Noen Sawat</value></Data>
          <Data name="name_th"><value>โนนสะอาด</value></Data>
          <Data name="code"><value></value></Data>
          <Data name="class"><value>Halt</value></Data>
          <Data name="line"><value>Northeastern</value></Data>
          <Data name="district"><value></value></Data>
          <Data name="province"><value></value></Data>
          <Data name="lat"><value>16.9669984</value></Data>
          <Data name="lon"><value>102.8974029</value></Data>
          <Data name="coord_source"><value>osm_fuzzy_en_0.84</value></Data>
          <Data name="ttg_url"><value></value></Data>
          <Data name="is_new"><value>False</value></Data>
        </ExtendedData>
        <Point><coordinates>102.8974029,16.9669984,0</coordinates></Point>
      </Placemark>
      <Placemark>
        <name>Noen Thua Paep</name>
        <description>&lt;b&gt;Noen Thua Paep / เนินถั่วแปบ&lt;/b&gt;&lt;br/&gt;Code: Class:Halt Line:Northeastern&lt;br/&gt;District: Province:&lt;br/&gt;Source:osm_en </description>
        <styleUrl>#style_class_Halt</styleUrl>
        <ExtendedData>
          <Data name="name_en"><value>Noen Thua Paep</value></Data>
          <Data name="name_th"><value>เนินถั่วแปบ</value></Data>
          <Data name="code"><value></value></Data>
          <Data name="class"><value>Halt</value></Data>
          <Data name="line"><value>Northeastern</value></Data>
          <Data name="district"><value></value></Data>
          <Data name="province"><value></value></Data>
          <Data name="lat"><value>15.309434</value></Data>
          <Data name="lon"><value>102.2983136</value></Data>
          <Data name="coord_source"><value>osm_en</value></Data>
          <Data name="ttg_url"><value></value></Data>
          <Data name="is_new"><value>False</value></Data>
        </ExtendedData>
        <Point><coordinates>102.2983136,15.309434,0</coordinates></Point>
      </Placemark>
      <Placemark>
        <name>Non Khro</name>
        <description>&lt;b&gt;Non Khro / โนนคร้อ&lt;/b&gt;&lt;br/&gt;Code: Class:Halt Line:Northeastern&lt;br/&gt;District: Province:&lt;br/&gt;Source:osm_en </description>
        <styleUrl>#style_class_Halt</styleUrl>
        <ExtendedData>
          <Data name="name_en"><value>Non Khro</value></Data>
          <Data name="name_th"><value>โนนคร้อ</value></Data>
          <Data name="code"><value></value></Data>
          <Data name="class"><value>Halt</value></Data>
          <Data name="line"><value>Northeastern</value></Data>
          <Data name="district"><value></value></Data>
          <Data name="province"><value></value></Data>
          <Data name="lat"><value>15.52269</value></Data>
          <Data name="lon"><value>101.7720646</value></Data>
          <Data name="coord_source"><value>osm_en</value></Data>
          <Data name="ttg_url"><value></value></Data>
          <Data name="is_new"><value>False</value></Data>
        </ExtendedData>
        <Point><coordinates>101.7720646,15.52269,0</coordinates></Point>
      </Placemark>
      <Placemark>
        <name>Non Phayom</name>
        <description>&lt;b&gt;Non Phayom / โนนพยอม&lt;/b&gt;&lt;br/&gt;Code: Class:Halt Line:Northeastern&lt;br/&gt;District: Province:&lt;br/&gt;Source:osm_en </description>
        <styleUrl>#style_class_Halt</styleUrl>
        <ExtendedData>
          <Data name="name_en"><value>Non Phayom</value></Data>
          <Data name="name_th"><value>โนนพยอม</value></Data>
          <Data name="code"><value></value></Data>
          <Data name="class"><value>Halt</value></Data>
          <Data name="line"><value>Northeastern</value></Data>
          <Data name="district"><value></value></Data>
          <Data name="province"><value></value></Data>
          <Data name="lat"><value>16.6432565</value></Data>
          <Data name="lon"><value>102.8186144</value></Data>
          <Data name="coord_source"><value>osm_en</value></Data>
          <Data name="ttg_url"><value></value></Data>
          <Data name="is_new"><value>False</value></Data>
        </ExtendedData>
        <Point><coordinates>102.8186144,16.6432565,0</coordinates></Point>
      </Placemark>
      <Placemark>
        <name>Non Sa-at</name>
        <description>&lt;b&gt;Non Sa-at / โนนสะอาด&lt;/b&gt;&lt;br/&gt;Code:โอ. Class:3 Line:Northeastern&lt;br/&gt;District:Non Sa-at Province:Udon Thani&lt;br/&gt;Source:osm_th_raw </description>
        <styleUrl>#style_class_3</styleUrl>
        <ExtendedData>
          <Data name="name_en"><value>Non Sa-at</value></Data>
          <Data name="name_th"><value>โนนสะอาด</value></Data>
          <Data name="code"><value>โอ.</value></Data>
          <Data name="class"><value>3</value></Data>
          <Data name="line"><value>Northeastern</value></Data>
          <Data name="district"><value>Non Sa-at</value></Data>
          <Data name="province"><value>Udon Thani</value></Data>
          <Data name="lat"><value>16.9669984</value></Data>
          <Data name="lon"><value>102.8974029</value></Data>
          <Data name="coord_source"><value>osm_th_raw</value></Data>
          <Data name="ttg_url"><value></value></Data>
          <Data name="is_new"><value>False</value></Data>
        </ExtendedData>
        <Point><coordinates>102.8974029,16.9669984,0</coordinates></Point>
      </Placemark>
      <Placemark>
        <name>Non Sung</name>
        <description>&lt;b&gt;Non Sung / โนนสูง&lt;/b&gt;&lt;br/&gt;Code:นโ. Class:1 Line:Northeastern&lt;br/&gt;District:Non Sung Province:Nakhon Ratchasima&lt;br/&gt;Source:osm_th_raw </description>
        <styleUrl>#style_class_1</styleUrl>
        <ExtendedData>
          <Data name="name_en"><value>Non Sung</value></Data>
          <Data name="name_th"><value>โนนสูง</value></Data>
          <Data name="code"><value>นโ.</value></Data>
          <Data name="class"><value>1</value></Data>
          <Data name="line"><value>Northeastern</value></Data>
          <Data name="district"><value>Non Sung</value></Data>
          <Data name="province"><value>Nakhon Ratchasima</value></Data>
          <Data name="lat"><value>15.1768901</value></Data>
          <Data name="lon"><value>102.2481227</value></Data>
          <Data name="coord_source"><value>osm_th_raw</value></Data>
          <Data name="ttg_url"><value></value></Data>
          <Data name="is_new"><value>False</value></Data>
        </ExtendedData>
        <Point><coordinates>102.2481227,15.1768901,0</coordinates></Point>
      </Placemark>
      <Placemark>
        <name>Non Thong Lang</name>
        <description>&lt;b&gt;Non Thong Lang / โนนทองหลาง&lt;/b&gt;&lt;br/&gt;Code: Class:Halt Line:Northeastern&lt;br/&gt;District: Province:&lt;br/&gt;Source:osm_fuzzy_en_0.96 </description>
        <styleUrl>#style_class_Halt</styleUrl>
        <ExtendedData>
          <Data name="name_en"><value>Non Thong Lang</value></Data>
          <Data name="name_th"><value>โนนทองหลาง</value></Data>
          <Data name="code"><value></value></Data>
          <Data name="class"><value>Halt</value></Data>
          <Data name="line"><value>Northeastern</value></Data>
          <Data name="district"><value></value></Data>
          <Data name="province"><value></value></Data>
          <Data name="lat"><value>15.512801</value></Data>
          <Data name="lon"><value>102.3757797</value></Data>
          <Data name="coord_source"><value>osm_fuzzy_en_0.96</value></Data>
          <Data name="ttg_url"><value></value></Data>
          <Data name="is_new"><value>False</value></Data>
        </ExtendedData>
        <Point><coordinates>102.3757797,15.512801,0</coordinates></Point>
      </Placemark>
      <Placemark>
        <name>Nong Bua Junction</name>
        <description>&lt;b&gt;Nong Bua Junction / ชุมทางหนองบัว&lt;/b&gt;&lt;br/&gt;Code: Class:Halt Line:Northeastern&lt;br/&gt;District: Province:&lt;br/&gt;Source:osm_en </description>
        <styleUrl>#style_class_Halt</styleUrl>
        <ExtendedData>
          <Data name="name_en"><value>Nong Bua Junction</value></Data>
          <Data name="name_th"><value>ชุมทางหนองบัว</value></Data>
          <Data name="code"><value></value></Data>
          <Data name="class"><value>Halt</value></Data>
          <Data name="line"><value>Northeastern</value></Data>
          <Data name="district"><value></value></Data>
          <Data name="province"><value></value></Data>
          <Data name="lat"><value>14.5557708</value></Data>
          <Data name="lon"><value>100.9627994</value></Data>
          <Data name="coord_source"><value>osm_en</value></Data>
          <Data name="ttg_url"><value></value></Data>
          <Data name="is_new"><value>False</value></Data>
        </ExtendedData>
        <Point><coordinates>100.9627994,14.5557708,0</coordinates></Point>
      </Placemark>
      <Placemark>
        <name>Nong Bua Lai</name>
        <description>&lt;b&gt;Nong Bua Lai / หนองบัวลาย&lt;/b&gt;&lt;br/&gt;Code: Class:Halt Line:Northeastern&lt;br/&gt;District: Province:&lt;br/&gt;Source:osm_en </description>
        <styleUrl>#style_class_Halt</styleUrl>
        <ExtendedData>
          <Data name="name_en"><value>Nong Bua Lai</value></Data>
          <Data name="name_th"><value>หนองบัวลาย</value></Data>
          <Data name="code"><value></value></Data>
          <Data name="class"><value>Halt</value></Data>
          <Data name="line"><value>Northeastern</value></Data>
          <Data name="district"><value></value></Data>
          <Data name="province"><value></value></Data>
          <Data name="lat"><value>15.6683098</value></Data>
          <Data name="lon"><value>102.4966394</value></Data>
          <Data name="coord_source"><value>osm_en</value></Data>
          <Data name="ttg_url"><value></value></Data>
          <Data name="is_new"><value>False</value></Data>
        </ExtendedData>
        <Point><coordinates>102.4966394,15.6683098,0</coordinates></Point>
      </Placemark>
      <Placemark>
        <name>Nong Chim</name>
        <description>&lt;b&gt;Nong Chim / หนองฉิม&lt;/b&gt;&lt;br/&gt;Code: Class:Halt Line:Northeastern&lt;br/&gt;District: Province:&lt;br/&gt;Source:osm_en </description>
        <styleUrl>#style_class_Halt</styleUrl>
        <ExtendedData>
          <Data name="name_en"><value>Nong Chim</value></Data>
          <Data name="name_th"><value>หนองฉิม</value></Data>
          <Data name="code"><value></value></Data>
          <Data name="class"><value>Halt</value></Data>
          <Data name="line"><value>Northeastern</value></Data>
          <Data name="district"><value></value></Data>
          <Data name="province"><value></value></Data>
          <Data name="lat"><value>15.5717096</value></Data>
          <Data name="lon"><value>101.9527497</value></Data>
          <Data name="coord_source"><value>osm_en</value></Data>
          <Data name="ttg_url"><value></value></Data>
          <Data name="is_new"><value>False</value></Data>
        </ExtendedData>
        <Point><coordinates>101.9527497,15.5717096,0</coordinates></Point>
      </Placemark>
      <Placemark>
        <name>Nong Khaen</name>
        <description>&lt;b&gt;Nong Khaen / หนองแคน&lt;/b&gt;&lt;br/&gt;Code: Class:Halt Line:Northeastern&lt;br/&gt;District: Province:&lt;br/&gt;Source:osm_fuzzy_en_0.95 </description>
        <styleUrl>#style_class_Halt</styleUrl>
        <ExtendedData>
          <Data name="name_en"><value>Nong Khaen</value></Data>
          <Data name="name_th"><value>หนองแคน</value></Data>
          <Data name="code"><value></value></Data>
          <Data name="class"><value>Halt</value></Data>
          <Data name="line"><value>Northeastern</value></Data>
          <Data name="district"><value></value></Data>
          <Data name="province"><value></value></Data>
          <Data name="lat"><value>15.0863936</value></Data>
          <Data name="lon"><value>104.0943041</value></Data>
          <Data name="coord_source"><value>osm_fuzzy_en_0.95</value></Data>
          <Data name="ttg_url"><value></value></Data>
          <Data name="is_new"><value>False</value></Data>
        </ExtendedData>
        <Point><coordinates>104.0943041,15.0863936,0</coordinates></Point>
      </Placemark>
      <Placemark>
        <name>Nong Khai</name>
        <description>&lt;b&gt;Nong Khai / หนองคาย&lt;/b&gt;&lt;br/&gt;Code:นค. Class:1 Line:Northeastern&lt;br/&gt;District:Mueang Province:Nong Khai&lt;br/&gt;Source:osm_th_raw </description>
        <styleUrl>#style_class_1</styleUrl>
        <ExtendedData>
          <Data name="name_en"><value>Nong Khai</value></Data>
          <Data name="name_th"><value>หนองคาย</value></Data>
          <Data name="code"><value>นค.</value></Data>
          <Data name="class"><value>1</value></Data>
          <Data name="line"><value>Northeastern</value></Data>
          <Data name="district"><value>Mueang</value></Data>
          <Data name="province"><value>Nong Khai</value></Data>
          <Data name="lat"><value>17.8644642</value></Data>
          <Data name="lon"><value>102.7309677</value></Data>
          <Data name="coord_source"><value>osm_th_raw</value></Data>
          <Data name="ttg_url"><value></value></Data>
          <Data name="is_new"><value>False</value></Data>
        </ExtendedData>
        <Point><coordinates>102.7309677,17.8644642,0</coordinates></Point>
      </Placemark>
      <Placemark>
        <name>Nong Khai Nam</name>
        <description>&lt;b&gt;Nong Khai Nam / หนองคายน้ำ&lt;/b&gt;&lt;br/&gt;Code: Class:Halt Line:Northeastern&lt;br/&gt;District:Mueang Province:Nakhon Ratchasima&lt;br/&gt;Source:osm_en </description>
        <styleUrl>#style_class_Halt</styleUrl>
        <ExtendedData>
          <Data name="name_en"><value>Nong Khai Nam</value></Data>
          <Data name="name_th"><value>หนองคายน้ำ</value></Data>
          <Data name="code"><value></value></Data>
          <Data name="class"><value>Halt</value></Data>
          <Data name="line"><value>Northeastern</value></Data>
          <Data name="district"><value>Mueang</value></Data>
          <Data name="province"><value>Nakhon Ratchasima</value></Data>
          <Data name="lat"><value>15.0898087</value></Data>
          <Data name="lon"><value>102.1802235</value></Data>
          <Data name="coord_source"><value>osm_en</value></Data>
          <Data name="ttg_url"><value></value></Data>
          <Data name="is_new"><value>False</value></Data>
        </ExtendedData>
        <Point><coordinates>102.1802235,15.0898087,0</coordinates></Point>
      </Placemark>
      <Placemark>
        <name>Nong Khon Kwang</name>
        <description>&lt;b&gt;Nong Khon Kwang / หนองขอนกว้าง&lt;/b&gt;&lt;br/&gt;Code: Class:Halt Line:Northeastern&lt;br/&gt;District: Province:&lt;br/&gt;Source:osm_en </description>
        <styleUrl>#style_class_Halt</styleUrl>
        <ExtendedData>
          <Data name="name_en"><value>Nong Khon Kwang</value></Data>
          <Data name="name_th"><value>หนองขอนกว้าง</value></Data>
          <Data name="code"><value></value></Data>
          <Data name="class"><value>Halt</value></Data>
          <Data name="line"><value>Northeastern</value></Data>
          <Data name="district"><value></value></Data>
          <Data name="province"><value></value></Data>
          <Data name="lat"><value>17.3752613</value></Data>
          <Data name="lon"><value>102.81311</value></Data>
          <Data name="coord_source"><value>osm_en</value></Data>
          <Data name="ttg_url"><value></value></Data>
          <Data name="is_new"><value>False</value></Data>
        </ExtendedData>
        <Point><coordinates>102.81311,17.3752613,0</coordinates></Point>
      </Placemark>
      <Placemark>
        <name>Nong Krathing</name>
        <description>&lt;b&gt;Nong Krathing / หนองกระทิง&lt;/b&gt;&lt;br/&gt;Code: Class:Halt Line:Northeastern&lt;br/&gt;District: Province:&lt;br/&gt;Source:osm_en </description>
        <styleUrl>#style_class_Halt</styleUrl>
        <ExtendedData>
          <Data name="name_en"><value>Nong Krathing</value></Data>
          <Data name="name_th"><value>หนองกระทิง</value></Data>
          <Data name="code"><value></value></Data>
          <Data name="class"><value>Halt</value></Data>
          <Data name="line"><value>Northeastern</value></Data>
          <Data name="district"><value></value></Data>
          <Data name="province"><value></value></Data>
          <Data name="lat"><value>15.0058898</value></Data>
          <Data name="lon"><value>102.7559092</value></Data>
          <Data name="coord_source"><value>osm_en</value></Data>
          <Data name="ttg_url"><value></value></Data>
          <Data name="is_new"><value>False</value></Data>
        </ExtendedData>
        <Point><coordinates>102.7559092,15.0058898,0</coordinates></Point>
      </Placemark>
      <Placemark>
        <name>Nong Kuai</name>
        <description>&lt;b&gt;Nong Kuai / หนองกวย&lt;/b&gt;&lt;br/&gt;Code: Class:Halt Line:Northeastern&lt;br/&gt;District: Province:&lt;br/&gt;Source:osm_en </description>
        <styleUrl>#style_class_Halt</styleUrl>
        <ExtendedData>
          <Data name="name_en"><value>Nong Kuai</value></Data>
          <Data name="name_th"><value>หนองกวย</value></Data>
          <Data name="code"><value></value></Data>
          <Data name="class"><value>Halt</value></Data>
          <Data name="line"><value>Northeastern</value></Data>
          <Data name="district"><value></value></Data>
          <Data name="province"><value></value></Data>
          <Data name="lat"><value>14.4737413</value></Data>
          <Data name="lon"><value>100.7572108</value></Data>
          <Data name="coord_source"><value>osm_en</value></Data>
          <Data name="ttg_url"><value></value></Data>
          <Data name="is_new"><value>False</value></Data>
        </ExtendedData>
        <Point><coordinates>100.7572108,14.4737413,0</coordinates></Point>
      </Placemark>
      <Placemark>
        <name>Nong Maeo</name>
        <description>&lt;b&gt;Nong Maeo / หนองแมว&lt;/b&gt;&lt;br/&gt;Code: Class:Halt Line:Northeastern&lt;br/&gt;District: Province:&lt;br/&gt;Source:osm_en </description>
        <styleUrl>#style_class_Halt</styleUrl>
        <ExtendedData>
          <Data name="name_en"><value>Nong Maeo</value></Data>
          <Data name="name_th"><value>หนองแมว</value></Data>
          <Data name="code"><value></value></Data>
          <Data name="class"><value>Halt</value></Data>
          <Data name="line"><value>Northeastern</value></Data>
          <Data name="district"><value></value></Data>
          <Data name="province"><value></value></Data>
          <Data name="lat"><value>15.1408111</value></Data>
          <Data name="lon"><value>102.2163301</value></Data>
          <Data name="coord_source"><value>osm_en</value></Data>
          <Data name="ttg_url"><value></value></Data>
          <Data name="is_new"><value>False</value></Data>
        </ExtendedData>
        <Point><coordinates>102.2163301,15.1408111,0</coordinates></Point>
      </Placemark>
      <Placemark>
        <name>Nong Makhuea</name>
        <description>&lt;b&gt;Nong Makhuea / หนองมะเขือ&lt;/b&gt;&lt;br/&gt;Code: Class:Halt Line:Northeastern&lt;br/&gt;District: Province:&lt;br/&gt;Source:osm_en </description>
        <styleUrl>#style_class_Halt</styleUrl>
        <ExtendedData>
          <Data name="name_en"><value>Nong Makhuea</value></Data>
          <Data name="name_th"><value>หนองมะเขือ</value></Data>
          <Data name="code"><value></value></Data>
          <Data name="class"><value>Halt</value></Data>
          <Data name="line"><value>Northeastern</value></Data>
          <Data name="district"><value></value></Data>
          <Data name="province"><value></value></Data>
          <Data name="lat"><value>15.7584027</value></Data>
          <Data name="lon"><value>102.5671728</value></Data>
          <Data name="coord_source"><value>osm_en</value></Data>
          <Data name="ttg_url"><value></value></Data>
          <Data name="is_new"><value>False</value></Data>
        </ExtendedData>
        <Point><coordinates>102.5671728,15.7584027,0</coordinates></Point>
      </Placemark>
      <Placemark>
        <name>Nong Manorom</name>
        <description>&lt;b&gt;Nong Manorom / หนองมโนรมย์&lt;/b&gt;&lt;br/&gt;Code: Class:Halt Line:Northeastern&lt;br/&gt;District:Chakkarat District Province:Nakhon Ratchasima&lt;br/&gt;Source:osm_en </description>
        <styleUrl>#style_class_Halt</styleUrl>
        <ExtendedData>
          <Data name="name_en"><value>Nong Manorom</value></Data>
          <Data name="name_th"><value>หนองมโนรมย์</value></Data>
          <Data name="code"><value></value></Data>
          <Data name="class"><value>Halt</value></Data>
          <Data name="line"><value>Northeastern</value></Data>
          <Data name="district"><value>Chakkarat District</value></Data>
          <Data name="province"><value>Nakhon Ratchasima</value></Data>
          <Data name="lat"><value>15.0131562</value></Data>
          <Data name="lon"><value>102.3467351</value></Data>
          <Data name="coord_source"><value>osm_en</value></Data>
          <Data name="ttg_url"><value></value></Data>
          <Data name="is_new"><value>False</value></Data>
        </ExtendedData>
        <Point><coordinates>102.3467351,15.0131562,0</coordinates></Point>
      </Placemark>
      <Placemark>
        <name>Nong Nam Khun</name>
        <description>&lt;b&gt;Nong Nam Khun / หนองน้ำขุ่น&lt;/b&gt;&lt;br/&gt;Code: Class:Halt Line:Northeastern&lt;br/&gt;District: Province:&lt;br/&gt;Source:osm_en </description>
        <styleUrl>#style_class_Halt</styleUrl>
        <ExtendedData>
          <Data name="name_en"><value>Nong Nam Khun</value></Data>
          <Data name="name_th"><value>หนองน้ำขุ่น</value></Data>
          <Data name="code"><value></value></Data>
          <Data name="class"><value>Halt</value></Data>
          <Data name="line"><value>Northeastern</value></Data>
          <Data name="district"><value></value></Data>
          <Data name="province"><value></value></Data>
          <Data name="lat"><value>14.8818589</value></Data>
          <Data name="lon"><value>101.6717591</value></Data>
          <Data name="coord_source"><value>osm_en</value></Data>
          <Data name="ttg_url"><value></value></Data>
          <Data name="is_new"><value>False</value></Data>
        </ExtendedData>
        <Point><coordinates>101.6717591,14.8818589,0</coordinates></Point>
      </Placemark>
      <Placemark>
        <name>Nong Phluang</name>
        <description>&lt;b&gt;Nong Phluang / หนองพลวง&lt;/b&gt;&lt;br/&gt;Code: Class:Halt Line:Northeastern&lt;br/&gt;District: Province:&lt;br/&gt;Source:osm_en </description>
        <styleUrl>#style_class_Halt</styleUrl>
        <ExtendedData>
          <Data name="name_en"><value>Nong Phluang</value></Data>
          <Data name="name_th"><value>หนองพลวง</value></Data>
          <Data name="code"><value></value></Data>
          <Data name="class"><value>Halt</value></Data>
          <Data name="line"><value>Northeastern</value></Data>
          <Data name="district"><value></value></Data>
          <Data name="province"><value></value></Data>
          <Data name="lat"><value>15.5989463</value></Data>
          <Data name="lon"><value>102.2484774</value></Data>
          <Data name="coord_source"><value>osm_en</value></Data>
          <Data name="ttg_url"><value></value></Data>
          <Data name="is_new"><value>False</value></Data>
        </ExtendedData>
        <Point><coordinates>102.2484774,15.5989463,0</coordinates></Point>
      </Placemark>
      <Placemark>
        <name>Nong Saeng</name>
        <description>&lt;b&gt;Nong Saeng / หนองแซง&lt;/b&gt;&lt;br/&gt;Code:นซ. Class:2 Line:Northeastern&lt;br/&gt;District:Nong Saeng Province:Saraburi&lt;br/&gt;Source:osm_th_raw </description>
        <styleUrl>#style_class_2</styleUrl>
        <ExtendedData>
          <Data name="name_en"><value>Nong Saeng</value></Data>
          <Data name="name_th"><value>หนองแซง</value></Data>
          <Data name="code"><value>นซ.</value></Data>
          <Data name="class"><value>2</value></Data>
          <Data name="line"><value>Northeastern</value></Data>
          <Data name="district"><value>Nong Saeng</value></Data>
          <Data name="province"><value>Saraburi</value></Data>
          <Data name="lat"><value>14.4907749</value></Data>
          <Data name="lon"><value>100.784439</value></Data>
          <Data name="coord_source"><value>osm_th_raw</value></Data>
          <Data name="ttg_url"><value></value></Data>
          <Data name="is_new"><value>False</value></Data>
        </ExtendedData>
        <Point><coordinates>100.784439,14.4907749,0</coordinates></Point>
      </Placemark>
      <Placemark>
        <name>Nong Sida</name>
        <description>&lt;b&gt;Nong Sida / หนองสีดา&lt;/b&gt;&lt;br/&gt;Code: Class:Halt Line:Northeastern&lt;br/&gt;District: Province:&lt;br/&gt;Source:osm_en </description>
        <styleUrl>#style_class_Halt</styleUrl>
        <ExtendedData>
          <Data name="name_en"><value>Nong Sida</value></Data>
          <Data name="name_th"><value>หนองสีดา</value></Data>
          <Data name="code"><value></value></Data>
          <Data name="class"><value>Halt</value></Data>
          <Data name="line"><value>Northeastern</value></Data>
          <Data name="district"><value></value></Data>
          <Data name="province"><value></value></Data>
          <Data name="lat"><value>14.5161305</value></Data>
          <Data name="lon"><value>100.8247547</value></Data>
          <Data name="coord_source"><value>osm_en</value></Data>
          <Data name="ttg_url"><value></value></Data>
          <Data name="is_new"><value>False</value></Data>
        </ExtendedData>
        <Point><coordinates>100.8247547,14.5161305,0</coordinates></Point>
      </Placemark>
      <Placemark>
        <name>Nong Takai</name>
        <description>&lt;b&gt;Nong Takai / หนองตะไก้&lt;/b&gt;&lt;br/&gt;Code: Class:Halt Line:Northeastern&lt;br/&gt;District: Province:&lt;br/&gt;Source:osm_en </description>
        <styleUrl>#style_class_Halt</styleUrl>
        <ExtendedData>
          <Data name="name_en"><value>Nong Takai</value></Data>
          <Data name="name_th"><value>หนองตะไก้</value></Data>
          <Data name="code"><value></value></Data>
          <Data name="class"><value>Halt</value></Data>
          <Data name="line"><value>Northeastern</value></Data>
          <Data name="district"><value></value></Data>
          <Data name="province"><value></value></Data>
          <Data name="lat"><value>17.2673053</value></Data>
          <Data name="lon"><value>102.8945569</value></Data>
          <Data name="coord_source"><value>osm_en</value></Data>
          <Data name="ttg_url"><value></value></Data>
          <Data name="is_new"><value>False</value></Data>
        </ExtendedData>
        <Point><coordinates>102.8945569,17.2673053,0</coordinates></Point>
      </Placemark>
      <Placemark>
        <name>Nong Teng</name>
        <description>&lt;b&gt;Nong Teng / หนองเต็ง&lt;/b&gt;&lt;br/&gt;Code: Class:Halt Line:Northeastern&lt;br/&gt;District: Province:&lt;br/&gt;Source:osm_en </description>
        <styleUrl>#style_class_Halt</styleUrl>
        <ExtendedData>
          <Data name="name_en"><value>Nong Teng</value></Data>
          <Data name="name_th"><value>หนองเต็ง</value></Data>
          <Data name="code"><value></value></Data>
          <Data name="class"><value>Halt</value></Data>
          <Data name="line"><value>Northeastern</value></Data>
          <Data name="district"><value></value></Data>
          <Data name="province"><value></value></Data>
          <Data name="lat"><value>14.9088171</value></Data>
          <Data name="lon"><value>103.3630781</value></Data>
          <Data name="coord_source"><value>osm_en</value></Data>
          <Data name="ttg_url"><value></value></Data>
          <Data name="is_new"><value>False</value></Data>
        </ExtendedData>
        <Point><coordinates>103.3630781,14.9088171,0</coordinates></Point>
      </Placemark>
      <Placemark>
        <name>Nong Waeng</name>
        <description>&lt;b&gt;Nong Waeng / หนองแวง&lt;/b&gt;&lt;br/&gt;Code: Class:Halt Line:Northeastern&lt;br/&gt;District: Province:&lt;br/&gt;Source:osm_en </description>
        <styleUrl>#style_class_Halt</styleUrl>
        <ExtendedData>
          <Data name="name_en"><value>Nong Waeng</value></Data>
          <Data name="name_th"><value>หนองแวง</value></Data>
          <Data name="code"><value></value></Data>
          <Data name="class"><value>Halt</value></Data>
          <Data name="line"><value>Northeastern</value></Data>
          <Data name="district"><value></value></Data>
          <Data name="province"><value></value></Data>
          <Data name="lat"><value>15.1070248</value></Data>
          <Data name="lon"><value>104.4391457</value></Data>
          <Data name="coord_source"><value>osm_en</value></Data>
          <Data name="ttg_url"><value></value></Data>
          <Data name="is_new"><value>False</value></Data>
        </ExtendedData>
        <Point><coordinates>104.4391457,15.1070248,0</coordinates></Point>
      </Placemark>
      <Placemark>
        <name>Pa Sak Jolasid Dam</name>
        <description>&lt;b&gt;Pa Sak Jolasid Dam / เขื่อนป่าสักชลสิทธิ์&lt;/b&gt;&lt;br/&gt;Code: Class:Halt Line:Northeastern&lt;br/&gt;District: Province:&lt;br/&gt;Source:osm_fuzzy_en_0.97 </description>
        <styleUrl>#style_class_Halt</styleUrl>
        <ExtendedData>
          <Data name="name_en"><value>Pa Sak Jolasid Dam</value></Data>
          <Data name="name_th"><value>เขื่อนป่าสักชลสิทธิ์</value></Data>
          <Data name="code"><value></value></Data>
          <Data name="class"><value>Halt</value></Data>
          <Data name="line"><value>Northeastern</value></Data>
          <Data name="district"><value></value></Data>
          <Data name="province"><value></value></Data>
          <Data name="lat"><value>14.8668986</value></Data>
          <Data name="lon"><value>101.0620622</value></Data>
          <Data name="coord_source"><value>osm_fuzzy_en_0.97</value></Data>
          <Data name="ttg_url"><value></value></Data>
          <Data name="is_new"><value>False</value></Data>
        </ExtendedData>
        <Point><coordinates>101.0620622,14.8668986,0</coordinates></Point>
      </Placemark>
      <Placemark>
        <name>Pak Chong</name>
        <description>&lt;b&gt;Pak Chong / ปากช่อง&lt;/b&gt;&lt;br/&gt;Code:ปช. Class:1 Line:Northeastern&lt;br/&gt;District:Pak Chong Province:Nakhon Ratchasima&lt;br/&gt;Source:osm_th_raw </description>
        <styleUrl>#style_class_1</styleUrl>
        <ExtendedData>
          <Data name="name_en"><value>Pak Chong</value></Data>
          <Data name="name_th"><value>ปากช่อง</value></Data>
          <Data name="code"><value>ปช.</value></Data>
          <Data name="class"><value>1</value></Data>
          <Data name="line"><value>Northeastern</value></Data>
          <Data name="district"><value>Pak Chong</value></Data>
          <Data name="province"><value>Nakhon Ratchasima</value></Data>
          <Data name="lat"><value>14.7050481</value></Data>
          <Data name="lon"><value>101.4105911</value></Data>
          <Data name="coord_source"><value>osm_th_raw</value></Data>
          <Data name="ttg_url"><value></value></Data>
          <Data name="is_new"><value>False</value></Data>
        </ExtendedData>
        <Point><coordinates>101.4105911,14.7050481,0</coordinates></Point>
      </Placemark>
      <Placemark>
        <name>Pang Asok</name>
        <description>&lt;b&gt;Pang Asok / ปางอโศก&lt;/b&gt;&lt;br/&gt;Code: Class:Halt Line:Northeastern&lt;br/&gt;District: Province:&lt;br/&gt;Source:osm_en </description>
        <styleUrl>#style_class_Halt</styleUrl>
        <ExtendedData>
          <Data name="name_en"><value>Pang Asok</value></Data>
          <Data name="name_th"><value>ปางอโศก</value></Data>
          <Data name="code"><value></value></Data>
          <Data name="class"><value>Halt</value></Data>
          <Data name="line"><value>Northeastern</value></Data>
          <Data name="district"><value></value></Data>
          <Data name="province"><value></value></Data>
          <Data name="lat"><value>14.6534984</value></Data>
          <Data name="lon"><value>101.2999403</value></Data>
          <Data name="coord_source"><value>osm_en</value></Data>
          <Data name="ttg_url"><value></value></Data>
          <Data name="is_new"><value>False</value></Data>
        </ExtendedData>
        <Point><coordinates>101.2999403,14.6534984,0</coordinates></Point>
      </Placemark>
      <Placemark>
        <name>Phaendin Thong</name>
        <description>&lt;b&gt;Phaendin Thong / แผ่นดินทอง&lt;/b&gt;&lt;br/&gt;Code: Class:Halt Line:Northeastern&lt;br/&gt;District: Province:&lt;br/&gt;Source:osm_en </description>
        <styleUrl>#style_class_Halt</styleUrl>
        <ExtendedData>
          <Data name="name_en"><value>Phaendin Thong</value></Data>
          <Data name="name_th"><value>แผ่นดินทอง</value></Data>
          <Data name="code"><value></value></Data>
          <Data name="class"><value>Halt</value></Data>
          <Data name="line"><value>Northeastern</value></Data>
          <Data name="district"><value></value></Data>
          <Data name="province"><value></value></Data>
          <Data name="lat"><value>15.2502428</value></Data>
          <Data name="lon"><value>101.2605966</value></Data>
          <Data name="coord_source"><value>osm_en</value></Data>
          <Data name="ttg_url"><value></value></Data>
          <Data name="is_new"><value>False</value></Data>
        </ExtendedData>
        <Point><coordinates>101.2605966,15.2502428,0</coordinates></Point>
      </Placemark>
      <Placemark>
        <name>Phon Songkhram</name>
        <description>&lt;b&gt;Phon Songkhram / พลสงคราม&lt;/b&gt;&lt;br/&gt;Code: Class:Halt Line:Northeastern&lt;br/&gt;District: Province:&lt;br/&gt;Source:osm_en </description>
        <styleUrl>#style_class_Halt</styleUrl>
        <ExtendedData>
          <Data name="name_en"><value>Phon Songkhram</value></Data>
          <Data name="name_th"><value>พลสงคราม</value></Data>
          <Data name="code"><value></value></Data>
          <Data name="class"><value>Halt</value></Data>
          <Data name="line"><value>Northeastern</value></Data>
          <Data name="district"><value></value></Data>
          <Data name="province"><value></value></Data>
          <Data name="lat"><value>15.3483047</value></Data>
          <Data name="lon"><value>102.3035469</value></Data>
          <Data name="coord_source"><value>osm_en</value></Data>
          <Data name="ttg_url"><value></value></Data>
          <Data name="is_new"><value>False</value></Data>
        </ExtendedData>
        <Point><coordinates>102.3035469,15.3483047,0</coordinates></Point>
      </Placemark>
      <Placemark>
        <name>Phu Khao Lat</name>
        <description>&lt;b&gt;Phu Khao Lat / ภูเขาลาด&lt;/b&gt;&lt;br/&gt;Code: Class:Halt Line:Northeastern&lt;br/&gt;District: Province:&lt;br/&gt;Source:osm_fuzzy_en_0.96 </description>
        <styleUrl>#style_class_Halt</styleUrl>
        <ExtendedData>
          <Data name="name_en"><value>Phu Khao Lat</value></Data>
          <Data name="name_th"><value>ภูเขาลาด</value></Data>
          <Data name="code"><value></value></Data>
          <Data name="class"><value>Halt</value></Data>
          <Data name="line"><value>Northeastern</value></Data>
          <Data name="district"><value></value></Data>
          <Data name="province"><value></value></Data>
          <Data name="lat"><value>14.9561351</value></Data>
          <Data name="lon"><value>102.0237132</value></Data>
          <Data name="coord_source"><value>osm_fuzzy_en_0.96</value></Data>
          <Data name="ttg_url"><value></value></Data>
          <Data name="is_new"><value>False</value></Data>
        </ExtendedData>
        <Point><coordinates>102.0237132,14.9561351,0</coordinates></Point>
      </Placemark>
      <Placemark>
        <name>Ramathibodi Hospital</name>
        <description>&lt;b&gt;Ramathibodi Hospital / โรงพยาบาลรามาธิบดี&lt;/b&gt;&lt;br/&gt;Code: Class:Halt Line:Northeastern&lt;br/&gt;District: Province:&lt;br/&gt;Source:osm_en </description>
        <styleUrl>#style_class_Halt</styleUrl>
        <ExtendedData>
          <Data name="name_en"><value>Ramathibodi Hospital</value></Data>
          <Data name="name_th"><value>โรงพยาบาลรามาธิบดี</value></Data>
          <Data name="code"><value></value></Data>
          <Data name="class"><value>Halt</value></Data>
          <Data name="line"><value>Northeastern</value></Data>
          <Data name="district"><value></value></Data>
          <Data name="province"><value></value></Data>
          <Data name="lat"><value>13.7685073</value></Data>
          <Data name="lon"><value>100.5255047</value></Data>
          <Data name="coord_source"><value>osm_en</value></Data>
          <Data name="ttg_url"><value></value></Data>
          <Data name="is_new"><value>False</value></Data>
        </ExtendedData>
        <Point><coordinates>100.5255047,13.7685073,0</coordinates></Point>
      </Placemark>
      <Placemark>
        <name>Sala Din</name>
        <description>&lt;b&gt;Sala Din / ศาลาดิน&lt;/b&gt;&lt;br/&gt;Code: Class:Halt Line:Northeastern&lt;br/&gt;District: Province:&lt;br/&gt;Source:osm_en </description>
        <styleUrl>#style_class_Halt</styleUrl>
        <ExtendedData>
          <Data name="name_en"><value>Sala Din</value></Data>
          <Data name="name_th"><value>ศาลาดิน</value></Data>
          <Data name="code"><value></value></Data>
          <Data name="class"><value>Halt</value></Data>
          <Data name="line"><value>Northeastern</value></Data>
          <Data name="district"><value></value></Data>
          <Data name="province"><value></value></Data>
          <Data name="lat"><value>15.7062265</value></Data>
          <Data name="lon"><value>102.5231332</value></Data>
          <Data name="coord_source"><value>osm_en</value></Data>
          <Data name="ttg_url"><value></value></Data>
          <Data name="is_new"><value>False</value></Data>
        </ExtendedData>
        <Point><coordinates>102.5231332,15.7062265,0</coordinates></Point>
      </Placemark>
      <Placemark>
        <name>Samran</name>
        <description>&lt;b&gt;Samran / สำราญ&lt;/b&gt;&lt;br/&gt;Code:าญ. Class:2 Line:Northeastern&lt;br/&gt;District:Mueang Province:Khon Kaen&lt;br/&gt;Source:osm_th_raw </description>
        <styleUrl>#style_class_2</styleUrl>
        <ExtendedData>
          <Data name="name_en"><value>Samran</value></Data>
          <Data name="name_th"><value>สำราญ</value></Data>
          <Data name="code"><value>าญ.</value></Data>
          <Data name="class"><value>2</value></Data>
          <Data name="line"><value>Northeastern</value></Data>
          <Data name="district"><value>Mueang</value></Data>
          <Data name="province"><value>Khon Kaen</value></Data>
          <Data name="lat"><value>16.517094</value></Data>
          <Data name="lon"><value>102.8430467</value></Data>
          <Data name="coord_source"><value>osm_th_raw</value></Data>
          <Data name="ttg_url"><value></value></Data>
          <Data name="is_new"><value>False</value></Data>
        </ExtendedData>
        <Point><coordinates>102.8430467,16.517094,0</coordinates></Point>
      </Placemark>
      <Placemark>
        <name>Samrong Thap</name>
        <description>&lt;b&gt;Samrong Thap / สำโรงทาบ&lt;/b&gt;&lt;br/&gt;Code:สบ. Class:2 Line:Northeastern&lt;br/&gt;District:Samrong Thap Province:Surin&lt;br/&gt;Source:osm_th_raw </description>
        <styleUrl>#style_class_2</styleUrl>
        <ExtendedData>
          <Data name="name_en"><value>Samrong Thap</value></Data>
          <Data name="name_th"><value>สำโรงทาบ</value></Data>
          <Data name="code"><value>สบ.</value></Data>
          <Data name="class"><value>2</value></Data>
          <Data name="line"><value>Northeastern</value></Data>
          <Data name="district"><value>Samrong Thap</value></Data>
          <Data name="province"><value>Surin</value></Data>
          <Data name="lat"><value>15.0209222</value></Data>
          <Data name="lon"><value>103.9405674</value></Data>
          <Data name="coord_source"><value>osm_th_raw</value></Data>
          <Data name="ttg_url"><value></value></Data>
          <Data name="is_new"><value>False</value></Data>
        </ExtendedData>
        <Point><coordinates>103.9405674,15.0209222,0</coordinates></Point>
      </Placemark>
      <Placemark>
        <name>Sap Muang</name>
        <description>&lt;b&gt;Sap Muang / ซับม่วง&lt;/b&gt;&lt;br/&gt;Code: Class:Halt Line:Northeastern&lt;br/&gt;District: Province:&lt;br/&gt;Source:osm_en </description>
        <styleUrl>#style_class_Halt</styleUrl>
        <ExtendedData>
          <Data name="name_en"><value>Sap Muang</value></Data>
          <Data name="name_th"><value>ซับม่วง</value></Data>
          <Data name="code"><value></value></Data>
          <Data name="class"><value>Halt</value></Data>
          <Data name="line"><value>Northeastern</value></Data>
          <Data name="district"><value></value></Data>
          <Data name="province"><value></value></Data>
          <Data name="lat"><value>14.7617422</value></Data>
          <Data name="lon"><value>101.4555114</value></Data>
          <Data name="coord_source"><value>osm_en</value></Data>
          <Data name="ttg_url"><value></value></Data>
          <Data name="is_new"><value>False</value></Data>
        </ExtendedData>
        <Point><coordinates>101.4555114,14.7617422,0</coordinates></Point>
      </Placemark>
      <Placemark>
        <name>Saraburi</name>
        <description>&lt;b&gt;Saraburi / สระบุรี&lt;/b&gt;&lt;br/&gt;Code:ะร. Class:1 Line:Northeastern&lt;br/&gt;District:Mueang Province:Saraburi&lt;br/&gt;Source:osm_th_raw </description>
        <styleUrl>#style_class_1</styleUrl>
        <ExtendedData>
          <Data name="name_en"><value>Saraburi</value></Data>
          <Data name="name_th"><value>สระบุรี</value></Data>
          <Data name="code"><value>ะร.</value></Data>
          <Data name="class"><value>1</value></Data>
          <Data name="line"><value>Northeastern</value></Data>
          <Data name="district"><value>Mueang</value></Data>
          <Data name="province"><value>Saraburi</value></Data>
          <Data name="lat"><value>14.5273879</value></Data>
          <Data name="lon"><value>100.916216</value></Data>
          <Data name="coord_source"><value>osm_th_raw</value></Data>
          <Data name="ttg_url"><value></value></Data>
          <Data name="is_new"><value>False</value></Data>
        </ExtendedData>
        <Point><coordinates>100.916216,14.5273879,0</coordinates></Point>
      </Placemark>
      <Placemark>
        <name>Sikhio</name>
        <description>&lt;b&gt;Sikhio / สีคิ้ว&lt;/b&gt;&lt;br/&gt;Code:สค. Class:2 Line:Northeastern&lt;br/&gt;District:Sikhio Province:Nakhon Ratchasima&lt;br/&gt;Source:osm_th_raw </description>
        <styleUrl>#style_class_2</styleUrl>
        <ExtendedData>
          <Data name="name_en"><value>Sikhio</value></Data>
          <Data name="name_th"><value>สีคิ้ว</value></Data>
          <Data name="code"><value>สค.</value></Data>
          <Data name="class"><value>2</value></Data>
          <Data name="line"><value>Northeastern</value></Data>
          <Data name="district"><value>Sikhio</value></Data>
          <Data name="province"><value>Nakhon Ratchasima</value></Data>
          <Data name="lat"><value>14.8931154</value></Data>
          <Data name="lon"><value>101.7213478</value></Data>
          <Data name="coord_source"><value>osm_th_raw</value></Data>
          <Data name="ttg_url"><value></value></Data>
          <Data name="is_new"><value>False</value></Data>
        </ExtendedData>
        <Point><coordinates>101.7213478,14.8931154,0</coordinates></Point>
      </Placemark>
      <Placemark>
        <name>Sikhoraphum</name>
        <description>&lt;b&gt;Sikhoraphum / ศีขรภูมิ&lt;/b&gt;&lt;br/&gt;Code:รภ. Class:1 Line:Northeastern&lt;br/&gt;District:Sikhoraphum Province:Surin&lt;br/&gt;Source:osm_th_raw </description>
        <styleUrl>#style_class_1</styleUrl>
        <ExtendedData>
          <Data name="name_en"><value>Sikhoraphum</value></Data>
          <Data name="name_th"><value>ศีขรภูมิ</value></Data>
          <Data name="code"><value>รภ.</value></Data>
          <Data name="class"><value>1</value></Data>
          <Data name="line"><value>Northeastern</value></Data>
          <Data name="district"><value>Sikhoraphum</value></Data>
          <Data name="province"><value>Surin</value></Data>
          <Data name="lat"><value>14.9452046</value></Data>
          <Data name="lon"><value>103.7863978</value></Data>
          <Data name="coord_source"><value>osm_th_raw</value></Data>
          <Data name="ttg_url"><value></value></Data>
          <Data name="is_new"><value>False</value></Data>
        </ExtendedData>
        <Point><coordinates>103.7863978,14.9452046,0</coordinates></Point>
      </Placemark>
      <Placemark>
        <name>Sisaket</name>
        <description>&lt;b&gt;Sisaket / ศรีสะเกษ&lt;/b&gt;&lt;br/&gt;Code:เก. Class:1 Line:Northeastern&lt;br/&gt;District:Mueang Province:Sisaket&lt;br/&gt;Source:osm_th_raw </description>
        <styleUrl>#style_class_1</styleUrl>
        <ExtendedData>
          <Data name="name_en"><value>Sisaket</value></Data>
          <Data name="name_th"><value>ศรีสะเกษ</value></Data>
          <Data name="code"><value>เก.</value></Data>
          <Data name="class"><value>1</value></Data>
          <Data name="line"><value>Northeastern</value></Data>
          <Data name="district"><value>Mueang</value></Data>
          <Data name="province"><value>Sisaket</value></Data>
          <Data name="lat"><value>15.1163243</value></Data>
          <Data name="lon"><value>104.3273597</value></Data>
          <Data name="coord_source"><value>osm_th_raw</value></Data>
          <Data name="ttg_url"><value></value></Data>
          <Data name="is_new"><value>False</value></Data>
        </ExtendedData>
        <Point><coordinates>104.3273597,15.1163243,0</coordinates></Point>
      </Placemark>
      <Placemark>
        <name>Sung Noen</name>
        <description>&lt;b&gt;Sung Noen / สูงเนิน&lt;/b&gt;&lt;br/&gt;Code:สน. Class:2 Line:Northeastern&lt;br/&gt;District:Sung Noen Province:Nakhon Ratchasima&lt;br/&gt;Source:osm_th_raw </description>
        <styleUrl>#style_class_2</styleUrl>
        <ExtendedData>
          <Data name="name_en"><value>Sung Noen</value></Data>
          <Data name="name_th"><value>สูงเนิน</value></Data>
          <Data name="code"><value>สน.</value></Data>
          <Data name="class"><value>2</value></Data>
          <Data name="line"><value>Northeastern</value></Data>
          <Data name="district"><value>Sung Noen</value></Data>
          <Data name="province"><value>Nakhon Ratchasima</value></Data>
          <Data name="lat"><value>14.8999202</value></Data>
          <Data name="lon"><value>101.8147138</value></Data>
          <Data name="coord_source"><value>osm_th_raw</value></Data>
          <Data name="ttg_url"><value></value></Data>
          <Data name="is_new"><value>False</value></Data>
        </ExtendedData>
        <Point><coordinates>101.8147138,14.8999202,0</coordinates></Point>
      </Placemark>
      <Placemark>
        <name>Suranarai</name>
        <description>&lt;b&gt;Suranarai / สุรนารายณ์&lt;/b&gt;&lt;br/&gt;Code: Class:Halt Line:Northeastern&lt;br/&gt;District: Province:&lt;br/&gt;Source:osm_en </description>
        <styleUrl>#style_class_Halt</styleUrl>
        <ExtendedData>
          <Data name="name_en"><value>Suranarai</value></Data>
          <Data name="name_th"><value>สุรนารายณ์</value></Data>
          <Data name="code"><value></value></Data>
          <Data name="class"><value>Halt</value></Data>
          <Data name="line"><value>Northeastern</value></Data>
          <Data name="district"><value></value></Data>
          <Data name="province"><value></value></Data>
          <Data name="lat"><value>15.07013</value></Data>
          <Data name="lon"><value>101.0172521</value></Data>
          <Data name="coord_source"><value>osm_en</value></Data>
          <Data name="ttg_url"><value></value></Data>
          <Data name="is_new"><value>False</value></Data>
        </ExtendedData>
        <Point><coordinates>101.0172521,15.07013,0</coordinates></Point>
      </Placemark>
      <Placemark>
        <name>Surin</name>
        <description>&lt;b&gt;Surin / สุรินทร์&lt;/b&gt;&lt;br/&gt;Code:สร. Class:1 Line:Northeastern&lt;br/&gt;District:Mueang Province:Surin&lt;br/&gt;Source:osm_th_raw </description>
        <styleUrl>#style_class_1</styleUrl>
        <ExtendedData>
          <Data name="name_en"><value>Surin</value></Data>
          <Data name="name_th"><value>สุรินทร์</value></Data>
          <Data name="code"><value>สร.</value></Data>
          <Data name="class"><value>1</value></Data>
          <Data name="line"><value>Northeastern</value></Data>
          <Data name="district"><value>Mueang</value></Data>
          <Data name="province"><value>Surin</value></Data>
          <Data name="lat"><value>14.8915918</value></Data>
          <Data name="lon"><value>103.4939967</value></Data>
          <Data name="coord_source"><value>osm_th_raw</value></Data>
          <Data name="ttg_url"><value></value></Data>
          <Data name="is_new"><value>False</value></Data>
        </ExtendedData>
        <Point><coordinates>103.4939967,14.8915918,0</coordinates></Point>
      </Placemark>
      <Placemark>
        <name>Talat Lam Narai</name>
        <description>&lt;b&gt;Talat Lam Narai / ตลาดลำนารายณ์&lt;/b&gt;&lt;br/&gt;Code: Class:Halt Line:Northeastern&lt;br/&gt;District: Province:&lt;br/&gt;Source:osm_en </description>
        <styleUrl>#style_class_Halt</styleUrl>
        <ExtendedData>
          <Data name="name_en"><value>Talat Lam Narai</value></Data>
          <Data name="name_th"><value>ตลาดลำนารายณ์</value></Data>
          <Data name="code"><value></value></Data>
          <Data name="class"><value>Halt</value></Data>
          <Data name="line"><value>Northeastern</value></Data>
          <Data name="district"><value></value></Data>
          <Data name="province"><value></value></Data>
          <Data name="lat"><value>15.2104969</value></Data>
          <Data name="lon"><value>101.130776</value></Data>
          <Data name="coord_source"><value>osm_en</value></Data>
          <Data name="ttg_url"><value></value></Data>
          <Data name="is_new"><value>False</value></Data>
        </ExtendedData>
        <Point><coordinates>101.130776,15.2104969,0</coordinates></Point>
      </Placemark>
      <Placemark>
        <name>Tha Chang Northeast</name>
        <description>&lt;b&gt;Tha Chang Northeast / ท่าช้าง&lt;/b&gt;&lt;br/&gt;Code:ชา. Class:3 Line:Northeastern&lt;br/&gt;District:Chaloem Phra Kiat Province:Nakhon Ratchasima&lt;br/&gt;Source:osm_th_raw </description>
        <styleUrl>#style_class_3</styleUrl>
        <ExtendedData>
          <Data name="name_en"><value>Tha Chang Northeast</value></Data>
          <Data name="name_th"><value>ท่าช้าง</value></Data>
          <Data name="code"><value>ชา.</value></Data>
          <Data name="class"><value>3</value></Data>
          <Data name="line"><value>Northeastern</value></Data>
          <Data name="district"><value>Chaloem Phra Kiat</value></Data>
          <Data name="province"><value>Nakhon Ratchasima</value></Data>
          <Data name="lat"><value>15.002</value></Data>
          <Data name="lon"><value>102.2744</value></Data>
          <Data name="coord_source"><value>osm_th_raw</value></Data>
          <Data name="ttg_url"><value></value></Data>
          <Data name="is_new"><value>False</value></Data>
        </ExtendedData>
        <Point><coordinates>102.2744,15.002,0</coordinates></Point>
      </Placemark>
      <Placemark>
        <name>Tha Phra</name>
        <description>&lt;b&gt;Tha Phra / ท่าพระ&lt;/b&gt;&lt;br/&gt;Code: Class:Halt Line:Northeastern&lt;br/&gt;District: Province:&lt;br/&gt;Source:osm_en </description>
        <styleUrl>#style_class_Halt</styleUrl>
        <ExtendedData>
          <Data name="name_en"><value>Tha Phra</value></Data>
          <Data name="name_th"><value>ท่าพระ</value></Data>
          <Data name="code"><value></value></Data>
          <Data name="class"><value>Halt</value></Data>
          <Data name="line"><value>Northeastern</value></Data>
          <Data name="district"><value></value></Data>
          <Data name="province"><value></value></Data>
          <Data name="lat"><value>16.3397518</value></Data>
          <Data name="lon"><value>102.8047386</value></Data>
          <Data name="coord_source"><value>osm_en</value></Data>
          <Data name="ttg_url"><value></value></Data>
          <Data name="is_new"><value>False</value></Data>
        </ExtendedData>
        <Point><coordinates>102.8047386,16.3397518,0</coordinates></Point>
      </Placemark>
      <Placemark>
        <name>Thamen Chai</name>
        <description>&lt;b&gt;Thamen Chai / ทะเมนชัย&lt;/b&gt;&lt;br/&gt;Code:มช. Class:2 Line:Northeastern&lt;br/&gt;District:Lam Plai Mat Province:Buriram&lt;br/&gt;Source:osm_th_raw </description>
        <styleUrl>#style_class_2</styleUrl>
        <ExtendedData>
          <Data name="name_en"><value>Thamen Chai</value></Data>
          <Data name="name_th"><value>ทะเมนชัย</value></Data>
          <Data name="code"><value>มช.</value></Data>
          <Data name="class"><value>2</value></Data>
          <Data name="line"><value>Northeastern</value></Data>
          <Data name="district"><value>Lam Plai Mat</value></Data>
          <Data name="province"><value>Buriram</value></Data>
          <Data name="lat"><value>15.0305257</value></Data>
          <Data name="lon"><value>102.9139059</value></Data>
          <Data name="coord_source"><value>osm_th_raw</value></Data>
          <Data name="ttg_url"><value></value></Data>
          <Data name="is_new"><value>False</value></Data>
        </ExtendedData>
        <Point><coordinates>102.9139059,15.0305257,0</coordinates></Point>
      </Placemark>
      <Placemark>
        <name>Thanon Chira Junction</name>
        <description>&lt;b&gt;Thanon Chira Junction / ชุมทางถนนจิระ&lt;/b&gt;&lt;br/&gt;Code:จร. Class:1 Line:Northeastern&lt;br/&gt;District:Mueang Province:Nakhon Ratchasima&lt;br/&gt;Source:osm_th_raw </description>
        <styleUrl>#style_class_1</styleUrl>
        <ExtendedData>
          <Data name="name_en"><value>Thanon Chira Junction</value></Data>
          <Data name="name_th"><value>ชุมทางถนนจิระ</value></Data>
          <Data name="code"><value>จร.</value></Data>
          <Data name="class"><value>1</value></Data>
          <Data name="line"><value>Northeastern</value></Data>
          <Data name="district"><value>Mueang</value></Data>
          <Data name="province"><value>Nakhon Ratchasima</value></Data>
          <Data name="lat"><value>14.9678193</value></Data>
          <Data name="lon"><value>102.1018736</value></Data>
          <Data name="coord_source"><value>osm_th_raw</value></Data>
          <Data name="ttg_url"><value></value></Data>
          <Data name="is_new"><value>False</value></Data>
        </ExtendedData>
        <Point><coordinates>102.1018736,14.9678193,0</coordinates></Point>
      </Placemark>
      <Placemark>
        <name>Ubon Ratchathani</name>
        <description>&lt;b&gt;Ubon Ratchathani / อุบลราชธานี&lt;/b&gt;&lt;br/&gt;Code:อน. Class:1 Line:Northeastern&lt;br/&gt;District:Warin Chamrap Province:Ubon Ratchathani&lt;br/&gt;Source:osm_th_raw &lt;a href='https://mymaps.usercontent.google.com/hostedimage/m/*/3AL_Y2X4qh14GvstJe1oMcMufPKzH221aEZCtSLxaKBQUi37cwJac4kXXp9E_g-pO9ZYqCiI23sJKJzAv_KXiaRhK4Gr2_PSUeHMju1Guop50epjfj9pjnTXPukrEaXHm1arsr_pg1thIZ-HREaJracrs8Q25NxBXiSeL_5t_9w8yPFGah9YJMqWDyJjzVmM-tE63DaZbp3T3QPxFLHFNZrDTAODlkeQ7yDZbIzyNiGvOqAce4k0VFMu6H_4JggY?authuser=0&amp;fife=s16383&quot;'&gt;TTG&lt;/a&gt;</description>
        <styleUrl>#style_class_1</styleUrl>
        <ExtendedData>
          <Data name="name_en"><value>Ubon Ratchathani</value></Data>
          <Data name="name_th"><value>อุบลราชธานี</value></Data>
          <Data name="code"><value>อน.</value></Data>
          <Data name="class"><value>1</value></Data>
          <Data name="line"><value>Northeastern</value></Data>
          <Data name="district"><value>Warin Chamrap</value></Data>
          <Data name="province"><value>Ubon Ratchathani</value></Data>
          <Data name="lat"><value>15.2006718</value></Data>
          <Data name="lon"><value>104.8585546</value></Data>
          <Data name="coord_source"><value>osm_th_raw</value></Data>
          <Data name="ttg_url"><value>https://mymaps.usercontent.google.com/hostedimage/m/*/3AL_Y2X4qh14GvstJe1oMcMufPKzH221aEZCtSLxaKBQUi37cwJac4kXXp9E_g-pO9ZYqCiI23sJKJzAv_KXiaRhK4Gr2_PSUeHMju1Guop50epjfj9pjnTXPukrEaXHm1arsr_pg1thIZ-HREaJracrs8Q25NxBXiSeL_5t_9w8yPFGah9YJMqWDyJjzVmM-tE63DaZbp3T3QPxFLHFNZrDTAODlkeQ7yDZbIzyNiGvOqAce4k0VFMu6H_4JggY?authuser=0&amp;fife=s16383&quot;</value></Data>
          <Data name="is_new"><value>False</value></Data>
        </ExtendedData>
        <Point><coordinates>104.8585546,15.2006718,0</coordinates></Point>
      </Placemark>
      <Placemark>
        <name>Udon Thani</name>
        <description>&lt;b&gt;Udon Thani / อุดรธานี&lt;/b&gt;&lt;br/&gt;Code:รด. Class:1 Line:Northeastern&lt;br/&gt;District:Mueang Province:Udon Thani&lt;br/&gt;Source:osm_th_raw </description>
        <styleUrl>#style_class_1</styleUrl>
        <ExtendedData>
          <Data name="name_en"><value>Udon Thani</value></Data>
          <Data name="name_th"><value>อุดรธานี</value></Data>
          <Data name="code"><value>รด.</value></Data>
          <Data name="class"><value>1</value></Data>
          <Data name="line"><value>Northeastern</value></Data>
          <Data name="district"><value>Mueang</value></Data>
          <Data name="province"><value>Udon Thani</value></Data>
          <Data name="lat"><value>17.4041726</value></Data>
          <Data name="lon"><value>102.8055689</value></Data>
          <Data name="coord_source"><value>osm_th_raw</value></Data>
          <Data name="ttg_url"><value></value></Data>
          <Data name="is_new"><value>False</value></Data>
        </ExtendedData>
        <Point><coordinates>102.8055689,17.4041726,0</coordinates></Point>
      </Placemark>
      <Placemark>
        <name>Uthumphon Phisai</name>
        <description>&lt;b&gt;Uthumphon Phisai / อุทุมพรพิสัย&lt;/b&gt;&lt;br/&gt;Code:อุ. Class:1 Line:Northeastern&lt;br/&gt;District:Uthumphon Phisai Province:Sisaket&lt;br/&gt;Source:osm_th_raw </description>
        <styleUrl>#style_class_1</styleUrl>
        <ExtendedData>
          <Data name="name_en"><value>Uthumphon Phisai</value></Data>
          <Data name="name_th"><value>อุทุมพรพิสัย</value></Data>
          <Data name="code"><value>อุ.</value></Data>
          <Data name="class"><value>1</value></Data>
          <Data name="line"><value>Northeastern</value></Data>
          <Data name="district"><value>Uthumphon Phisai</value></Data>
          <Data name="province"><value>Sisaket</value></Data>
          <Data name="lat"><value>15.1059962</value></Data>
          <Data name="lon"><value>104.1404286</value></Data>
          <Data name="coord_source"><value>osm_th_raw</value></Data>
          <Data name="ttg_url"><value></value></Data>
          <Data name="is_new"><value>False</value></Data>
        </ExtendedData>
        <Point><coordinates>104.1404286,15.1059962,0</coordinates></Point>
      </Placemark>
      <Placemark>
        <name>Vientiane (Khamsavath)</name>
        <description>&lt;b&gt;Vientiane (Khamsavath) / เวียงจันทน์ (คำสะหวาด)&lt;/b&gt;&lt;br/&gt;Code: Class:1 Line:Northeastern&lt;br/&gt;District: Province:Vientiane&lt;br/&gt;Source:unverified </description>
        <styleUrl>#style_class_1</styleUrl>
        <ExtendedData>
          <Data name="name_en"><value>Vientiane (Khamsavath)</value></Data>
          <Data name="name_th"><value>เวียงจันทน์ (คำสะหวาด)</value></Data>
          <Data name="code"><value></value></Data>
          <Data name="class"><value>1</value></Data>
          <Data name="line"><value>Northeastern</value></Data>
          <Data name="district"><value></value></Data>
          <Data name="province"><value>Vientiane</value></Data>
          <Data name="lat"><value>17.9543</value></Data>
          <Data name="lon"><value>102.6331</value></Data>
          <Data name="coord_source"><value>unverified</value></Data>
          <Data name="ttg_url"><value></value></Data>
          <Data name="is_new"><value>False</value></Data>
        </ExtendedData>
        <Point><coordinates>102.6331,17.9543,0</coordinates></Point>
      </Placemark>
      <Placemark>
        <name>Wang Ka-am</name>
        <description>&lt;b&gt;Wang Ka-am / วังกะอาม&lt;/b&gt;&lt;br/&gt;Code: Class:Halt Line:Northeastern&lt;br/&gt;District: Province:&lt;br/&gt;Source:osm_en </description>
        <styleUrl>#style_class_Halt</styleUrl>
        <ExtendedData>
          <Data name="name_en"><value>Wang Ka-am</value></Data>
          <Data name="name_th"><value>วังกะอาม</value></Data>
          <Data name="code"><value></value></Data>
          <Data name="class"><value>Halt</value></Data>
          <Data name="line"><value>Northeastern</value></Data>
          <Data name="district"><value></value></Data>
          <Data name="province"><value></value></Data>
          <Data name="lat"><value>15.4984072</value></Data>
          <Data name="lon"><value>101.7401798</value></Data>
          <Data name="coord_source"><value>osm_en</value></Data>
          <Data name="ttg_url"><value></value></Data>
          <Data name="is_new"><value>False</value></Data>
        </ExtendedData>
        <Point><coordinates>101.7401798,15.4984072,0</coordinates></Point>
      </Placemark>
    </Folder>
    <Folder>
      <name>Northeastern, Eastern Line</name>
      <open>0</open>
      <Placemark>
        <name>Ban Phai Na Bun Junction</name>
        <description>&lt;b&gt;Ban Phai Na Bun Junction / ชุมทางบ้านไผ่นาบุญ&lt;/b&gt;&lt;br/&gt;Code:บญ. Class:3 Line:Northeastern, Eastern&lt;br/&gt;District:Mueang Province:Saraburi&lt;br/&gt;Source:osm_th_raw </description>
        <styleUrl>#style_class_3</styleUrl>
        <ExtendedData>
          <Data name="name_en"><value>Ban Phai Na Bun Junction</value></Data>
          <Data name="name_th"><value>ชุมทางบ้านไผ่นาบุญ</value></Data>
          <Data name="code"><value>บญ.</value></Data>
          <Data name="class"><value>3</value></Data>
          <Data name="line"><value>Northeastern, Eastern</value></Data>
          <Data name="district"><value>Mueang</value></Data>
          <Data name="province"><value>Saraburi</value></Data>
          <Data name="lat"><value>14.5487424</value></Data>
          <Data name="lon"><value>100.9830144</value></Data>
          <Data name="coord_source"><value>osm_th_raw</value></Data>
          <Data name="ttg_url"><value></value></Data>
          <Data name="is_new"><value>False</value></Data>
        </ExtendedData>
        <Point><coordinates>100.9830144,14.5487424,0</coordinates></Point>
      </Placemark>
      <Placemark>
        <name>Kaeng Khoi Junction</name>
        <description>&lt;b&gt;Kaeng Khoi Junction / ชุมทางแก่งคอย&lt;/b&gt;&lt;br/&gt;Code:กค. Class:1 Line:Northeastern, Eastern&lt;br/&gt;District:Kaeng Khoi Province:Saraburi&lt;br/&gt;Source:osm_th_raw </description>
        <styleUrl>#style_class_1</styleUrl>
        <ExtendedData>
          <Data name="name_en"><value>Kaeng Khoi Junction</value></Data>
          <Data name="name_th"><value>ชุมทางแก่งคอย</value></Data>
          <Data name="code"><value>กค.</value></Data>
          <Data name="class"><value>1</value></Data>
          <Data name="line"><value>Northeastern, Eastern</value></Data>
          <Data name="district"><value>Kaeng Khoi</value></Data>
          <Data name="province"><value>Saraburi</value></Data>
          <Data name="lat"><value>14.5874804</value></Data>
          <Data name="lon"><value>101.0053349</value></Data>
          <Data name="coord_source"><value>osm_th_raw</value></Data>
          <Data name="ttg_url"><value></value></Data>
          <Data name="is_new"><value>False</value></Data>
        </ExtendedData>
        <Point><coordinates>101.0053349,14.5874804,0</coordinates></Point>
      </Placemark>
    </Folder>
    <Folder>
      <name>Northern Line</name>
      <open>0</open>
      <description>1 новых из thaitrainguide</description>
      <Placemark>
        <name>Ban Bung</name>
        <description>&lt;b&gt;Ban Bung / บ้านบุ่ง&lt;/b&gt;&lt;br/&gt;Code:บง. Class:4 Line:Northern&lt;br/&gt;District:Phrom Phiram Province:Phitsanulok&lt;br/&gt;Source:google_places </description>
        <styleUrl>#style_class_4</styleUrl>
        <ExtendedData>
          <Data name="name_en"><value>Ban Bung</value></Data>
          <Data name="name_th"><value>บ้านบุ่ง</value></Data>
          <Data name="code"><value>บง.</value></Data>
          <Data name="class"><value>4</value></Data>
          <Data name="line"><value>Northern</value></Data>
          <Data name="district"><value>Phrom Phiram</value></Data>
          <Data name="province"><value>Phitsanulok</value></Data>
          <Data name="lat"><value>17.169</value></Data>
          <Data name="lon"><value>100.1095</value></Data>
          <Data name="coord_source"><value>google_places</value></Data>
          <Data name="ttg_url"><value></value></Data>
          <Data name="is_new"><value>False</value></Data>
        </ExtendedData>
        <Point><coordinates>100.1095,17.169,0</coordinates></Point>
      </Placemark>
      <Placemark>
        <name>Ban Dan</name>
        <description>&lt;b&gt;Ban Dan / บ้านด่าน&lt;/b&gt;&lt;br/&gt;Code:บด. Class:4 Line:Northern&lt;br/&gt;District:Mueang Province:Uttaradit&lt;br/&gt;Source:google_places </description>
        <styleUrl>#style_class_4</styleUrl>
        <ExtendedData>
          <Data name="name_en"><value>Ban Dan</value></Data>
          <Data name="name_th"><value>บ้านด่าน</value></Data>
          <Data name="code"><value>บด.</value></Data>
          <Data name="class"><value>4</value></Data>
          <Data name="line"><value>Northern</value></Data>
          <Data name="district"><value>Mueang</value></Data>
          <Data name="province"><value>Uttaradit</value></Data>
          <Data name="lat"><value>17.7184</value></Data>
          <Data name="lon"><value>100.1276</value></Data>
          <Data name="coord_source"><value>google_places</value></Data>
          <Data name="ttg_url"><value></value></Data>
          <Data name="is_new"><value>False</value></Data>
        </ExtendedData>
        <Point><coordinates>100.1276,17.7184,0</coordinates></Point>
      </Placemark>
      <Placemark>
        <name>Ban Dara Junction</name>
        <description>&lt;b&gt;Ban Dara Junction / ชุมทางบ้านดารา&lt;/b&gt;&lt;br/&gt;Code:ดร. Class:3 Line:Northern&lt;br/&gt;District:Phichai Province:Uttaradit&lt;br/&gt;Source:google_places &lt;a href='https://www.thaitrainguide.com/stations/northern-line/ban-dara-junction/'&gt;TTG&lt;/a&gt;</description>
        <styleUrl>#style_class_3</styleUrl>
        <ExtendedData>
          <Data name="name_en"><value>Ban Dara Junction</value></Data>
          <Data name="name_th"><value>ชุมทางบ้านดารา</value></Data>
          <Data name="code"><value>ดร.</value></Data>
          <Data name="class"><value>3</value></Data>
          <Data name="line"><value>Northern</value></Data>
          <Data name="district"><value>Phichai</value></Data>
          <Data name="province"><value>Uttaradit</value></Data>
          <Data name="lat"><value>17.3832</value></Data>
          <Data name="lon"><value>100.083</value></Data>
          <Data name="coord_source"><value>google_places</value></Data>
          <Data name="ttg_url"><value>https://www.thaitrainguide.com/stations/northern-line/ban-dara-junction/</value></Data>
          <Data name="is_new"><value>False</value></Data>
        </ExtendedData>
        <Point><coordinates>100.083,17.3832,0</coordinates></Point>
      </Placemark>
      <Placemark>
        <name>Ban Khon</name>
        <description>&lt;b&gt;Ban Khon / บ้านโคน&lt;/b&gt;&lt;br/&gt;Code:บค. Class:3 Line:Northern&lt;br/&gt;District:Phichai Province:Uttaradit&lt;br/&gt;Source:osm_th_raw </description>
        <styleUrl>#style_class_3</styleUrl>
        <ExtendedData>
          <Data name="name_en"><value>Ban Khon</value></Data>
          <Data name="name_th"><value>บ้านโคน</value></Data>
          <Data name="code"><value>บค.</value></Data>
          <Data name="class"><value>3</value></Data>
          <Data name="line"><value>Northern</value></Data>
          <Data name="district"><value>Phichai</value></Data>
          <Data name="province"><value>Uttaradit</value></Data>
          <Data name="lat"><value>17.1994741</value></Data>
          <Data name="lon"><value>100.0792858</value></Data>
          <Data name="coord_source"><value>osm_th_raw</value></Data>
          <Data name="ttg_url"><value></value></Data>
          <Data name="is_new"><value>False</value></Data>
        </ExtendedData>
        <Point><coordinates>100.0792858,17.1994741,0</coordinates></Point>
      </Placemark>
      <Placemark>
        <name>Ban Klap</name>
        <description>&lt;b&gt;Ban Klap / บ้านกลับ&lt;/b&gt;&lt;br/&gt;Code:บก. Class:3 Line:Northern&lt;br/&gt;District:Nong Don Province:Saraburi&lt;br/&gt;Source:osm_th_raw </description>
        <styleUrl>#style_class_3</styleUrl>
        <ExtendedData>
          <Data name="name_en"><value>Ban Klap</value></Data>
          <Data name="name_th"><value>บ้านกลับ</value></Data>
          <Data name="code"><value>บก.</value></Data>
          <Data name="class"><value>3</value></Data>
          <Data name="line"><value>Northern</value></Data>
          <Data name="district"><value>Nong Don</value></Data>
          <Data name="province"><value>Saraburi</value></Data>
          <Data name="lat"><value>14.7207202</value></Data>
          <Data name="lon"><value>100.6783748</value></Data>
          <Data name="coord_source"><value>osm_th_raw</value></Data>
          <Data name="ttg_url"><value></value></Data>
          <Data name="is_new"><value>False</value></Data>
        </ExtendedData>
        <Point><coordinates>100.6783748,14.7207202,0</coordinates></Point>
      </Placemark>
      <Placemark>
        <name>Ban Kok Kwaow</name>
        <description>&lt;b&gt;Ban Kok Kwaow / บ้านกกกว้าว&lt;/b&gt;&lt;br/&gt;Code:ว้. Class:Halt Line:Northern&lt;br/&gt;District:Takhli Province:Nakhon Sawan&lt;br/&gt;Source:osm_th_raw </description>
        <styleUrl>#style_class_Halt</styleUrl>
        <ExtendedData>
          <Data name="name_en"><value>Ban Kok Kwaow</value></Data>
          <Data name="name_th"><value>บ้านกกกว้าว</value></Data>
          <Data name="code"><value>ว้.</value></Data>
          <Data name="class"><value>Halt</value></Data>
          <Data name="line"><value>Northern</value></Data>
          <Data name="district"><value>Takhli</value></Data>
          <Data name="province"><value>Nakhon Sawan</value></Data>
          <Data name="lat"><value>15.1414681</value></Data>
          <Data name="lon"><value>100.4420215</value></Data>
          <Data name="coord_source"><value>osm_th_raw</value></Data>
          <Data name="ttg_url"><value></value></Data>
          <Data name="is_new"><value>False</value></Data>
        </ExtendedData>
        <Point><coordinates>100.4420215,15.1414681,0</coordinates></Point>
      </Placemark>
      <Placemark>
        <name>Ban Mai</name>
        <description>&lt;b&gt;Ban Mai / บ้านใหม่&lt;/b&gt;&lt;br/&gt;Code:บห. Class:3 Line:Northern&lt;br/&gt;District:Mueang Province:Phitsanulok&lt;br/&gt;Source:osm_th_raw </description>
        <styleUrl>#style_class_3</styleUrl>
        <ExtendedData>
          <Data name="name_en"><value>Ban Mai</value></Data>
          <Data name="name_th"><value>บ้านใหม่</value></Data>
          <Data name="code"><value>บห.</value></Data>
          <Data name="class"><value>3</value></Data>
          <Data name="line"><value>Northern</value></Data>
          <Data name="district"><value>Mueang</value></Data>
          <Data name="province"><value>Phitsanulok</value></Data>
          <Data name="lat"><value>16.6901016</value></Data>
          <Data name="lon"><value>100.2729108</value></Data>
          <Data name="coord_source"><value>osm_th_raw</value></Data>
          <Data name="ttg_url"><value></value></Data>
          <Data name="is_new"><value>False</value></Data>
        </ExtendedData>
        <Point><coordinates>100.2729108,16.6901016,0</coordinates></Point>
      </Placemark>
      <Placemark>
        <name>Ban Mi</name>
        <description>&lt;b&gt;Ban Mi / บ้านหมี่&lt;/b&gt;&lt;br/&gt;Code:บม. Class:1 Line:Northern&lt;br/&gt;District:Ban Mi Province:Lopburi&lt;br/&gt;Source:google_places </description>
        <styleUrl>#style_class_1</styleUrl>
        <ExtendedData>
          <Data name="name_en"><value>Ban Mi</value></Data>
          <Data name="name_th"><value>บ้านหมี่</value></Data>
          <Data name="code"><value>บม.</value></Data>
          <Data name="class"><value>1</value></Data>
          <Data name="line"><value>Northern</value></Data>
          <Data name="district"><value>Ban Mi</value></Data>
          <Data name="province"><value>Lopburi</value></Data>
          <Data name="lat"><value>15.0394</value></Data>
          <Data name="lon"><value>100.5408</value></Data>
          <Data name="coord_source"><value>google_places</value></Data>
          <Data name="ttg_url"><value></value></Data>
          <Data name="is_new"><value>False</value></Data>
        </ExtendedData>
        <Point><coordinates>100.5408,15.0394,0</coordinates></Point>
      </Placemark>
      <Placemark>
        <name>Ban Mo</name>
        <description>&lt;b&gt;Ban Mo / บ้านหมอ&lt;/b&gt;&lt;br/&gt;Code:มอ. Class:1 Line:Northern&lt;br/&gt;District:Ban Mo Province:Saraburi&lt;br/&gt;Source:google_places </description>
        <styleUrl>#style_class_1</styleUrl>
        <ExtendedData>
          <Data name="name_en"><value>Ban Mo</value></Data>
          <Data name="name_th"><value>บ้านหมอ</value></Data>
          <Data name="code"><value>มอ.</value></Data>
          <Data name="class"><value>1</value></Data>
          <Data name="line"><value>Northern</value></Data>
          <Data name="district"><value>Ban Mo</value></Data>
          <Data name="province"><value>Saraburi</value></Data>
          <Data name="lat"><value>14.6169</value></Data>
          <Data name="lon"><value>100.7252</value></Data>
          <Data name="coord_source"><value>google_places</value></Data>
          <Data name="ttg_url"><value></value></Data>
          <Data name="is_new"><value>False</value></Data>
        </ExtendedData>
        <Point><coordinates>100.7252,14.6169,0</coordinates></Point>
      </Placemark>
      <Placemark>
        <name>Ban Pa Wai</name>
        <description>&lt;b&gt;Ban Pa Wai / บ้านป่าหวาย&lt;/b&gt;&lt;br/&gt;Code:ปว. Class:3 Line:Northern&lt;br/&gt;District:Mueang Province:Lopburi&lt;br/&gt;Source:osm_th_raw </description>
        <styleUrl>#style_class_3</styleUrl>
        <ExtendedData>
          <Data name="name_en"><value>Ban Pa Wai</value></Data>
          <Data name="name_th"><value>บ้านป่าหวาย</value></Data>
          <Data name="code"><value>ปว.</value></Data>
          <Data name="class"><value>3</value></Data>
          <Data name="line"><value>Northern</value></Data>
          <Data name="district"><value>Mueang</value></Data>
          <Data name="province"><value>Lopburi</value></Data>
          <Data name="lat"><value>14.7594533</value></Data>
          <Data name="lon"><value>100.6432369</value></Data>
          <Data name="coord_source"><value>osm_th_raw</value></Data>
          <Data name="ttg_url"><value></value></Data>
          <Data name="is_new"><value>False</value></Data>
        </ExtendedData>
        <Point><coordinates>100.6432369,14.7594533,0</coordinates></Point>
      </Placemark>
      <Placemark>
        <name>Ban Pin</name>
        <description>&lt;b&gt;Ban Pin / บ้านปิน&lt;/b&gt;&lt;br/&gt;Code:บป. Class:2 Line:Northern&lt;br/&gt;District:Long Province:Phrae&lt;br/&gt;Source:google_places </description>
        <styleUrl>#style_class_2</styleUrl>
        <ExtendedData>
          <Data name="name_en"><value>Ban Pin</value></Data>
          <Data name="name_th"><value>บ้านปิน</value></Data>
          <Data name="code"><value>บป.</value></Data>
          <Data name="class"><value>2</value></Data>
          <Data name="line"><value>Northern</value></Data>
          <Data name="district"><value>Long</value></Data>
          <Data name="province"><value>Phrae</value></Data>
          <Data name="lat"><value>18.096</value></Data>
          <Data name="lon"><value>99.867</value></Data>
          <Data name="coord_source"><value>google_places</value></Data>
          <Data name="ttg_url"><value></value></Data>
          <Data name="is_new"><value>False</value></Data>
        </ExtendedData>
        <Point><coordinates>99.867,18.096,0</coordinates></Point>
      </Placemark>
      <Placemark>
        <name>Ban Plak Raet</name>
        <description>&lt;b&gt;Ban Plak Raet / บ้านปลักแรด&lt;/b&gt;&lt;br/&gt;Code:แด. Class:Halt Line:Northern&lt;br/&gt;District:Tha Ruea Province:Phra Nakhon Si Ayutthaya&lt;br/&gt;Source:osm_th_raw </description>
        <styleUrl>#style_class_Halt</styleUrl>
        <ExtendedData>
          <Data name="name_en"><value>Ban Plak Raet</value></Data>
          <Data name="name_th"><value>บ้านปลักแรด</value></Data>
          <Data name="code"><value>แด.</value></Data>
          <Data name="class"><value>Halt</value></Data>
          <Data name="line"><value>Northern</value></Data>
          <Data name="district"><value>Tha Ruea</value></Data>
          <Data name="province"><value>Phra Nakhon Si Ayutthaya</value></Data>
          <Data name="lat"><value>14.5300799</value></Data>
          <Data name="lon"><value>100.7259501</value></Data>
          <Data name="coord_source"><value>osm_th_raw</value></Data>
          <Data name="ttg_url"><value></value></Data>
          <Data name="is_new"><value>False</value></Data>
        </ExtendedData>
        <Point><coordinates>100.7259501,14.5300799,0</coordinates></Point>
      </Placemark>
      <Placemark>
        <name>Ban Takhli</name>
        <description>&lt;b&gt;Ban Takhli / บ้านตาคลี&lt;/b&gt;&lt;br/&gt;Code:ตล. Class:1 Line:Northern&lt;br/&gt;District:Takhli Province:Nakhon Sawan&lt;br/&gt;Source:osm_th_raw </description>
        <styleUrl>#style_class_1</styleUrl>
        <ExtendedData>
          <Data name="name_en"><value>Ban Takhli</value></Data>
          <Data name="name_th"><value>บ้านตาคลี</value></Data>
          <Data name="code"><value>ตล.</value></Data>
          <Data name="class"><value>1</value></Data>
          <Data name="line"><value>Northern</value></Data>
          <Data name="district"><value>Takhli</value></Data>
          <Data name="province"><value>Nakhon Sawan</value></Data>
          <Data name="lat"><value>15.25294</value></Data>
          <Data name="lon"><value>100.3514746</value></Data>
          <Data name="coord_source"><value>osm_th_raw</value></Data>
          <Data name="ttg_url"><value></value></Data>
          <Data name="is_new"><value>False</value></Data>
        </ExtendedData>
        <Point><coordinates>100.3514746,15.25294,0</coordinates></Point>
      </Placemark>
      <Placemark>
        <name>Ban Teng Nam</name>
        <description>&lt;b&gt;Ban Teng Nam / บ้านเต็งหนาม&lt;/b&gt;&lt;br/&gt;Code:เห. Class:3 Line:Northern&lt;br/&gt;District:Mueang Province:Phitsanulok&lt;br/&gt;Source:osm_th_raw </description>
        <styleUrl>#style_class_3</styleUrl>
        <ExtendedData>
          <Data name="name_en"><value>Ban Teng Nam</value></Data>
          <Data name="name_th"><value>บ้านเต็งหนาม</value></Data>
          <Data name="code"><value>เห.</value></Data>
          <Data name="class"><value>3</value></Data>
          <Data name="line"><value>Northern</value></Data>
          <Data name="district"><value>Mueang</value></Data>
          <Data name="province"><value>Phitsanulok</value></Data>
          <Data name="lat"><value>16.8554916</value></Data>
          <Data name="lon"><value>100.2666171</value></Data>
          <Data name="coord_source"><value>osm_th_raw</value></Data>
          <Data name="ttg_url"><value></value></Data>
          <Data name="is_new"><value>False</value></Data>
        </ExtendedData>
        <Point><coordinates>100.2666171,16.8554916,0</coordinates></Point>
      </Placemark>
      <Placemark>
        <name>Ban Tum</name>
        <description>&lt;b&gt;Ban Tum / บ้านตูม&lt;/b&gt;&lt;br/&gt;Code:ตม. Class:3 Line:Northern&lt;br/&gt;District:Mueang Province:Phitsanulok&lt;br/&gt;Source:osm_th_raw </description>
        <styleUrl>#style_class_3</styleUrl>
        <ExtendedData>
          <Data name="name_en"><value>Ban Tum</value></Data>
          <Data name="name_th"><value>บ้านตูม</value></Data>
          <Data name="code"><value>ตม.</value></Data>
          <Data name="class"><value>3</value></Data>
          <Data name="line"><value>Northern</value></Data>
          <Data name="district"><value>Mueang</value></Data>
          <Data name="province"><value>Phitsanulok</value></Data>
          <Data name="lat"><value>16.9089905</value></Data>
          <Data name="lon"><value>100.2504351</value></Data>
          <Data name="coord_source"><value>osm_th_raw</value></Data>
          <Data name="ttg_url"><value></value></Data>
          <Data name="is_new"><value>False</value></Data>
        </ExtendedData>
        <Point><coordinates>100.2504351,16.9089905,0</coordinates></Point>
      </Placemark>
      <Placemark>
        <name>Bang Krathum</name>
        <description>&lt;b&gt;Bang Krathum / บางกระทุ่ม&lt;/b&gt;&lt;br/&gt;Code:ทม. Class:2 Line:Northern&lt;br/&gt;District:Bang Krathum Province:Phitsanulok&lt;br/&gt;Source:osm_th_raw </description>
        <styleUrl>#style_class_2</styleUrl>
        <ExtendedData>
          <Data name="name_en"><value>Bang Krathum</value></Data>
          <Data name="name_th"><value>บางกระทุ่ม</value></Data>
          <Data name="code"><value>ทม.</value></Data>
          <Data name="class"><value>2</value></Data>
          <Data name="line"><value>Northern</value></Data>
          <Data name="district"><value>Bang Krathum</value></Data>
          <Data name="province"><value>Phitsanulok</value></Data>
          <Data name="lat"><value>16.5766834</value></Data>
          <Data name="lon"><value>100.2990041</value></Data>
          <Data name="coord_source"><value>osm_th_raw</value></Data>
          <Data name="ttg_url"><value></value></Data>
          <Data name="is_new"><value>False</value></Data>
        </ExtendedData>
        <Point><coordinates>100.2990041,16.5766834,0</coordinates></Point>
      </Placemark>
      <Placemark>
        <name>Bang Mun Nak</name>
        <description>&lt;b&gt;Bang Mun Nak / บางมูลนาก&lt;/b&gt;&lt;br/&gt;Code:นา. Class:1 Line:Northern&lt;br/&gt;District:Bang Mun Nak Province:Phichit&lt;br/&gt;Source:osm_th_raw </description>
        <styleUrl>#style_class_1</styleUrl>
        <ExtendedData>
          <Data name="name_en"><value>Bang Mun Nak</value></Data>
          <Data name="name_th"><value>บางมูลนาก</value></Data>
          <Data name="code"><value>นา.</value></Data>
          <Data name="class"><value>1</value></Data>
          <Data name="line"><value>Northern</value></Data>
          <Data name="district"><value>Bang Mun Nak</value></Data>
          <Data name="province"><value>Phichit</value></Data>
          <Data name="lat"><value>16.0285797</value></Data>
          <Data name="lon"><value>100.381161</value></Data>
          <Data name="coord_source"><value>osm_th_raw</value></Data>
          <Data name="ttg_url"><value></value></Data>
          <Data name="is_new"><value>False</value></Data>
        </ExtendedData>
        <Point><coordinates>100.381161,16.0285797,0</coordinates></Point>
      </Placemark>
      <Placemark>
        <name>Bueng Boraphet</name>
        <description>&lt;b&gt;Bueng Boraphet / บึงบอระเพ็ด&lt;/b&gt;&lt;br/&gt;Code:เพ. Class:3 Line:Northern&lt;br/&gt;District:Mueang Province:Nakhon Sawan&lt;br/&gt;Source:osm_th_raw </description>
        <styleUrl>#style_class_3</styleUrl>
        <ExtendedData>
          <Data name="name_en"><value>Bueng Boraphet</value></Data>
          <Data name="name_th"><value>บึงบอระเพ็ด</value></Data>
          <Data name="code"><value>เพ.</value></Data>
          <Data name="class"><value>3</value></Data>
          <Data name="line"><value>Northern</value></Data>
          <Data name="district"><value>Mueang</value></Data>
          <Data name="province"><value>Nakhon Sawan</value></Data>
          <Data name="lat"><value>15.7241235</value></Data>
          <Data name="lon"><value>100.2109066</value></Data>
          <Data name="coord_source"><value>osm_th_raw</value></Data>
          <Data name="ttg_url"><value></value></Data>
          <Data name="is_new"><value>False</value></Data>
        </ExtendedData>
        <Point><coordinates>100.2109066,15.7241235,0</coordinates></Point>
      </Placemark>
      <Placemark>
        <name>Bueng Phra</name>
        <description>&lt;b&gt;Bueng Phra / บึงพระ&lt;/b&gt;&lt;br/&gt;Code:บะ. Class:1 Line:Northern&lt;br/&gt;District:Mueang Province:Phitsanulok&lt;br/&gt;Source:osm_th_raw </description>
        <styleUrl>#style_class_1</styleUrl>
        <ExtendedData>
          <Data name="name_en"><value>Bueng Phra</value></Data>
          <Data name="name_th"><value>บึงพระ</value></Data>
          <Data name="code"><value>บะ.</value></Data>
          <Data name="class"><value>1</value></Data>
          <Data name="line"><value>Northern</value></Data>
          <Data name="district"><value>Mueang</value></Data>
          <Data name="province"><value>Phitsanulok</value></Data>
          <Data name="lat"><value>16.7481115</value></Data>
          <Data name="lon"><value>100.2640645</value></Data>
          <Data name="coord_source"><value>osm_th_raw</value></Data>
          <Data name="ttg_url"><value></value></Data>
          <Data name="is_new"><value>False</value></Data>
        </ExtendedData>
        <Point><coordinates>100.2640645,16.7481115,0</coordinates></Point>
      </Placemark>
      <Placemark>
        <name>Chansen</name>
        <description>&lt;b&gt;Chansen / จันเสน&lt;/b&gt;&lt;br/&gt;Code:จส. Class:2 Line:Northern&lt;br/&gt;District:Takhli Province:Nakhon Sawan&lt;br/&gt;Source:osm_th_raw </description>
        <styleUrl>#style_class_2</styleUrl>
        <ExtendedData>
          <Data name="name_en"><value>Chansen</value></Data>
          <Data name="name_th"><value>จันเสน</value></Data>
          <Data name="code"><value>จส.</value></Data>
          <Data name="class"><value>2</value></Data>
          <Data name="line"><value>Northern</value></Data>
          <Data name="district"><value>Takhli</value></Data>
          <Data name="province"><value>Nakhon Sawan</value></Data>
          <Data name="lat"><value>15.1220657</value></Data>
          <Data name="lon"><value>100.4597141</value></Data>
          <Data name="coord_source"><value>osm_th_raw</value></Data>
          <Data name="ttg_url"><value></value></Data>
          <Data name="is_new"><value>False</value></Data>
        </ExtendedData>
        <Point><coordinates>100.4597141,15.1220657,0</coordinates></Point>
      </Placemark>
      <Placemark>
        <name>Chiang Mai</name>
        <description>&lt;b&gt;Chiang Mai / เชียงใหม่&lt;/b&gt;&lt;br/&gt;Code:ชม. Class:1 Line:Northern&lt;br/&gt;District:Mueang Province:Chiang Mai&lt;br/&gt;Source:google_places </description>
        <styleUrl>#style_class_1</styleUrl>
        <ExtendedData>
          <Data name="name_en"><value>Chiang Mai</value></Data>
          <Data name="name_th"><value>เชียงใหม่</value></Data>
          <Data name="code"><value>ชม.</value></Data>
          <Data name="class"><value>1</value></Data>
          <Data name="line"><value>Northern</value></Data>
          <Data name="district"><value>Mueang</value></Data>
          <Data name="province"><value>Chiang Mai</value></Data>
          <Data name="lat"><value>18.7836</value></Data>
          <Data name="lon"><value>99.0168</value></Data>
          <Data name="coord_source"><value>google_places</value></Data>
          <Data name="ttg_url"><value></value></Data>
          <Data name="is_new"><value>False</value></Data>
        </ExtendedData>
        <Point><coordinates>99.0168,18.7836,0</coordinates></Point>
      </Placemark>
      <Placemark>
        <name>Chong Khae</name>
        <description>&lt;b&gt;Chong Khae / ช่องแค&lt;/b&gt;&lt;br/&gt;Code:ชค. Class:1 Line:Northern&lt;br/&gt;District:Takhli Province:Nakhon Sawan&lt;br/&gt;Source:osm_th_raw </description>
        <styleUrl>#style_class_1</styleUrl>
        <ExtendedData>
          <Data name="name_en"><value>Chong Khae</value></Data>
          <Data name="name_th"><value>ช่องแค</value></Data>
          <Data name="code"><value>ชค.</value></Data>
          <Data name="class"><value>1</value></Data>
          <Data name="line"><value>Northern</value></Data>
          <Data name="district"><value>Takhli</value></Data>
          <Data name="province"><value>Nakhon Sawan</value></Data>
          <Data name="lat"><value>15.1649528</value></Data>
          <Data name="lon"><value>100.4204895</value></Data>
          <Data name="coord_source"><value>osm_th_raw</value></Data>
          <Data name="ttg_url"><value></value></Data>
          <Data name="is_new"><value>False</value></Data>
        </ExtendedData>
        <Point><coordinates>100.4204895,15.1649528,0</coordinates></Point>
      </Placemark>
      <Placemark>
        <name>Chum Saeng</name>
        <description>&lt;b&gt;Chum Saeng / ชุมแสง&lt;/b&gt;&lt;br/&gt;Code:ชส. Class:1 Line:Northern&lt;br/&gt;District:Chum Saeng Province:Nakhon Sawan&lt;br/&gt;Source:osm_th_raw </description>
        <styleUrl>#style_class_1</styleUrl>
        <ExtendedData>
          <Data name="name_en"><value>Chum Saeng</value></Data>
          <Data name="name_th"><value>ชุมแสง</value></Data>
          <Data name="code"><value>ชส.</value></Data>
          <Data name="class"><value>1</value></Data>
          <Data name="line"><value>Northern</value></Data>
          <Data name="district"><value>Chum Saeng</value></Data>
          <Data name="province"><value>Nakhon Sawan</value></Data>
          <Data name="lat"><value>15.8946494</value></Data>
          <Data name="lon"><value>100.3101192</value></Data>
          <Data name="coord_source"><value>osm_th_raw</value></Data>
          <Data name="ttg_url"><value></value></Data>
          <Data name="is_new"><value>False</value></Data>
        </ExtendedData>
        <Point><coordinates>100.3101192,15.8946494,0</coordinates></Point>
      </Placemark>
      <Placemark>
        <name>Den Chai</name>
        <description>&lt;b&gt;Den Chai / เด่นชัย&lt;/b&gt;&lt;br/&gt;Code:ดช. Class:1 Line:Northern&lt;br/&gt;District:Den Chai Province:Phrae&lt;br/&gt;Source:google_places </description>
        <styleUrl>#style_class_1</styleUrl>
        <ExtendedData>
          <Data name="name_en"><value>Den Chai</value></Data>
          <Data name="name_th"><value>เด่นชัย</value></Data>
          <Data name="code"><value>ดช.</value></Data>
          <Data name="class"><value>1</value></Data>
          <Data name="line"><value>Northern</value></Data>
          <Data name="district"><value>Den Chai</value></Data>
          <Data name="province"><value>Phrae</value></Data>
          <Data name="lat"><value>17.9804</value></Data>
          <Data name="lon"><value>100.0462</value></Data>
          <Data name="coord_source"><value>google_places</value></Data>
          <Data name="ttg_url"><value></value></Data>
          <Data name="is_new"><value>False</value></Data>
        </ExtendedData>
        <Point><coordinates>100.0462,17.9804,0</coordinates></Point>
      </Placemark>
      <Placemark>
        <name>Don Ya Nang</name>
        <description>&lt;b&gt;Don Ya Nang / ดอนหญ้านาง&lt;/b&gt;&lt;br/&gt;Code:ญา. Class:Halt Line:Northern&lt;br/&gt;District:Phachi Province:Phra Nakhon Si Ayutthaya&lt;br/&gt;Source:osm_th_raw </description>
        <styleUrl>#style_class_Halt</styleUrl>
        <ExtendedData>
          <Data name="name_en"><value>Don Ya Nang</value></Data>
          <Data name="name_th"><value>ดอนหญ้านาง</value></Data>
          <Data name="code"><value>ญา.</value></Data>
          <Data name="class"><value>Halt</value></Data>
          <Data name="line"><value>Northern</value></Data>
          <Data name="district"><value>Phachi</value></Data>
          <Data name="province"><value>Phra Nakhon Si Ayutthaya</value></Data>
          <Data name="lat"><value>14.4797237</value></Data>
          <Data name="lon"><value>100.728397</value></Data>
          <Data name="coord_source"><value>osm_th_raw</value></Data>
          <Data name="ttg_url"><value></value></Data>
          <Data name="is_new"><value>False</value></Data>
        </ExtendedData>
        <Point><coordinates>100.728397,14.4797237,0</coordinates></Point>
      </Placemark>
      <Placemark>
        <name>Dong Maku</name>
        <description>&lt;b&gt;Dong Maku / ดงมะกุ&lt;/b&gt;&lt;br/&gt;Code:ดง. Class:3 Line:Northern&lt;br/&gt;District:Takhli Province:Nakhon Sawan&lt;br/&gt;Source:osm_th_raw </description>
        <styleUrl>#style_class_3</styleUrl>
        <ExtendedData>
          <Data name="name_en"><value>Dong Maku</value></Data>
          <Data name="name_th"><value>ดงมะกุ</value></Data>
          <Data name="code"><value>ดง.</value></Data>
          <Data name="class"><value>3</value></Data>
          <Data name="line"><value>Northern</value></Data>
          <Data name="district"><value>Takhli</value></Data>
          <Data name="province"><value>Nakhon Sawan</value></Data>
          <Data name="lat"><value>15.3054778</value></Data>
          <Data name="lon"><value>100.331565</value></Data>
          <Data name="coord_source"><value>osm_th_raw</value></Data>
          <Data name="ttg_url"><value></value></Data>
          <Data name="is_new"><value>False</value></Data>
        </ExtendedData>
        <Point><coordinates>100.331565,15.3054778,0</coordinates></Point>
      </Placemark>
      <Placemark>
        <name>Dong Takhop</name>
        <description>&lt;b&gt;Dong Takhop / ดงตะขบ&lt;/b&gt;&lt;br/&gt;Code:ดข. Class:3 Line:Northern&lt;br/&gt;District:Bang Mun Nak Province:Phichit&lt;br/&gt;Source:osm_th_raw </description>
        <styleUrl>#style_class_3</styleUrl>
        <ExtendedData>
          <Data name="name_en"><value>Dong Takhop</value></Data>
          <Data name="name_th"><value>ดงตะขบ</value></Data>
          <Data name="code"><value>ดข.</value></Data>
          <Data name="class"><value>3</value></Data>
          <Data name="line"><value>Northern</value></Data>
          <Data name="district"><value>Bang Mun Nak</value></Data>
          <Data name="province"><value>Phichit</value></Data>
          <Data name="lat"><value>16.1386774</value></Data>
          <Data name="lon"><value>100.4148126</value></Data>
          <Data name="coord_source"><value>osm_th_raw</value></Data>
          <Data name="ttg_url"><value></value></Data>
          <Data name="is_new"><value>False</value></Data>
        </ExtendedData>
        <Point><coordinates>100.4148126,16.1386774,0</coordinates></Point>
      </Placemark>
      <Placemark>
        <name>Hang Chat</name>
        <description>&lt;b&gt;Hang Chat / ห้างฉัตร&lt;/b&gt;&lt;br/&gt;Code:หฉ. Class:3 Line:Northern&lt;br/&gt;District:Hang Chat Province:Lampang&lt;br/&gt;Source:osm_th_raw </description>
        <styleUrl>#style_class_3</styleUrl>
        <ExtendedData>
          <Data name="name_en"><value>Hang Chat</value></Data>
          <Data name="name_th"><value>ห้างฉัตร</value></Data>
          <Data name="code"><value>หฉ.</value></Data>
          <Data name="class"><value>3</value></Data>
          <Data name="line"><value>Northern</value></Data>
          <Data name="district"><value>Hang Chat</value></Data>
          <Data name="province"><value>Lampang</value></Data>
          <Data name="lat"><value>18.336169</value></Data>
          <Data name="lon"><value>99.3695614</value></Data>
          <Data name="coord_source"><value>osm_th_raw</value></Data>
          <Data name="ttg_url"><value></value></Data>
          <Data name="is_new"><value>False</value></Data>
        </ExtendedData>
        <Point><coordinates>99.3695614,18.336169,0</coordinates></Point>
      </Placemark>
      <Placemark>
        <name>Ho Krai</name>
        <description>&lt;b&gt;Ho Krai / หอไกร&lt;/b&gt;&lt;br/&gt;Code:ไก. Class:3 Line:Northern&lt;br/&gt;District:Bang Mun Nak Province:Phichit&lt;br/&gt;Source:osm_th_raw </description>
        <styleUrl>#style_class_3</styleUrl>
        <ExtendedData>
          <Data name="name_en"><value>Ho Krai</value></Data>
          <Data name="name_th"><value>หอไกร</value></Data>
          <Data name="code"><value>ไก.</value></Data>
          <Data name="class"><value>3</value></Data>
          <Data name="line"><value>Northern</value></Data>
          <Data name="district"><value>Bang Mun Nak</value></Data>
          <Data name="province"><value>Phichit</value></Data>
          <Data name="lat"><value>16.0820508</value></Data>
          <Data name="lon"><value>100.4056695</value></Data>
          <Data name="coord_source"><value>osm_th_raw</value></Data>
          <Data name="ttg_url"><value></value></Data>
          <Data name="is_new"><value>False</value></Data>
        </ExtendedData>
        <Point><coordinates>100.4056695,16.0820508,0</coordinates></Point>
      </Placemark>
      <Placemark>
        <name>Hua Dong</name>
        <description>&lt;b&gt;Hua Dong / หัวดง&lt;/b&gt;&lt;br/&gt;Code:หด. Class:2 Line:Northern&lt;br/&gt;District:Mueang Province:Phichit&lt;br/&gt;Source:osm_th_raw </description>
        <styleUrl>#style_class_2</styleUrl>
        <ExtendedData>
          <Data name="name_en"><value>Hua Dong</value></Data>
          <Data name="name_th"><value>หัวดง</value></Data>
          <Data name="code"><value>หด.</value></Data>
          <Data name="class"><value>2</value></Data>
          <Data name="line"><value>Northern</value></Data>
          <Data name="district"><value>Mueang</value></Data>
          <Data name="province"><value>Phichit</value></Data>
          <Data name="lat"><value>16.3392934</value></Data>
          <Data name="lon"><value>100.4031372</value></Data>
          <Data name="coord_source"><value>osm_th_raw</value></Data>
          <Data name="ttg_url"><value></value></Data>
          <Data name="is_new"><value>False</value></Data>
        </ExtendedData>
        <Point><coordinates>100.4031372,16.3392934,0</coordinates></Point>
      </Placemark>
      <Placemark>
        <name>Hua Ngiu</name>
        <description>&lt;b&gt;Hua Ngiu / หัวงิ้ว&lt;/b&gt;&lt;br/&gt;Code:หง. Class:3 Line:Northern&lt;br/&gt;District:Phayuha Khiri Province:Nakhon Sawan&lt;br/&gt;Source:osm_th_raw </description>
        <styleUrl>#style_class_3</styleUrl>
        <ExtendedData>
          <Data name="name_en"><value>Hua Ngiu</value></Data>
          <Data name="name_th"><value>หัวงิ้ว</value></Data>
          <Data name="code"><value>หง.</value></Data>
          <Data name="class"><value>3</value></Data>
          <Data name="line"><value>Northern</value></Data>
          <Data name="district"><value>Phayuha Khiri</value></Data>
          <Data name="province"><value>Nakhon Sawan</value></Data>
          <Data name="lat"><value>15.427277</value></Data>
          <Data name="lon"><value>100.2194591</value></Data>
          <Data name="coord_source"><value>osm_th_raw</value></Data>
          <Data name="ttg_url"><value></value></Data>
          <Data name="is_new"><value>False</value></Data>
        </ExtendedData>
        <Point><coordinates>100.2194591,15.427277,0</coordinates></Point>
      </Placemark>
      <Placemark>
        <name>Hua Wai</name>
        <description>&lt;b&gt;Hua Wai / หัวหวาย&lt;/b&gt;&lt;br/&gt;Code:หว. Class:3 Line:Northern&lt;br/&gt;District:Takhli Province:Nakhon Sawan&lt;br/&gt;Source:osm_th_raw </description>
        <styleUrl>#style_class_3</styleUrl>
        <ExtendedData>
          <Data name="name_en"><value>Hua Wai</value></Data>
          <Data name="name_th"><value>หัวหวาย</value></Data>
          <Data name="code"><value>หว.</value></Data>
          <Data name="class"><value>3</value></Data>
          <Data name="line"><value>Northern</value></Data>
          <Data name="district"><value>Takhli</value></Data>
          <Data name="province"><value>Nakhon Sawan</value></Data>
          <Data name="lat"><value>15.3492674</value></Data>
          <Data name="lon"><value>100.3127831</value></Data>
          <Data name="coord_source"><value>osm_th_raw</value></Data>
          <Data name="ttg_url"><value></value></Data>
          <Data name="is_new"><value>False</value></Data>
        </ExtendedData>
        <Point><coordinates>100.3127831,15.3492674,0</coordinates></Point>
      </Placemark>
      <Placemark>
        <name>Huai Kaeo</name>
        <description>&lt;b&gt;Huai Kaeo / ห้วยแก้ว&lt;/b&gt;&lt;br/&gt;Code:หก. Class:3 Line:Northern&lt;br/&gt;District:Ban Mi Province:Lopburi&lt;br/&gt;Source:osm_th_raw </description>
        <styleUrl>#style_class_3</styleUrl>
        <ExtendedData>
          <Data name="name_en"><value>Huai Kaeo</value></Data>
          <Data name="name_th"><value>ห้วยแก้ว</value></Data>
          <Data name="code"><value>หก.</value></Data>
          <Data name="class"><value>3</value></Data>
          <Data name="line"><value>Northern</value></Data>
          <Data name="district"><value>Ban Mi</value></Data>
          <Data name="province"><value>Lopburi</value></Data>
          <Data name="lat"><value>15.0702544</value></Data>
          <Data name="lon"><value>100.510629</value></Data>
          <Data name="coord_source"><value>osm_th_raw</value></Data>
          <Data name="ttg_url"><value></value></Data>
          <Data name="is_new"><value>False</value></Data>
        </ExtendedData>
        <Point><coordinates>100.510629,15.0702544,0</coordinates></Point>
      </Placemark>
      <Placemark>
        <name>Huai Ket</name>
        <description>&lt;b&gt;Huai Ket / ห้วยเกตุ&lt;/b&gt;&lt;br/&gt;Code:ยต. Class:3 Line:Northern&lt;br/&gt;District:Taphan Hin Province:Phichit&lt;br/&gt;Source:osm_th_raw </description>
        <styleUrl>#style_class_3</styleUrl>
        <ExtendedData>
          <Data name="name_en"><value>Huai Ket</value></Data>
          <Data name="name_th"><value>ห้วยเกตุ</value></Data>
          <Data name="code"><value>ยต.</value></Data>
          <Data name="class"><value>3</value></Data>
          <Data name="line"><value>Northern</value></Data>
          <Data name="district"><value>Taphan Hin</value></Data>
          <Data name="province"><value>Phichit</value></Data>
          <Data name="lat"><value>16.2733137</value></Data>
          <Data name="lon"><value>100.4253862</value></Data>
          <Data name="coord_source"><value>osm_th_raw</value></Data>
          <Data name="ttg_url"><value></value></Data>
          <Data name="is_new"><value>False</value></Data>
        </ExtendedData>
        <Point><coordinates>100.4253862,16.2733137,0</coordinates></Point>
      </Placemark>
      <Placemark>
        <name>Huai Rai</name>
        <description>&lt;b&gt;Huai Rai / ห้วยไร่&lt;/b&gt;&lt;br/&gt;Code: Class:Halt Line:Northern&lt;br/&gt;District: Province:&lt;br/&gt;Source:osm_en </description>
        <styleUrl>#style_class_Halt</styleUrl>
        <ExtendedData>
          <Data name="name_en"><value>Huai Rai</value></Data>
          <Data name="name_th"><value>ห้วยไร่</value></Data>
          <Data name="code"><value></value></Data>
          <Data name="class"><value>Halt</value></Data>
          <Data name="line"><value>Northern</value></Data>
          <Data name="district"><value></value></Data>
          <Data name="province"><value></value></Data>
          <Data name="lat"><value>17.8860118</value></Data>
          <Data name="lon"><value>100.0404497</value></Data>
          <Data name="coord_source"><value>osm_en</value></Data>
          <Data name="ttg_url"><value></value></Data>
          <Data name="is_new"><value>False</value></Data>
        </ExtendedData>
        <Point><coordinates>100.0404497,17.8860118,0</coordinates></Point>
      </Placemark>
      <Placemark>
        <name>Khun Tan</name>
        <description>&lt;b&gt;Khun Tan / ขุนตาน&lt;/b&gt;&lt;br/&gt;Code:ขน. Class:2 Line:Northern&lt;br/&gt;District:Mae Tha Province:Lamphun&lt;br/&gt;Source:osm_th_raw </description>
        <styleUrl>#style_class_2</styleUrl>
        <ExtendedData>
          <Data name="name_en"><value>Khun Tan</value></Data>
          <Data name="name_th"><value>ขุนตาน</value></Data>
          <Data name="code"><value>ขน.</value></Data>
          <Data name="class"><value>2</value></Data>
          <Data name="line"><value>Northern</value></Data>
          <Data name="district"><value>Mae Tha</value></Data>
          <Data name="province"><value>Lamphun</value></Data>
          <Data name="lat"><value>18.5005161</value></Data>
          <Data name="lon"><value>99.2653484</value></Data>
          <Data name="coord_source"><value>osm_th_raw</value></Data>
          <Data name="ttg_url"><value></value></Data>
          <Data name="is_new"><value>False</value></Data>
        </ExtendedData>
        <Point><coordinates>99.2653484,18.5005161,0</coordinates></Point>
      </Placemark>
      <Placemark>
        <name>Krung Thep Aphiwat</name>
        <description>&lt;b&gt;Krung Thep Aphiwat&lt;/b&gt;&lt;br/&gt;Code: Class:Unknown Line:Northern&lt;br/&gt;District: Province:&lt;br/&gt;Source:thaitrainguide </description>
        <styleUrl>#style_class_Unknown</styleUrl>
        <ExtendedData>
          <Data name="name_en"><value>Krung Thep Aphiwat</value></Data>
          <Data name="name_th"><value></value></Data>
          <Data name="code"><value></value></Data>
          <Data name="class"><value>Unknown</value></Data>
          <Data name="line"><value>Northern</value></Data>
          <Data name="district"><value></value></Data>
          <Data name="province"><value></value></Data>
          <Data name="lat"><value>13.80369</value></Data>
          <Data name="lon"><value>100.54227</value></Data>
          <Data name="coord_source"><value>thaitrainguide</value></Data>
          <Data name="ttg_url"><value></value></Data>
          <Data name="is_new"><value>True</value></Data>
        </ExtendedData>
        <Point><coordinates>100.54227,13.80369,0</coordinates></Point>
      </Placemark>
      <Placemark>
        <name>Lamphun</name>
        <description>&lt;b&gt;Lamphun / ลำพูน&lt;/b&gt;&lt;br/&gt;Code:ลพ. Class:1 Line:Northern&lt;br/&gt;District:Mueang Province:Lamphun&lt;br/&gt;Source:google_places </description>
        <styleUrl>#style_class_1</styleUrl>
        <ExtendedData>
          <Data name="name_en"><value>Lamphun</value></Data>
          <Data name="name_th"><value>ลำพูน</value></Data>
          <Data name="code"><value>ลพ.</value></Data>
          <Data name="class"><value>1</value></Data>
          <Data name="line"><value>Northern</value></Data>
          <Data name="district"><value>Mueang</value></Data>
          <Data name="province"><value>Lamphun</value></Data>
          <Data name="lat"><value>18.5938</value></Data>
          <Data name="lon"><value>99.0209</value></Data>
          <Data name="coord_source"><value>google_places</value></Data>
          <Data name="ttg_url"><value></value></Data>
          <Data name="is_new"><value>False</value></Data>
        </ExtendedData>
        <Point><coordinates>99.0209,18.5938,0</coordinates></Point>
      </Placemark>
      <Placemark>
        <name>Lop Buri 2 (Tha Wung)</name>
        <description>&lt;b&gt;Lop Buri 2 (Tha Wung) / ลพบุรี 2 (ท่าวุ้ง)&lt;/b&gt;&lt;br/&gt;Code: Class:1 Line:Northern&lt;br/&gt;District:Tha Wung Province:Lopburi&lt;br/&gt;Source:nominatim </description>
        <styleUrl>#style_class_1</styleUrl>
        <ExtendedData>
          <Data name="name_en"><value>Lop Buri 2 (Tha Wung)</value></Data>
          <Data name="name_th"><value>ลพบุรี 2 (ท่าวุ้ง)</value></Data>
          <Data name="code"><value></value></Data>
          <Data name="class"><value>1</value></Data>
          <Data name="line"><value>Northern</value></Data>
          <Data name="district"><value>Tha Wung</value></Data>
          <Data name="province"><value>Lopburi</value></Data>
          <Data name="lat"><value>14.793574</value></Data>
          <Data name="lon"><value>100.5579818</value></Data>
          <Data name="coord_source"><value>nominatim</value></Data>
          <Data name="ttg_url"><value></value></Data>
          <Data name="is_new"><value>False</value></Data>
        </ExtendedData>
        <Point><coordinates>100.5579818,14.793574,0</coordinates></Point>
      </Placemark>
      <Placemark>
        <name>Lopburi</name>
        <description>&lt;b&gt;Lopburi / ลพบุรี&lt;/b&gt;&lt;br/&gt;Code:ลบ. Class:1 Line:Northern&lt;br/&gt;District:Mueang Province:Lopburi&lt;br/&gt;Source:google_places </description>
        <styleUrl>#style_class_1</styleUrl>
        <ExtendedData>
          <Data name="name_en"><value>Lopburi</value></Data>
          <Data name="name_th"><value>ลพบุรี</value></Data>
          <Data name="code"><value>ลบ.</value></Data>
          <Data name="class"><value>1</value></Data>
          <Data name="line"><value>Northern</value></Data>
          <Data name="district"><value>Mueang</value></Data>
          <Data name="province"><value>Lopburi</value></Data>
          <Data name="lat"><value>14.794</value></Data>
          <Data name="lon"><value>100.5577</value></Data>
          <Data name="coord_source"><value>google_places</value></Data>
          <Data name="ttg_url"><value></value></Data>
          <Data name="is_new"><value>False</value></Data>
        </ExtendedData>
        <Point><coordinates>100.5577,14.794,0</coordinates></Point>
      </Placemark>
      <Placemark>
        <name>Mae Mo</name>
        <description>&lt;b&gt;Mae Mo / แม่เมาะ&lt;/b&gt;&lt;br/&gt;Code:มม. Class:2 Line:Northern&lt;br/&gt;District:Mae Mo Province:Lampang&lt;br/&gt;Source:osm_th_raw </description>
        <styleUrl>#style_class_2</styleUrl>
        <ExtendedData>
          <Data name="name_en"><value>Mae Mo</value></Data>
          <Data name="name_th"><value>แม่เมาะ</value></Data>
          <Data name="code"><value>มม.</value></Data>
          <Data name="class"><value>2</value></Data>
          <Data name="line"><value>Northern</value></Data>
          <Data name="district"><value>Mae Mo</value></Data>
          <Data name="province"><value>Lampang</value></Data>
          <Data name="lat"><value>18.2613977</value></Data>
          <Data name="lon"><value>99.7070391</value></Data>
          <Data name="coord_source"><value>osm_th_raw</value></Data>
          <Data name="ttg_url"><value></value></Data>
          <Data name="is_new"><value>False</value></Data>
        </ExtendedData>
        <Point><coordinates>99.7070391,18.2613977,0</coordinates></Point>
      </Placemark>
      <Placemark>
        <name>Mae Tha</name>
        <description>&lt;b&gt;Mae Tha / แม่ทะ&lt;/b&gt;&lt;br/&gt;Code:มท. Class:3 Line:Northern&lt;br/&gt;District:Mae Tha Province:Lampang&lt;br/&gt;Source:osm_th_raw </description>
        <styleUrl>#style_class_3</styleUrl>
        <ExtendedData>
          <Data name="name_en"><value>Mae Tha</value></Data>
          <Data name="name_th"><value>แม่ทะ</value></Data>
          <Data name="code"><value>มท.</value></Data>
          <Data name="class"><value>3</value></Data>
          <Data name="line"><value>Northern</value></Data>
          <Data name="district"><value>Mae Tha</value></Data>
          <Data name="province"><value>Lampang</value></Data>
          <Data name="lat"><value>18.1999483</value></Data>
          <Data name="lon"><value>99.5566889</value></Data>
          <Data name="coord_source"><value>osm_th_raw</value></Data>
          <Data name="ttg_url"><value></value></Data>
          <Data name="is_new"><value>False</value></Data>
        </ExtendedData>
        <Point><coordinates>99.5566889,18.1999483,0</coordinates></Point>
      </Placemark>
      <Placemark>
        <name>Map Phra Chan</name>
        <description>&lt;b&gt;Map Phra Chan / มาบพระจันทร์&lt;/b&gt;&lt;br/&gt;Code: Class:Halt Line:Northern&lt;br/&gt;District: Province:&lt;br/&gt;Source:osm_en </description>
        <styleUrl>#style_class_Halt</styleUrl>
        <ExtendedData>
          <Data name="name_en"><value>Map Phra Chan</value></Data>
          <Data name="name_th"><value>มาบพระจันทร์</value></Data>
          <Data name="code"><value></value></Data>
          <Data name="class"><value>Halt</value></Data>
          <Data name="line"><value>Northern</value></Data>
          <Data name="district"><value></value></Data>
          <Data name="province"><value></value></Data>
          <Data name="lat"><value>14.4022844</value></Data>
          <Data name="lon"><value>100.6320805</value></Data>
          <Data name="coord_source"><value>osm_en</value></Data>
          <Data name="ttg_url"><value></value></Data>
          <Data name="is_new"><value>False</value></Data>
        </ExtendedData>
        <Point><coordinates>100.6320805,14.4022844,0</coordinates></Point>
      </Placemark>
      <Placemark>
        <name>Nakhon Lampang</name>
        <description>&lt;b&gt;Nakhon Lampang / นครลำปาง&lt;/b&gt;&lt;br/&gt;Code:ลป. Class:1 Line:Northern&lt;br/&gt;District:Mueang Province:Lampang&lt;br/&gt;Source:google_places </description>
        <styleUrl>#style_class_1</styleUrl>
        <ExtendedData>
          <Data name="name_en"><value>Nakhon Lampang</value></Data>
          <Data name="name_th"><value>นครลำปาง</value></Data>
          <Data name="code"><value>ลป.</value></Data>
          <Data name="class"><value>1</value></Data>
          <Data name="line"><value>Northern</value></Data>
          <Data name="district"><value>Mueang</value></Data>
          <Data name="province"><value>Lampang</value></Data>
          <Data name="lat"><value>18.2798</value></Data>
          <Data name="lon"><value>99.473</value></Data>
          <Data name="coord_source"><value>google_places</value></Data>
          <Data name="ttg_url"><value></value></Data>
          <Data name="is_new"><value>False</value></Data>
        </ExtendedData>
        <Point><coordinates>99.473,18.2798,0</coordinates></Point>
      </Placemark>
      <Placemark>
        <name>Nakhon Sawan</name>
        <description>&lt;b&gt;Nakhon Sawan / นครสวรรค์&lt;/b&gt;&lt;br/&gt;Code:นว. Class:1 Line:Northern&lt;br/&gt;District:Mueang Province:Nakhon Sawan&lt;br/&gt;Source:google_places </description>
        <styleUrl>#style_class_1</styleUrl>
        <ExtendedData>
          <Data name="name_en"><value>Nakhon Sawan</value></Data>
          <Data name="name_th"><value>นครสวรรค์</value></Data>
          <Data name="code"><value>นว.</value></Data>
          <Data name="class"><value>1</value></Data>
          <Data name="line"><value>Northern</value></Data>
          <Data name="district"><value>Mueang</value></Data>
          <Data name="province"><value>Nakhon Sawan</value></Data>
          <Data name="lat"><value>15.6632</value></Data>
          <Data name="lon"><value>100.1583</value></Data>
          <Data name="coord_source"><value>google_places</value></Data>
          <Data name="ttg_url"><value></value></Data>
          <Data name="is_new"><value>False</value></Data>
        </ExtendedData>
        <Point><coordinates>100.1583,15.6632,0</coordinates></Point>
      </Placemark>
      <Placemark>
        <name>Nong Don</name>
        <description>&lt;b&gt;Nong Don / หนองโดน&lt;/b&gt;&lt;br/&gt;Code:โด. Class:2 Line:Northern&lt;br/&gt;District:Nong Don Province:Saraburi&lt;br/&gt;Source:osm_th_raw </description>
        <styleUrl>#style_class_2</styleUrl>
        <ExtendedData>
          <Data name="name_en"><value>Nong Don</value></Data>
          <Data name="name_th"><value>หนองโดน</value></Data>
          <Data name="code"><value>โด.</value></Data>
          <Data name="class"><value>2</value></Data>
          <Data name="line"><value>Northern</value></Data>
          <Data name="district"><value>Nong Don</value></Data>
          <Data name="province"><value>Saraburi</value></Data>
          <Data name="lat"><value>14.6834114</value></Data>
          <Data name="lon"><value>100.7062069</value></Data>
          <Data name="coord_source"><value>osm_th_raw</value></Data>
          <Data name="ttg_url"><value></value></Data>
          <Data name="is_new"><value>False</value></Data>
        </ExtendedData>
        <Point><coordinates>100.7062069,14.6834114,0</coordinates></Point>
      </Placemark>
      <Placemark>
        <name>Nong Pho</name>
        <description>&lt;b&gt;Nong Pho / หนองโพ&lt;/b&gt;&lt;br/&gt;Code: Class:Halt Line:Northern&lt;br/&gt;District: Province:&lt;br/&gt;Source:osm_en </description>
        <styleUrl>#style_class_Halt</styleUrl>
        <ExtendedData>
          <Data name="name_en"><value>Nong Pho</value></Data>
          <Data name="name_th"><value>หนองโพ</value></Data>
          <Data name="code"><value></value></Data>
          <Data name="class"><value>Halt</value></Data>
          <Data name="line"><value>Northern</value></Data>
          <Data name="district"><value></value></Data>
          <Data name="province"><value></value></Data>
          <Data name="lat"><value>15.3938345</value></Data>
          <Data name="lon"><value>100.2592545</value></Data>
          <Data name="coord_source"><value>osm_en</value></Data>
          <Data name="ttg_url"><value></value></Data>
          <Data name="is_new"><value>False</value></Data>
        </ExtendedData>
        <Point><coordinates>100.2592545,15.3938345,0</coordinates></Point>
      </Placemark>
      <Placemark>
        <name>Nong Tom</name>
        <description>&lt;b&gt;Nong Tom / หนองตม&lt;/b&gt;&lt;br/&gt;Code: Class:Halt Line:Northern&lt;br/&gt;District: Province:&lt;br/&gt;Source:osm_en </description>
        <styleUrl>#style_class_Halt</styleUrl>
        <ExtendedData>
          <Data name="name_en"><value>Nong Tom</value></Data>
          <Data name="name_th"><value>หนองตม</value></Data>
          <Data name="code"><value></value></Data>
          <Data name="class"><value>Halt</value></Data>
          <Data name="line"><value>Northern</value></Data>
          <Data name="district"><value></value></Data>
          <Data name="province"><value></value></Data>
          <Data name="lat"><value>17.1001417</value></Data>
          <Data name="lon"><value>100.1634161</value></Data>
          <Data name="coord_source"><value>osm_en</value></Data>
          <Data name="ttg_url"><value></value></Data>
          <Data name="is_new"><value>False</value></Data>
        </ExtendedData>
        <Point><coordinates>100.1634161,17.1001417,0</coordinates></Point>
      </Placemark>
      <Placemark>
        <name>Nong Wiwat</name>
        <description>&lt;b&gt;Nong Wiwat / หนองวิวัฒน์&lt;/b&gt;&lt;br/&gt;Code: Class:Halt Line:Northern&lt;br/&gt;District: Province:&lt;br/&gt;Source:osm_en </description>
        <styleUrl>#style_class_Halt</styleUrl>
        <ExtendedData>
          <Data name="name_en"><value>Nong Wiwat</value></Data>
          <Data name="name_th"><value>หนองวิวัฒน์</value></Data>
          <Data name="code"><value></value></Data>
          <Data name="class"><value>Halt</value></Data>
          <Data name="line"><value>Northern</value></Data>
          <Data name="district"><value></value></Data>
          <Data name="province"><value></value></Data>
          <Data name="lat"><value>14.5056014</value></Data>
          <Data name="lon"><value>100.7271563</value></Data>
          <Data name="coord_source"><value>osm_en</value></Data>
          <Data name="ttg_url"><value></value></Data>
          <Data name="is_new"><value>False</value></Data>
        </ExtendedData>
        <Point><coordinates>100.7271563,14.5056014,0</coordinates></Point>
      </Placemark>
      <Placemark>
        <name>Pak Nam Pho</name>
        <description>&lt;b&gt;Pak Nam Pho / ปากน้ำโพ&lt;/b&gt;&lt;br/&gt;Code:ปพ. Class:1 Line:Northern&lt;br/&gt;District:Mueang Province:Nakhon Sawan&lt;br/&gt;Source:osm_th_raw </description>
        <styleUrl>#style_class_1</styleUrl>
        <ExtendedData>
          <Data name="name_en"><value>Pak Nam Pho</value></Data>
          <Data name="name_th"><value>ปากน้ำโพ</value></Data>
          <Data name="code"><value>ปพ.</value></Data>
          <Data name="class"><value>1</value></Data>
          <Data name="line"><value>Northern</value></Data>
          <Data name="district"><value>Mueang</value></Data>
          <Data name="province"><value>Nakhon Sawan</value></Data>
          <Data name="lat"><value>15.7041661</value></Data>
          <Data name="lon"><value>100.1541562</value></Data>
          <Data name="coord_source"><value>osm_th_raw</value></Data>
          <Data name="ttg_url"><value></value></Data>
          <Data name="is_new"><value>False</value></Data>
        </ExtendedData>
        <Point><coordinates>100.1541562,15.7041661,0</coordinates></Point>
      </Placemark>
      <Placemark>
        <name>Pang Ton Phueng</name>
        <description>&lt;b&gt;Pang Ton Phueng / ปางต้นผึ้ง&lt;/b&gt;&lt;br/&gt;Code: Class:Halt Line:Northern&lt;br/&gt;District: Province:&lt;br/&gt;Source:osm_en </description>
        <styleUrl>#style_class_Halt</styleUrl>
        <ExtendedData>
          <Data name="name_en"><value>Pang Ton Phueng</value></Data>
          <Data name="name_th"><value>ปางต้นผึ้ง</value></Data>
          <Data name="code"><value></value></Data>
          <Data name="class"><value>Halt</value></Data>
          <Data name="line"><value>Northern</value></Data>
          <Data name="district"><value></value></Data>
          <Data name="province"><value></value></Data>
          <Data name="lat"><value>17.7998769</value></Data>
          <Data name="lon"><value>100.076362</value></Data>
          <Data name="coord_source"><value>osm_en</value></Data>
          <Data name="ttg_url"><value></value></Data>
          <Data name="is_new"><value>False</value></Data>
        </ExtendedData>
        <Point><coordinates>100.076362,17.7998769,0</coordinates></Point>
      </Placemark>
      <Placemark>
        <name>Phichai</name>
        <description>&lt;b&gt;Phichai / พิชัย&lt;/b&gt;&lt;br/&gt;Code:พย. Class:1 Line:Northern&lt;br/&gt;District:Phichai Province:Uttaradit&lt;br/&gt;Source:osm_th_raw </description>
        <styleUrl>#style_class_1</styleUrl>
        <ExtendedData>
          <Data name="name_en"><value>Phichai</value></Data>
          <Data name="name_th"><value>พิชัย</value></Data>
          <Data name="code"><value>พย.</value></Data>
          <Data name="class"><value>1</value></Data>
          <Data name="line"><value>Northern</value></Data>
          <Data name="district"><value>Phichai</value></Data>
          <Data name="province"><value>Uttaradit</value></Data>
          <Data name="lat"><value>17.2890332</value></Data>
          <Data name="lon"><value>100.0882507</value></Data>
          <Data name="coord_source"><value>osm_th_raw</value></Data>
          <Data name="ttg_url"><value></value></Data>
          <Data name="is_new"><value>False</value></Data>
        </ExtendedData>
        <Point><coordinates>100.0882507,17.2890332,0</coordinates></Point>
      </Placemark>
      <Placemark>
        <name>Phichit</name>
        <description>&lt;b&gt;Phichit / พิจิตร&lt;/b&gt;&lt;br/&gt;Code:พจ. Class:1 Line:Northern&lt;br/&gt;District:Mueang Province:Phichit&lt;br/&gt;Source:osm_th_raw </description>
        <styleUrl>#style_class_1</styleUrl>
        <ExtendedData>
          <Data name="name_en"><value>Phichit</value></Data>
          <Data name="name_th"><value>พิจิตร</value></Data>
          <Data name="code"><value>พจ.</value></Data>
          <Data name="class"><value>1</value></Data>
          <Data name="line"><value>Northern</value></Data>
          <Data name="district"><value>Mueang</value></Data>
          <Data name="province"><value>Phichit</value></Data>
          <Data name="lat"><value>16.4478097</value></Data>
          <Data name="lon"><value>100.3466037</value></Data>
          <Data name="coord_source"><value>osm_th_raw</value></Data>
          <Data name="ttg_url"><value></value></Data>
          <Data name="is_new"><value>False</value></Data>
        </ExtendedData>
        <Point><coordinates>100.3466037,16.4478097,0</coordinates></Point>
      </Placemark>
      <Placemark>
        <name>Phitsanulok</name>
        <description>&lt;b&gt;Phitsanulok / พิษณุโลก&lt;/b&gt;&lt;br/&gt;Code:พล. Class:1 Line:Northern&lt;br/&gt;District:Mueang Province:Phitsanulok&lt;br/&gt;Source:osm_th_raw </description>
        <styleUrl>#style_class_1</styleUrl>
        <ExtendedData>
          <Data name="name_en"><value>Phitsanulok</value></Data>
          <Data name="name_th"><value>พิษณุโลก</value></Data>
          <Data name="code"><value>พล.</value></Data>
          <Data name="class"><value>1</value></Data>
          <Data name="line"><value>Northern</value></Data>
          <Data name="district"><value>Mueang</value></Data>
          <Data name="province"><value>Phitsanulok</value></Data>
          <Data name="lat"><value>16.8149757</value></Data>
          <Data name="lon"><value>100.2657009</value></Data>
          <Data name="coord_source"><value>osm_th_raw</value></Data>
          <Data name="ttg_url"><value></value></Data>
          <Data name="is_new"><value>False</value></Data>
        </ExtendedData>
        <Point><coordinates>100.2657009,16.8149757,0</coordinates></Point>
      </Placemark>
      <Placemark>
        <name>Phra Kaeo</name>
        <description>&lt;b&gt;Phra Kaeo / พระแก้ว&lt;/b&gt;&lt;br/&gt;Code: Class:Halt Line:Northern&lt;br/&gt;District: Province:&lt;br/&gt;Source:osm_en </description>
        <styleUrl>#style_class_Halt</styleUrl>
        <ExtendedData>
          <Data name="name_en"><value>Phra Kaeo</value></Data>
          <Data name="name_th"><value>พระแก้ว</value></Data>
          <Data name="code"><value></value></Data>
          <Data name="class"><value>Halt</value></Data>
          <Data name="line"><value>Northern</value></Data>
          <Data name="district"><value></value></Data>
          <Data name="province"><value></value></Data>
          <Data name="lat"><value>14.4287017</value></Data>
          <Data name="lon"><value>100.6855474</value></Data>
          <Data name="coord_source"><value>osm_en</value></Data>
          <Data name="ttg_url"><value></value></Data>
          <Data name="is_new"><value>False</value></Data>
        </ExtendedData>
        <Point><coordinates>100.6855474,14.4287017,0</coordinates></Point>
      </Placemark>
      <Placemark>
        <name>Phrom Phiram</name>
        <description>&lt;b&gt;Phrom Phiram / พรหมพิราม&lt;/b&gt;&lt;br/&gt;Code:พห. Class:2 Line:Northern&lt;br/&gt;District:Phrom Phiram Province:Phitsanulok&lt;br/&gt;Source:osm_th_raw </description>
        <styleUrl>#style_class_2</styleUrl>
        <ExtendedData>
          <Data name="name_en"><value>Phrom Phiram</value></Data>
          <Data name="name_th"><value>พรหมพิราม</value></Data>
          <Data name="code"><value>พห.</value></Data>
          <Data name="class"><value>2</value></Data>
          <Data name="line"><value>Northern</value></Data>
          <Data name="district"><value>Phrom Phiram</value></Data>
          <Data name="province"><value>Phitsanulok</value></Data>
          <Data name="lat"><value>17.0311693</value></Data>
          <Data name="lon"><value>100.2010978</value></Data>
          <Data name="coord_source"><value>osm_th_raw</value></Data>
          <Data name="ttg_url"><value></value></Data>
          <Data name="is_new"><value>False</value></Data>
        </ExtendedData>
        <Point><coordinates>100.2010978,17.0311693,0</coordinates></Point>
      </Placemark>
      <Placemark>
        <name>Saraphi</name>
        <description>&lt;b&gt;Saraphi / สารภี&lt;/b&gt;&lt;br/&gt;Code:ภี. Class:3 Line:Northern&lt;br/&gt;District:Saraphi Province:Chiang Mai&lt;br/&gt;Source:osm_th_raw </description>
        <styleUrl>#style_class_3</styleUrl>
        <ExtendedData>
          <Data name="name_en"><value>Saraphi</value></Data>
          <Data name="name_th"><value>สารภี</value></Data>
          <Data name="code"><value>ภี.</value></Data>
          <Data name="class"><value>3</value></Data>
          <Data name="line"><value>Northern</value></Data>
          <Data name="district"><value>Saraphi</value></Data>
          <Data name="province"><value>Chiang Mai</value></Data>
          <Data name="lat"><value>18.7101912</value></Data>
          <Data name="lon"><value>99.041803</value></Data>
          <Data name="coord_source"><value>osm_th_raw</value></Data>
          <Data name="ttg_url"><value></value></Data>
          <Data name="is_new"><value>False</value></Data>
        </ExtendedData>
        <Point><coordinates>99.041803,18.7101912,0</coordinates></Point>
      </Placemark>
      <Placemark>
        <name>Sawankhalok</name>
        <description>&lt;b&gt;Sawankhalok / สวรรคโลก&lt;/b&gt;&lt;br/&gt;Code:สว. Class:3 Line:Northern&lt;br/&gt;District:Sawankhalok Province:Sukhothai&lt;br/&gt;Source:osm_th_raw &lt;a href='https://www.thaitrainguide.com/stations/northern-line/sawankhalok/'&gt;TTG&lt;/a&gt;</description>
        <styleUrl>#style_class_3</styleUrl>
        <ExtendedData>
          <Data name="name_en"><value>Sawankhalok</value></Data>
          <Data name="name_th"><value>สวรรคโลก</value></Data>
          <Data name="code"><value>สว.</value></Data>
          <Data name="class"><value>3</value></Data>
          <Data name="line"><value>Northern</value></Data>
          <Data name="district"><value>Sawankhalok</value></Data>
          <Data name="province"><value>Sukhothai</value></Data>
          <Data name="lat"><value>17.3146749</value></Data>
          <Data name="lon"><value>99.8323192</value></Data>
          <Data name="coord_source"><value>osm_th_raw</value></Data>
          <Data name="ttg_url"><value>https://www.thaitrainguide.com/stations/northern-line/sawankhalok/</value></Data>
          <Data name="is_new"><value>False</value></Data>
        </ExtendedData>
        <Point><coordinates>99.8323192,17.3146749,0</coordinates></Point>
      </Placemark>
      <Placemark>
        <name>Sila At</name>
        <description>&lt;b&gt;Sila At / ศิลาอาสน์&lt;/b&gt;&lt;br/&gt;Code:ศล. Class:1 Line:Northern&lt;br/&gt;District:Mueang Province:Uttaradit&lt;br/&gt;Source:osm_th_raw &lt;a href='https://mymaps.usercontent.google.com/hostedimage/m/*/3AL_Y2X5zsqQCFw6jRYSd6moLUDLpYR3JiUjZrFJ4ymVMAKSO6CxceY-qE-klb9Dk-81pM43UGsBwiKuZF3Kf-TKsL1jxh_5YUsi_cXmfxqTI68uBooea4hF1EHg1kTr3tJ1hoaZsAYn1RNvedW3n1tq9GlH4OkFrh0XO9nmBwnmmiZIxgfzYoEHSXvt1FVThPiLA4a05qYC032bKHK112G8RGIHxkYlSqQjgkabIpQXAOQ9j1tE4lihVafUmcDw?authuser=0&amp;fife=s16383&quot;'&gt;TTG&lt;/a&gt;</description>
        <styleUrl>#style_class_1</styleUrl>
        <ExtendedData>
          <Data name="name_en"><value>Sila At</value></Data>
          <Data name="name_th"><value>ศิลาอาสน์</value></Data>
          <Data name="code"><value>ศล.</value></Data>
          <Data name="class"><value>1</value></Data>
          <Data name="line"><value>Northern</value></Data>
          <Data name="district"><value>Mueang</value></Data>
          <Data name="province"><value>Uttaradit</value></Data>
          <Data name="lat"><value>17.6392683</value></Data>
          <Data name="lon"><value>100.10104</value></Data>
          <Data name="coord_source"><value>osm_th_raw</value></Data>
          <Data name="ttg_url"><value>https://mymaps.usercontent.google.com/hostedimage/m/*/3AL_Y2X5zsqQCFw6jRYSd6moLUDLpYR3JiUjZrFJ4ymVMAKSO6CxceY-qE-klb9Dk-81pM43UGsBwiKuZF3Kf-TKsL1jxh_5YUsi_cXmfxqTI68uBooea4hF1EHg1kTr3tJ1hoaZsAYn1RNvedW3n1tq9GlH4OkFrh0XO9nmBwnmmiZIxgfzYoEHSXvt1FVThPiLA4a05qYC032bKHK112G8RGIHxkYlSqQjgkabIpQXAOQ9j1tE4lihVafUmcDw?authuser=0&amp;fife=s16383&quot;</value></Data>
          <Data name="is_new"><value>False</value></Data>
        </ExtendedData>
        <Point><coordinates>100.10104,17.6392683,0</coordinates></Point>
      </Placemark>
      <Placemark>
        <name>Taphan Hin</name>
        <description>&lt;b&gt;Taphan Hin / ตะพานหิน&lt;/b&gt;&lt;br/&gt;Code:ตห. Class:1 Line:Northern&lt;br/&gt;District:Taphan Hin Province:Phichit&lt;br/&gt;Source:osm_th_raw </description>
        <styleUrl>#style_class_1</styleUrl>
        <ExtendedData>
          <Data name="name_en"><value>Taphan Hin</value></Data>
          <Data name="name_th"><value>ตะพานหิน</value></Data>
          <Data name="code"><value>ตห.</value></Data>
          <Data name="class"><value>1</value></Data>
          <Data name="line"><value>Northern</value></Data>
          <Data name="district"><value>Taphan Hin</value></Data>
          <Data name="province"><value>Phichit</value></Data>
          <Data name="lat"><value>16.2207012</value></Data>
          <Data name="lon"><value>100.424099</value></Data>
          <Data name="coord_source"><value>osm_th_raw</value></Data>
          <Data name="ttg_url"><value></value></Data>
          <Data name="is_new"><value>False</value></Data>
        </ExtendedData>
        <Point><coordinates>100.424099,16.2207012,0</coordinates></Point>
      </Placemark>
      <Placemark>
        <name>Tha Ruea</name>
        <description>&lt;b&gt;Tha Ruea / ท่าเรือ&lt;/b&gt;&lt;br/&gt;Code:ทร. Class:1 Line:Northern&lt;br/&gt;District:Tha Ruea Province:Phra Nakhon Si Ayutthaya&lt;br/&gt;Source:osm_th_raw </description>
        <styleUrl>#style_class_1</styleUrl>
        <ExtendedData>
          <Data name="name_en"><value>Tha Ruea</value></Data>
          <Data name="name_th"><value>ท่าเรือ</value></Data>
          <Data name="code"><value>ทร.</value></Data>
          <Data name="class"><value>1</value></Data>
          <Data name="line"><value>Northern</value></Data>
          <Data name="district"><value>Tha Ruea</value></Data>
          <Data name="province"><value>Phra Nakhon Si Ayutthaya</value></Data>
          <Data name="lat"><value>14.5624355</value></Data>
          <Data name="lon"><value>100.7243967</value></Data>
          <Data name="coord_source"><value>osm_th_raw</value></Data>
          <Data name="ttg_url"><value></value></Data>
          <Data name="is_new"><value>False</value></Data>
        </ExtendedData>
        <Point><coordinates>100.7243967,14.5624355,0</coordinates></Point>
      </Placemark>
      <Placemark>
        <name>Tha Sak</name>
        <description>&lt;b&gt;Tha Sak / ท่าสัก&lt;/b&gt;&lt;br/&gt;Code: Class:Halt Line:Northern&lt;br/&gt;District: Province:&lt;br/&gt;Source:osm_en </description>
        <styleUrl>#style_class_Halt</styleUrl>
        <ExtendedData>
          <Data name="name_en"><value>Tha Sak</value></Data>
          <Data name="name_th"><value>ท่าสัก</value></Data>
          <Data name="code"><value></value></Data>
          <Data name="class"><value>Halt</value></Data>
          <Data name="line"><value>Northern</value></Data>
          <Data name="district"><value></value></Data>
          <Data name="province"><value></value></Data>
          <Data name="lat"><value>17.4113119</value></Data>
          <Data name="lon"><value>100.0974685</value></Data>
          <Data name="coord_source"><value>osm_en</value></Data>
          <Data name="ttg_url"><value></value></Data>
          <Data name="is_new"><value>False</value></Data>
        </ExtendedData>
        <Point><coordinates>100.0974685,17.4113119,0</coordinates></Point>
      </Placemark>
      <Placemark>
        <name>Thap Krit</name>
        <description>&lt;b&gt;Thap Krit / ทับกฤช&lt;/b&gt;&lt;br/&gt;Code:ทก. Class:2 Line:Northern&lt;br/&gt;District:Chum Saeng Province:Nakhon Sawan&lt;br/&gt;Source:osm_th_raw </description>
        <styleUrl>#style_class_2</styleUrl>
        <ExtendedData>
          <Data name="name_en"><value>Thap Krit</value></Data>
          <Data name="name_th"><value>ทับกฤช</value></Data>
          <Data name="code"><value>ทก.</value></Data>
          <Data name="class"><value>2</value></Data>
          <Data name="line"><value>Northern</value></Data>
          <Data name="district"><value>Chum Saeng</value></Data>
          <Data name="province"><value>Nakhon Sawan</value></Data>
          <Data name="lat"><value>15.7551421</value></Data>
          <Data name="lon"><value>100.2577093</value></Data>
          <Data name="coord_source"><value>osm_th_raw</value></Data>
          <Data name="ttg_url"><value></value></Data>
          <Data name="is_new"><value>False</value></Data>
        </ExtendedData>
        <Point><coordinates>100.2577093,15.7551421,0</coordinates></Point>
      </Placemark>
      <Placemark>
        <name>Tron</name>
        <description>&lt;b&gt;Tron / ตรอน&lt;/b&gt;&lt;br/&gt;Code:ตอ. Class:1 Line:Northern&lt;br/&gt;District:Tron Province:Uttaradit&lt;br/&gt;Source:osm_th_raw </description>
        <styleUrl>#style_class_1</styleUrl>
        <ExtendedData>
          <Data name="name_en"><value>Tron</value></Data>
          <Data name="name_th"><value>ตรอน</value></Data>
          <Data name="code"><value>ตอ.</value></Data>
          <Data name="class"><value>1</value></Data>
          <Data name="line"><value>Northern</value></Data>
          <Data name="district"><value>Tron</value></Data>
          <Data name="province"><value>Uttaradit</value></Data>
          <Data name="lat"><value>17.4833185</value></Data>
          <Data name="lon"><value>100.1093356</value></Data>
          <Data name="coord_source"><value>osm_th_raw</value></Data>
          <Data name="ttg_url"><value></value></Data>
          <Data name="is_new"><value>False</value></Data>
        </ExtendedData>
        <Point><coordinates>100.1093356,17.4833185,0</coordinates></Point>
      </Placemark>
      <Placemark>
        <name>Uttaradit</name>
        <description>&lt;b&gt;Uttaradit / อุตรดิตถ์&lt;/b&gt;&lt;br/&gt;Code:อด. Class:1 Line:Northern&lt;br/&gt;District:Mueang Province:Uttaradit&lt;br/&gt;Source:osm_th_raw &lt;a href='https://mymaps.usercontent.google.com/hostedimage/m/*/3AL_Y2X7WbJGCheGM6mNsUIpkqkYi8_1ACauErYJnlWsUT1cfb_HjFqvyhhx-Bv7bq9WzMe105Efu0XWqciWjr_Sl9Iyw1TDWA7fmPQDfIkf8GEjCxkMnC8a7OsiqGya-AyTic3aOJMU8rQ-RJU-YqwRJC5f21gTBuGt6zBcXLVpZ-0B8ZtvU7bTSkv9wizVWD5MLiaoiMjJiUXu-_XgZjnCAH8dVjOJ_qhhcPc-yRHXabSdXOs9jmHDPuohXAbk?authuser=0&amp;fife=s16383&quot;'&gt;TTG&lt;/a&gt;</description>
        <styleUrl>#style_class_1</styleUrl>
        <ExtendedData>
          <Data name="name_en"><value>Uttaradit</value></Data>
          <Data name="name_th"><value>อุตรดิตถ์</value></Data>
          <Data name="code"><value>อด.</value></Data>
          <Data name="class"><value>1</value></Data>
          <Data name="line"><value>Northern</value></Data>
          <Data name="district"><value>Mueang</value></Data>
          <Data name="province"><value>Uttaradit</value></Data>
          <Data name="lat"><value>17.6203598</value></Data>
          <Data name="lon"><value>100.0972647</value></Data>
          <Data name="coord_source"><value>osm_th_raw</value></Data>
          <Data name="ttg_url"><value>https://mymaps.usercontent.google.com/hostedimage/m/*/3AL_Y2X7WbJGCheGM6mNsUIpkqkYi8_1ACauErYJnlWsUT1cfb_HjFqvyhhx-Bv7bq9WzMe105Efu0XWqciWjr_Sl9Iyw1TDWA7fmPQDfIkf8GEjCxkMnC8a7OsiqGya-AyTic3aOJMU8rQ-RJU-YqwRJC5f21gTBuGt6zBcXLVpZ-0B8ZtvU7bTSkv9wizVWD5MLiaoiMjJiUXu-_XgZjnCAH8dVjOJ_qhhcPc-yRHXabSdXOs9jmHDPuohXAbk?authuser=0&amp;fife=s16383&quot;</value></Data>
          <Data name="is_new"><value>False</value></Data>
        </ExtendedData>
        <Point><coordinates>100.0972647,17.6203598,0</coordinates></Point>
      </Placemark>
      <Placemark>
        <name>Wang Krot</name>
        <description>&lt;b&gt;Wang Krot / วังกรด&lt;/b&gt;&lt;br/&gt;Code: Class:Halt Line:Northern&lt;br/&gt;District: Province:&lt;br/&gt;Source:osm_en </description>
        <styleUrl>#style_class_Halt</styleUrl>
        <ExtendedData>
          <Data name="name_en"><value>Wang Krot</value></Data>
          <Data name="name_th"><value>วังกรด</value></Data>
          <Data name="code"><value></value></Data>
          <Data name="class"><value>Halt</value></Data>
          <Data name="line"><value>Northern</value></Data>
          <Data name="district"><value></value></Data>
          <Data name="province"><value></value></Data>
          <Data name="lat"><value>16.3989514</value></Data>
          <Data name="lon"><value>100.3894937</value></Data>
          <Data name="coord_source"><value>osm_en</value></Data>
          <Data name="ttg_url"><value></value></Data>
          <Data name="is_new"><value>False</value></Data>
        </ExtendedData>
        <Point><coordinates>100.3894937,16.3989514,0</coordinates></Point>
      </Placemark>
    </Folder>
    <Folder>
      <name>Northern, Northeastern Line</name>
      <open>0</open>
      <Placemark>
        <name>Ayutthaya</name>
        <description>&lt;b&gt;Ayutthaya / อยุธยา&lt;/b&gt;&lt;br/&gt;Code:อย. Class:1 Line:Northern, Northeastern&lt;br/&gt;District:Phra Nakhon Si Ayutthaya Province:Phra Nakhon Si Ayutthaya&lt;br/&gt;Source:google_places </description>
        <styleUrl>#style_class_1</styleUrl>
        <ExtendedData>
          <Data name="name_en"><value>Ayutthaya</value></Data>
          <Data name="name_th"><value>อยุธยา</value></Data>
          <Data name="code"><value>อย.</value></Data>
          <Data name="class"><value>1</value></Data>
          <Data name="line"><value>Northern, Northeastern</value></Data>
          <Data name="district"><value>Phra Nakhon Si Ayutthaya</value></Data>
          <Data name="province"><value>Phra Nakhon Si Ayutthaya</value></Data>
          <Data name="lat"><value>14.3567</value></Data>
          <Data name="lon"><value>100.583</value></Data>
          <Data name="coord_source"><value>google_places</value></Data>
          <Data name="ttg_url"><value></value></Data>
          <Data name="is_new"><value>False</value></Data>
        </ExtendedData>
        <Point><coordinates>100.583,14.3567,0</coordinates></Point>
      </Placemark>
      <Placemark>
        <name>Ban Don Klang</name>
        <description>&lt;b&gt;Ban Don Klang / บ้านดอนกลาง&lt;/b&gt;&lt;br/&gt;Code:ลก. Class:Halt Line:Northern, Northeastern&lt;br/&gt;District:Uthai Province:Phra Nakhon Si Ayutthaya&lt;br/&gt;Source:osm_th_raw </description>
        <styleUrl>#style_class_Halt</styleUrl>
        <ExtendedData>
          <Data name="name_en"><value>Ban Don Klang</value></Data>
          <Data name="name_th"><value>บ้านดอนกลาง</value></Data>
          <Data name="code"><value>ลก.</value></Data>
          <Data name="class"><value>Halt</value></Data>
          <Data name="line"><value>Northern, Northeastern</value></Data>
          <Data name="district"><value>Uthai</value></Data>
          <Data name="province"><value>Phra Nakhon Si Ayutthaya</value></Data>
          <Data name="lat"><value>14.4157114</value></Data>
          <Data name="lon"><value>100.6596028</value></Data>
          <Data name="coord_source"><value>osm_th_raw</value></Data>
          <Data name="ttg_url"><value></value></Data>
          <Data name="is_new"><value>False</value></Data>
        </ExtendedData>
        <Point><coordinates>100.6596028,14.4157114,0</coordinates></Point>
      </Placemark>
      <Placemark>
        <name>Ban Ma</name>
        <description>&lt;b&gt;Ban Ma / บ้านม้า&lt;/b&gt;&lt;br/&gt;Code:มา. Class:3 Line:Northern, Northeastern&lt;br/&gt;District:Phra Nakhon Si Ayutthaya Province:Phra Nakhon Si Ayutthaya&lt;br/&gt;Source:osm_th_raw </description>
        <styleUrl>#style_class_3</styleUrl>
        <ExtendedData>
          <Data name="name_en"><value>Ban Ma</value></Data>
          <Data name="name_th"><value>บ้านม้า</value></Data>
          <Data name="code"><value>มา.</value></Data>
          <Data name="class"><value>3</value></Data>
          <Data name="line"><value>Northern, Northeastern</value></Data>
          <Data name="district"><value>Phra Nakhon Si Ayutthaya</value></Data>
          <Data name="province"><value>Phra Nakhon Si Ayutthaya</value></Data>
          <Data name="lat"><value>14.3841019</value></Data>
          <Data name="lon"><value>100.597101</value></Data>
          <Data name="coord_source"><value>osm_th_raw</value></Data>
          <Data name="ttg_url"><value></value></Data>
          <Data name="is_new"><value>False</value></Data>
        </ExtendedData>
        <Point><coordinates>100.597101,14.3841019,0</coordinates></Point>
      </Placemark>
      <Placemark>
        <name>Ban Phachi Junction</name>
        <description>&lt;b&gt;Ban Phachi Junction / ชุมทางบ้านภาชี&lt;/b&gt;&lt;br/&gt;Code:ภช. Class:1 Line:Northern, Northeastern&lt;br/&gt;District:Phachi Province:Phra Nakhon Si Ayutthaya&lt;br/&gt;Source:google_places </description>
        <styleUrl>#style_class_1</styleUrl>
        <ExtendedData>
          <Data name="name_en"><value>Ban Phachi Junction</value></Data>
          <Data name="name_th"><value>ชุมทางบ้านภาชี</value></Data>
          <Data name="code"><value>ภช.</value></Data>
          <Data name="class"><value>1</value></Data>
          <Data name="line"><value>Northern, Northeastern</value></Data>
          <Data name="district"><value>Phachi</value></Data>
          <Data name="province"><value>Phra Nakhon Si Ayutthaya</value></Data>
          <Data name="lat"><value>14.4506</value></Data>
          <Data name="lon"><value>100.7207</value></Data>
          <Data name="coord_source"><value>google_places</value></Data>
          <Data name="ttg_url"><value></value></Data>
          <Data name="is_new"><value>False</value></Data>
        </ExtendedData>
        <Point><coordinates>100.7207,14.4506,0</coordinates></Point>
      </Placemark>
      <Placemark>
        <name>Ban Pho</name>
        <description>&lt;b&gt;Ban Pho / บ้านโพ&lt;/b&gt;&lt;br/&gt;Code:บพ. Class:3 Line:Northern, Northeastern&lt;br/&gt;District:Bang Pa-in Province:Phra Nakhon Si Ayutthaya&lt;br/&gt;Source:osm_th_raw </description>
        <styleUrl>#style_class_3</styleUrl>
        <ExtendedData>
          <Data name="name_en"><value>Ban Pho</value></Data>
          <Data name="name_th"><value>บ้านโพ</value></Data>
          <Data name="code"><value>บพ.</value></Data>
          <Data name="class"><value>3</value></Data>
          <Data name="line"><value>Northern, Northeastern</value></Data>
          <Data name="district"><value>Bang Pa-in</value></Data>
          <Data name="province"><value>Phra Nakhon Si Ayutthaya</value></Data>
          <Data name="lat"><value>14.2821511</value></Data>
          <Data name="lon"><value>100.5886751</value></Data>
          <Data name="coord_source"><value>osm_th_raw</value></Data>
          <Data name="ttg_url"><value></value></Data>
          <Data name="is_new"><value>False</value></Data>
        </ExtendedData>
        <Point><coordinates>100.5886751,14.2821511,0</coordinates></Point>
      </Placemark>
      <Placemark>
        <name>Bang Pa-in</name>
        <description>&lt;b&gt;Bang Pa-in / บางปะอิน&lt;/b&gt;&lt;br/&gt;Code:บอ. Class:1 Line:Northern, Northeastern&lt;br/&gt;District:Bang Pa-in Province:Phra Nakhon Si Ayutthaya&lt;br/&gt;Source:osm_th_raw </description>
        <styleUrl>#style_class_1</styleUrl>
        <ExtendedData>
          <Data name="name_en"><value>Bang Pa-in</value></Data>
          <Data name="name_th"><value>บางปะอิน</value></Data>
          <Data name="code"><value>บอ.</value></Data>
          <Data name="class"><value>1</value></Data>
          <Data name="line"><value>Northern, Northeastern</value></Data>
          <Data name="district"><value>Bang Pa-in</value></Data>
          <Data name="province"><value>Phra Nakhon Si Ayutthaya</value></Data>
          <Data name="lat"><value>14.2393509</value></Data>
          <Data name="lon"><value>100.5845885</value></Data>
          <Data name="coord_source"><value>osm_th_raw</value></Data>
          <Data name="ttg_url"><value></value></Data>
          <Data name="is_new"><value>False</value></Data>
        </ExtendedData>
        <Point><coordinates>100.5845885,14.2393509,0</coordinates></Point>
      </Placemark>
      <Placemark>
        <name>Chiang Rak</name>
        <description>&lt;b&gt;Chiang Rak / เชียงราก&lt;/b&gt;&lt;br/&gt;Code:ชร. Class:2 Line:Northern, Northeastern&lt;br/&gt;District:Khlong Luang Province:Pathum Thani&lt;br/&gt;Source:osm_th_raw </description>
        <styleUrl>#style_class_2</styleUrl>
        <ExtendedData>
          <Data name="name_en"><value>Chiang Rak</value></Data>
          <Data name="name_th"><value>เชียงราก</value></Data>
          <Data name="code"><value>ชร.</value></Data>
          <Data name="class"><value>2</value></Data>
          <Data name="line"><value>Northern, Northeastern</value></Data>
          <Data name="district"><value>Khlong Luang</value></Data>
          <Data name="province"><value>Pathum Thani</value></Data>
          <Data name="lat"><value>14.055337</value></Data>
          <Data name="lon"><value>100.5923849</value></Data>
          <Data name="coord_source"><value>osm_th_raw</value></Data>
          <Data name="ttg_url"><value></value></Data>
          <Data name="is_new"><value>False</value></Data>
        </ExtendedData>
        <Point><coordinates>100.5923849,14.055337,0</coordinates></Point>
      </Placemark>
      <Placemark>
        <name>Chiang Rak Noi</name>
        <description>&lt;b&gt;Chiang Rak Noi / เชียงรากน้อย&lt;/b&gt;&lt;br/&gt;Code:ชน. Class:2 Line:Northern, Northeastern&lt;br/&gt;District:Bang Pa-in Province:Phra Nakhon Si Ayutthaya&lt;br/&gt;Source:osm_th_raw </description>
        <styleUrl>#style_class_2</styleUrl>
        <ExtendedData>
          <Data name="name_en"><value>Chiang Rak Noi</value></Data>
          <Data name="name_th"><value>เชียงรากน้อย</value></Data>
          <Data name="code"><value>ชน.</value></Data>
          <Data name="class"><value>2</value></Data>
          <Data name="line"><value>Northern, Northeastern</value></Data>
          <Data name="district"><value>Bang Pa-in</value></Data>
          <Data name="province"><value>Phra Nakhon Si Ayutthaya</value></Data>
          <Data name="lat"><value>14.1313359</value></Data>
          <Data name="lon"><value>100.5820064</value></Data>
          <Data name="coord_source"><value>osm_th_raw</value></Data>
          <Data name="ttg_url"><value></value></Data>
          <Data name="is_new"><value>False</value></Data>
        </ExtendedData>
        <Point><coordinates>100.5820064,14.1313359,0</coordinates></Point>
      </Placemark>
      <Placemark>
        <name>Don Mueang</name>
        <description>&lt;b&gt;Don Mueang / ดอนเมือง&lt;/b&gt;&lt;br/&gt;Code:ดม. Class:1 Line:Northern, Northeastern&lt;br/&gt;District:Don Mueang Province:Bangkok&lt;br/&gt;Source:google_places </description>
        <styleUrl>#style_class_1</styleUrl>
        <ExtendedData>
          <Data name="name_en"><value>Don Mueang</value></Data>
          <Data name="name_th"><value>ดอนเมือง</value></Data>
          <Data name="code"><value>ดม.</value></Data>
          <Data name="class"><value>1</value></Data>
          <Data name="line"><value>Northern, Northeastern</value></Data>
          <Data name="district"><value>Don Mueang</value></Data>
          <Data name="province"><value>Bangkok</value></Data>
          <Data name="lat"><value>13.9142</value></Data>
          <Data name="lon"><value>100.5979</value></Data>
          <Data name="coord_source"><value>google_places</value></Data>
          <Data name="ttg_url"><value></value></Data>
          <Data name="is_new"><value>False</value></Data>
        </ExtendedData>
        <Point><coordinates>100.5979,13.9142,0</coordinates></Point>
      </Placemark>
      <Placemark>
        <name>Rangsit</name>
        <description>&lt;b&gt;Rangsit / รังสิต&lt;/b&gt;&lt;br/&gt;Code:รต. Class:1 Line:Northern, Northeastern&lt;br/&gt;District:Thanyaburi Province:Pathum Thani&lt;br/&gt;Source:osm_th_raw </description>
        <styleUrl>#style_class_1</styleUrl>
        <ExtendedData>
          <Data name="name_en"><value>Rangsit</value></Data>
          <Data name="name_th"><value>รังสิต</value></Data>
          <Data name="code"><value>รต.</value></Data>
          <Data name="class"><value>1</value></Data>
          <Data name="line"><value>Northern, Northeastern</value></Data>
          <Data name="district"><value>Thanyaburi</value></Data>
          <Data name="province"><value>Pathum Thani</value></Data>
          <Data name="lat"><value>13.990554</value></Data>
          <Data name="lon"><value>100.6023001</value></Data>
          <Data name="coord_source"><value>osm_th_raw</value></Data>
          <Data name="ttg_url"><value></value></Data>
          <Data name="is_new"><value>False</value></Data>
        </ExtendedData>
        <Point><coordinates>100.6023001,13.990554,0</coordinates></Point>
      </Placemark>
    </Folder>
    <Folder>
      <name>Northern, Northeastern, Southern Line</name>
      <open>0</open>
      <Placemark>
        <name>Bang Sue Junction</name>
        <description>&lt;b&gt;Bang Sue Junction / ชุมทางบางซื่อ&lt;/b&gt;&lt;br/&gt;Code:บซ. Class:1 Line:Northern, Northeastern, Southern&lt;br/&gt;District:Bang Sue Province:Bangkok&lt;br/&gt;Source:osm_th_raw </description>
        <styleUrl>#style_class_1</styleUrl>
        <ExtendedData>
          <Data name="name_en"><value>Bang Sue Junction</value></Data>
          <Data name="name_th"><value>ชุมทางบางซื่อ</value></Data>
          <Data name="code"><value>บซ.</value></Data>
          <Data name="class"><value>1</value></Data>
          <Data name="line"><value>Northern, Northeastern, Southern</value></Data>
          <Data name="district"><value>Bang Sue</value></Data>
          <Data name="province"><value>Bangkok</value></Data>
          <Data name="lat"><value>13.8041606</value></Data>
          <Data name="lon"><value>100.5399136</value></Data>
          <Data name="coord_source"><value>osm_th_raw</value></Data>
          <Data name="ttg_url"><value></value></Data>
          <Data name="is_new"><value>False</value></Data>
        </ExtendedData>
        <Point><coordinates>100.5399136,13.8041606,0</coordinates></Point>
      </Placemark>
      <Placemark>
        <name>Chitralada</name>
        <description>&lt;b&gt;Chitralada / จิตรลดา&lt;/b&gt;&lt;br/&gt;Code:จล. Class:Special Line:Northern, Northeastern, Southern&lt;br/&gt;District:Dusit Province:Bangkok&lt;br/&gt;Source:osm_th_raw </description>
        <styleUrl>#style_class_Special</styleUrl>
        <ExtendedData>
          <Data name="name_en"><value>Chitralada</value></Data>
          <Data name="name_th"><value>จิตรลดา</value></Data>
          <Data name="code"><value>จล.</value></Data>
          <Data name="class"><value>Special</value></Data>
          <Data name="line"><value>Northern, Northeastern, Southern</value></Data>
          <Data name="district"><value>Dusit</value></Data>
          <Data name="province"><value>Bangkok</value></Data>
          <Data name="lat"><value>13.7665394</value></Data>
          <Data name="lon"><value>100.5247073</value></Data>
          <Data name="coord_source"><value>osm_th_raw</value></Data>
          <Data name="ttg_url"><value></value></Data>
          <Data name="is_new"><value>False</value></Data>
        </ExtendedData>
        <Point><coordinates>100.5247073,13.7665394,0</coordinates></Point>
      </Placemark>
      <Placemark>
        <name>Krung Thep Aphiwat Central Terminal</name>
        <description>&lt;b&gt;Krung Thep Aphiwat Central Terminal / กรุงเทพอภิวัฒน์&lt;/b&gt;&lt;br/&gt;Code:กภ. Class:Special Line:Northern, Northeastern, Southern&lt;br/&gt;District:Bang Sue Province:Bangkok&lt;br/&gt;Source:google_places </description>
        <styleUrl>#style_class_Special</styleUrl>
        <ExtendedData>
          <Data name="name_en"><value>Krung Thep Aphiwat Central Terminal</value></Data>
          <Data name="name_th"><value>กรุงเทพอภิวัฒน์</value></Data>
          <Data name="code"><value>กภ.</value></Data>
          <Data name="class"><value>Special</value></Data>
          <Data name="line"><value>Northern, Northeastern, Southern</value></Data>
          <Data name="district"><value>Bang Sue</value></Data>
          <Data name="province"><value>Bangkok</value></Data>
          <Data name="lat"><value>13.8037</value></Data>
          <Data name="lon"><value>100.5423</value></Data>
          <Data name="coord_source"><value>google_places</value></Data>
          <Data name="ttg_url"><value></value></Data>
          <Data name="is_new"><value>False</value></Data>
        </ExtendedData>
        <Point><coordinates>100.5423,13.8037,0</coordinates></Point>
      </Placemark>
      <Placemark>
        <name>Sam Sen</name>
        <description>&lt;b&gt;Sam Sen / สามเสน&lt;/b&gt;&lt;br/&gt;Code:สส. Class:1 Line:Northern, Northeastern, Southern&lt;br/&gt;District:Dusit Province:Bangkok&lt;br/&gt;Source:osm_th_raw </description>
        <styleUrl>#style_class_1</styleUrl>
        <ExtendedData>
          <Data name="name_en"><value>Sam Sen</value></Data>
          <Data name="name_th"><value>สามเสน</value></Data>
          <Data name="code"><value>สส.</value></Data>
          <Data name="class"><value>1</value></Data>
          <Data name="line"><value>Northern, Northeastern, Southern</value></Data>
          <Data name="district"><value>Dusit</value></Data>
          <Data name="province"><value>Bangkok</value></Data>
          <Data name="lat"><value>13.7794403</value></Data>
          <Data name="lon"><value>100.529954</value></Data>
          <Data name="coord_source"><value>osm_th_raw</value></Data>
          <Data name="ttg_url"><value></value></Data>
          <Data name="is_new"><value>False</value></Data>
        </ExtendedData>
        <Point><coordinates>100.529954,13.7794403,0</coordinates></Point>
      </Placemark>
    </Folder>
    <Folder>
      <name>Northern, Northeastern, Southern, Eastern Line</name>
      <open>0</open>
      <Placemark>
        <name>Bangkok (Hua Lamphong)</name>
        <description>&lt;b&gt;Bangkok (Hua Lamphong) / กรุงเทพ (หัวลำโพง)&lt;/b&gt;&lt;br/&gt;Code:กท. Class:Special Line:Northern, Northeastern, Southern, Eastern&lt;br/&gt;District:Pathum Wan Province:Bangkok&lt;br/&gt;Source:google_places </description>
        <styleUrl>#style_class_Special</styleUrl>
        <ExtendedData>
          <Data name="name_en"><value>Bangkok (Hua Lamphong)</value></Data>
          <Data name="name_th"><value>กรุงเทพ (หัวลำโพง)</value></Data>
          <Data name="code"><value>กท.</value></Data>
          <Data name="class"><value>Special</value></Data>
          <Data name="line"><value>Northern, Northeastern, Southern, Eastern</value></Data>
          <Data name="district"><value>Pathum Wan</value></Data>
          <Data name="province"><value>Bangkok</value></Data>
          <Data name="lat"><value>13.7393</value></Data>
          <Data name="lon"><value>100.5168</value></Data>
          <Data name="coord_source"><value>google_places</value></Data>
          <Data name="ttg_url"><value></value></Data>
          <Data name="is_new"><value>False</value></Data>
        </ExtendedData>
        <Point><coordinates>100.5168,13.7393,0</coordinates></Point>
      </Placemark>
    </Folder>
    <Folder>
      <name>Southern Line</name>
      <open>0</open>
      <description>25 новых из thaitrainguide</description>
      <Placemark>
        <name>Ai Satia</name>
        <description>&lt;b&gt;Ai Satia / ไอสะเตีย&lt;/b&gt;&lt;br/&gt;Code:ไอ. Class:Halt Line:Southern&lt;br/&gt;District:Cho-airong Province:Narathiwat&lt;br/&gt;Source:osm_th_raw &lt;a href='https://www.thaitrainguide.com/stations/southern-line/ai-satia/'&gt;TTG&lt;/a&gt;</description>
        <styleUrl>#style_class_Halt</styleUrl>
        <ExtendedData>
          <Data name="name_en"><value>Ai Satia</value></Data>
          <Data name="name_th"><value>ไอสะเตีย</value></Data>
          <Data name="code"><value>ไอ.</value></Data>
          <Data name="class"><value>Halt</value></Data>
          <Data name="line"><value>Southern</value></Data>
          <Data name="district"><value>Cho-airong</value></Data>
          <Data name="province"><value>Narathiwat</value></Data>
          <Data name="lat"><value>6.1665272</value></Data>
          <Data name="lon"><value>101.8315099</value></Data>
          <Data name="coord_source"><value>osm_th_raw</value></Data>
          <Data name="ttg_url"><value>https://www.thaitrainguide.com/stations/southern-line/ai-satia/</value></Data>
          <Data name="is_new"><value>False</value></Data>
        </ExtendedData>
        <Point><coordinates>101.8315099,6.1665272,0</coordinates></Point>
      </Placemark>
      <Placemark>
        <name>Aviation Academy</name>
        <description>&lt;b&gt;Aviation Academy / โรงเรียนการบิน&lt;/b&gt;&lt;br/&gt;Code:ริ. Class:Halt Line:Southern&lt;br/&gt;District:Kamphaeng Saen Province:Nakhon Pathom&lt;br/&gt;Source:osm_th_raw </description>
        <styleUrl>#style_class_Halt</styleUrl>
        <ExtendedData>
          <Data name="name_en"><value>Aviation Academy</value></Data>
          <Data name="name_th"><value>โรงเรียนการบิน</value></Data>
          <Data name="code"><value>ริ.</value></Data>
          <Data name="class"><value>Halt</value></Data>
          <Data name="line"><value>Southern</value></Data>
          <Data name="district"><value>Kamphaeng Saen</value></Data>
          <Data name="province"><value>Nakhon Pathom</value></Data>
          <Data name="lat"><value>14.0870057</value></Data>
          <Data name="lon"><value>99.9566919</value></Data>
          <Data name="coord_source"><value>osm_th_raw</value></Data>
          <Data name="ttg_url"><value></value></Data>
          <Data name="is_new"><value>False</value></Data>
        </ExtendedData>
        <Point><coordinates>99.9566919,14.0870057,0</coordinates></Point>
      </Placemark>
      <Placemark>
        <name>Balo</name>
        <description>&lt;b&gt;Balo / บาลอ&lt;/b&gt;&lt;br/&gt;Code:าล. Class:4 Line:Southern&lt;br/&gt;District:Raman Province:Yala&lt;br/&gt;Source:google_places &lt;a href='https://www.thaitrainguide.com/stations/southern-line/balo/'&gt;TTG&lt;/a&gt;</description>
        <styleUrl>#style_class_4</styleUrl>
        <ExtendedData>
          <Data name="name_en"><value>Balo</value></Data>
          <Data name="name_th"><value>บาลอ</value></Data>
          <Data name="code"><value>าล.</value></Data>
          <Data name="class"><value>4</value></Data>
          <Data name="line"><value>Southern</value></Data>
          <Data name="district"><value>Raman</value></Data>
          <Data name="province"><value>Yala</value></Data>
          <Data name="lat"><value>6.4412</value></Data>
          <Data name="lon"><value>101.4576</value></Data>
          <Data name="coord_source"><value>google_places</value></Data>
          <Data name="ttg_url"><value>https://www.thaitrainguide.com/stations/southern-line/balo/</value></Data>
          <Data name="is_new"><value>False</value></Data>
        </ExtendedData>
        <Point><coordinates>101.4576,6.4412,0</coordinates></Point>
      </Placemark>
      <Placemark>
        <name>Ban Chimphli</name>
        <description>&lt;b&gt;Ban Chimphli / บ้านฉิมพลี&lt;/b&gt;&lt;br/&gt;Code:ฉพ. Class:Halt Line:Southern&lt;br/&gt;District:Taling Chan Province:Bangkok&lt;br/&gt;Source:osm_th_raw </description>
        <styleUrl>#style_class_Halt</styleUrl>
        <ExtendedData>
          <Data name="name_en"><value>Ban Chimphli</value></Data>
          <Data name="name_th"><value>บ้านฉิมพลี</value></Data>
          <Data name="code"><value>ฉพ.</value></Data>
          <Data name="class"><value>Halt</value></Data>
          <Data name="line"><value>Southern</value></Data>
          <Data name="district"><value>Taling Chan</value></Data>
          <Data name="province"><value>Bangkok</value></Data>
          <Data name="lat"><value>13.7991608</value></Data>
          <Data name="lon"><value>100.4205975</value></Data>
          <Data name="coord_source"><value>osm_th_raw</value></Data>
          <Data name="ttg_url"><value></value></Data>
          <Data name="is_new"><value>False</value></Data>
        </ExtendedData>
        <Point><coordinates>100.4205975,13.7991608,0</coordinates></Point>
      </Placemark>
      <Placemark>
        <name>Ban Din Lan</name>
        <description>&lt;b&gt;Ban Din Lan / บ้านดินลาน&lt;/b&gt;&lt;br/&gt;Code:ดล. Class:4 Line:Southern&lt;br/&gt;District:Bang Klam Province:Songkhla&lt;br/&gt;Source:osm_th_raw &lt;a href='https://www.thaitrainguide.com/stations/southern-line/ban-din-lan/'&gt;TTG&lt;/a&gt;</description>
        <styleUrl>#style_class_4</styleUrl>
        <ExtendedData>
          <Data name="name_en"><value>Ban Din Lan</value></Data>
          <Data name="name_th"><value>บ้านดินลาน</value></Data>
          <Data name="code"><value>ดล.</value></Data>
          <Data name="class"><value>4</value></Data>
          <Data name="line"><value>Southern</value></Data>
          <Data name="district"><value>Bang Klam</value></Data>
          <Data name="province"><value>Songkhla</value></Data>
          <Data name="lat"><value>7.0476108</value></Data>
          <Data name="lon"><value>100.432637</value></Data>
          <Data name="coord_source"><value>osm_th_raw</value></Data>
          <Data name="ttg_url"><value>https://www.thaitrainguide.com/stations/southern-line/ban-din-lan/</value></Data>
          <Data name="is_new"><value>False</value></Data>
        </ExtendedData>
        <Point><coordinates>100.432637,7.0476108,0</coordinates></Point>
      </Placemark>
      <Placemark>
        <name>Ban Don Rak</name>
        <description>&lt;b&gt;Ban Don Rak / บ้านดอนรัก&lt;/b&gt;&lt;br/&gt;Code:รก. Class:Halt Line:Southern&lt;br/&gt;District:Phunphin Province:Surat Thani&lt;br/&gt;Source:osm_th_raw </description>
        <styleUrl>#style_class_Halt</styleUrl>
        <ExtendedData>
          <Data name="name_en"><value>Ban Don Rak</value></Data>
          <Data name="name_th"><value>บ้านดอนรัก</value></Data>
          <Data name="code"><value>รก.</value></Data>
          <Data name="class"><value>Halt</value></Data>
          <Data name="line"><value>Southern</value></Data>
          <Data name="district"><value>Phunphin</value></Data>
          <Data name="province"><value>Surat Thani</value></Data>
          <Data name="lat"><value>9.1210346</value></Data>
          <Data name="lon"><value>99.1732275</value></Data>
          <Data name="coord_source"><value>osm_th_raw</value></Data>
          <Data name="ttg_url"><value></value></Data>
          <Data name="is_new"><value>False</value></Data>
        </ExtendedData>
        <Point><coordinates>99.1732275,9.1210346,0</coordinates></Point>
      </Placemark>
      <Placemark>
        <name>Ban Don Riap</name>
        <description>&lt;b&gt;Ban Don Riap / บ้านดอนเรียบ&lt;/b&gt;&lt;br/&gt;Code:ดเ. Class:Halt Line:Southern&lt;br/&gt;District:Phunphin Province:Surat Thani&lt;br/&gt;Source:osm_th_raw </description>
        <styleUrl>#style_class_Halt</styleUrl>
        <ExtendedData>
          <Data name="name_en"><value>Ban Don Riap</value></Data>
          <Data name="name_th"><value>บ้านดอนเรียบ</value></Data>
          <Data name="code"><value>ดเ.</value></Data>
          <Data name="class"><value>Halt</value></Data>
          <Data name="line"><value>Southern</value></Data>
          <Data name="district"><value>Phunphin</value></Data>
          <Data name="province"><value>Surat Thani</value></Data>
          <Data name="lat"><value>9.078788</value></Data>
          <Data name="lon"><value>99.0446728</value></Data>
          <Data name="coord_source"><value>osm_th_raw</value></Data>
          <Data name="ttg_url"><value></value></Data>
          <Data name="is_new"><value>False</value></Data>
        </ExtendedData>
        <Point><coordinates>99.0446728,9.078788,0</coordinates></Point>
      </Placemark>
      <Placemark>
        <name>Ban Duat</name>
        <description>&lt;b&gt;Ban Duat / บ้านดวด&lt;/b&gt;&lt;br/&gt;Code:ดว. Class:3 Line:Southern&lt;br/&gt;District:Lamae Province:Chumphon&lt;br/&gt;Source:google_places &lt;a href='https://www.thaitrainguide.com/stations/southern-line/ban-duat/'&gt;TTG&lt;/a&gt;</description>
        <styleUrl>#style_class_3</styleUrl>
        <ExtendedData>
          <Data name="name_en"><value>Ban Duat</value></Data>
          <Data name="name_th"><value>บ้านดวด</value></Data>
          <Data name="code"><value>ดว.</value></Data>
          <Data name="class"><value>3</value></Data>
          <Data name="line"><value>Southern</value></Data>
          <Data name="district"><value>Lamae</value></Data>
          <Data name="province"><value>Chumphon</value></Data>
          <Data name="lat"><value>9.7186</value></Data>
          <Data name="lon"><value>99.1238</value></Data>
          <Data name="coord_source"><value>google_places</value></Data>
          <Data name="ttg_url"><value>https://www.thaitrainguide.com/stations/southern-line/ban-duat/</value></Data>
          <Data name="is_new"><value>False</value></Data>
        </ExtendedData>
        <Point><coordinates>99.1238,9.7186,0</coordinates></Point>
      </Placemark>
      <Placemark>
        <name>Ban Huai Taen</name>
        <description>&lt;b&gt;Ban Huai Taen / บ้านห้วยแตน&lt;/b&gt;&lt;br/&gt;Code:ยแ. Class:Halt Line:Southern&lt;br/&gt;District:Khao Chaison Province:Phatthalung&lt;br/&gt;Source:osm_th_raw </description>
        <styleUrl>#style_class_Halt</styleUrl>
        <ExtendedData>
          <Data name="name_en"><value>Ban Huai Taen</value></Data>
          <Data name="name_th"><value>บ้านห้วยแตน</value></Data>
          <Data name="code"><value>ยแ.</value></Data>
          <Data name="class"><value>Halt</value></Data>
          <Data name="line"><value>Southern</value></Data>
          <Data name="district"><value>Khao Chaison</value></Data>
          <Data name="province"><value>Phatthalung</value></Data>
          <Data name="lat"><value>7.5051343</value></Data>
          <Data name="lon"><value>100.1162694</value></Data>
          <Data name="coord_source"><value>osm_th_raw</value></Data>
          <Data name="ttg_url"><value></value></Data>
          <Data name="is_new"><value>False</value></Data>
        </ExtendedData>
        <Point><coordinates>100.1162694,7.5051343,0</coordinates></Point>
      </Placemark>
      <Placemark>
        <name>Ban Huai Tan</name>
        <description>&lt;b&gt;Ban Huai Tan&lt;/b&gt;&lt;br/&gt;Code: Class:Unknown Line:Southern&lt;br/&gt;District: Province:&lt;br/&gt;Source:thaitrainguide &lt;a href='https://www.thaitrainguide.com/stations/southern-line/ban-huai-taen/'&gt;TTG&lt;/a&gt;</description>
        <styleUrl>#style_class_Unknown</styleUrl>
        <ExtendedData>
          <Data name="name_en"><value>Ban Huai Tan</value></Data>
          <Data name="name_th"><value></value></Data>
          <Data name="code"><value></value></Data>
          <Data name="class"><value>Unknown</value></Data>
          <Data name="line"><value>Southern</value></Data>
          <Data name="district"><value></value></Data>
          <Data name="province"><value></value></Data>
          <Data name="lat"><value>7.5050616</value></Data>
          <Data name="lon"><value>100.1163954</value></Data>
          <Data name="coord_source"><value>thaitrainguide</value></Data>
          <Data name="ttg_url"><value>https://www.thaitrainguide.com/stations/southern-line/ban-huai-taen/</value></Data>
          <Data name="is_new"><value>True</value></Data>
        </ExtendedData>
        <Point><coordinates>100.1163954,7.5050616,0</coordinates></Point>
      </Placemark>
      <Placemark>
        <name>Ban Huai Yoong</name>
        <description>&lt;b&gt;Ban Huai Yoong / บ้านห้วยยูง&lt;/b&gt;&lt;br/&gt;Code:ยู. Class:Halt Line:Southern&lt;br/&gt;District:Phra Phrom Province:Nakhon Si Thammarat&lt;br/&gt;Source:osm_th_raw </description>
        <styleUrl>#style_class_Halt</styleUrl>
        <ExtendedData>
          <Data name="name_en"><value>Ban Huai Yoong</value></Data>
          <Data name="name_th"><value>บ้านห้วยยูง</value></Data>
          <Data name="code"><value>ยู.</value></Data>
          <Data name="class"><value>Halt</value></Data>
          <Data name="line"><value>Southern</value></Data>
          <Data name="district"><value>Phra Phrom</value></Data>
          <Data name="province"><value>Nakhon Si Thammarat</value></Data>
          <Data name="lat"><value>8.2866626</value></Data>
          <Data name="lon"><value>99.9432941</value></Data>
          <Data name="coord_source"><value>osm_th_raw</value></Data>
          <Data name="ttg_url"><value></value></Data>
          <Data name="is_new"><value>False</value></Data>
        </ExtendedData>
        <Point><coordinates>99.9432941,8.2866626,0</coordinates></Point>
      </Placemark>
      <Placemark>
        <name>Ban Kao</name>
        <description>&lt;b&gt;Ban Kao / บ้านเก่า&lt;/b&gt;&lt;br/&gt;Code:าน. Class:Halt Line:Southern&lt;br/&gt;District:Mueang Province:Kanchanaburi&lt;br/&gt;Source:osm_th_raw </description>
        <styleUrl>#style_class_Halt</styleUrl>
        <ExtendedData>
          <Data name="name_en"><value>Ban Kao</value></Data>
          <Data name="name_th"><value>บ้านเก่า</value></Data>
          <Data name="code"><value>าน.</value></Data>
          <Data name="class"><value>Halt</value></Data>
          <Data name="line"><value>Southern</value></Data>
          <Data name="district"><value>Mueang</value></Data>
          <Data name="province"><value>Kanchanaburi</value></Data>
          <Data name="lat"><value>13.973147</value></Data>
          <Data name="lon"><value>99.3153485</value></Data>
          <Data name="coord_source"><value>osm_th_raw</value></Data>
          <Data name="ttg_url"><value></value></Data>
          <Data name="is_new"><value>False</value></Data>
        </ExtendedData>
        <Point><coordinates>99.3153485,13.973147,0</coordinates></Point>
      </Placemark>
      <Placemark>
        <name>Ban Khai Thai</name>
        <description>&lt;b&gt;Ban Khai Thai / บ้านค่ายไทย&lt;/b&gt;&lt;br/&gt;Code:ทย. Class:Halt Line:Southern&lt;br/&gt;District:Mueang Province:Phatthalung&lt;br/&gt;Source:osm_th_raw &lt;a href='https://www.thaitrainguide.com/stations/southern-line/ban-khai-thai/'&gt;TTG&lt;/a&gt;</description>
        <styleUrl>#style_class_Halt</styleUrl>
        <ExtendedData>
          <Data name="name_en"><value>Ban Khai Thai</value></Data>
          <Data name="name_th"><value>บ้านค่ายไทย</value></Data>
          <Data name="code"><value>ทย.</value></Data>
          <Data name="class"><value>Halt</value></Data>
          <Data name="line"><value>Southern</value></Data>
          <Data name="district"><value>Mueang</value></Data>
          <Data name="province"><value>Phatthalung</value></Data>
          <Data name="lat"><value>7.5548176</value></Data>
          <Data name="lon"><value>100.103383</value></Data>
          <Data name="coord_source"><value>osm_th_raw</value></Data>
          <Data name="ttg_url"><value>https://www.thaitrainguide.com/stations/southern-line/ban-khai-thai/</value></Data>
          <Data name="is_new"><value>False</value></Data>
        </ExtendedData>
        <Point><coordinates>100.103383,7.5548176,0</coordinates></Point>
      </Placemark>
      <Placemark>
        <name>Ban Khanai</name>
        <description>&lt;b&gt;Ban Khanai / บ้านขนาย&lt;/b&gt;&lt;br/&gt;Code:าย. Class:Halt Line:Southern&lt;br/&gt;District:Phunphin Province:Surat Thani&lt;br/&gt;Source:osm_th_raw </description>
        <styleUrl>#style_class_Halt</styleUrl>
        <ExtendedData>
          <Data name="name_en"><value>Ban Khanai</value></Data>
          <Data name="name_th"><value>บ้านขนาย</value></Data>
          <Data name="code"><value>าย.</value></Data>
          <Data name="class"><value>Halt</value></Data>
          <Data name="line"><value>Southern</value></Data>
          <Data name="district"><value>Phunphin</value></Data>
          <Data name="province"><value>Surat Thani</value></Data>
          <Data name="lat"><value>9.094037</value></Data>
          <Data name="lon"><value>99.0843363</value></Data>
          <Data name="coord_source"><value>osm_th_raw</value></Data>
          <Data name="ttg_url"><value></value></Data>
          <Data name="is_new"><value>False</value></Data>
        </ExtendedData>
        <Point><coordinates>99.0843363,9.094037,0</coordinates></Point>
      </Placemark>
      <Placemark>
        <name>Ban Khok Ma</name>
        <description>&lt;b&gt;Ban Khok Ma / บ้านคอกม้า&lt;/b&gt;&lt;br/&gt;Code:คา. Class:3 Line:Southern&lt;br/&gt;District:Pathio Province:Chumphon&lt;br/&gt;Source:osm_th_raw &lt;a href='https://www.thaitrainguide.com/stations/southern-line/ban-khok-ma/'&gt;TTG&lt;/a&gt;</description>
        <styleUrl>#style_class_3</styleUrl>
        <ExtendedData>
          <Data name="name_en"><value>Ban Khok Ma</value></Data>
          <Data name="name_th"><value>บ้านคอกม้า</value></Data>
          <Data name="code"><value>คา.</value></Data>
          <Data name="class"><value>3</value></Data>
          <Data name="line"><value>Southern</value></Data>
          <Data name="district"><value>Pathio</value></Data>
          <Data name="province"><value>Chumphon</value></Data>
          <Data name="lat"><value>10.6526122</value></Data>
          <Data name="lon"><value>99.2740425</value></Data>
          <Data name="coord_source"><value>osm_th_raw</value></Data>
          <Data name="ttg_url"><value>https://www.thaitrainguide.com/stations/southern-line/ban-khok-ma/</value></Data>
          <Data name="is_new"><value>False</value></Data>
        </ExtendedData>
        <Point><coordinates>99.2740425,10.6526122,0</coordinates></Point>
      </Placemark>
      <Placemark>
        <name>Ban Khon Hat</name>
        <description>&lt;b&gt;Ban Khon Hat / บ้านขอนหาด&lt;/b&gt;&lt;br/&gt;Code:ขห. Class:3 Line:Southern&lt;br/&gt;District:Cha-uat Province:Nakhon Si Thammarat&lt;br/&gt;Source:osm_th_raw &lt;a href='https://www.thaitrainguide.com/stations/southern-line/ban-khon-hat/'&gt;TTG&lt;/a&gt;</description>
        <styleUrl>#style_class_3</styleUrl>
        <ExtendedData>
          <Data name="name_en"><value>Ban Khon Hat</value></Data>
          <Data name="name_th"><value>บ้านขอนหาด</value></Data>
          <Data name="code"><value>ขห.</value></Data>
          <Data name="class"><value>3</value></Data>
          <Data name="line"><value>Southern</value></Data>
          <Data name="district"><value>Cha-uat</value></Data>
          <Data name="province"><value>Nakhon Si Thammarat</value></Data>
          <Data name="lat"><value>7.855173</value></Data>
          <Data name="lon"><value>100.0286524</value></Data>
          <Data name="coord_source"><value>osm_th_raw</value></Data>
          <Data name="ttg_url"><value>https://www.thaitrainguide.com/stations/southern-line/ban-khon-hat/</value></Data>
          <Data name="is_new"><value>False</value></Data>
        </ExtendedData>
        <Point><coordinates>100.0286524,7.855173,0</coordinates></Point>
      </Placemark>
      <Placemark>
        <name>Ban Khron</name>
        <description>&lt;b&gt;Ban Khron / บ้านครน&lt;/b&gt;&lt;br/&gt;Code:คร. Class:Halt Line:Southern&lt;br/&gt;District:Sawi Province:Chumphon&lt;br/&gt;Source:osm_th_raw &lt;a href='https://www.thaitrainguide.com/stations/southern-line/ban-khron/'&gt;TTG&lt;/a&gt;</description>
        <styleUrl>#style_class_Halt</styleUrl>
        <ExtendedData>
          <Data name="name_en"><value>Ban Khron</value></Data>
          <Data name="name_th"><value>บ้านครน</value></Data>
          <Data name="code"><value>คร.</value></Data>
          <Data name="class"><value>Halt</value></Data>
          <Data name="line"><value>Southern</value></Data>
          <Data name="district"><value>Sawi</value></Data>
          <Data name="province"><value>Chumphon</value></Data>
          <Data name="lat"><value>10.2804319</value></Data>
          <Data name="lon"><value>99.0964616</value></Data>
          <Data name="coord_source"><value>osm_th_raw</value></Data>
          <Data name="ttg_url"><value>https://www.thaitrainguide.com/stations/southern-line/ban-khron/</value></Data>
          <Data name="is_new"><value>False</value></Data>
        </ExtendedData>
        <Point><coordinates>99.0964616,10.2804319,0</coordinates></Point>
      </Placemark>
      <Placemark>
        <name>Ban Khu Bua</name>
        <description>&lt;b&gt;Ban Khu Bua / บ้านคูบัว&lt;/b&gt;&lt;br/&gt;Code:บบ. Class:3 Line:Southern&lt;br/&gt;District:Mueang Province:Ratchaburi&lt;br/&gt;Source:osm_th_raw &lt;a href='https://www.thaitrainguide.com/stations/southern-line/ban-khu-bua/'&gt;TTG&lt;/a&gt;</description>
        <styleUrl>#style_class_3</styleUrl>
        <ExtendedData>
          <Data name="name_en"><value>Ban Khu Bua</value></Data>
          <Data name="name_th"><value>บ้านคูบัว</value></Data>
          <Data name="code"><value>บบ.</value></Data>
          <Data name="class"><value>3</value></Data>
          <Data name="line"><value>Southern</value></Data>
          <Data name="district"><value>Mueang</value></Data>
          <Data name="province"><value>Ratchaburi</value></Data>
          <Data name="lat"><value>13.4918773</value></Data>
          <Data name="lon"><value>99.8284098</value></Data>
          <Data name="coord_source"><value>osm_th_raw</value></Data>
          <Data name="ttg_url"><value>https://www.thaitrainguide.com/stations/southern-line/ban-khu-bua/</value></Data>
          <Data name="is_new"><value>False</value></Data>
        </ExtendedData>
        <Point><coordinates>99.8284098,13.4918773,0</coordinates></Point>
      </Placemark>
      <Placemark>
        <name>Ban Kluai</name>
        <description>&lt;b&gt;Ban Kluai&lt;/b&gt;&lt;br/&gt;Code: Class:Unknown Line:Southern&lt;br/&gt;District: Province:&lt;br/&gt;Source:thaitrainguide &lt;a href='https://www.thaitrainguide.com/stations/southern-line/ban-kluai/'&gt;TTG&lt;/a&gt;</description>
        <styleUrl>#style_class_Unknown</styleUrl>
        <ExtendedData>
          <Data name="name_en"><value>Ban Kluai</value></Data>
          <Data name="name_th"><value></value></Data>
          <Data name="code"><value></value></Data>
          <Data name="class"><value>Unknown</value></Data>
          <Data name="line"><value>Southern</value></Data>
          <Data name="district"><value></value></Data>
          <Data name="province"><value></value></Data>
          <Data name="lat"><value>13.588612</value></Data>
          <Data name="lon"><value>99.8154032</value></Data>
          <Data name="coord_source"><value>thaitrainguide</value></Data>
          <Data name="ttg_url"><value>https://www.thaitrainguide.com/stations/southern-line/ban-kluai/</value></Data>
          <Data name="is_new"><value>True</value></Data>
        </ExtendedData>
        <Point><coordinates>99.8154032,13.588612,0</coordinates></Point>
      </Placemark>
      <Placemark>
        <name>Ban Kluay</name>
        <description>&lt;b&gt;Ban Kluay / บ้านกล้วย&lt;/b&gt;&lt;br/&gt;Code:าก. Class:3 Line:Southern&lt;br/&gt;District:Mueang Province:Ratchaburi&lt;br/&gt;Source:osm_th_raw </description>
        <styleUrl>#style_class_3</styleUrl>
        <ExtendedData>
          <Data name="name_en"><value>Ban Kluay</value></Data>
          <Data name="name_th"><value>บ้านกล้วย</value></Data>
          <Data name="code"><value>าก.</value></Data>
          <Data name="class"><value>3</value></Data>
          <Data name="line"><value>Southern</value></Data>
          <Data name="district"><value>Mueang</value></Data>
          <Data name="province"><value>Ratchaburi</value></Data>
          <Data name="lat"><value>13.5883376</value></Data>
          <Data name="lon"><value>99.8156164</value></Data>
          <Data name="coord_source"><value>osm_th_raw</value></Data>
          <Data name="ttg_url"><value></value></Data>
          <Data name="is_new"><value>False</value></Data>
        </ExtendedData>
        <Point><coordinates>99.8156164,13.5883376,0</coordinates></Point>
      </Placemark>
      <Placemark>
        <name>Ban Ko Muk</name>
        <description>&lt;b&gt;Ban Ko Muk / บ้านเกาะมุกข์&lt;/b&gt;&lt;br/&gt;Code:ะม. Class:Halt Line:Southern&lt;br/&gt;District:Tha Chana Province:Surat Thani&lt;br/&gt;Source:osm_th_raw &lt;a href='https://www.thaitrainguide.com/stations/southern-line/ban-ko-muk/'&gt;TTG&lt;/a&gt;</description>
        <styleUrl>#style_class_Halt</styleUrl>
        <ExtendedData>
          <Data name="name_en"><value>Ban Ko Muk</value></Data>
          <Data name="name_th"><value>บ้านเกาะมุกข์</value></Data>
          <Data name="code"><value>ะม.</value></Data>
          <Data name="class"><value>Halt</value></Data>
          <Data name="line"><value>Southern</value></Data>
          <Data name="district"><value>Tha Chana</value></Data>
          <Data name="province"><value>Surat Thani</value></Data>
          <Data name="lat"><value>9.5095174</value></Data>
          <Data name="lon"><value>99.173338</value></Data>
          <Data name="coord_source"><value>osm_th_raw</value></Data>
          <Data name="ttg_url"><value>https://www.thaitrainguide.com/stations/southern-line/ban-ko-muk/</value></Data>
          <Data name="is_new"><value>False</value></Data>
        </ExtendedData>
        <Point><coordinates>99.173338,9.5095174,0</coordinates></Point>
      </Placemark>
      <Placemark>
        <name>Ban Ko Pring</name>
        <description>&lt;b&gt;Ban Ko Pring / บ้านเกาะปริง&lt;/b&gt;&lt;br/&gt;Code:ะป. Class:Halt Line:Southern&lt;br/&gt;District:Thung Song Province:Nakhon Si Thammarat&lt;br/&gt;Source:osm_th_raw &lt;a href='https://www.thaitrainguide.com/stations/southern-line/ban-ko-pring/'&gt;TTG&lt;/a&gt;</description>
        <styleUrl>#style_class_Halt</styleUrl>
        <ExtendedData>
          <Data name="name_en"><value>Ban Ko Pring</value></Data>
          <Data name="name_th"><value>บ้านเกาะปริง</value></Data>
          <Data name="code"><value>ะป.</value></Data>
          <Data name="class"><value>Halt</value></Data>
          <Data name="line"><value>Southern</value></Data>
          <Data name="district"><value>Thung Song</value></Data>
          <Data name="province"><value>Nakhon Si Thammarat</value></Data>
          <Data name="lat"><value>8.2132622</value></Data>
          <Data name="lon"><value>99.6449462</value></Data>
          <Data name="coord_source"><value>osm_th_raw</value></Data>
          <Data name="ttg_url"><value>https://www.thaitrainguide.com/stations/southern-line/ban-ko-pring/</value></Data>
          <Data name="is_new"><value>False</value></Data>
        </ExtendedData>
        <Point><coordinates>99.6449462,8.2132622,0</coordinates></Point>
      </Placemark>
      <Placemark>
        <name>Ban Ko Yai</name>
        <description>&lt;b&gt;Ban Ko Yai / บ้านเกาะใหญ่&lt;/b&gt;&lt;br/&gt;Code:กใ. Class:3 Line:Southern&lt;br/&gt;District:Khuan Niang Province:Songkhla&lt;br/&gt;Source:osm_th_raw &lt;a href='https://www.thaitrainguide.com/stations/southern-line/ban-ko-yai/'&gt;TTG&lt;/a&gt;</description>
        <styleUrl>#style_class_3</styleUrl>
        <ExtendedData>
          <Data name="name_en"><value>Ban Ko Yai</value></Data>
          <Data name="name_th"><value>บ้านเกาะใหญ่</value></Data>
          <Data name="code"><value>กใ.</value></Data>
          <Data name="class"><value>3</value></Data>
          <Data name="line"><value>Southern</value></Data>
          <Data name="district"><value>Khuan Niang</value></Data>
          <Data name="province"><value>Songkhla</value></Data>
          <Data name="lat"><value>7.1459449</value></Data>
          <Data name="lon"><value>100.3852631</value></Data>
          <Data name="coord_source"><value>osm_th_raw</value></Data>
          <Data name="ttg_url"><value>https://www.thaitrainguide.com/stations/southern-line/ban-ko-yai/</value></Data>
          <Data name="is_new"><value>False</value></Data>
        </ExtendedData>
        <Point><coordinates>100.3852631,7.1459449,0</coordinates></Point>
      </Placemark>
      <Placemark>
        <name>Ban Koei Chen</name>
        <description>&lt;b&gt;Ban Koei Chen / บ้านเกยเชน&lt;/b&gt;&lt;br/&gt;Code:กซ. Class:Halt Line:Southern&lt;br/&gt;District:Ron Phibun Province:Nakhon Si Thammarat&lt;br/&gt;Source:osm_th_raw </description>
        <styleUrl>#style_class_Halt</styleUrl>
        <ExtendedData>
          <Data name="name_en"><value>Ban Koei Chen</value></Data>
          <Data name="name_th"><value>บ้านเกยเชน</value></Data>
          <Data name="code"><value>กซ.</value></Data>
          <Data name="class"><value>Halt</value></Data>
          <Data name="line"><value>Southern</value></Data>
          <Data name="district"><value>Ron Phibun</value></Data>
          <Data name="province"><value>Nakhon Si Thammarat</value></Data>
          <Data name="lat"><value>8.1885946</value></Data>
          <Data name="lon"><value>99.8997959</value></Data>
          <Data name="coord_source"><value>osm_th_raw</value></Data>
          <Data name="ttg_url"><value></value></Data>
          <Data name="is_new"><value>False</value></Data>
        </ExtendedData>
        <Point><coordinates>99.8997959,8.1885946,0</coordinates></Point>
      </Placemark>
      <Placemark>
        <name>Ban Krut</name>
        <description>&lt;b&gt;Ban Krut / บ้านกรูด&lt;/b&gt;&lt;br/&gt;Code:กร. Class:2 Line:Southern&lt;br/&gt;District:Bang Saphan Province:Prachuap Khiri Khan&lt;br/&gt;Source:google_places &lt;a href='https://www.thaitrainguide.com/stations/southern-line/ban-krut/'&gt;TTG&lt;/a&gt;</description>
        <styleUrl>#style_class_2</styleUrl>
        <ExtendedData>
          <Data name="name_en"><value>Ban Krut</value></Data>
          <Data name="name_th"><value>บ้านกรูด</value></Data>
          <Data name="code"><value>กร.</value></Data>
          <Data name="class"><value>2</value></Data>
          <Data name="line"><value>Southern</value></Data>
          <Data name="district"><value>Bang Saphan</value></Data>
          <Data name="province"><value>Prachuap Khiri Khan</value></Data>
          <Data name="lat"><value>11.349</value></Data>
          <Data name="lon"><value>99.5562</value></Data>
          <Data name="coord_source"><value>google_places</value></Data>
          <Data name="ttg_url"><value>https://www.thaitrainguide.com/stations/southern-line/ban-krut/</value></Data>
          <Data name="is_new"><value>False</value></Data>
        </ExtendedData>
        <Point><coordinates>99.5562,11.349,0</coordinates></Point>
      </Placemark>
      <Placemark>
        <name>Ban Makok Tai</name>
        <description>&lt;b&gt;Ban Makok Tai / บ้านมะกอกใต้&lt;/b&gt;&lt;br/&gt;Code:บใ. Class:Halt Line:Southern&lt;br/&gt;District:Khuan Khanun Province:Phatthalung&lt;br/&gt;Source:osm_th_raw &lt;a href='https://www.thaitrainguide.com/stations/southern-line/ban-makok-tai/'&gt;TTG&lt;/a&gt;</description>
        <styleUrl>#style_class_Halt</styleUrl>
        <ExtendedData>
          <Data name="name_en"><value>Ban Makok Tai</value></Data>
          <Data name="name_th"><value>บ้านมะกอกใต้</value></Data>
          <Data name="code"><value>บใ.</value></Data>
          <Data name="class"><value>Halt</value></Data>
          <Data name="line"><value>Southern</value></Data>
          <Data name="district"><value>Khuan Khanun</value></Data>
          <Data name="province"><value>Phatthalung</value></Data>
          <Data name="lat"><value>7.7015358</value></Data>
          <Data name="lon"><value>100.0790956</value></Data>
          <Data name="coord_source"><value>osm_th_raw</value></Data>
          <Data name="ttg_url"><value>https://www.thaitrainguide.com/stations/southern-line/ban-makok-tai/</value></Data>
          <Data name="is_new"><value>False</value></Data>
        </ExtendedData>
        <Point><coordinates>100.0790956,7.7015358,0</coordinates></Point>
      </Placemark>
      <Placemark>
        <name>Ban Na</name>
        <description>&lt;b&gt;Ban Na / บ้านนา&lt;/b&gt;&lt;br/&gt;Code:นน. Class:3 Line:Southern&lt;br/&gt;District:Ban Na Doem Province:Surat Thani&lt;br/&gt;Source:osm_th_raw &lt;a href='https://www.thaitrainguide.com/stations/southern-line/ban-na/'&gt;TTG&lt;/a&gt;</description>
        <styleUrl>#style_class_3</styleUrl>
        <ExtendedData>
          <Data name="name_en"><value>Ban Na</value></Data>
          <Data name="name_th"><value>บ้านนา</value></Data>
          <Data name="code"><value>นน.</value></Data>
          <Data name="class"><value>3</value></Data>
          <Data name="line"><value>Southern</value></Data>
          <Data name="district"><value>Ban Na Doem</value></Data>
          <Data name="province"><value>Surat Thani</value></Data>
          <Data name="lat"><value>8.8865728</value></Data>
          <Data name="lon"><value>99.3104517</value></Data>
          <Data name="coord_source"><value>osm_th_raw</value></Data>
          <Data name="ttg_url"><value>https://www.thaitrainguide.com/stations/southern-line/ban-na/</value></Data>
          <Data name="is_new"><value>False</value></Data>
        </ExtendedData>
        <Point><coordinates>99.3104517,8.8865728,0</coordinates></Point>
      </Placemark>
      <Placemark>
        <name>Ban Nang Long</name>
        <description>&lt;b&gt;Ban Nang Long / บ้านนางหลง&lt;/b&gt;&lt;br/&gt;Code:นล. Class:3 Line:Southern&lt;br/&gt;District:Cha-uat Province:Nakhon Si Thammarat&lt;br/&gt;Source:osm_th_raw &lt;a href='https://www.thaitrainguide.com/stations/southern-line/ban-nang-long/'&gt;TTG&lt;/a&gt;</description>
        <styleUrl>#style_class_3</styleUrl>
        <ExtendedData>
          <Data name="name_en"><value>Ban Nang Long</value></Data>
          <Data name="name_th"><value>บ้านนางหลง</value></Data>
          <Data name="code"><value>นล.</value></Data>
          <Data name="class"><value>3</value></Data>
          <Data name="line"><value>Southern</value></Data>
          <Data name="district"><value>Cha-uat</value></Data>
          <Data name="province"><value>Nakhon Si Thammarat</value></Data>
          <Data name="lat"><value>7.9016238</value></Data>
          <Data name="lon"><value>100.0118198</value></Data>
          <Data name="coord_source"><value>osm_th_raw</value></Data>
          <Data name="ttg_url"><value>https://www.thaitrainguide.com/stations/southern-line/ban-nang-long/</value></Data>
          <Data name="is_new"><value>False</value></Data>
        </ExtendedData>
        <Point><coordinates>100.0118198,7.9016238,0</coordinates></Point>
      </Placemark>
      <Placemark>
        <name>Ban Nikhom</name>
        <description>&lt;b&gt;Ban Nikhom / บ้านนิคม&lt;/b&gt;&lt;br/&gt;Code:นิ. Class:Halt Line:Southern&lt;br/&gt;District:Khok Pho Province:Pattani&lt;br/&gt;Source:osm_th_raw &lt;a href='https://www.thaitrainguide.com/stations/southern-line/ban-nikhom/'&gt;TTG&lt;/a&gt;</description>
        <styleUrl>#style_class_Halt</styleUrl>
        <ExtendedData>
          <Data name="name_en"><value>Ban Nikhom</value></Data>
          <Data name="name_th"><value>บ้านนิคม</value></Data>
          <Data name="code"><value>นิ.</value></Data>
          <Data name="class"><value>Halt</value></Data>
          <Data name="line"><value>Southern</value></Data>
          <Data name="district"><value>Khok Pho</value></Data>
          <Data name="province"><value>Pattani</value></Data>
          <Data name="lat"><value>6.7602595</value></Data>
          <Data name="lon"><value>101.0499766</value></Data>
          <Data name="coord_source"><value>osm_th_raw</value></Data>
          <Data name="ttg_url"><value>https://www.thaitrainguide.com/stations/southern-line/ban-nikhom/</value></Data>
          <Data name="is_new"><value>False</value></Data>
        </ExtendedData>
        <Point><coordinates>101.0499766,6.7602595,0</coordinates></Point>
      </Placemark>
      <Placemark>
        <name>Ban Pa Kai</name>
        <description>&lt;b&gt;Ban Pa Kai / บ้านป่าไก่&lt;/b&gt;&lt;br/&gt;Code:ไป. Class:Halt Line:Southern&lt;br/&gt;District:Pak Tho Province:Ratchaburi&lt;br/&gt;Source:osm_th_raw &lt;a href='https://www.thaitrainguide.com/stations/ban-pa-kai/'&gt;TTG&lt;/a&gt;</description>
        <styleUrl>#style_class_Halt</styleUrl>
        <ExtendedData>
          <Data name="name_en"><value>Ban Pa Kai</value></Data>
          <Data name="name_th"><value>บ้านป่าไก่</value></Data>
          <Data name="code"><value>ไป.</value></Data>
          <Data name="class"><value>Halt</value></Data>
          <Data name="line"><value>Southern</value></Data>
          <Data name="district"><value>Pak Tho</value></Data>
          <Data name="province"><value>Ratchaburi</value></Data>
          <Data name="lat"><value>13.4118109</value></Data>
          <Data name="lon"><value>99.8388019</value></Data>
          <Data name="coord_source"><value>osm_th_raw</value></Data>
          <Data name="ttg_url"><value>https://www.thaitrainguide.com/stations/ban-pa-kai/</value></Data>
          <Data name="is_new"><value>False</value></Data>
        </ExtendedData>
        <Point><coordinates>99.8388019,13.4118109,0</coordinates></Point>
      </Placemark>
      <Placemark>
        <name>Ban Patae</name>
        <description>&lt;b&gt;Ban Patae / บ้านปาแต&lt;/b&gt;&lt;br/&gt;Code:ตแ. Class:Halt Line:Southern&lt;br/&gt;District:Raman Province:Yala&lt;br/&gt;Source:osm_th_raw &lt;a href='https://www.thaitrainguide.com/stations/southern-line/ban-patae/'&gt;TTG&lt;/a&gt;</description>
        <styleUrl>#style_class_Halt</styleUrl>
        <ExtendedData>
          <Data name="name_en"><value>Ban Patae</value></Data>
          <Data name="name_th"><value>บ้านปาแต</value></Data>
          <Data name="code"><value>ตแ.</value></Data>
          <Data name="class"><value>Halt</value></Data>
          <Data name="line"><value>Southern</value></Data>
          <Data name="district"><value>Raman</value></Data>
          <Data name="province"><value>Yala</value></Data>
          <Data name="lat"><value>6.4976729</value></Data>
          <Data name="lon"><value>101.3929222</value></Data>
          <Data name="coord_source"><value>osm_th_raw</value></Data>
          <Data name="ttg_url"><value>https://www.thaitrainguide.com/stations/southern-line/ban-patae/</value></Data>
          <Data name="is_new"><value>False</value></Data>
        </ExtendedData>
        <Point><coordinates>101.3929222,6.4976729,0</coordinates></Point>
      </Placemark>
      <Placemark>
        <name>Ban Phru Krachaeng</name>
        <description>&lt;b&gt;Ban Phru Krachaeng / บ้านพรุกระแชง&lt;/b&gt;&lt;br/&gt;Code:แช. Class:3 Line:Southern&lt;br/&gt;District:Wiang Sa Province:Surat Thani&lt;br/&gt;Source:osm_th_raw &lt;a href='https://www.thaitrainguide.com/stations/southern-line/ban-phru-krachaeng/'&gt;TTG&lt;/a&gt;</description>
        <styleUrl>#style_class_3</styleUrl>
        <ExtendedData>
          <Data name="name_en"><value>Ban Phru Krachaeng</value></Data>
          <Data name="name_th"><value>บ้านพรุกระแชง</value></Data>
          <Data name="code"><value>แช.</value></Data>
          <Data name="class"><value>3</value></Data>
          <Data name="line"><value>Southern</value></Data>
          <Data name="district"><value>Wiang Sa</value></Data>
          <Data name="province"><value>Surat Thani</value></Data>
          <Data name="lat"><value>8.5932542</value></Data>
          <Data name="lon"><value>99.4212647</value></Data>
          <Data name="coord_source"><value>osm_th_raw</value></Data>
          <Data name="ttg_url"><value>https://www.thaitrainguide.com/stations/southern-line/ban-phru-krachaeng/</value></Data>
          <Data name="is_new"><value>False</value></Data>
        </ExtendedData>
        <Point><coordinates>99.4212647,8.5932542,0</coordinates></Point>
      </Placemark>
      <Placemark>
        <name>Ban Pong</name>
        <description>&lt;b&gt;Ban Pong / บ้านโป่ง&lt;/b&gt;&lt;br/&gt;Code:โป. Class:1 Line:Southern&lt;br/&gt;District:Ban Pong Province:Ratchaburi&lt;br/&gt;Source:google_places &lt;a href='https://www.thaitrainguide.com/stations/southern-line/ban-pong/'&gt;TTG&lt;/a&gt;</description>
        <styleUrl>#style_class_1</styleUrl>
        <ExtendedData>
          <Data name="name_en"><value>Ban Pong</value></Data>
          <Data name="name_th"><value>บ้านโป่ง</value></Data>
          <Data name="code"><value>โป.</value></Data>
          <Data name="class"><value>1</value></Data>
          <Data name="line"><value>Southern</value></Data>
          <Data name="district"><value>Ban Pong</value></Data>
          <Data name="province"><value>Ratchaburi</value></Data>
          <Data name="lat"><value>13.8109</value></Data>
          <Data name="lon"><value>99.8756</value></Data>
          <Data name="coord_source"><value>google_places</value></Data>
          <Data name="ttg_url"><value>https://www.thaitrainguide.com/stations/southern-line/ban-pong/</value></Data>
          <Data name="is_new"><value>False</value></Data>
        </ExtendedData>
        <Point><coordinates>99.8756,13.8109,0</coordinates></Point>
      </Placemark>
      <Placemark>
        <name>Ban Pong Sieo</name>
        <description>&lt;b&gt;Ban Pong Sieo / บ้านโป่งเสี้ยว&lt;/b&gt;&lt;br/&gt;Code:ปเ. Class:Halt Line:Southern&lt;br/&gt;District:Mueang Province:Kanchanaburi&lt;br/&gt;Source:osm_th_raw </description>
        <styleUrl>#style_class_Halt</styleUrl>
        <ExtendedData>
          <Data name="name_en"><value>Ban Pong Sieo</value></Data>
          <Data name="name_th"><value>บ้านโป่งเสี้ยว</value></Data>
          <Data name="code"><value>ปเ.</value></Data>
          <Data name="class"><value>Halt</value></Data>
          <Data name="line"><value>Southern</value></Data>
          <Data name="district"><value>Mueang</value></Data>
          <Data name="province"><value>Kanchanaburi</value></Data>
          <Data name="lat"><value>13.9586699</value></Data>
          <Data name="lon"><value>99.3449767</value></Data>
          <Data name="coord_source"><value>osm_th_raw</value></Data>
          <Data name="ttg_url"><value></value></Data>
          <Data name="is_new"><value>False</value></Data>
        </ExtendedData>
        <Point><coordinates>99.3449767,13.9586699,0</coordinates></Point>
      </Placemark>
      <Placemark>
        <name>Ban Pu Pong</name>
        <description>&lt;b&gt;Ban Pu Pong / บ้านพุพง&lt;/b&gt;&lt;br/&gt;Code:พุ. Class:Halt Line:Southern&lt;br/&gt;District:Sai Yok Province:Kanchanaburi&lt;br/&gt;Source:osm_th_raw </description>
        <styleUrl>#style_class_Halt</styleUrl>
        <ExtendedData>
          <Data name="name_en"><value>Ban Pu Pong</value></Data>
          <Data name="name_th"><value>บ้านพุพง</value></Data>
          <Data name="code"><value>พุ.</value></Data>
          <Data name="class"><value>Halt</value></Data>
          <Data name="line"><value>Southern</value></Data>
          <Data name="district"><value>Sai Yok</value></Data>
          <Data name="province"><value>Kanchanaburi</value></Data>
          <Data name="lat"><value>14.2159282</value></Data>
          <Data name="lon"><value>99.0890079</value></Data>
          <Data name="coord_source"><value>osm_th_raw</value></Data>
          <Data name="ttg_url"><value></value></Data>
          <Data name="is_new"><value>False</value></Data>
        </ExtendedData>
        <Point><coordinates>99.0890079,14.2159282,0</coordinates></Point>
      </Placemark>
      <Placemark>
        <name>Ban Sai Thong</name>
        <description>&lt;b&gt;Ban Sai Thong / บ้านทรายทอง&lt;/b&gt;&lt;br/&gt;Code:ซท. Class:Halt Line:Southern&lt;br/&gt;District:Bang Saphan Noi Province:Prachuap Khiri Khan&lt;br/&gt;Source:osm_th_raw </description>
        <styleUrl>#style_class_Halt</styleUrl>
        <ExtendedData>
          <Data name="name_en"><value>Ban Sai Thong</value></Data>
          <Data name="name_th"><value>บ้านทรายทอง</value></Data>
          <Data name="code"><value>ซท.</value></Data>
          <Data name="class"><value>Halt</value></Data>
          <Data name="line"><value>Southern</value></Data>
          <Data name="district"><value>Bang Saphan Noi</value></Data>
          <Data name="province"><value>Prachuap Khiri Khan</value></Data>
          <Data name="lat"><value>10.9988459</value></Data>
          <Data name="lon"><value>99.3904498</value></Data>
          <Data name="coord_source"><value>osm_th_raw</value></Data>
          <Data name="ttg_url"><value></value></Data>
          <Data name="is_new"><value>False</value></Data>
        </ExtendedData>
        <Point><coordinates>99.3904498,10.9988459,0</coordinates></Point>
      </Placemark>
      <Placemark>
        <name>Ban Salo Bukit Yuaerae</name>
        <description>&lt;b&gt;Ban Salo Bukit Yuaerae / บ้านสะโลว์บูกิ๊ตยือแร&lt;/b&gt;&lt;br/&gt;Code:ยื. Class:Halt Line:Southern&lt;br/&gt;District:Rueso Province:Narathiwat&lt;br/&gt;Source:osm_th_raw &lt;a href='https://www.thaitrainguide.com/stations/southern-line/ban-salo-bukit-yuaerae/'&gt;TTG&lt;/a&gt;</description>
        <styleUrl>#style_class_Halt</styleUrl>
        <ExtendedData>
          <Data name="name_en"><value>Ban Salo Bukit Yuaerae</value></Data>
          <Data name="name_th"><value>บ้านสะโลว์บูกิ๊ตยือแร</value></Data>
          <Data name="code"><value>ยื.</value></Data>
          <Data name="class"><value>Halt</value></Data>
          <Data name="line"><value>Southern</value></Data>
          <Data name="district"><value>Rueso</value></Data>
          <Data name="province"><value>Narathiwat</value></Data>
          <Data name="lat"><value>6.3581707</value></Data>
          <Data name="lon"><value>101.5383676</value></Data>
          <Data name="coord_source"><value>osm_th_raw</value></Data>
          <Data name="ttg_url"><value>https://www.thaitrainguide.com/stations/southern-line/ban-salo-bukit-yuaerae/</value></Data>
          <Data name="is_new"><value>False</value></Data>
        </ExtendedData>
        <Point><coordinates>101.5383676,6.3581707,0</coordinates></Point>
      </Placemark>
      <Placemark>
        <name>Ban Sap Somboon</name>
        <description>&lt;b&gt;Ban Sap Somboon / บ้านทรัพย์สมบูรณ์&lt;/b&gt;&lt;br/&gt;Code:ซส. Class:Halt Line:Southern&lt;br/&gt;District:Pathio Province:Chumphon&lt;br/&gt;Source:osm_th_raw &lt;a href='https://www.thaitrainguide.com/stations/southern-line/ban-sap-somboon/'&gt;TTG&lt;/a&gt;</description>
        <styleUrl>#style_class_Halt</styleUrl>
        <ExtendedData>
          <Data name="name_en"><value>Ban Sap Somboon</value></Data>
          <Data name="name_th"><value>บ้านทรัพย์สมบูรณ์</value></Data>
          <Data name="code"><value>ซส.</value></Data>
          <Data name="class"><value>Halt</value></Data>
          <Data name="line"><value>Southern</value></Data>
          <Data name="district"><value>Pathio</value></Data>
          <Data name="province"><value>Chumphon</value></Data>
          <Data name="lat"><value>10.8081752</value></Data>
          <Data name="lon"><value>99.348515</value></Data>
          <Data name="coord_source"><value>osm_th_raw</value></Data>
          <Data name="ttg_url"><value>https://www.thaitrainguide.com/stations/southern-line/ban-sap-somboon/</value></Data>
          <Data name="is_new"><value>False</value></Data>
        </ExtendedData>
        <Point><coordinates>99.348515,10.8081752,0</coordinates></Point>
      </Placemark>
      <Placemark>
        <name>Ban Song</name>
        <description>&lt;b&gt;Ban Song / บ้านส้อง&lt;/b&gt;&lt;br/&gt;Code:สอ. Class:1 Line:Southern&lt;br/&gt;District:Wiang Sa Province:Surat Thani&lt;br/&gt;Source:osm_th_raw &lt;a href='https://www.thaitrainguide.com/stations/southern-line/ban-song/'&gt;TTG&lt;/a&gt;</description>
        <styleUrl>#style_class_1</styleUrl>
        <ExtendedData>
          <Data name="name_en"><value>Ban Song</value></Data>
          <Data name="name_th"><value>บ้านส้อง</value></Data>
          <Data name="code"><value>สอ.</value></Data>
          <Data name="class"><value>1</value></Data>
          <Data name="line"><value>Southern</value></Data>
          <Data name="district"><value>Wiang Sa</value></Data>
          <Data name="province"><value>Surat Thani</value></Data>
          <Data name="lat"><value>8.6335944</value></Data>
          <Data name="lon"><value>99.3724273</value></Data>
          <Data name="coord_source"><value>osm_th_raw</value></Data>
          <Data name="ttg_url"><value>https://www.thaitrainguide.com/stations/southern-line/ban-song/</value></Data>
          <Data name="is_new"><value>False</value></Data>
        </ExtendedData>
        <Point><coordinates>99.3724273,8.6335944,0</coordinates></Point>
      </Placemark>
      <Placemark>
        <name>Ban Suntara</name>
        <description>&lt;b&gt;Ban Suntara&lt;/b&gt;&lt;br/&gt;Code: Class:Unknown Line:Southern&lt;br/&gt;District: Province:&lt;br/&gt;Source:thaitrainguide &lt;a href='https://www.thaitrainguide.com/stations/southern-line/ban-sunthra/'&gt;TTG&lt;/a&gt;</description>
        <styleUrl>#style_class_Unknown</styleUrl>
        <ExtendedData>
          <Data name="name_en"><value>Ban Suntara</value></Data>
          <Data name="name_th"><value></value></Data>
          <Data name="code"><value></value></Data>
          <Data name="class"><value>Unknown</value></Data>
          <Data name="line"><value>Southern</value></Data>
          <Data name="district"><value></value></Data>
          <Data name="province"><value></value></Data>
          <Data name="lat"><value>7.7857797</value></Data>
          <Data name="lon"><value>100.0602412</value></Data>
          <Data name="coord_source"><value>thaitrainguide</value></Data>
          <Data name="ttg_url"><value>https://www.thaitrainguide.com/stations/southern-line/ban-sunthra/</value></Data>
          <Data name="is_new"><value>True</value></Data>
        </ExtendedData>
        <Point><coordinates>100.0602412,7.7857797,0</coordinates></Point>
      </Placemark>
      <Placemark>
        <name>Ban Sunthra</name>
        <description>&lt;b&gt;Ban Sunthra / บ้านสุนทรา&lt;/b&gt;&lt;br/&gt;Code:บท. Class:Halt Line:Southern&lt;br/&gt;District:Khuan Khanun Province:Phatthalung&lt;br/&gt;Source:osm_th_raw </description>
        <styleUrl>#style_class_Halt</styleUrl>
        <ExtendedData>
          <Data name="name_en"><value>Ban Sunthra</value></Data>
          <Data name="name_th"><value>บ้านสุนทรา</value></Data>
          <Data name="code"><value>บท.</value></Data>
          <Data name="class"><value>Halt</value></Data>
          <Data name="line"><value>Southern</value></Data>
          <Data name="district"><value>Khuan Khanun</value></Data>
          <Data name="province"><value>Phatthalung</value></Data>
          <Data name="lat"><value>7.780556</value></Data>
          <Data name="lon"><value>100.0620071</value></Data>
          <Data name="coord_source"><value>osm_th_raw</value></Data>
          <Data name="ttg_url"><value></value></Data>
          <Data name="is_new"><value>False</value></Data>
        </ExtendedData>
        <Point><coordinates>100.0620071,7.780556,0</coordinates></Point>
      </Placemark>
      <Placemark>
        <name>Ban Tha Chang</name>
        <description>&lt;b&gt;Ban Tha Chang / บ้านท่าช้าง&lt;/b&gt;&lt;br/&gt;Code:บช. Class:Halt Line:Southern&lt;br/&gt;District:Phra Phrom Province:Nakhon Si Thammarat&lt;br/&gt;Source:osm_th_raw </description>
        <styleUrl>#style_class_Halt</styleUrl>
        <ExtendedData>
          <Data name="name_en"><value>Ban Tha Chang</value></Data>
          <Data name="name_th"><value>บ้านท่าช้าง</value></Data>
          <Data name="code"><value>บช.</value></Data>
          <Data name="class"><value>Halt</value></Data>
          <Data name="line"><value>Southern</value></Data>
          <Data name="district"><value>Phra Phrom</value></Data>
          <Data name="province"><value>Nakhon Si Thammarat</value></Data>
          <Data name="lat"><value>8.3290148</value></Data>
          <Data name="lon"><value>99.9417809</value></Data>
          <Data name="coord_source"><value>osm_th_raw</value></Data>
          <Data name="ttg_url"><value></value></Data>
          <Data name="is_new"><value>False</value></Data>
        </ExtendedData>
        <Point><coordinates>99.9417809,8.3290148,0</coordinates></Point>
      </Placemark>
      <Placemark>
        <name>Ban Thung Khai</name>
        <description>&lt;b&gt;Ban Thung Khai / บ้านทุ่งค่าย&lt;/b&gt;&lt;br/&gt;Code:น่. Class:Halt Line:Southern&lt;br/&gt;District:Cha-uat Province:Nakhon Si Thammarat&lt;br/&gt;Source:osm_th_raw </description>
        <styleUrl>#style_class_Halt</styleUrl>
        <ExtendedData>
          <Data name="name_en"><value>Ban Thung Khai</value></Data>
          <Data name="name_th"><value>บ้านทุ่งค่าย</value></Data>
          <Data name="code"><value>น่.</value></Data>
          <Data name="class"><value>Halt</value></Data>
          <Data name="line"><value>Southern</value></Data>
          <Data name="district"><value>Cha-uat</value></Data>
          <Data name="province"><value>Nakhon Si Thammarat</value></Data>
          <Data name="lat"><value>7.9940311</value></Data>
          <Data name="lon"><value>99.986741</value></Data>
          <Data name="coord_source"><value>osm_th_raw</value></Data>
          <Data name="ttg_url"><value></value></Data>
          <Data name="is_new"><value>False</value></Data>
        </ExtendedData>
        <Point><coordinates>99.986741,7.9940311,0</coordinates></Point>
      </Placemark>
      <Placemark>
        <name>Ban Thung Lo</name>
        <description>&lt;b&gt;Ban Thung Lo / บ้านทุ่งหล่อ&lt;/b&gt;&lt;br/&gt;Code:ลอ. Class:3 Line:Southern&lt;br/&gt;District:Chaloem Phra Kiat Province:Nakhon Si Thammarat&lt;br/&gt;Source:osm_th_raw </description>
        <styleUrl>#style_class_3</styleUrl>
        <ExtendedData>
          <Data name="name_en"><value>Ban Thung Lo</value></Data>
          <Data name="name_th"><value>บ้านทุ่งหล่อ</value></Data>
          <Data name="code"><value>ลอ.</value></Data>
          <Data name="class"><value>3</value></Data>
          <Data name="line"><value>Southern</value></Data>
          <Data name="district"><value>Chaloem Phra Kiat</value></Data>
          <Data name="province"><value>Nakhon Si Thammarat</value></Data>
          <Data name="lat"><value>8.2222369</value></Data>
          <Data name="lon"><value>99.921567</value></Data>
          <Data name="coord_source"><value>osm_th_raw</value></Data>
          <Data name="ttg_url"><value></value></Data>
          <Data name="is_new"><value>False</value></Data>
        </ExtendedData>
        <Point><coordinates>99.921567,8.2222369,0</coordinates></Point>
      </Placemark>
      <Placemark>
        <name>Ban Thung Luang</name>
        <description>&lt;b&gt;Ban Thung Luang / บ้านทุ่งหลวง&lt;/b&gt;&lt;br/&gt;Code:าว. Class:Halt Line:Southern&lt;br/&gt;District:Phunphin Province:Surat Thani&lt;br/&gt;Source:osm_th_raw </description>
        <styleUrl>#style_class_Halt</styleUrl>
        <ExtendedData>
          <Data name="name_en"><value>Ban Thung Luang</value></Data>
          <Data name="name_th"><value>บ้านทุ่งหลวง</value></Data>
          <Data name="code"><value>าว.</value></Data>
          <Data name="class"><value>Halt</value></Data>
          <Data name="line"><value>Southern</value></Data>
          <Data name="district"><value>Phunphin</value></Data>
          <Data name="province"><value>Surat Thani</value></Data>
          <Data name="lat"><value>9.1041094</value></Data>
          <Data name="lon"><value>99.1175078</value></Data>
          <Data name="coord_source"><value>osm_th_raw</value></Data>
          <Data name="ttg_url"><value></value></Data>
          <Data name="is_new"><value>False</value></Data>
        </ExtendedData>
        <Point><coordinates>99.1175078,9.1041094,0</coordinates></Point>
      </Placemark>
      <Placemark>
        <name>Ban Thung Pho Junction</name>
        <description>&lt;b&gt;Ban Thung Pho Junction / ชุมทางบ้านทุ่งโพธิ์&lt;/b&gt;&lt;br/&gt;Code:ทโ. Class:2 Line:Southern&lt;br/&gt;District:Phunphin Province:Surat Thani&lt;br/&gt;Source:osm_th_raw &lt;a href='https://www.thaitrainguide.com/stations/southern-line/ban-thung-pho-junction/'&gt;TTG&lt;/a&gt;</description>
        <styleUrl>#style_class_2</styleUrl>
        <ExtendedData>
          <Data name="name_en"><value>Ban Thung Pho Junction</value></Data>
          <Data name="name_th"><value>ชุมทางบ้านทุ่งโพธิ์</value></Data>
          <Data name="code"><value>ทโ.</value></Data>
          <Data name="class"><value>2</value></Data>
          <Data name="line"><value>Southern</value></Data>
          <Data name="district"><value>Phunphin</value></Data>
          <Data name="province"><value>Surat Thani</value></Data>
          <Data name="lat"><value>9.1210468</value></Data>
          <Data name="lon"><value>99.2016282</value></Data>
          <Data name="coord_source"><value>osm_th_raw</value></Data>
          <Data name="ttg_url"><value>https://www.thaitrainguide.com/stations/southern-line/ban-thung-pho-junction/</value></Data>
          <Data name="is_new"><value>False</value></Data>
        </ExtendedData>
        <Point><coordinates>99.2016282,9.1210468,0</coordinates></Point>
      </Placemark>
      <Placemark>
        <name>Ban Ton Don</name>
        <description>&lt;b&gt;Ban Ton Don / บ้านต้นโดน&lt;/b&gt;&lt;br/&gt;Code:บโ. Class:3 Line:Southern&lt;br/&gt;District:Khao Chaison Province:Phatthalung&lt;br/&gt;Source:osm_th_raw &lt;a href='https://www.thaitrainguide.com/stations/southern-line/ban-ton-don/'&gt;TTG&lt;/a&gt;</description>
        <styleUrl>#style_class_3</styleUrl>
        <ExtendedData>
          <Data name="name_en"><value>Ban Ton Don</value></Data>
          <Data name="name_th"><value>บ้านต้นโดน</value></Data>
          <Data name="code"><value>บโ.</value></Data>
          <Data name="class"><value>3</value></Data>
          <Data name="line"><value>Southern</value></Data>
          <Data name="district"><value>Khao Chaison</value></Data>
          <Data name="province"><value>Phatthalung</value></Data>
          <Data name="lat"><value>7.5311325</value></Data>
          <Data name="lon"><value>100.1095298</value></Data>
          <Data name="coord_source"><value>osm_th_raw</value></Data>
          <Data name="ttg_url"><value>https://www.thaitrainguide.com/stations/southern-line/ban-ton-don/</value></Data>
          <Data name="is_new"><value>False</value></Data>
        </ExtendedData>
        <Point><coordinates>100.1095298,7.5311325,0</coordinates></Point>
      </Placemark>
      <Placemark>
        <name>Ban Trok Kae</name>
        <description>&lt;b&gt;Ban Trok Kae / บ้านตรอกแค&lt;/b&gt;&lt;br/&gt;Code:คั. Class:Halt Line:Southern&lt;br/&gt;District:Cha-uat Province:Nakhon Si Thammarat&lt;br/&gt;Source:osm_th_raw </description>
        <styleUrl>#style_class_Halt</styleUrl>
        <ExtendedData>
          <Data name="name_en"><value>Ban Trok Kae</value></Data>
          <Data name="name_th"><value>บ้านตรอกแค</value></Data>
          <Data name="code"><value>คั.</value></Data>
          <Data name="class"><value>Halt</value></Data>
          <Data name="line"><value>Southern</value></Data>
          <Data name="district"><value>Cha-uat</value></Data>
          <Data name="province"><value>Nakhon Si Thammarat</value></Data>
          <Data name="lat"><value>7.876722</value></Data>
          <Data name="lon"><value>100.019001</value></Data>
          <Data name="coord_source"><value>osm_th_raw</value></Data>
          <Data name="ttg_url"><value></value></Data>
          <Data name="is_new"><value>False</value></Data>
        </ExtendedData>
        <Point><coordinates>100.019001,7.876722,0</coordinates></Point>
      </Placemark>
      <Placemark>
        <name>Ban Trok Kea</name>
        <description>&lt;b&gt;Ban Trok Kea&lt;/b&gt;&lt;br/&gt;Code: Class:Unknown Line:Southern&lt;br/&gt;District: Province:&lt;br/&gt;Source:thaitrainguide &lt;a href='https://www.thaitrainguide.com/stations/southern-line/ban-trok-kae/'&gt;TTG&lt;/a&gt;</description>
        <styleUrl>#style_class_Unknown</styleUrl>
        <ExtendedData>
          <Data name="name_en"><value>Ban Trok Kea</value></Data>
          <Data name="name_th"><value></value></Data>
          <Data name="code"><value></value></Data>
          <Data name="class"><value>Unknown</value></Data>
          <Data name="line"><value>Southern</value></Data>
          <Data name="district"><value></value></Data>
          <Data name="province"><value></value></Data>
          <Data name="lat"><value>7.8730642</value></Data>
          <Data name="lon"><value>100.0210967</value></Data>
          <Data name="coord_source"><value>thaitrainguide</value></Data>
          <Data name="ttg_url"><value>https://www.thaitrainguide.com/stations/southern-line/ban-trok-kae/</value></Data>
          <Data name="is_new"><value>True</value></Data>
        </ExtendedData>
        <Point><coordinates>100.0210967,7.8730642,0</coordinates></Point>
      </Placemark>
      <Placemark>
        <name>Ban Tun</name>
        <description>&lt;b&gt;Ban Tun / บ้านตูล&lt;/b&gt;&lt;br/&gt;Code:ตน. Class:3 Line:Southern&lt;br/&gt;District:Cha-uat Province:Nakhon Si Thammarat&lt;br/&gt;Source:osm_th_raw &lt;a href='https://www.thaitrainguide.com/stations/southern-line/ban-tun/'&gt;TTG&lt;/a&gt;</description>
        <styleUrl>#style_class_3</styleUrl>
        <ExtendedData>
          <Data name="name_en"><value>Ban Tun</value></Data>
          <Data name="name_th"><value>บ้านตูล</value></Data>
          <Data name="code"><value>ตน.</value></Data>
          <Data name="class"><value>3</value></Data>
          <Data name="line"><value>Southern</value></Data>
          <Data name="district"><value>Cha-uat</value></Data>
          <Data name="province"><value>Nakhon Si Thammarat</value></Data>
          <Data name="lat"><value>8.0606432</value></Data>
          <Data name="lon"><value>99.961299</value></Data>
          <Data name="coord_source"><value>osm_th_raw</value></Data>
          <Data name="ttg_url"><value>https://www.thaitrainguide.com/stations/southern-line/ban-tun/</value></Data>
          <Data name="is_new"><value>False</value></Data>
        </ExtendedData>
        <Point><coordinates>99.961299,8.0606432,0</coordinates></Point>
      </Placemark>
      <Placemark>
        <name>Ban Tungkhai</name>
        <description>&lt;b&gt;Ban Tungkhai&lt;/b&gt;&lt;br/&gt;Code: Class:Unknown Line:Southern&lt;br/&gt;District: Province:&lt;br/&gt;Source:thaitrainguide &lt;a href='https://www.thaitrainguide.com/stations/southern-line/ban-tungkhai/'&gt;TTG&lt;/a&gt;</description>
        <styleUrl>#style_class_Unknown</styleUrl>
        <ExtendedData>
          <Data name="name_en"><value>Ban Tungkhai</value></Data>
          <Data name="name_th"><value></value></Data>
          <Data name="code"><value></value></Data>
          <Data name="class"><value>Unknown</value></Data>
          <Data name="line"><value>Southern</value></Data>
          <Data name="district"><value></value></Data>
          <Data name="province"><value></value></Data>
          <Data name="lat"><value>8.0142613</value></Data>
          <Data name="lon"><value>99.9772283</value></Data>
          <Data name="coord_source"><value>thaitrainguide</value></Data>
          <Data name="ttg_url"><value>https://www.thaitrainguide.com/stations/southern-line/ban-tungkhai/</value></Data>
          <Data name="is_new"><value>True</value></Data>
        </ExtendedData>
        <Point><coordinates>99.9772283,8.0142613,0</coordinates></Point>
      </Placemark>
      <Placemark>
        <name>Ban Yang</name>
        <description>&lt;b&gt;Ban Yang / บ้านยาง&lt;/b&gt;&lt;br/&gt;Code:ง้. Class:Halt Line:Southern&lt;br/&gt;District:Khiri Rat Nikhom Province:Surat Thani&lt;br/&gt;Source:osm_th_raw </description>
        <styleUrl>#style_class_Halt</styleUrl>
        <ExtendedData>
          <Data name="name_en"><value>Ban Yang</value></Data>
          <Data name="name_th"><value>บ้านยาง</value></Data>
          <Data name="code"><value>ง้.</value></Data>
          <Data name="class"><value>Halt</value></Data>
          <Data name="line"><value>Southern</value></Data>
          <Data name="district"><value>Khiri Rat Nikhom</value></Data>
          <Data name="province"><value>Surat Thani</value></Data>
          <Data name="lat"><value>9.0475291</value></Data>
          <Data name="lon"><value>98.9785605</value></Data>
          <Data name="coord_source"><value>osm_th_raw</value></Data>
          <Data name="ttg_url"><value></value></Data>
          <Data name="is_new"><value>False</value></Data>
        </ExtendedData>
        <Point><coordinates>98.9785605,9.0475291,0</coordinates></Point>
      </Placemark>
      <Placemark>
        <name>Bang Bamru</name>
        <description>&lt;b&gt;Bang Bamru / บางบำหรุ&lt;/b&gt;&lt;br/&gt;Code:บำ. Class:1 Line:Southern&lt;br/&gt;District:Bang Phlat Province:Bangkok&lt;br/&gt;Source:osm_th_raw </description>
        <styleUrl>#style_class_1</styleUrl>
        <ExtendedData>
          <Data name="name_en"><value>Bang Bamru</value></Data>
          <Data name="name_th"><value>บางบำหรุ</value></Data>
          <Data name="code"><value>บำ.</value></Data>
          <Data name="class"><value>1</value></Data>
          <Data name="line"><value>Southern</value></Data>
          <Data name="district"><value>Bang Phlat</value></Data>
          <Data name="province"><value>Bangkok</value></Data>
          <Data name="lat"><value>13.7920391</value></Data>
          <Data name="lon"><value>100.4775107</value></Data>
          <Data name="coord_source"><value>osm_th_raw</value></Data>
          <Data name="ttg_url"><value></value></Data>
          <Data name="is_new"><value>False</value></Data>
        </ExtendedData>
        <Point><coordinates>100.4775107,13.7920391,0</coordinates></Point>
      </Placemark>
      <Placemark>
        <name>Bang Chak</name>
        <description>&lt;b&gt;Bang Chak / บางจาก&lt;/b&gt;&lt;br/&gt;Code:จก. Class:3 Line:Southern&lt;br/&gt;District:Mueang Province:Phetchaburi&lt;br/&gt;Source:osm_th_raw &lt;a href='https://www.thaitrainguide.com/stations/southern-line/bang-chak/'&gt;TTG&lt;/a&gt;</description>
        <styleUrl>#style_class_3</styleUrl>
        <ExtendedData>
          <Data name="name_en"><value>Bang Chak</value></Data>
          <Data name="name_th"><value>บางจาก</value></Data>
          <Data name="code"><value>จก.</value></Data>
          <Data name="class"><value>3</value></Data>
          <Data name="line"><value>Southern</value></Data>
          <Data name="district"><value>Mueang</value></Data>
          <Data name="province"><value>Phetchaburi</value></Data>
          <Data name="lat"><value>13.6967721</value></Data>
          <Data name="lon"><value>100.605357</value></Data>
          <Data name="coord_source"><value>osm_th_raw</value></Data>
          <Data name="ttg_url"><value>https://www.thaitrainguide.com/stations/southern-line/bang-chak/</value></Data>
          <Data name="is_new"><value>False</value></Data>
        </ExtendedData>
        <Point><coordinates>100.605357,13.6967721,0</coordinates></Point>
      </Placemark>
      <Placemark>
        <name>Bang Kaeo</name>
        <description>&lt;b&gt;Bang Kaeo / บางแก้ว&lt;/b&gt;&lt;br/&gt;Code:แก. Class:2 Line:Southern&lt;br/&gt;District:Bang Kaeo Province:Phatthalung&lt;br/&gt;Source:osm_th_raw &lt;a href='https://www.thaitrainguide.com/stations/southern-line/bang-kaeo/'&gt;TTG&lt;/a&gt;</description>
        <styleUrl>#style_class_2</styleUrl>
        <ExtendedData>
          <Data name="name_en"><value>Bang Kaeo</value></Data>
          <Data name="name_th"><value>บางแก้ว</value></Data>
          <Data name="code"><value>แก.</value></Data>
          <Data name="class"><value>2</value></Data>
          <Data name="line"><value>Southern</value></Data>
          <Data name="district"><value>Bang Kaeo</value></Data>
          <Data name="province"><value>Phatthalung</value></Data>
          <Data name="lat"><value>7.4220091</value></Data>
          <Data name="lon"><value>100.1672346</value></Data>
          <Data name="coord_source"><value>osm_th_raw</value></Data>
          <Data name="ttg_url"><value>https://www.thaitrainguide.com/stations/southern-line/bang-kaeo/</value></Data>
          <Data name="is_new"><value>False</value></Data>
        </ExtendedData>
        <Point><coordinates>100.1672346,7.4220091,0</coordinates></Point>
      </Placemark>
      <Placemark>
        <name>Bang Khem</name>
        <description>&lt;b&gt;Bang Khem / บางเค็ม&lt;/b&gt;&lt;br/&gt;Code:งเ. Class:3 Line:Southern&lt;br/&gt;District:Amphawa Province:Samut Songkhram&lt;br/&gt;Source:osm_th_raw &lt;a href='https://www.thaitrainguide.com/stations/southern-line/bang-khem/'&gt;TTG&lt;/a&gt;</description>
        <styleUrl>#style_class_3</styleUrl>
        <ExtendedData>
          <Data name="name_en"><value>Bang Khem</value></Data>
          <Data name="name_th"><value>บางเค็ม</value></Data>
          <Data name="code"><value>งเ.</value></Data>
          <Data name="class"><value>3</value></Data>
          <Data name="line"><value>Southern</value></Data>
          <Data name="district"><value>Amphawa</value></Data>
          <Data name="province"><value>Samut Songkhram</value></Data>
          <Data name="lat"><value>13.2979208</value></Data>
          <Data name="lon"><value>99.8534803</value></Data>
          <Data name="coord_source"><value>osm_th_raw</value></Data>
          <Data name="ttg_url"><value>https://www.thaitrainguide.com/stations/southern-line/bang-khem/</value></Data>
          <Data name="is_new"><value>False</value></Data>
        </ExtendedData>
        <Point><coordinates>99.8534803,13.2979208,0</coordinates></Point>
      </Placemark>
      <Placemark>
        <name>Bang Klam</name>
        <description>&lt;b&gt;Bang Klam / บางกล่ำ&lt;/b&gt;&lt;br/&gt;Code:บล. Class:2 Line:Southern&lt;br/&gt;District:Bang Klam Province:Songkhla&lt;br/&gt;Source:osm_th_raw &lt;a href='https://www.thaitrainguide.com/stations/southern-line/bang-klam/'&gt;TTG&lt;/a&gt;</description>
        <styleUrl>#style_class_2</styleUrl>
        <ExtendedData>
          <Data name="name_en"><value>Bang Klam</value></Data>
          <Data name="name_th"><value>บางกล่ำ</value></Data>
          <Data name="code"><value>บล.</value></Data>
          <Data name="class"><value>2</value></Data>
          <Data name="line"><value>Southern</value></Data>
          <Data name="district"><value>Bang Klam</value></Data>
          <Data name="province"><value>Songkhla</value></Data>
          <Data name="lat"><value>7.0876974</value></Data>
          <Data name="lon"><value>100.4154354</value></Data>
          <Data name="coord_source"><value>osm_th_raw</value></Data>
          <Data name="ttg_url"><value>https://www.thaitrainguide.com/stations/southern-line/bang-klam/</value></Data>
          <Data name="is_new"><value>False</value></Data>
        </ExtendedData>
        <Point><coordinates>100.4154354,7.0876974,0</coordinates></Point>
      </Placemark>
      <Placemark>
        <name>Bang Ramat</name>
        <description>&lt;b&gt;Bang Ramat / บางระมาด&lt;/b&gt;&lt;br/&gt;Code:รม. Class:Halt Line:Southern&lt;br/&gt;District:Taling Chan Province:Bangkok&lt;br/&gt;Source:osm_th_raw </description>
        <styleUrl>#style_class_Halt</styleUrl>
        <ExtendedData>
          <Data name="name_en"><value>Bang Ramat</value></Data>
          <Data name="name_th"><value>บางระมาด</value></Data>
          <Data name="code"><value>รม.</value></Data>
          <Data name="class"><value>Halt</value></Data>
          <Data name="line"><value>Southern</value></Data>
          <Data name="district"><value>Taling Chan</value></Data>
          <Data name="province"><value>Bangkok</value></Data>
          <Data name="lat"><value>13.7784563</value></Data>
          <Data name="lon"><value>100.4535109</value></Data>
          <Data name="coord_source"><value>osm_th_raw</value></Data>
          <Data name="ttg_url"><value></value></Data>
          <Data name="is_new"><value>False</value></Data>
        </ExtendedData>
        <Point><coordinates>100.4535109,13.7784563,0</coordinates></Point>
      </Placemark>
      <Placemark>
        <name>Bang Saphan Noi</name>
        <description>&lt;b&gt;Bang Saphan Noi / บางสะพานน้อย&lt;/b&gt;&lt;br/&gt;Code:พน. Class:2 Line:Southern&lt;br/&gt;District:Bang Saphan Noi Province:Prachuap Khiri Khan&lt;br/&gt;Source:osm_th_raw &lt;a href='https://www.thaitrainguide.com/stations/southern-line/bang-saphan-noi/'&gt;TTG&lt;/a&gt;</description>
        <styleUrl>#style_class_2</styleUrl>
        <ExtendedData>
          <Data name="name_en"><value>Bang Saphan Noi</value></Data>
          <Data name="name_th"><value>บางสะพานน้อย</value></Data>
          <Data name="code"><value>พน.</value></Data>
          <Data name="class"><value>2</value></Data>
          <Data name="line"><value>Southern</value></Data>
          <Data name="district"><value>Bang Saphan Noi</value></Data>
          <Data name="province"><value>Prachuap Khiri Khan</value></Data>
          <Data name="lat"><value>11.0857887</value></Data>
          <Data name="lon"><value>99.4498617</value></Data>
          <Data name="coord_source"><value>osm_th_raw</value></Data>
          <Data name="ttg_url"><value>https://www.thaitrainguide.com/stations/southern-line/bang-saphan-noi/</value></Data>
          <Data name="is_new"><value>False</value></Data>
        </ExtendedData>
        <Point><coordinates>99.4498617,11.0857887,0</coordinates></Point>
      </Placemark>
      <Placemark>
        <name>Bang Saphan Yai</name>
        <description>&lt;b&gt;Bang Saphan Yai / บางสะพานใหญ่&lt;/b&gt;&lt;br/&gt;Code:พญ. Class:1 Line:Southern&lt;br/&gt;District:Bang Saphan Province:Prachuap Khiri Khan&lt;br/&gt;Source:osm_th_raw &lt;a href='https://www.thaitrainguide.com/stations/southern-line/bang-saphan-yai/'&gt;TTG&lt;/a&gt;</description>
        <styleUrl>#style_class_1</styleUrl>
        <ExtendedData>
          <Data name="name_en"><value>Bang Saphan Yai</value></Data>
          <Data name="name_th"><value>บางสะพานใหญ่</value></Data>
          <Data name="code"><value>พญ.</value></Data>
          <Data name="class"><value>1</value></Data>
          <Data name="line"><value>Southern</value></Data>
          <Data name="district"><value>Bang Saphan</value></Data>
          <Data name="province"><value>Prachuap Khiri Khan</value></Data>
          <Data name="lat"><value>11.2133382</value></Data>
          <Data name="lon"><value>99.5088906</value></Data>
          <Data name="coord_source"><value>osm_th_raw</value></Data>
          <Data name="ttg_url"><value>https://www.thaitrainguide.com/stations/southern-line/bang-saphan-yai/</value></Data>
          <Data name="is_new"><value>False</value></Data>
        </ExtendedData>
        <Point><coordinates>99.5088906,11.2133382,0</coordinates></Point>
      </Placemark>
      <Placemark>
        <name>Bang Son</name>
        <description>&lt;b&gt;Bang Son / บางซ่อน&lt;/b&gt;&lt;br/&gt;Code:ซอ. Class:Halt Line:Southern&lt;br/&gt;District:Bang Sue Province:Bangkok&lt;br/&gt;Source:osm_th_raw </description>
        <styleUrl>#style_class_Halt</styleUrl>
        <ExtendedData>
          <Data name="name_en"><value>Bang Son</value></Data>
          <Data name="name_th"><value>บางซ่อน</value></Data>
          <Data name="code"><value>ซอ.</value></Data>
          <Data name="class"><value>Halt</value></Data>
          <Data name="line"><value>Southern</value></Data>
          <Data name="district"><value>Bang Sue</value></Data>
          <Data name="province"><value>Bangkok</value></Data>
          <Data name="lat"><value>13.8221332</value></Data>
          <Data name="lon"><value>100.534213</value></Data>
          <Data name="coord_source"><value>osm_th_raw</value></Data>
          <Data name="ttg_url"><value></value></Data>
          <Data name="is_new"><value>False</value></Data>
        </ExtendedData>
        <Point><coordinates>100.534213,13.8221332,0</coordinates></Point>
      </Placemark>
      <Placemark>
        <name>Bo Krang</name>
        <description>&lt;b&gt;Bo Krang / บ่อกรัง&lt;/b&gt;&lt;br/&gt;Code:กง. Class:Halt Line:Southern&lt;br/&gt;District:Phunphin Province:Surat Thani&lt;br/&gt;Source:osm_th_raw &lt;a href='https://www.thaitrainguide.com/stations/southern-line/bo-krang/'&gt;TTG&lt;/a&gt;</description>
        <styleUrl>#style_class_Halt</styleUrl>
        <ExtendedData>
          <Data name="name_en"><value>Bo Krang</value></Data>
          <Data name="name_th"><value>บ่อกรัง</value></Data>
          <Data name="code"><value>กง.</value></Data>
          <Data name="class"><value>Halt</value></Data>
          <Data name="line"><value>Southern</value></Data>
          <Data name="district"><value>Phunphin</value></Data>
          <Data name="province"><value>Surat Thani</value></Data>
          <Data name="lat"><value>9.0102709</value></Data>
          <Data name="lon"><value>99.2696409</value></Data>
          <Data name="coord_source"><value>osm_th_raw</value></Data>
          <Data name="ttg_url"><value>https://www.thaitrainguide.com/stations/southern-line/bo-krang/</value></Data>
          <Data name="is_new"><value>False</value></Data>
        </ExtendedData>
        <Point><coordinates>99.2696409,9.0102709,0</coordinates></Point>
      </Placemark>
      <Placemark>
        <name>Bo Nok</name>
        <description>&lt;b&gt;Bo Nok / บ่อนอก&lt;/b&gt;&lt;br/&gt;Code:บน. Class:3 Line:Southern&lt;br/&gt;District:Mueang Province:Prachuap Khiri Khan&lt;br/&gt;Source:osm_th_raw &lt;a href='https://www.thaitrainguide.com/stations/southern-line/bo-nok/'&gt;TTG&lt;/a&gt;</description>
        <styleUrl>#style_class_3</styleUrl>
        <ExtendedData>
          <Data name="name_en"><value>Bo Nok</value></Data>
          <Data name="name_th"><value>บ่อนอก</value></Data>
          <Data name="code"><value>บน.</value></Data>
          <Data name="class"><value>3</value></Data>
          <Data name="line"><value>Southern</value></Data>
          <Data name="district"><value>Mueang</value></Data>
          <Data name="province"><value>Prachuap Khiri Khan</value></Data>
          <Data name="lat"><value>12.0037673</value></Data>
          <Data name="lon"><value>99.8583773</value></Data>
          <Data name="coord_source"><value>osm_th_raw</value></Data>
          <Data name="ttg_url"><value>https://www.thaitrainguide.com/stations/southern-line/bo-nok/</value></Data>
          <Data name="is_new"><value>False</value></Data>
        </ExtendedData>
        <Point><coordinates>99.8583773,12.0037673,0</coordinates></Point>
      </Placemark>
      <Placemark>
        <name>Bo Takhro</name>
        <description>&lt;b&gt;Bo Takhro / บ่อตะคร้อ&lt;/b&gt;&lt;br/&gt;Code:บร. Class:3 Line:Southern&lt;br/&gt;District:Pak Tho Province:Ratchaburi&lt;br/&gt;Source:osm_th_raw &lt;a href='https://www.thaitrainguide.com/stations/southern-line/bo-takhro/'&gt;TTG&lt;/a&gt;</description>
        <styleUrl>#style_class_3</styleUrl>
        <ExtendedData>
          <Data name="name_en"><value>Bo Takhro</value></Data>
          <Data name="name_th"><value>บ่อตะคร้อ</value></Data>
          <Data name="code"><value>บร.</value></Data>
          <Data name="class"><value>3</value></Data>
          <Data name="line"><value>Southern</value></Data>
          <Data name="district"><value>Pak Tho</value></Data>
          <Data name="province"><value>Ratchaburi</value></Data>
          <Data name="lat"><value>13.4411378</value></Data>
          <Data name="lon"><value>99.83501</value></Data>
          <Data name="coord_source"><value>osm_th_raw</value></Data>
          <Data name="ttg_url"><value>https://www.thaitrainguide.com/stations/southern-line/bo-takhro/</value></Data>
          <Data name="is_new"><value>False</value></Data>
        </ExtendedData>
        <Point><coordinates>99.83501,13.4411378,0</coordinates></Point>
      </Placemark>
      <Placemark>
        <name>Bukit</name>
        <description>&lt;b&gt;Bukit / บูกิต&lt;/b&gt;&lt;br/&gt;Code:บู. Class:3 Line:Southern&lt;br/&gt;District:Cho-airong Province:Narathiwat&lt;br/&gt;Source:osm_th_raw &lt;a href='https://www.thaitrainguide.com/stations/southern-line/bukit/'&gt;TTG&lt;/a&gt;</description>
        <styleUrl>#style_class_3</styleUrl>
        <ExtendedData>
          <Data name="name_en"><value>Bukit</value></Data>
          <Data name="name_th"><value>บูกิต</value></Data>
          <Data name="code"><value>บู.</value></Data>
          <Data name="class"><value>3</value></Data>
          <Data name="line"><value>Southern</value></Data>
          <Data name="district"><value>Cho-airong</value></Data>
          <Data name="province"><value>Narathiwat</value></Data>
          <Data name="lat"><value>6.1983072</value></Data>
          <Data name="lon"><value>101.8188778</value></Data>
          <Data name="coord_source"><value>osm_th_raw</value></Data>
          <Data name="ttg_url"><value>https://www.thaitrainguide.com/stations/southern-line/bukit/</value></Data>
          <Data name="is_new"><value>False</value></Data>
        </ExtendedData>
        <Point><coordinates>101.8188778,6.1983072,0</coordinates></Point>
      </Placemark>
      <Placemark>
        <name>Cha Muang</name>
        <description>&lt;b&gt;Cha Muang / ชะม่วง&lt;/b&gt;&lt;br/&gt;Code:ชว. Class:3 Line:Southern&lt;br/&gt;District:Bang Saphan Province:Prachuap Khiri Khan&lt;br/&gt;Source:osm_th_raw &lt;a href='https://www.thaitrainguide.com/stations/southern-line/cha-muang/'&gt;TTG&lt;/a&gt;</description>
        <styleUrl>#style_class_3</styleUrl>
        <ExtendedData>
          <Data name="name_en"><value>Cha Muang</value></Data>
          <Data name="name_th"><value>ชะม่วง</value></Data>
          <Data name="code"><value>ชว.</value></Data>
          <Data name="class"><value>3</value></Data>
          <Data name="line"><value>Southern</value></Data>
          <Data name="district"><value>Bang Saphan</value></Data>
          <Data name="province"><value>Prachuap Khiri Khan</value></Data>
          <Data name="lat"><value>11.1409967</value></Data>
          <Data name="lon"><value>99.4731886</value></Data>
          <Data name="coord_source"><value>osm_th_raw</value></Data>
          <Data name="ttg_url"><value>https://www.thaitrainguide.com/stations/southern-line/cha-muang/</value></Data>
          <Data name="is_new"><value>False</value></Data>
        </ExtendedData>
        <Point><coordinates>99.4731886,11.1409967,0</coordinates></Point>
      </Placemark>
      <Placemark>
        <name>Cha-am</name>
        <description>&lt;b&gt;Cha-am / ชะอำ&lt;/b&gt;&lt;br/&gt;Code:ชอ. Class:1 Line:Southern&lt;br/&gt;District:Cha-am Province:Phetchaburi&lt;br/&gt;Source:google_places &lt;a href='https://www.thaitrainguide.com/stations/southern-line/cha-am/'&gt;TTG&lt;/a&gt;</description>
        <styleUrl>#style_class_1</styleUrl>
        <ExtendedData>
          <Data name="name_en"><value>Cha-am</value></Data>
          <Data name="name_th"><value>ชะอำ</value></Data>
          <Data name="code"><value>ชอ.</value></Data>
          <Data name="class"><value>1</value></Data>
          <Data name="line"><value>Southern</value></Data>
          <Data name="district"><value>Cha-am</value></Data>
          <Data name="province"><value>Phetchaburi</value></Data>
          <Data name="lat"><value>12.7992</value></Data>
          <Data name="lon"><value>99.9657</value></Data>
          <Data name="coord_source"><value>google_places</value></Data>
          <Data name="ttg_url"><value>https://www.thaitrainguide.com/stations/southern-line/cha-am/</value></Data>
          <Data name="is_new"><value>False</value></Data>
        </ExtendedData>
        <Point><coordinates>99.9657,12.7992,0</coordinates></Point>
      </Placemark>
      <Placemark>
        <name>Cha-uat</name>
        <description>&lt;b&gt;Cha-uat / ชะอวด&lt;/b&gt;&lt;br/&gt;Code:ชด. Class:2 Line:Southern&lt;br/&gt;District:Cha-uat Province:Nakhon Si Thammarat&lt;br/&gt;Source:osm_th_raw </description>
        <styleUrl>#style_class_2</styleUrl>
        <ExtendedData>
          <Data name="name_en"><value>Cha-uat</value></Data>
          <Data name="name_th"><value>ชะอวด</value></Data>
          <Data name="code"><value>ชด.</value></Data>
          <Data name="class"><value>2</value></Data>
          <Data name="line"><value>Southern</value></Data>
          <Data name="district"><value>Cha-uat</value></Data>
          <Data name="province"><value>Nakhon Si Thammarat</value></Data>
          <Data name="lat"><value>7.967133</value></Data>
          <Data name="lon"><value>99.9977115</value></Data>
          <Data name="coord_source"><value>osm_th_raw</value></Data>
          <Data name="ttg_url"><value></value></Data>
          <Data name="is_new"><value>False</value></Data>
        </ExtendedData>
        <Point><coordinates>99.9977115,7.967133,0</coordinates></Point>
      </Placemark>
      <Placemark>
        <name>Chai Buri</name>
        <description>&lt;b&gt;Chai Buri / ชัยบุรี&lt;/b&gt;&lt;br/&gt;Code:ไช. Class:Halt Line:Southern&lt;br/&gt;District:Mueang Province:Phatthalung&lt;br/&gt;Source:osm_th_raw &lt;a href='https://www.thaitrainguide.com/stations/southern-line/chai-buri/'&gt;TTG&lt;/a&gt;</description>
        <styleUrl>#style_class_Halt</styleUrl>
        <ExtendedData>
          <Data name="name_en"><value>Chai Buri</value></Data>
          <Data name="name_th"><value>ชัยบุรี</value></Data>
          <Data name="code"><value>ไช.</value></Data>
          <Data name="class"><value>Halt</value></Data>
          <Data name="line"><value>Southern</value></Data>
          <Data name="district"><value>Mueang</value></Data>
          <Data name="province"><value>Phatthalung</value></Data>
          <Data name="lat"><value>7.6752508</value></Data>
          <Data name="lon"><value>100.0806575</value></Data>
          <Data name="coord_source"><value>osm_th_raw</value></Data>
          <Data name="ttg_url"><value>https://www.thaitrainguide.com/stations/southern-line/chai-buri/</value></Data>
          <Data name="is_new"><value>False</value></Data>
        </ExtendedData>
        <Point><coordinates>100.0806575,7.6752508,0</coordinates></Point>
      </Placemark>
      <Placemark>
        <name>Chaiya</name>
        <description>&lt;b&gt;Chaiya / ไชยา&lt;/b&gt;&lt;br/&gt;Code:ชย. Class:1 Line:Southern&lt;br/&gt;District:Chaiya Province:Surat Thani&lt;br/&gt;Source:osm_th_raw &lt;a href='https://www.thaitrainguide.com/stations/southern-line/chaiya/'&gt;TTG&lt;/a&gt;</description>
        <styleUrl>#style_class_1</styleUrl>
        <ExtendedData>
          <Data name="name_en"><value>Chaiya</value></Data>
          <Data name="name_th"><value>ไชยา</value></Data>
          <Data name="code"><value>ชย.</value></Data>
          <Data name="class"><value>1</value></Data>
          <Data name="line"><value>Southern</value></Data>
          <Data name="district"><value>Chaiya</value></Data>
          <Data name="province"><value>Surat Thani</value></Data>
          <Data name="lat"><value>9.388465</value></Data>
          <Data name="lon"><value>99.1953268</value></Data>
          <Data name="coord_source"><value>osm_th_raw</value></Data>
          <Data name="ttg_url"><value>https://www.thaitrainguide.com/stations/southern-line/chaiya/</value></Data>
          <Data name="is_new"><value>False</value></Data>
        </ExtendedData>
        <Point><coordinates>99.1953268,9.388465,0</coordinates></Point>
      </Placemark>
      <Placemark>
        <name>Chana</name>
        <description>&lt;b&gt;Chana / จะนะ&lt;/b&gt;&lt;br/&gt;Code:จน. Class:2 Line:Southern&lt;br/&gt;District:Chana Province:Songkhla&lt;br/&gt;Source:osm_th_raw &lt;a href='https://www.thaitrainguide.com/stations/southern-line/chana/'&gt;TTG&lt;/a&gt;</description>
        <styleUrl>#style_class_2</styleUrl>
        <ExtendedData>
          <Data name="name_en"><value>Chana</value></Data>
          <Data name="name_th"><value>จะนะ</value></Data>
          <Data name="code"><value>จน.</value></Data>
          <Data name="class"><value>2</value></Data>
          <Data name="line"><value>Southern</value></Data>
          <Data name="district"><value>Chana</value></Data>
          <Data name="province"><value>Songkhla</value></Data>
          <Data name="lat"><value>6.9092194</value></Data>
          <Data name="lon"><value>100.7401095</value></Data>
          <Data name="coord_source"><value>osm_th_raw</value></Data>
          <Data name="ttg_url"><value>https://www.thaitrainguide.com/stations/southern-line/chana/</value></Data>
          <Data name="is_new"><value>False</value></Data>
        </ExtendedData>
        <Point><coordinates>100.7401095,6.9092194,0</coordinates></Point>
      </Placemark>
      <Placemark>
        <name>Charansanitwong</name>
        <description>&lt;b&gt;Charansanitwong / จรัลสนิทวงศ์&lt;/b&gt;&lt;br/&gt;Code:รว. Class:Halt Line:Southern&lt;br/&gt;District:Bangkok Noi Province:Bangkok&lt;br/&gt;Source:osm_th_raw </description>
        <styleUrl>#style_class_Halt</styleUrl>
        <ExtendedData>
          <Data name="name_en"><value>Charansanitwong</value></Data>
          <Data name="name_th"><value>จรัลสนิทวงศ์</value></Data>
          <Data name="code"><value>รว.</value></Data>
          <Data name="class"><value>Halt</value></Data>
          <Data name="line"><value>Southern</value></Data>
          <Data name="district"><value>Bangkok Noi</value></Data>
          <Data name="province"><value>Bangkok</value></Data>
          <Data name="lat"><value>13.7631788</value></Data>
          <Data name="lon"><value>100.4725817</value></Data>
          <Data name="coord_source"><value>osm_th_raw</value></Data>
          <Data name="ttg_url"><value></value></Data>
          <Data name="is_new"><value>False</value></Data>
        </ExtendedData>
        <Point><coordinates>100.4725817,13.7631788,0</coordinates></Point>
      </Placemark>
      <Placemark>
        <name>Chauat Station</name>
        <description>&lt;b&gt;Chauat Station&lt;/b&gt;&lt;br/&gt;Code: Class:Unknown Line:Southern&lt;br/&gt;District: Province:&lt;br/&gt;Source:thaitrainguide &lt;a href='https://www.thaitrainguide.com/stations/southern-line/cha-uat/'&gt;TTG&lt;/a&gt;</description>
        <styleUrl>#style_class_Unknown</styleUrl>
        <ExtendedData>
          <Data name="name_en"><value>Chauat Station</value></Data>
          <Data name="name_th"><value></value></Data>
          <Data name="code"><value></value></Data>
          <Data name="class"><value>Unknown</value></Data>
          <Data name="line"><value>Southern</value></Data>
          <Data name="district"><value></value></Data>
          <Data name="province"><value></value></Data>
          <Data name="lat"><value>7.9671273</value></Data>
          <Data name="lon"><value>99.9975993</value></Data>
          <Data name="coord_source"><value>thaitrainguide</value></Data>
          <Data name="ttg_url"><value>https://www.thaitrainguide.com/stations/southern-line/cha-uat/</value></Data>
          <Data name="is_new"><value>True</value></Data>
        </ExtendedData>
        <Point><coordinates>99.9975993,7.9671273,0</coordinates></Point>
      </Placemark>
      <Placemark>
        <name>Chawang</name>
        <description>&lt;b&gt;Chawang / ฉวาง&lt;/b&gt;&lt;br/&gt;Code:ฉว. Class:2 Line:Southern&lt;br/&gt;District:Chawang Province:Nakhon Si Thammarat&lt;br/&gt;Source:osm_th_raw &lt;a href='https://www.thaitrainguide.com/stations/southern-line/chawang/'&gt;TTG&lt;/a&gt;</description>
        <styleUrl>#style_class_2</styleUrl>
        <ExtendedData>
          <Data name="name_en"><value>Chawang</value></Data>
          <Data name="name_th"><value>ฉวาง</value></Data>
          <Data name="code"><value>ฉว.</value></Data>
          <Data name="class"><value>2</value></Data>
          <Data name="line"><value>Southern</value></Data>
          <Data name="district"><value>Chawang</value></Data>
          <Data name="province"><value>Nakhon Si Thammarat</value></Data>
          <Data name="lat"><value>8.4206392</value></Data>
          <Data name="lon"><value>99.5083719</value></Data>
          <Data name="coord_source"><value>osm_th_raw</value></Data>
          <Data name="ttg_url"><value>https://www.thaitrainguide.com/stations/southern-line/chawang/</value></Data>
          <Data name="is_new"><value>False</value></Data>
        </ExtendedData>
        <Point><coordinates>99.5083719,8.4206392,0</coordinates></Point>
      </Placemark>
      <Placemark>
        <name>Chet Samian</name>
        <description>&lt;b&gt;Chet Samian / เจ็ดเสมียน&lt;/b&gt;&lt;br/&gt;Code:จม. Class:2 Line:Southern&lt;br/&gt;District:Photharam Province:Ratchaburi&lt;br/&gt;Source:osm_th_raw &lt;a href='https://www.thaitrainguide.com/stations/southern-line/chet-samian/'&gt;TTG&lt;/a&gt;</description>
        <styleUrl>#style_class_2</styleUrl>
        <ExtendedData>
          <Data name="name_en"><value>Chet Samian</value></Data>
          <Data name="name_th"><value>เจ็ดเสมียน</value></Data>
          <Data name="code"><value>จม.</value></Data>
          <Data name="class"><value>2</value></Data>
          <Data name="line"><value>Southern</value></Data>
          <Data name="district"><value>Photharam</value></Data>
          <Data name="province"><value>Ratchaburi</value></Data>
          <Data name="lat"><value>13.6364385</value></Data>
          <Data name="lon"><value>99.8212699</value></Data>
          <Data name="coord_source"><value>osm_th_raw</value></Data>
          <Data name="ttg_url"><value>https://www.thaitrainguide.com/stations/southern-line/chet-samian/</value></Data>
          <Data name="is_new"><value>False</value></Data>
        </ExtendedData>
        <Point><coordinates>99.8212699,13.6364385,0</coordinates></Point>
      </Placemark>
      <Placemark>
        <name>Cho Ai Rang</name>
        <description>&lt;b&gt;Cho Ai Rang&lt;/b&gt;&lt;br/&gt;Code: Class:Unknown Line:Southern&lt;br/&gt;District: Province:&lt;br/&gt;Source:thaitrainguide &lt;a href='https://www.thaitrainguide.com/stations/southern-line/cho-ai-rong/'&gt;TTG&lt;/a&gt;</description>
        <styleUrl>#style_class_Unknown</styleUrl>
        <ExtendedData>
          <Data name="name_en"><value>Cho Ai Rang</value></Data>
          <Data name="name_th"><value></value></Data>
          <Data name="code"><value></value></Data>
          <Data name="class"><value>Unknown</value></Data>
          <Data name="line"><value>Southern</value></Data>
          <Data name="district"><value></value></Data>
          <Data name="province"><value></value></Data>
          <Data name="lat"><value>6.23587</value></Data>
          <Data name="lon"><value>101.801</value></Data>
          <Data name="coord_source"><value>thaitrainguide</value></Data>
          <Data name="ttg_url"><value>https://www.thaitrainguide.com/stations/southern-line/cho-ai-rong/</value></Data>
          <Data name="is_new"><value>True</value></Data>
        </ExtendedData>
        <Point><coordinates>101.801,6.23587,0</coordinates></Point>
      </Placemark>
      <Placemark>
        <name>Cho-airong</name>
        <description>&lt;b&gt;Cho-airong / เจาะไอร้อง&lt;/b&gt;&lt;br/&gt;Code:จอ. Class:2 Line:Southern&lt;br/&gt;District:Cho-airong Province:Narathiwat&lt;br/&gt;Source:osm_th_raw </description>
        <styleUrl>#style_class_2</styleUrl>
        <ExtendedData>
          <Data name="name_en"><value>Cho-airong</value></Data>
          <Data name="name_th"><value>เจาะไอร้อง</value></Data>
          <Data name="code"><value>จอ.</value></Data>
          <Data name="class"><value>2</value></Data>
          <Data name="line"><value>Southern</value></Data>
          <Data name="district"><value>Cho-airong</value></Data>
          <Data name="province"><value>Narathiwat</value></Data>
          <Data name="lat"><value>6.23586</value></Data>
          <Data name="lon"><value>101.8005797</value></Data>
          <Data name="coord_source"><value>osm_th_raw</value></Data>
          <Data name="ttg_url"><value></value></Data>
          <Data name="is_new"><value>False</value></Data>
        </ExtendedData>
        <Point><coordinates>101.8005797,6.23586,0</coordinates></Point>
      </Placemark>
      <Placemark>
        <name>Chong Khaep</name>
        <description>&lt;b&gt;Chong Khaep / ช่องแคบ&lt;/b&gt;&lt;br/&gt;Code:อบ. Class:Halt Line:Southern&lt;br/&gt;District:Sai Yok Province:Kanchanaburi&lt;br/&gt;Source:osm_th_raw </description>
        <styleUrl>#style_class_Halt</styleUrl>
        <ExtendedData>
          <Data name="name_en"><value>Chong Khaep</value></Data>
          <Data name="name_th"><value>ช่องแคบ</value></Data>
          <Data name="code"><value>อบ.</value></Data>
          <Data name="class"><value>Halt</value></Data>
          <Data name="line"><value>Southern</value></Data>
          <Data name="district"><value>Sai Yok</value></Data>
          <Data name="province"><value>Kanchanaburi</value></Data>
          <Data name="lat"><value>14.1679228</value></Data>
          <Data name="lon"><value>99.1005791</value></Data>
          <Data name="coord_source"><value>osm_th_raw</value></Data>
          <Data name="ttg_url"><value></value></Data>
          <Data name="is_new"><value>False</value></Data>
        </ExtendedData>
        <Point><coordinates>99.1005791,14.1679228,0</coordinates></Point>
      </Placemark>
      <Placemark>
        <name>Chong Khao</name>
        <description>&lt;b&gt;Chong Khao / ช่องเขา&lt;/b&gt;&lt;br/&gt;Code:ชข. Class:3 Line:Southern&lt;br/&gt;District:Ron Phibun Province:Nakhon Si Thammarat&lt;br/&gt;Source:osm_th_raw &lt;a href='https://www.thaitrainguide.com/stations/southern-line/chong-khao/'&gt;TTG&lt;/a&gt;</description>
        <styleUrl>#style_class_3</styleUrl>
        <ExtendedData>
          <Data name="name_en"><value>Chong Khao</value></Data>
          <Data name="name_th"><value>ช่องเขา</value></Data>
          <Data name="code"><value>ชข.</value></Data>
          <Data name="class"><value>3</value></Data>
          <Data name="line"><value>Southern</value></Data>
          <Data name="district"><value>Ron Phibun</value></Data>
          <Data name="province"><value>Nakhon Si Thammarat</value></Data>
          <Data name="lat"><value>8.1423926</value></Data>
          <Data name="lon"><value>99.7690996</value></Data>
          <Data name="coord_source"><value>osm_th_raw</value></Data>
          <Data name="ttg_url"><value>https://www.thaitrainguide.com/stations/southern-line/chong-khao/</value></Data>
          <Data name="is_new"><value>False</value></Data>
        </ExtendedData>
        <Point><coordinates>99.7690996,8.1423926,0</coordinates></Point>
      </Placemark>
      <Placemark>
        <name>Chong Khao Tunnel</name>
        <description>&lt;b&gt;Chong Khao Tunnel&lt;/b&gt;&lt;br/&gt;Code: Class:Unknown Line:Southern&lt;br/&gt;District: Province:&lt;br/&gt;Source:thaitrainguide </description>
        <styleUrl>#style_class_Unknown</styleUrl>
        <ExtendedData>
          <Data name="name_en"><value>Chong Khao Tunnel</value></Data>
          <Data name="name_th"><value></value></Data>
          <Data name="code"><value></value></Data>
          <Data name="class"><value>Unknown</value></Data>
          <Data name="line"><value>Southern</value></Data>
          <Data name="district"><value></value></Data>
          <Data name="province"><value></value></Data>
          <Data name="lat"><value>8.141315</value></Data>
          <Data name="lon"><value>99.786243</value></Data>
          <Data name="coord_source"><value>thaitrainguide</value></Data>
          <Data name="ttg_url"><value></value></Data>
          <Data name="is_new"><value>True</value></Data>
        </ExtendedData>
        <Point><coordinates>99.786243,8.141315,0</coordinates></Point>
      </Placemark>
      <Placemark>
        <name>Chumphon</name>
        <description>&lt;b&gt;Chumphon / ชุมพร&lt;/b&gt;&lt;br/&gt;Code:ชพ. Class:1 Line:Southern&lt;br/&gt;District:Mueang Province:Chumphon&lt;br/&gt;Source:google_places </description>
        <styleUrl>#style_class_1</styleUrl>
        <ExtendedData>
          <Data name="name_en"><value>Chumphon</value></Data>
          <Data name="name_th"><value>ชุมพร</value></Data>
          <Data name="code"><value>ชพ.</value></Data>
          <Data name="class"><value>1</value></Data>
          <Data name="line"><value>Southern</value></Data>
          <Data name="district"><value>Mueang</value></Data>
          <Data name="province"><value>Chumphon</value></Data>
          <Data name="lat"><value>10.503</value></Data>
          <Data name="lon"><value>99.1759</value></Data>
          <Data name="coord_source"><value>google_places</value></Data>
          <Data name="ttg_url"><value></value></Data>
          <Data name="is_new"><value>False</value></Data>
        </ExtendedData>
        <Point><coordinates>99.1759,10.503,0</coordinates></Point>
      </Placemark>
      <Placemark>
        <name>Chumphon Railway Station</name>
        <description>&lt;b&gt;Chumphon Railway Station&lt;/b&gt;&lt;br/&gt;Code: Class:Unknown Line:Southern&lt;br/&gt;District: Province:&lt;br/&gt;Source:thaitrainguide &lt;a href='https://www.thaitrainguide.com/stations/southern-line/chumphon/'&gt;TTG&lt;/a&gt;</description>
        <styleUrl>#style_class_Unknown</styleUrl>
        <ExtendedData>
          <Data name="name_en"><value>Chumphon Railway Station</value></Data>
          <Data name="name_th"><value></value></Data>
          <Data name="code"><value></value></Data>
          <Data name="class"><value>Unknown</value></Data>
          <Data name="line"><value>Southern</value></Data>
          <Data name="district"><value></value></Data>
          <Data name="province"><value></value></Data>
          <Data name="lat"><value>10.502997</value></Data>
          <Data name="lon"><value>99.175949</value></Data>
          <Data name="coord_source"><value>thaitrainguide</value></Data>
          <Data name="ttg_url"><value>https://www.thaitrainguide.com/stations/southern-line/chumphon/</value></Data>
          <Data name="is_new"><value>True</value></Data>
        </ExtendedData>
        <Point><coordinates>99.175949,10.502997,0</coordinates></Point>
      </Placemark>
      <Placemark>
        <name>Don Sai</name>
        <description>&lt;b&gt;Don Sai / ดอนทราย&lt;/b&gt;&lt;br/&gt;Code:ดซ. Class:3 Line:Southern&lt;br/&gt;District:Thap Sakae Province:Prachuap Khiri Khan&lt;br/&gt;Source:osm_th_raw &lt;a href='https://www.thaitrainguide.com/stations/southern-line/don-sai/'&gt;TTG&lt;/a&gt;</description>
        <styleUrl>#style_class_3</styleUrl>
        <ExtendedData>
          <Data name="name_en"><value>Don Sai</value></Data>
          <Data name="name_th"><value>ดอนทราย</value></Data>
          <Data name="code"><value>ดซ.</value></Data>
          <Data name="class"><value>3</value></Data>
          <Data name="line"><value>Southern</value></Data>
          <Data name="district"><value>Thap Sakae</value></Data>
          <Data name="province"><value>Prachuap Khiri Khan</value></Data>
          <Data name="lat"><value>11.4569016</value></Data>
          <Data name="lon"><value>99.6063103</value></Data>
          <Data name="coord_source"><value>osm_th_raw</value></Data>
          <Data name="ttg_url"><value>https://www.thaitrainguide.com/stations/southern-line/don-sai/</value></Data>
          <Data name="is_new"><value>False</value></Data>
        </ExtendedData>
        <Point><coordinates>99.6063103,11.4569016,0</coordinates></Point>
      </Placemark>
      <Placemark>
        <name>Don Thong</name>
        <description>&lt;b&gt;Don Thong / ดอนทอง&lt;/b&gt;&lt;br/&gt;Code:ดถ. Class:Halt Line:Southern&lt;br/&gt;District:Bang Pla Ma Province:Suphan Buri&lt;br/&gt;Source:osm_th_raw </description>
        <styleUrl>#style_class_Halt</styleUrl>
        <ExtendedData>
          <Data name="name_en"><value>Don Thong</value></Data>
          <Data name="name_th"><value>ดอนทอง</value></Data>
          <Data name="code"><value>ดถ.</value></Data>
          <Data name="class"><value>Halt</value></Data>
          <Data name="line"><value>Southern</value></Data>
          <Data name="district"><value>Bang Pla Ma</value></Data>
          <Data name="province"><value>Suphan Buri</value></Data>
          <Data name="lat"><value>14.3098367</value></Data>
          <Data name="lon"><value>100.0163668</value></Data>
          <Data name="coord_source"><value>osm_th_raw</value></Data>
          <Data name="ttg_url"><value></value></Data>
          <Data name="is_new"><value>False</value></Data>
        </ExtendedData>
        <Point><coordinates>100.0163668,14.3098367,0</coordinates></Point>
      </Placemark>
      <Placemark>
        <name>Don Thup</name>
        <description>&lt;b&gt;Don Thup / ดอนธูป&lt;/b&gt;&lt;br/&gt;Code:ดธ. Class:3 Line:Southern&lt;br/&gt;District:Tha Chana Province:Surat Thani&lt;br/&gt;Source:osm_th_raw &lt;a href='https://www.thaitrainguide.com/stations/southern-line/don-thup/'&gt;TTG&lt;/a&gt;</description>
        <styleUrl>#style_class_3</styleUrl>
        <ExtendedData>
          <Data name="name_en"><value>Don Thup</value></Data>
          <Data name="name_th"><value>ดอนธูป</value></Data>
          <Data name="code"><value>ดธ.</value></Data>
          <Data name="class"><value>3</value></Data>
          <Data name="line"><value>Southern</value></Data>
          <Data name="district"><value>Tha Chana</value></Data>
          <Data name="province"><value>Surat Thani</value></Data>
          <Data name="lat"><value>9.634762</value></Data>
          <Data name="lon"><value>99.1551482</value></Data>
          <Data name="coord_source"><value>osm_th_raw</value></Data>
          <Data name="ttg_url"><value>https://www.thaitrainguide.com/stations/southern-line/don-thup/</value></Data>
          <Data name="is_new"><value>False</value></Data>
        </ExtendedData>
        <Point><coordinates>99.1551482,9.634762,0</coordinates></Point>
      </Placemark>
      <Placemark>
        <name>Han Kong</name>
        <description>&lt;b&gt;Han Kong / หารกง&lt;/b&gt;&lt;br/&gt;Code:ฮก. Class:Halt Line:Southern&lt;br/&gt;District:Pak Phayun Province:Phatthalung&lt;br/&gt;Source:osm_th_raw &lt;a href='https://www.thaitrainguide.com/stations/southern-line/han-kong/'&gt;TTG&lt;/a&gt;</description>
        <styleUrl>#style_class_Halt</styleUrl>
        <ExtendedData>
          <Data name="name_en"><value>Han Kong</value></Data>
          <Data name="name_th"><value>หารกง</value></Data>
          <Data name="code"><value>ฮก.</value></Data>
          <Data name="class"><value>Halt</value></Data>
          <Data name="line"><value>Southern</value></Data>
          <Data name="district"><value>Pak Phayun</value></Data>
          <Data name="province"><value>Phatthalung</value></Data>
          <Data name="lat"><value>7.3156585</value></Data>
          <Data name="lon"><value>100.2521323</value></Data>
          <Data name="coord_source"><value>osm_th_raw</value></Data>
          <Data name="ttg_url"><value>https://www.thaitrainguide.com/stations/southern-line/han-kong/</value></Data>
          <Data name="is_new"><value>False</value></Data>
        </ExtendedData>
        <Point><coordinates>100.2521323,7.3156585,0</coordinates></Point>
      </Placemark>
      <Placemark>
        <name>Han Thao</name>
        <description>&lt;b&gt;Han Thao / หารเทา&lt;/b&gt;&lt;br/&gt;Code:หท. Class:2 Line:Southern&lt;br/&gt;District:Pak Phayun Province:Phatthalung&lt;br/&gt;Source:osm_th_raw &lt;a href='https://www.thaitrainguide.com/stations/southern-line/han-thao/'&gt;TTG&lt;/a&gt;</description>
        <styleUrl>#style_class_2</styleUrl>
        <ExtendedData>
          <Data name="name_en"><value>Han Thao</value></Data>
          <Data name="name_th"><value>หารเทา</value></Data>
          <Data name="code"><value>หท.</value></Data>
          <Data name="class"><value>2</value></Data>
          <Data name="line"><value>Southern</value></Data>
          <Data name="district"><value>Pak Phayun</value></Data>
          <Data name="province"><value>Phatthalung</value></Data>
          <Data name="lat"><value>7.2932387</value></Data>
          <Data name="lon"><value>100.2720479</value></Data>
          <Data name="coord_source"><value>osm_th_raw</value></Data>
          <Data name="ttg_url"><value>https://www.thaitrainguide.com/stations/southern-line/han-thao/</value></Data>
          <Data name="is_new"><value>False</value></Data>
        </ExtendedData>
        <Point><coordinates>100.2720479,7.2932387,0</coordinates></Point>
      </Placemark>
      <Placemark>
        <name>Hat Yai Junction</name>
        <description>&lt;b&gt;Hat Yai Junction / ชุมทางหาดใหญ่&lt;/b&gt;&lt;br/&gt;Code:หใ. Class:1 Line:Southern&lt;br/&gt;District:Hat Yai Province:Songkhla&lt;br/&gt;Source:google_places &lt;a href='https://www.thaitrainguide.com/stations/southern-line/hat-yai-junction/'&gt;TTG&lt;/a&gt;</description>
        <styleUrl>#style_class_1</styleUrl>
        <ExtendedData>
          <Data name="name_en"><value>Hat Yai Junction</value></Data>
          <Data name="name_th"><value>ชุมทางหาดใหญ่</value></Data>
          <Data name="code"><value>หใ.</value></Data>
          <Data name="class"><value>1</value></Data>
          <Data name="line"><value>Southern</value></Data>
          <Data name="district"><value>Hat Yai</value></Data>
          <Data name="province"><value>Songkhla</value></Data>
          <Data name="lat"><value>7.0039</value></Data>
          <Data name="lon"><value>100.4677</value></Data>
          <Data name="coord_source"><value>google_places</value></Data>
          <Data name="ttg_url"><value>https://www.thaitrainguide.com/stations/southern-line/hat-yai-junction/</value></Data>
          <Data name="is_new"><value>False</value></Data>
        </ExtendedData>
        <Point><coordinates>100.4677,7.0039,0</coordinates></Point>
      </Placemark>
      <Placemark>
        <name>Hin Gong</name>
        <description>&lt;b&gt;Hin Gong&lt;/b&gt;&lt;br/&gt;Code: Class:Unknown Line:Southern&lt;br/&gt;District: Province:&lt;br/&gt;Source:thaitrainguide &lt;a href='https://www.thaitrainguide.com/stations/southern-line/hin-gong/'&gt;TTG&lt;/a&gt;</description>
        <styleUrl>#style_class_Unknown</styleUrl>
        <ExtendedData>
          <Data name="name_en"><value>Hin Gong</value></Data>
          <Data name="name_th"><value></value></Data>
          <Data name="code"><value></value></Data>
          <Data name="class"><value>Unknown</value></Data>
          <Data name="line"><value>Southern</value></Data>
          <Data name="district"><value></value></Data>
          <Data name="province"><value></value></Data>
          <Data name="lat"><value>11.1629768</value></Data>
          <Data name="lon"><value>99.4754628</value></Data>
          <Data name="coord_source"><value>thaitrainguide</value></Data>
          <Data name="ttg_url"><value>https://www.thaitrainguide.com/stations/southern-line/hin-gong/</value></Data>
          <Data name="is_new"><value>True</value></Data>
        </ExtendedData>
        <Point><coordinates>99.4754628,11.1629768,0</coordinates></Point>
      </Placemark>
      <Placemark>
        <name>Hin Kong</name>
        <description>&lt;b&gt;Hin Kong / หินกอง&lt;/b&gt;&lt;br/&gt;Code:หก. Class:Halt Line:Southern&lt;br/&gt;District:Bang Saphan Province:Prachuap Khiri Khan&lt;br/&gt;Source:osm_th_raw </description>
        <styleUrl>#style_class_Halt</styleUrl>
        <ExtendedData>
          <Data name="name_en"><value>Hin Kong</value></Data>
          <Data name="name_th"><value>หินกอง</value></Data>
          <Data name="code"><value>หก.</value></Data>
          <Data name="class"><value>Halt</value></Data>
          <Data name="line"><value>Southern</value></Data>
          <Data name="district"><value>Bang Saphan</value></Data>
          <Data name="province"><value>Prachuap Khiri Khan</value></Data>
          <Data name="lat"><value>11.1623143</value></Data>
          <Data name="lon"><value>99.4751456</value></Data>
          <Data name="coord_source"><value>osm_th_raw</value></Data>
          <Data name="ttg_url"><value></value></Data>
          <Data name="is_new"><value>False</value></Data>
        </ExtendedData>
        <Point><coordinates>99.4751456,11.1623143,0</coordinates></Point>
      </Placemark>
      <Placemark>
        <name>Hua Hin</name>
        <description>&lt;b&gt;Hua Hin / หัวหิน&lt;/b&gt;&lt;br/&gt;Code:หห. Class:1 Line:Southern&lt;br/&gt;District:Hua Hin Province:Prachuap Khiri Khan&lt;br/&gt;Source:google_places &lt;a href='https://www.thaitrainguide.com/stations/southern-line/hua-hin/'&gt;TTG&lt;/a&gt;</description>
        <styleUrl>#style_class_1</styleUrl>
        <ExtendedData>
          <Data name="name_en"><value>Hua Hin</value></Data>
          <Data name="name_th"><value>หัวหิน</value></Data>
          <Data name="code"><value>หห.</value></Data>
          <Data name="class"><value>1</value></Data>
          <Data name="line"><value>Southern</value></Data>
          <Data name="district"><value>Hua Hin</value></Data>
          <Data name="province"><value>Prachuap Khiri Khan</value></Data>
          <Data name="lat"><value>12.5673</value></Data>
          <Data name="lon"><value>99.9547</value></Data>
          <Data name="coord_source"><value>google_places</value></Data>
          <Data name="ttg_url"><value>https://www.thaitrainguide.com/stations/southern-line/hua-hin/</value></Data>
          <Data name="is_new"><value>False</value></Data>
        </ExtendedData>
        <Point><coordinates>99.9547,12.5673,0</coordinates></Point>
      </Placemark>
      <Placemark>
        <name>Hua Mat</name>
        <description>&lt;b&gt;Hua Mat / หัวมาด&lt;/b&gt;&lt;br/&gt;Code:มั. Class:Halt Line:Southern&lt;br/&gt;District:Lamae Province:Chumphon&lt;br/&gt;Source:osm_th_raw &lt;a href='https://www.thaitrainguide.com/stations/southern-line/hua-mat/'&gt;TTG&lt;/a&gt;</description>
        <styleUrl>#style_class_Halt</styleUrl>
        <ExtendedData>
          <Data name="name_en"><value>Hua Mat</value></Data>
          <Data name="name_th"><value>หัวมาด</value></Data>
          <Data name="code"><value>มั.</value></Data>
          <Data name="class"><value>Halt</value></Data>
          <Data name="line"><value>Southern</value></Data>
          <Data name="district"><value>Lamae</value></Data>
          <Data name="province"><value>Chumphon</value></Data>
          <Data name="lat"><value>9.8321709</value></Data>
          <Data name="lon"><value>99.0839583</value></Data>
          <Data name="coord_source"><value>osm_th_raw</value></Data>
          <Data name="ttg_url"><value>https://www.thaitrainguide.com/stations/southern-line/hua-mat/</value></Data>
          <Data name="is_new"><value>False</value></Data>
        </ExtendedData>
        <Point><coordinates>99.0839583,9.8321709,0</coordinates></Point>
      </Placemark>
      <Placemark>
        <name>Huai Khwang</name>
        <description>&lt;b&gt;Huai Khwang / ห้วยขวาง&lt;/b&gt;&lt;br/&gt;Code: Class:Halt Line:Southern&lt;br/&gt;District: Province:&lt;br/&gt;Source:osm_en &lt;a href='https://www.thaitrainguide.com/stations/southern-line/huai-khwang/'&gt;TTG&lt;/a&gt;</description>
        <styleUrl>#style_class_Halt</styleUrl>
        <ExtendedData>
          <Data name="name_en"><value>Huai Khwang</value></Data>
          <Data name="name_th"><value>ห้วยขวาง</value></Data>
          <Data name="code"><value></value></Data>
          <Data name="class"><value>Halt</value></Data>
          <Data name="line"><value>Southern</value></Data>
          <Data name="district"><value></value></Data>
          <Data name="province"><value></value></Data>
          <Data name="lat"><value>13.7786878</value></Data>
          <Data name="lon"><value>100.5735662</value></Data>
          <Data name="coord_source"><value>osm_en</value></Data>
          <Data name="ttg_url"><value>https://www.thaitrainguide.com/stations/southern-line/huai-khwang/</value></Data>
          <Data name="is_new"><value>False</value></Data>
        </ExtendedData>
        <Point><coordinates>100.5735662,13.7786878,0</coordinates></Point>
      </Placemark>
      <Placemark>
        <name>Huai Mut</name>
        <description>&lt;b&gt;Huai Mut / ห้วยมุด&lt;/b&gt;&lt;br/&gt;Code:มด. Class:3 Line:Southern&lt;br/&gt;District:Ban Na San Province:Surat Thani&lt;br/&gt;Source:osm_th_raw &lt;a href='https://www.thaitrainguide.com/stations/southern-line/huai-mut/'&gt;TTG&lt;/a&gt;</description>
        <styleUrl>#style_class_3</styleUrl>
        <ExtendedData>
          <Data name="name_en"><value>Huai Mut</value></Data>
          <Data name="name_th"><value>ห้วยมุด</value></Data>
          <Data name="code"><value>มด.</value></Data>
          <Data name="class"><value>3</value></Data>
          <Data name="line"><value>Southern</value></Data>
          <Data name="district"><value>Ban Na San</value></Data>
          <Data name="province"><value>Surat Thani</value></Data>
          <Data name="lat"><value>8.8353416</value></Data>
          <Data name="lon"><value>99.3498793</value></Data>
          <Data name="coord_source"><value>osm_th_raw</value></Data>
          <Data name="ttg_url"><value>https://www.thaitrainguide.com/stations/southern-line/huai-mut/</value></Data>
          <Data name="is_new"><value>False</value></Data>
        </ExtendedData>
        <Point><coordinates>99.3498793,8.8353416,0</coordinates></Point>
      </Placemark>
      <Placemark>
        <name>Huai Prik</name>
        <description>&lt;b&gt;Huai Prik / ห้วยปริก&lt;/b&gt;&lt;br/&gt;Code:หป. Class:3 Line:Southern&lt;br/&gt;District:Chawang Province:Nakhon Si Thammarat&lt;br/&gt;Source:osm_th_raw &lt;a href='https://www.thaitrainguide.com/stations/southern-line/huai-prik/'&gt;TTG&lt;/a&gt;</description>
        <styleUrl>#style_class_3</styleUrl>
        <ExtendedData>
          <Data name="name_en"><value>Huai Prik</value></Data>
          <Data name="name_th"><value>ห้วยปริก</value></Data>
          <Data name="code"><value>หป.</value></Data>
          <Data name="class"><value>3</value></Data>
          <Data name="line"><value>Southern</value></Data>
          <Data name="district"><value>Chawang</value></Data>
          <Data name="province"><value>Nakhon Si Thammarat</value></Data>
          <Data name="lat"><value>8.5686473</value></Data>
          <Data name="lon"><value>99.4566341</value></Data>
          <Data name="coord_source"><value>osm_th_raw</value></Data>
          <Data name="ttg_url"><value>https://www.thaitrainguide.com/stations/southern-line/huai-prik/</value></Data>
          <Data name="is_new"><value>False</value></Data>
        </ExtendedData>
        <Point><coordinates>99.4566341,8.5686473,0</coordinates></Point>
      </Placemark>
      <Placemark>
        <name>Huai Rong</name>
        <description>&lt;b&gt;Huai Rong / ห้วยเกิ้ง&lt;/b&gt;&lt;br/&gt;Code: Class:Halt Line:Southern&lt;br/&gt;District: Province:&lt;br/&gt;Source:osm_fuzzy_en_0.84 &lt;a href='https://www.thaitrainguide.com/stations/southern-line/huai-rong/'&gt;TTG&lt;/a&gt;</description>
        <styleUrl>#style_class_Halt</styleUrl>
        <ExtendedData>
          <Data name="name_en"><value>Huai Rong</value></Data>
          <Data name="name_th"><value>ห้วยเกิ้ง</value></Data>
          <Data name="code"><value></value></Data>
          <Data name="class"><value>Halt</value></Data>
          <Data name="line"><value>Southern</value></Data>
          <Data name="district"><value></value></Data>
          <Data name="province"><value></value></Data>
          <Data name="lat"><value>17.0422322</value></Data>
          <Data name="lon"><value>102.9279692</value></Data>
          <Data name="coord_source"><value>osm_fuzzy_en_0.84</value></Data>
          <Data name="ttg_url"><value>https://www.thaitrainguide.com/stations/southern-line/huai-rong/</value></Data>
          <Data name="is_new"><value>False</value></Data>
        </ExtendedData>
        <Point><coordinates>102.9279692,17.0422322,0</coordinates></Point>
      </Placemark>
      <Placemark>
        <name>Huai Sai Nua</name>
        <description>&lt;b&gt;Huai Sai Nua / ห้วยทรายเหนือ&lt;/b&gt;&lt;br/&gt;Code: Class:Halt Line:Southern&lt;br/&gt;District: Province:&lt;br/&gt;Source:osm_fuzzy_en_0.96 &lt;a href='https://www.thaitrainguide.com/stations/southern-line/huai-sai-nua/'&gt;TTG&lt;/a&gt;</description>
        <styleUrl>#style_class_Halt</styleUrl>
        <ExtendedData>
          <Data name="name_en"><value>Huai Sai Nua</value></Data>
          <Data name="name_th"><value>ห้วยทรายเหนือ</value></Data>
          <Data name="code"><value></value></Data>
          <Data name="class"><value>Halt</value></Data>
          <Data name="line"><value>Southern</value></Data>
          <Data name="district"><value></value></Data>
          <Data name="province"><value></value></Data>
          <Data name="lat"><value>12.703564</value></Data>
          <Data name="lon"><value>99.9502306</value></Data>
          <Data name="coord_source"><value>osm_fuzzy_en_0.96</value></Data>
          <Data name="ttg_url"><value>https://www.thaitrainguide.com/stations/southern-line/huai-sai-nua/</value></Data>
          <Data name="is_new"><value>False</value></Data>
        </ExtendedData>
        <Point><coordinates>99.9502306,12.703564,0</coordinates></Point>
      </Placemark>
      <Placemark>
        <name>Huai Sai Tai</name>
        <description>&lt;b&gt;Huai Sai Tai / ห้วยทรายใต้&lt;/b&gt;&lt;br/&gt;Code: Class:Halt Line:Southern&lt;br/&gt;District: Province:&lt;br/&gt;Source:osm_en &lt;a href='https://www.thaitrainguide.com/stations/southern-line/huai-sai-tai/'&gt;TTG&lt;/a&gt;</description>
        <styleUrl>#style_class_Halt</styleUrl>
        <ExtendedData>
          <Data name="name_en"><value>Huai Sai Tai</value></Data>
          <Data name="name_th"><value>ห้วยทรายใต้</value></Data>
          <Data name="code"><value></value></Data>
          <Data name="class"><value>Halt</value></Data>
          <Data name="line"><value>Southern</value></Data>
          <Data name="district"><value></value></Data>
          <Data name="province"><value></value></Data>
          <Data name="lat"><value>12.6677576</value></Data>
          <Data name="lon"><value>99.9487461</value></Data>
          <Data name="coord_source"><value>osm_en</value></Data>
          <Data name="ttg_url"><value>https://www.thaitrainguide.com/stations/southern-line/huai-sai-tai/</value></Data>
          <Data name="is_new"><value>False</value></Data>
        </ExtendedData>
        <Point><coordinates>99.9487461,12.6677576,0</coordinates></Point>
      </Placemark>
      <Placemark>
        <name>Huai Sak</name>
        <description>&lt;b&gt;Huai Sak / ห้วยสัก&lt;/b&gt;&lt;br/&gt;Code:ยส. Class:2 Line:Southern&lt;br/&gt;District:Bang Saphan Noi Province:Prachuap Khiri Khan&lt;br/&gt;Source:osm_th_raw </description>
        <styleUrl>#style_class_2</styleUrl>
        <ExtendedData>
          <Data name="name_en"><value>Huai Sak</value></Data>
          <Data name="name_th"><value>ห้วยสัก</value></Data>
          <Data name="code"><value>ยส.</value></Data>
          <Data name="class"><value>2</value></Data>
          <Data name="line"><value>Southern</value></Data>
          <Data name="district"><value>Bang Saphan Noi</value></Data>
          <Data name="province"><value>Prachuap Khiri Khan</value></Data>
          <Data name="lat"><value>11.0304699</value></Data>
          <Data name="lon"><value>99.4143861</value></Data>
          <Data name="coord_source"><value>osm_th_raw</value></Data>
          <Data name="ttg_url"><value></value></Data>
          <Data name="is_new"><value>False</value></Data>
        </ExtendedData>
        <Point><coordinates>99.4143861,11.0304699,0</coordinates></Point>
      </Placemark>
      <Placemark>
        <name>Huai Yang</name>
        <description>&lt;b&gt;Huai Yang / ห้วยยาง&lt;/b&gt;&lt;br/&gt;Code:หย. Class:2 Line:Southern&lt;br/&gt;District:Thap Sakae Province:Prachuap Khiri Khan&lt;br/&gt;Source:osm_th_raw &lt;a href='https://www.thaitrainguide.com/stations/southern-line/huai-yang/'&gt;TTG&lt;/a&gt;</description>
        <styleUrl>#style_class_2</styleUrl>
        <ExtendedData>
          <Data name="name_en"><value>Huai Yang</value></Data>
          <Data name="name_th"><value>ห้วยยาง</value></Data>
          <Data name="code"><value>หย.</value></Data>
          <Data name="class"><value>2</value></Data>
          <Data name="line"><value>Southern</value></Data>
          <Data name="district"><value>Thap Sakae</value></Data>
          <Data name="province"><value>Prachuap Khiri Khan</value></Data>
          <Data name="lat"><value>11.6050706</value></Data>
          <Data name="lon"><value>99.6720204</value></Data>
          <Data name="coord_source"><value>osm_th_raw</value></Data>
          <Data name="ttg_url"><value>https://www.thaitrainguide.com/stations/southern-line/huai-yang/</value></Data>
          <Data name="is_new"><value>False</value></Data>
        </ExtendedData>
        <Point><coordinates>99.6720204,11.6050706,0</coordinates></Point>
      </Placemark>
      <Placemark>
        <name>Huai Yot</name>
        <description>&lt;b&gt;Huai Yot / ห้วยยอด&lt;/b&gt;&lt;br/&gt;Code:ยอ. Class:2 Line:Southern&lt;br/&gt;District:Huai Yot Province:Trang&lt;br/&gt;Source:osm_th_raw </description>
        <styleUrl>#style_class_2</styleUrl>
        <ExtendedData>
          <Data name="name_en"><value>Huai Yot</value></Data>
          <Data name="name_th"><value>ห้วยยอด</value></Data>
          <Data name="code"><value>ยอ.</value></Data>
          <Data name="class"><value>2</value></Data>
          <Data name="line"><value>Southern</value></Data>
          <Data name="district"><value>Huai Yot</value></Data>
          <Data name="province"><value>Trang</value></Data>
          <Data name="lat"><value>7.7860509</value></Data>
          <Data name="lon"><value>99.6381616</value></Data>
          <Data name="coord_source"><value>osm_th_raw</value></Data>
          <Data name="ttg_url"><value></value></Data>
          <Data name="is_new"><value>False</value></Data>
        </ExtendedData>
        <Point><coordinates>99.6381616,7.7860509,0</coordinates></Point>
      </Placemark>
      <Placemark>
        <name>Huay Sak</name>
        <description>&lt;b&gt;Huay Sak&lt;/b&gt;&lt;br/&gt;Code: Class:Unknown Line:Southern&lt;br/&gt;District: Province:&lt;br/&gt;Source:thaitrainguide &lt;a href='https://www.thaitrainguide.com/stations/southern-line/huai-sak/'&gt;TTG&lt;/a&gt;</description>
        <styleUrl>#style_class_Unknown</styleUrl>
        <ExtendedData>
          <Data name="name_en"><value>Huay Sak</value></Data>
          <Data name="name_th"><value></value></Data>
          <Data name="code"><value></value></Data>
          <Data name="class"><value>Unknown</value></Data>
          <Data name="line"><value>Southern</value></Data>
          <Data name="district"><value></value></Data>
          <Data name="province"><value></value></Data>
          <Data name="lat"><value>11.0308045</value></Data>
          <Data name="lon"><value>99.4146076</value></Data>
          <Data name="coord_source"><value>thaitrainguide</value></Data>
          <Data name="ttg_url"><value>https://www.thaitrainguide.com/stations/southern-line/huai-sak/</value></Data>
          <Data name="is_new"><value>True</value></Data>
        </ExtendedData>
        <Point><coordinates>99.4146076,11.0308045,0</coordinates></Point>
      </Placemark>
      <Placemark>
        <name>Kadae</name>
        <description>&lt;b&gt;Kadae / กะแด๊ะ&lt;/b&gt;&lt;br/&gt;Code: Class:Halt Line:Southern&lt;br/&gt;District: Province:&lt;br/&gt;Source:osm_en &lt;a href='https://www.thaitrainguide.com/stations/southern-line/kadae/'&gt;TTG&lt;/a&gt;</description>
        <styleUrl>#style_class_Halt</styleUrl>
        <ExtendedData>
          <Data name="name_en"><value>Kadae</value></Data>
          <Data name="name_th"><value>กะแด๊ะ</value></Data>
          <Data name="code"><value></value></Data>
          <Data name="class"><value>Halt</value></Data>
          <Data name="line"><value>Southern</value></Data>
          <Data name="district"><value></value></Data>
          <Data name="province"><value></value></Data>
          <Data name="lat"><value>6.3125881</value></Data>
          <Data name="lon"><value>101.6715966</value></Data>
          <Data name="coord_source"><value>osm_en</value></Data>
          <Data name="ttg_url"><value>https://www.thaitrainguide.com/stations/southern-line/kadae/</value></Data>
          <Data name="is_new"><value>False</value></Data>
        </ExtendedData>
        <Point><coordinates>101.6715966,6.3125881,0</coordinates></Point>
      </Placemark>
      <Placemark>
        <name>Kanchanaburi</name>
        <description>&lt;b&gt;Kanchanaburi / กาญจนบุรี&lt;/b&gt;&lt;br/&gt;Code:กญ. Class:1 Line:Southern&lt;br/&gt;District:Mueang Province:Kanchanaburi&lt;br/&gt;Source:google_places </description>
        <styleUrl>#style_class_1</styleUrl>
        <ExtendedData>
          <Data name="name_en"><value>Kanchanaburi</value></Data>
          <Data name="name_th"><value>กาญจนบุรี</value></Data>
          <Data name="code"><value>กญ.</value></Data>
          <Data name="class"><value>1</value></Data>
          <Data name="line"><value>Southern</value></Data>
          <Data name="district"><value>Mueang</value></Data>
          <Data name="province"><value>Kanchanaburi</value></Data>
          <Data name="lat"><value>14.034</value></Data>
          <Data name="lon"><value>99.5255</value></Data>
          <Data name="coord_source"><value>google_places</value></Data>
          <Data name="ttg_url"><value></value></Data>
          <Data name="is_new"><value>False</value></Data>
        </ExtendedData>
        <Point><coordinates>99.5255,14.034,0</coordinates></Point>
      </Placemark>
      <Placemark>
        <name>Kantang</name>
        <description>&lt;b&gt;Kantang / กันตัง&lt;/b&gt;&lt;br/&gt;Code:กต. Class:1 Line:Southern&lt;br/&gt;District:Kantang Province:Trang&lt;br/&gt;Source:osm_th_raw </description>
        <styleUrl>#style_class_1</styleUrl>
        <ExtendedData>
          <Data name="name_en"><value>Kantang</value></Data>
          <Data name="name_th"><value>กันตัง</value></Data>
          <Data name="code"><value>กต.</value></Data>
          <Data name="class"><value>1</value></Data>
          <Data name="line"><value>Southern</value></Data>
          <Data name="district"><value>Kantang</value></Data>
          <Data name="province"><value>Trang</value></Data>
          <Data name="lat"><value>7.4109021</value></Data>
          <Data name="lon"><value>99.5145938</value></Data>
          <Data name="coord_source"><value>osm_th_raw</value></Data>
          <Data name="ttg_url"><value></value></Data>
          <Data name="is_new"><value>False</value></Data>
        </ExtendedData>
        <Point><coordinates>99.5145938,7.4109021,0</coordinates></Point>
      </Placemark>
      <Placemark>
        <name>Kapang</name>
        <description>&lt;b&gt;Kapang / กะปาง&lt;/b&gt;&lt;br/&gt;Code: Class:Halt Line:Southern&lt;br/&gt;District: Province:&lt;br/&gt;Source:osm_en </description>
        <styleUrl>#style_class_Halt</styleUrl>
        <ExtendedData>
          <Data name="name_en"><value>Kapang</value></Data>
          <Data name="name_th"><value>กะปาง</value></Data>
          <Data name="code"><value></value></Data>
          <Data name="class"><value>Halt</value></Data>
          <Data name="line"><value>Southern</value></Data>
          <Data name="district"><value></value></Data>
          <Data name="province"><value></value></Data>
          <Data name="lat"><value>8.004444</value></Data>
          <Data name="lon"><value>99.642111</value></Data>
          <Data name="coord_source"><value>osm_en</value></Data>
          <Data name="ttg_url"><value></value></Data>
          <Data name="is_new"><value>False</value></Data>
        </ExtendedData>
        <Point><coordinates>99.642111,8.004444,0</coordinates></Point>
      </Placemark>
      <Placemark>
        <name>Khan Kradai</name>
        <description>&lt;b&gt;Khan Kradai / คั่นกระได&lt;/b&gt;&lt;br/&gt;Code: Class:Halt Line:Southern&lt;br/&gt;District: Province:&lt;br/&gt;Source:osm_en &lt;a href='https://www.thaitrainguide.com/stations/southern-line/khan-kradai/'&gt;TTG&lt;/a&gt;</description>
        <styleUrl>#style_class_Halt</styleUrl>
        <ExtendedData>
          <Data name="name_en"><value>Khan Kradai</value></Data>
          <Data name="name_th"><value>คั่นกระได</value></Data>
          <Data name="code"><value></value></Data>
          <Data name="class"><value>Halt</value></Data>
          <Data name="line"><value>Southern</value></Data>
          <Data name="district"><value></value></Data>
          <Data name="province"><value></value></Data>
          <Data name="lat"><value>11.8712363</value></Data>
          <Data name="lon"><value>99.811052</value></Data>
          <Data name="coord_source"><value>osm_en</value></Data>
          <Data name="ttg_url"><value>https://www.thaitrainguide.com/stations/southern-line/khan-kradai/</value></Data>
          <Data name="is_new"><value>False</value></Data>
        </ExtendedData>
        <Point><coordinates>99.811052,11.8712363,0</coordinates></Point>
      </Placemark>
      <Placemark>
        <name>Khanthuli</name>
        <description>&lt;b&gt;Khanthuli / คันธุลี&lt;/b&gt;&lt;br/&gt;Code: Class:Halt Line:Southern&lt;br/&gt;District: Province:&lt;br/&gt;Source:osm_fuzzy_en_0.89 &lt;a href='https://www.thaitrainguide.com/stations/southern-line/khan-thuli/'&gt;TTG&lt;/a&gt;</description>
        <styleUrl>#style_class_Halt</styleUrl>
        <ExtendedData>
          <Data name="name_en"><value>Khanthuli</value></Data>
          <Data name="name_th"><value>คันธุลี</value></Data>
          <Data name="code"><value></value></Data>
          <Data name="class"><value>Halt</value></Data>
          <Data name="line"><value>Southern</value></Data>
          <Data name="district"><value></value></Data>
          <Data name="province"><value></value></Data>
          <Data name="lat"><value>9.6666081</value></Data>
          <Data name="lon"><value>99.1459021</value></Data>
          <Data name="coord_source"><value>osm_fuzzy_en_0.89</value></Data>
          <Data name="ttg_url"><value>https://www.thaitrainguide.com/stations/southern-line/khan-thuli/</value></Data>
          <Data name="is_new"><value>False</value></Data>
        </ExtendedData>
        <Point><coordinates>99.1459021,9.6666081,0</coordinates></Point>
      </Placemark>
      <Placemark>
        <name>Khao Chai Rat</name>
        <description>&lt;b&gt;Khao Chai Rat / เขาไชยราช&lt;/b&gt;&lt;br/&gt;Code: Class:Halt Line:Southern&lt;br/&gt;District: Province:&lt;br/&gt;Source:osm_en </description>
        <styleUrl>#style_class_Halt</styleUrl>
        <ExtendedData>
          <Data name="name_en"><value>Khao Chai Rat</value></Data>
          <Data name="name_th"><value>เขาไชยราช</value></Data>
          <Data name="code"><value></value></Data>
          <Data name="class"><value>Halt</value></Data>
          <Data name="line"><value>Southern</value></Data>
          <Data name="district"><value></value></Data>
          <Data name="province"><value></value></Data>
          <Data name="lat"><value>10.9582864</value></Data>
          <Data name="lon"><value>99.3643169</value></Data>
          <Data name="coord_source"><value>osm_en</value></Data>
          <Data name="ttg_url"><value></value></Data>
          <Data name="is_new"><value>False</value></Data>
        </ExtendedData>
        <Point><coordinates>99.3643169,10.9582864,0</coordinates></Point>
      </Placemark>
      <Placemark>
        <name>Khao Chaison</name>
        <description>&lt;b&gt;Khao Chaison / เขาชัยสน&lt;/b&gt;&lt;br/&gt;Code:เช. Class:2 Line:Southern&lt;br/&gt;District:Khao Chaison Province:Phatthalung&lt;br/&gt;Source:osm_th_raw &lt;a href='https://www.thaitrainguide.com/stations/southern-line/khao-chaison/'&gt;TTG&lt;/a&gt;</description>
        <styleUrl>#style_class_2</styleUrl>
        <ExtendedData>
          <Data name="name_en"><value>Khao Chaison</value></Data>
          <Data name="name_th"><value>เขาชัยสน</value></Data>
          <Data name="code"><value>เช.</value></Data>
          <Data name="class"><value>2</value></Data>
          <Data name="line"><value>Southern</value></Data>
          <Data name="district"><value>Khao Chaison</value></Data>
          <Data name="province"><value>Phatthalung</value></Data>
          <Data name="lat"><value>7.4598356</value></Data>
          <Data name="lon"><value>100.1403981</value></Data>
          <Data name="coord_source"><value>osm_th_raw</value></Data>
          <Data name="ttg_url"><value>https://www.thaitrainguide.com/stations/southern-line/khao-chaison/</value></Data>
          <Data name="is_new"><value>False</value></Data>
        </ExtendedData>
        <Point><coordinates>100.1403981,7.4598356,0</coordinates></Point>
      </Placemark>
      <Placemark>
        <name>Khao Chaiyarat</name>
        <description>&lt;b&gt;Khao Chaiyarat&lt;/b&gt;&lt;br/&gt;Code: Class:Unknown Line:Southern&lt;br/&gt;District: Province:&lt;br/&gt;Source:thaitrainguide &lt;a href='https://www.thaitrainguide.com/stations/southern-line/khao-chaiyarat/'&gt;TTG&lt;/a&gt;</description>
        <styleUrl>#style_class_Unknown</styleUrl>
        <ExtendedData>
          <Data name="name_en"><value>Khao Chaiyarat</value></Data>
          <Data name="name_th"><value></value></Data>
          <Data name="code"><value></value></Data>
          <Data name="class"><value>Unknown</value></Data>
          <Data name="line"><value>Southern</value></Data>
          <Data name="district"><value></value></Data>
          <Data name="province"><value></value></Data>
          <Data name="lat"><value>10.9583753</value></Data>
          <Data name="lon"><value>99.3642468</value></Data>
          <Data name="coord_source"><value>thaitrainguide</value></Data>
          <Data name="ttg_url"><value>https://www.thaitrainguide.com/stations/southern-line/khao-chaiyarat/</value></Data>
          <Data name="is_new"><value>True</value></Data>
        </ExtendedData>
        <Point><coordinates>99.3642468,10.9583753,0</coordinates></Point>
      </Placemark>
      <Placemark>
        <name>Khao Chum Thong Junction</name>
        <description>&lt;b&gt;Khao Chum Thong Junction / ชุมทางเขาชุมทอง&lt;/b&gt;&lt;br/&gt;Code:ชท. Class:3 Line:Southern&lt;br/&gt;District:Ron Phibun Province:Nakhon Si Thammarat&lt;br/&gt;Source:osm_th_raw &lt;a href='https://www.thaitrainguide.com/stations/southern-line/khao-chum-thong-junction/'&gt;TTG&lt;/a&gt;</description>
        <styleUrl>#style_class_3</styleUrl>
        <ExtendedData>
          <Data name="name_en"><value>Khao Chum Thong Junction</value></Data>
          <Data name="name_th"><value>ชุมทางเขาชุมทอง</value></Data>
          <Data name="code"><value>ชท.</value></Data>
          <Data name="class"><value>3</value></Data>
          <Data name="line"><value>Southern</value></Data>
          <Data name="district"><value>Ron Phibun</value></Data>
          <Data name="province"><value>Nakhon Si Thammarat</value></Data>
          <Data name="lat"><value>8.1478375</value></Data>
          <Data name="lon"><value>99.8822058</value></Data>
          <Data name="coord_source"><value>osm_th_raw</value></Data>
          <Data name="ttg_url"><value>https://www.thaitrainguide.com/stations/southern-line/khao-chum-thong-junction/</value></Data>
          <Data name="is_new"><value>False</value></Data>
        </ExtendedData>
        <Point><coordinates>99.8822058,8.1478375,0</coordinates></Point>
      </Placemark>
      <Placemark>
        <name>Khao Hua Khwai</name>
        <description>&lt;b&gt;Khao Hua Khwai / เขาหัวควาย&lt;/b&gt;&lt;br/&gt;Code: Class:Halt Line:Southern&lt;br/&gt;District: Province:&lt;br/&gt;Source:osm_en &lt;a href='https://www.thaitrainguide.com/stations/southern-line/khao-hua-khwai/'&gt;TTG&lt;/a&gt;</description>
        <styleUrl>#style_class_Halt</styleUrl>
        <ExtendedData>
          <Data name="name_en"><value>Khao Hua Khwai</value></Data>
          <Data name="name_th"><value>เขาหัวควาย</value></Data>
          <Data name="code"><value></value></Data>
          <Data name="class"><value>Halt</value></Data>
          <Data name="line"><value>Southern</value></Data>
          <Data name="district"><value></value></Data>
          <Data name="province"><value></value></Data>
          <Data name="lat"><value>9.0559089</value></Data>
          <Data name="lon"><value>99.2560012</value></Data>
          <Data name="coord_source"><value>osm_en</value></Data>
          <Data name="ttg_url"><value>https://www.thaitrainguide.com/stations/southern-line/khao-hua-khwai/</value></Data>
          <Data name="is_new"><value>False</value></Data>
        </ExtendedData>
        <Point><coordinates>99.2560012,9.0559089,0</coordinates></Point>
      </Placemark>
      <Placemark>
        <name>Khao Lung</name>
        <description>&lt;b&gt;Khao Lung / เขาหลุง&lt;/b&gt;&lt;br/&gt;Code: Class:Halt Line:Southern&lt;br/&gt;District: Province:&lt;br/&gt;Source:osm_en </description>
        <styleUrl>#style_class_Halt</styleUrl>
        <ExtendedData>
          <Data name="name_en"><value>Khao Lung</value></Data>
          <Data name="name_th"><value>เขาหลุง</value></Data>
          <Data name="code"><value></value></Data>
          <Data name="class"><value>Halt</value></Data>
          <Data name="line"><value>Southern</value></Data>
          <Data name="district"><value></value></Data>
          <Data name="province"><value></value></Data>
          <Data name="lat"><value>9.0457179</value></Data>
          <Data name="lon"><value>98.9982727</value></Data>
          <Data name="coord_source"><value>osm_en</value></Data>
          <Data name="ttg_url"><value></value></Data>
          <Data name="is_new"><value>False</value></Data>
        </ExtendedData>
        <Point><coordinates>98.9982727,9.0457179,0</coordinates></Point>
      </Placemark>
      <Placemark>
        <name>Khao Phanom Baek</name>
        <description>&lt;b&gt;Khao Phanom Baek / เขาพนมแบก&lt;/b&gt;&lt;br/&gt;Code: Class:Halt Line:Southern&lt;br/&gt;District: Province:&lt;br/&gt;Source:osm_en &lt;a href='https://www.thaitrainguide.com/stations/southern-line/khao-phanom-baek/'&gt;TTG&lt;/a&gt;</description>
        <styleUrl>#style_class_Halt</styleUrl>
        <ExtendedData>
          <Data name="name_en"><value>Khao Phanom Baek</value></Data>
          <Data name="name_th"><value>เขาพนมแบก</value></Data>
          <Data name="code"><value></value></Data>
          <Data name="class"><value>Halt</value></Data>
          <Data name="line"><value>Southern</value></Data>
          <Data name="district"><value></value></Data>
          <Data name="province"><value></value></Data>
          <Data name="lat"><value>9.4706842</value></Data>
          <Data name="lon"><value>99.1793408</value></Data>
          <Data name="coord_source"><value>osm_en</value></Data>
          <Data name="ttg_url"><value>https://www.thaitrainguide.com/stations/southern-line/khao-phanom-baek/</value></Data>
          <Data name="is_new"><value>False</value></Data>
        </ExtendedData>
        <Point><coordinates>99.1793408,9.4706842,0</coordinates></Point>
      </Placemark>
      <Placemark>
        <name>Khao Phlu</name>
        <description>&lt;b&gt;Khao Phlu / เขาพลู&lt;/b&gt;&lt;br/&gt;Code: Class:Halt Line:Southern&lt;br/&gt;District: Province:&lt;br/&gt;Source:osm_en &lt;a href='https://www.thaitrainguide.com/stations/southern-line/khao-phlu/'&gt;TTG&lt;/a&gt;</description>
        <styleUrl>#style_class_Halt</styleUrl>
        <ExtendedData>
          <Data name="name_en"><value>Khao Phlu</value></Data>
          <Data name="name_th"><value>เขาพลู</value></Data>
          <Data name="code"><value></value></Data>
          <Data name="class"><value>Halt</value></Data>
          <Data name="line"><value>Southern</value></Data>
          <Data name="district"><value></value></Data>
          <Data name="province"><value></value></Data>
          <Data name="lat"><value>8.973437</value></Data>
          <Data name="lon"><value>99.2939772</value></Data>
          <Data name="coord_source"><value>osm_en</value></Data>
          <Data name="ttg_url"><value>https://www.thaitrainguide.com/stations/southern-line/khao-phlu/</value></Data>
          <Data name="is_new"><value>False</value></Data>
        </ExtendedData>
        <Point><coordinates>99.2939772,8.973437,0</coordinates></Point>
      </Placemark>
      <Placemark>
        <name>Khao Pip</name>
        <description>&lt;b&gt;Khao Pip / เขาปีบ&lt;/b&gt;&lt;br/&gt;Code: Class:Halt Line:Southern&lt;br/&gt;District: Province:&lt;br/&gt;Source:osm_en &lt;a href='https://www.thaitrainguide.com/stations/southern-line/khao-pip/'&gt;TTG&lt;/a&gt;</description>
        <styleUrl>#style_class_Halt</styleUrl>
        <ExtendedData>
          <Data name="name_en"><value>Khao Pip</value></Data>
          <Data name="name_th"><value>เขาปีบ</value></Data>
          <Data name="code"><value></value></Data>
          <Data name="class"><value>Halt</value></Data>
          <Data name="line"><value>Southern</value></Data>
          <Data name="district"><value></value></Data>
          <Data name="province"><value></value></Data>
          <Data name="lat"><value>10.1351599</value></Data>
          <Data name="lon"><value>99.1040921</value></Data>
          <Data name="coord_source"><value>osm_en</value></Data>
          <Data name="ttg_url"><value>https://www.thaitrainguide.com/stations/southern-line/khao-pip/</value></Data>
          <Data name="is_new"><value>False</value></Data>
        </ExtendedData>
        <Point><coordinates>99.1040921,10.1351599,0</coordinates></Point>
      </Placemark>
      <Placemark>
        <name>Khao Pun</name>
        <description>&lt;b&gt;Khao Pun / เขาปูน&lt;/b&gt;&lt;br/&gt;Code: Class:Halt Line:Southern&lt;br/&gt;District: Province:&lt;br/&gt;Source:osm_en </description>
        <styleUrl>#style_class_Halt</styleUrl>
        <ExtendedData>
          <Data name="name_en"><value>Khao Pun</value></Data>
          <Data name="name_th"><value>เขาปูน</value></Data>
          <Data name="code"><value></value></Data>
          <Data name="class"><value>Halt</value></Data>
          <Data name="line"><value>Southern</value></Data>
          <Data name="district"><value></value></Data>
          <Data name="province"><value></value></Data>
          <Data name="lat"><value>14.002982</value></Data>
          <Data name="lon"><value>99.5087909</value></Data>
          <Data name="coord_source"><value>osm_en</value></Data>
          <Data name="ttg_url"><value></value></Data>
          <Data name="is_new"><value>False</value></Data>
        </ExtendedData>
        <Point><coordinates>99.5087909,14.002982,0</coordinates></Point>
      </Placemark>
      <Placemark>
        <name>Khao Suan Thurian</name>
        <description>&lt;b&gt;Khao Suan Thurian / เขาสวนทุเรียน&lt;/b&gt;&lt;br/&gt;Code: Class:Halt Line:Southern&lt;br/&gt;District: Province:&lt;br/&gt;Source:osm_en &lt;a href='https://www.thaitrainguide.com/stations/southern-line/khao-suan-thurian/'&gt;TTG&lt;/a&gt;</description>
        <styleUrl>#style_class_Halt</styleUrl>
        <ExtendedData>
          <Data name="name_en"><value>Khao Suan Thurian</value></Data>
          <Data name="name_th"><value>เขาสวนทุเรียน</value></Data>
          <Data name="code"><value></value></Data>
          <Data name="class"><value>Halt</value></Data>
          <Data name="line"><value>Southern</value></Data>
          <Data name="district"><value></value></Data>
          <Data name="province"><value></value></Data>
          <Data name="lat"><value>10.1668222</value></Data>
          <Data name="lon"><value>99.1057626</value></Data>
          <Data name="coord_source"><value>osm_en</value></Data>
          <Data name="ttg_url"><value>https://www.thaitrainguide.com/stations/southern-line/khao-suan-thurian/</value></Data>
          <Data name="is_new"><value>False</value></Data>
        </ExtendedData>
        <Point><coordinates>99.1057626,10.1668222,0</coordinates></Point>
      </Placemark>
      <Placemark>
        <name>Khao Tao</name>
        <description>&lt;b&gt;Khao Tao / เขาเต่า&lt;/b&gt;&lt;br/&gt;Code:ขต. Class:3 Line:Southern&lt;br/&gt;District:Hua Hin Province:Prachuap Khiri Khan&lt;br/&gt;Source:osm_th_raw &lt;a href='https://www.thaitrainguide.com/stations/southern-line/khao-tao/'&gt;TTG&lt;/a&gt;</description>
        <styleUrl>#style_class_3</styleUrl>
        <ExtendedData>
          <Data name="name_en"><value>Khao Tao</value></Data>
          <Data name="name_th"><value>เขาเต่า</value></Data>
          <Data name="code"><value>ขต.</value></Data>
          <Data name="class"><value>3</value></Data>
          <Data name="line"><value>Southern</value></Data>
          <Data name="district"><value>Hua Hin</value></Data>
          <Data name="province"><value>Prachuap Khiri Khan</value></Data>
          <Data name="lat"><value>12.4595676</value></Data>
          <Data name="lon"><value>99.9700404</value></Data>
          <Data name="coord_source"><value>osm_th_raw</value></Data>
          <Data name="ttg_url"><value>https://www.thaitrainguide.com/stations/southern-line/khao-tao/</value></Data>
          <Data name="is_new"><value>False</value></Data>
        </ExtendedData>
        <Point><coordinates>99.9700404,12.4595676,0</coordinates></Point>
      </Placemark>
      <Placemark>
        <name>Khao Thamon</name>
        <description>&lt;b&gt;Khao Thamon / เขาทโมน&lt;/b&gt;&lt;br/&gt;Code: Class:Halt Line:Southern&lt;br/&gt;District: Province:&lt;br/&gt;Source:osm_en &lt;a href='https://www.thaitrainguide.com/stations/southern-line/khao-thamon/'&gt;TTG&lt;/a&gt;</description>
        <styleUrl>#style_class_Halt</styleUrl>
        <ExtendedData>
          <Data name="name_en"><value>Khao Thamon</value></Data>
          <Data name="name_th"><value>เขาทโมน</value></Data>
          <Data name="code"><value></value></Data>
          <Data name="class"><value>Halt</value></Data>
          <Data name="line"><value>Southern</value></Data>
          <Data name="district"><value></value></Data>
          <Data name="province"><value></value></Data>
          <Data name="lat"><value>13.039481</value></Data>
          <Data name="lon"><value>99.9597392</value></Data>
          <Data name="coord_source"><value>osm_en</value></Data>
          <Data name="ttg_url"><value>https://www.thaitrainguide.com/stations/southern-line/khao-thamon/</value></Data>
          <Data name="is_new"><value>False</value></Data>
        </ExtendedData>
        <Point><coordinates>99.9597392,13.039481,0</coordinates></Point>
      </Placemark>
      <Placemark>
        <name>Khao Yoi</name>
        <description>&lt;b&gt;Khao Yoi / เขาย้อย&lt;/b&gt;&lt;br/&gt;Code: Class:Halt Line:Southern&lt;br/&gt;District: Province:&lt;br/&gt;Source:osm_en &lt;a href='https://www.thaitrainguide.com/stations/southern-line/khao-yoi/'&gt;TTG&lt;/a&gt;</description>
        <styleUrl>#style_class_Halt</styleUrl>
        <ExtendedData>
          <Data name="name_en"><value>Khao Yoi</value></Data>
          <Data name="name_th"><value>เขาย้อย</value></Data>
          <Data name="code"><value></value></Data>
          <Data name="class"><value>Halt</value></Data>
          <Data name="line"><value>Southern</value></Data>
          <Data name="district"><value></value></Data>
          <Data name="province"><value></value></Data>
          <Data name="lat"><value>13.2395059</value></Data>
          <Data name="lon"><value>99.8610098</value></Data>
          <Data name="coord_source"><value>osm_en</value></Data>
          <Data name="ttg_url"><value>https://www.thaitrainguide.com/stations/southern-line/khao-yoi/</value></Data>
          <Data name="is_new"><value>False</value></Data>
        </ExtendedData>
        <Point><coordinates>99.8610098,13.2395059,0</coordinates></Point>
      </Placemark>
      <Placemark>
        <name>Khiri Rat Nikhom</name>
        <description>&lt;b&gt;Khiri Rat Nikhom / คีรีรัฐนิคม&lt;/b&gt;&lt;br/&gt;Code:รค. Class:2 Line:Southern&lt;br/&gt;District:Khiri Rat Nikhom Province:Surat Thani&lt;br/&gt;Source:osm_th_raw </description>
        <styleUrl>#style_class_2</styleUrl>
        <ExtendedData>
          <Data name="name_en"><value>Khiri Rat Nikhom</value></Data>
          <Data name="name_th"><value>คีรีรัฐนิคม</value></Data>
          <Data name="code"><value>รค.</value></Data>
          <Data name="class"><value>2</value></Data>
          <Data name="line"><value>Southern</value></Data>
          <Data name="district"><value>Khiri Rat Nikhom</value></Data>
          <Data name="province"><value>Surat Thani</value></Data>
          <Data name="lat"><value>9.0312699</value></Data>
          <Data name="lon"><value>98.9470674</value></Data>
          <Data name="coord_source"><value>osm_th_raw</value></Data>
          <Data name="ttg_url"><value></value></Data>
          <Data name="is_new"><value>False</value></Data>
        </ExtendedData>
        <Point><coordinates>98.9470674,9.0312699,0</coordinates></Point>
      </Placemark>
      <Placemark>
        <name>Khiri Ratthanikhom</name>
        <description>&lt;b&gt;Khiri Ratthanikhom&lt;/b&gt;&lt;br/&gt;Code: Class:Unknown Line:Southern&lt;br/&gt;District: Province:&lt;br/&gt;Source:thaitrainguide </description>
        <styleUrl>#style_class_Unknown</styleUrl>
        <ExtendedData>
          <Data name="name_en"><value>Khiri Ratthanikhom</value></Data>
          <Data name="name_th"><value></value></Data>
          <Data name="code"><value></value></Data>
          <Data name="class"><value>Unknown</value></Data>
          <Data name="line"><value>Southern</value></Data>
          <Data name="district"><value></value></Data>
          <Data name="province"><value></value></Data>
          <Data name="lat"><value>9.0312989</value></Data>
          <Data name="lon"><value>98.9470651</value></Data>
          <Data name="coord_source"><value>thaitrainguide</value></Data>
          <Data name="ttg_url"><value></value></Data>
          <Data name="is_new"><value>True</value></Data>
        </ExtendedData>
        <Point><coordinates>98.9470651,9.0312989,0</coordinates></Point>
      </Placemark>
      <Placemark>
        <name>Khlong Bang Tan</name>
        <description>&lt;b&gt;Khlong Bang Tan / คลองบางตาล&lt;/b&gt;&lt;br/&gt;Code: Class:Halt Line:Southern&lt;br/&gt;District: Province:&lt;br/&gt;Source:osm_en &lt;a href='https://www.thaitrainguide.com/stations/southern-line/khlong-bang-tan/'&gt;TTG&lt;/a&gt;</description>
        <styleUrl>#style_class_Halt</styleUrl>
        <ExtendedData>
          <Data name="name_en"><value>Khlong Bang Tan</value></Data>
          <Data name="name_th"><value>คลองบางตาล</value></Data>
          <Data name="code"><value></value></Data>
          <Data name="class"><value>Halt</value></Data>
          <Data name="line"><value>Southern</value></Data>
          <Data name="district"><value></value></Data>
          <Data name="province"><value></value></Data>
          <Data name="lat"><value>13.8212395</value></Data>
          <Data name="lon"><value>99.958662</value></Data>
          <Data name="coord_source"><value>osm_en</value></Data>
          <Data name="ttg_url"><value>https://www.thaitrainguide.com/stations/southern-line/khlong-bang-tan/</value></Data>
          <Data name="is_new"><value>False</value></Data>
        </ExtendedData>
        <Point><coordinates>99.958662,13.8212395,0</coordinates></Point>
      </Placemark>
      <Placemark>
        <name>Khlong Chandi</name>
        <description>&lt;b&gt;Khlong Chandi / คลองจันดี&lt;/b&gt;&lt;br/&gt;Code:จด. Class:1 Line:Southern&lt;br/&gt;District:Chawang Province:Nakhon Si Thammarat&lt;br/&gt;Source:osm_th_raw &lt;a href='https://www.thaitrainguide.com/stations/southern-line/khlong-chan-di/'&gt;TTG&lt;/a&gt;</description>
        <styleUrl>#style_class_1</styleUrl>
        <ExtendedData>
          <Data name="name_en"><value>Khlong Chandi</value></Data>
          <Data name="name_th"><value>คลองจันดี</value></Data>
          <Data name="code"><value>จด.</value></Data>
          <Data name="class"><value>1</value></Data>
          <Data name="line"><value>Southern</value></Data>
          <Data name="district"><value>Chawang</value></Data>
          <Data name="province"><value>Nakhon Si Thammarat</value></Data>
          <Data name="lat"><value>8.3818587</value></Data>
          <Data name="lon"><value>99.5401192</value></Data>
          <Data name="coord_source"><value>osm_th_raw</value></Data>
          <Data name="ttg_url"><value>https://www.thaitrainguide.com/stations/southern-line/khlong-chan-di/</value></Data>
          <Data name="is_new"><value>False</value></Data>
        </ExtendedData>
        <Point><coordinates>99.5401192,8.3818587,0</coordinates></Point>
      </Placemark>
      <Placemark>
        <name>Khlong Chang</name>
        <description>&lt;b&gt;Khlong Chang / คลองจัง&lt;/b&gt;&lt;br/&gt;Code: Class:Halt Line:Southern&lt;br/&gt;District: Province:&lt;br/&gt;Source:osm_en &lt;a href='https://www.thaitrainguide.com/stations/southern-line/khlong-chang/'&gt;TTG&lt;/a&gt;</description>
        <styleUrl>#style_class_Halt</styleUrl>
        <ExtendedData>
          <Data name="name_en"><value>Khlong Chang</value></Data>
          <Data name="name_th"><value>คลองจัง</value></Data>
          <Data name="code"><value></value></Data>
          <Data name="class"><value>Halt</value></Data>
          <Data name="line"><value>Southern</value></Data>
          <Data name="district"><value></value></Data>
          <Data name="province"><value></value></Data>
          <Data name="lat"><value>8.2408432</value></Data>
          <Data name="lon"><value>99.621705</value></Data>
          <Data name="coord_source"><value>osm_en</value></Data>
          <Data name="ttg_url"><value>https://www.thaitrainguide.com/stations/southern-line/khlong-chang/</value></Data>
          <Data name="is_new"><value>False</value></Data>
        </ExtendedData>
        <Point><coordinates>99.621705,8.2408432,0</coordinates></Point>
      </Placemark>
      <Placemark>
        <name>Khlong Khanan</name>
        <description>&lt;b&gt;Khlong Khanan / คลองขนาน&lt;/b&gt;&lt;br/&gt;Code: Class:Halt Line:Southern&lt;br/&gt;District: Province:&lt;br/&gt;Source:osm_en &lt;a href='https://www.thaitrainguide.com/stations/southern-line/khlong-khanan/'&gt;TTG&lt;/a&gt;</description>
        <styleUrl>#style_class_Halt</styleUrl>
        <ExtendedData>
          <Data name="name_en"><value>Khlong Khanan</value></Data>
          <Data name="name_th"><value>คลองขนาน</value></Data>
          <Data name="code"><value></value></Data>
          <Data name="class"><value>Halt</value></Data>
          <Data name="line"><value>Southern</value></Data>
          <Data name="district"><value></value></Data>
          <Data name="province"><value></value></Data>
          <Data name="lat"><value>9.8807626</value></Data>
          <Data name="lon"><value>99.0742678</value></Data>
          <Data name="coord_source"><value>osm_en</value></Data>
          <Data name="ttg_url"><value>https://www.thaitrainguide.com/stations/southern-line/khlong-khanan/</value></Data>
          <Data name="is_new"><value>False</value></Data>
        </ExtendedData>
        <Point><coordinates>99.0742678,9.8807626,0</coordinates></Point>
      </Placemark>
      <Placemark>
        <name>Khlong Khut</name>
        <description>&lt;b&gt;Khlong Khut / คลองขุด&lt;/b&gt;&lt;br/&gt;Code: Class:Halt Line:Southern&lt;br/&gt;District: Province:&lt;br/&gt;Source:osm_fuzzy_en_0.95 &lt;a href='https://www.thaitrainguide.com/stations/southern-line/khlong-khut/'&gt;TTG&lt;/a&gt;</description>
        <styleUrl>#style_class_Halt</styleUrl>
        <ExtendedData>
          <Data name="name_en"><value>Khlong Khut</value></Data>
          <Data name="name_th"><value>คลองขุด</value></Data>
          <Data name="code"><value></value></Data>
          <Data name="class"><value>Halt</value></Data>
          <Data name="line"><value>Southern</value></Data>
          <Data name="district"><value></value></Data>
          <Data name="province"><value></value></Data>
          <Data name="lat"><value>9.2469629</value></Data>
          <Data name="lon"><value>99.1869023</value></Data>
          <Data name="coord_source"><value>osm_fuzzy_en_0.95</value></Data>
          <Data name="ttg_url"><value>https://www.thaitrainguide.com/stations/southern-line/khlong-khut/</value></Data>
          <Data name="is_new"><value>False</value></Data>
        </ExtendedData>
        <Point><coordinates>99.1869023,9.2469629,0</coordinates></Point>
      </Placemark>
      <Placemark>
        <name>Khlong Kui</name>
        <description>&lt;b&gt;Khlong Kui / คลองกุย&lt;/b&gt;&lt;br/&gt;Code: Class:Halt Line:Southern&lt;br/&gt;District: Province:&lt;br/&gt;Source:osm_en &lt;a href='https://www.thaitrainguide.com/stations/southern-line/khlong-kui/'&gt;TTG&lt;/a&gt;</description>
        <styleUrl>#style_class_Halt</styleUrl>
        <ExtendedData>
          <Data name="name_en"><value>Khlong Kui</value></Data>
          <Data name="name_th"><value>คลองกุย</value></Data>
          <Data name="code"><value></value></Data>
          <Data name="class"><value>Halt</value></Data>
          <Data name="line"><value>Southern</value></Data>
          <Data name="district"><value></value></Data>
          <Data name="province"><value></value></Data>
          <Data name="lat"><value>8.2943774</value></Data>
          <Data name="lon"><value>99.5726232</value></Data>
          <Data name="coord_source"><value>osm_en</value></Data>
          <Data name="ttg_url"><value>https://www.thaitrainguide.com/stations/southern-line/khlong-kui/</value></Data>
          <Data name="is_new"><value>False</value></Data>
        </ExtendedData>
        <Point><coordinates>99.5726232,8.2943774,0</coordinates></Point>
      </Placemark>
      <Placemark>
        <name>Khlong Maha Sawat</name>
        <description>&lt;b&gt;Khlong Maha Sawat / คลองมหาสวัสดิ์&lt;/b&gt;&lt;br/&gt;Code: Class:Halt Line:Southern&lt;br/&gt;District: Province:&lt;br/&gt;Source:osm_en &lt;a href='https://www.thaitrainguide.com/stations/southern-line/khlong-maha-sawat/'&gt;TTG&lt;/a&gt;</description>
        <styleUrl>#style_class_Halt</styleUrl>
        <ExtendedData>
          <Data name="name_en"><value>Khlong Maha Sawat</value></Data>
          <Data name="name_th"><value>คลองมหาสวัสดิ์</value></Data>
          <Data name="code"><value></value></Data>
          <Data name="class"><value>Halt</value></Data>
          <Data name="line"><value>Southern</value></Data>
          <Data name="district"><value></value></Data>
          <Data name="province"><value></value></Data>
          <Data name="lat"><value>13.8088548</value></Data>
          <Data name="lon"><value>100.2507309</value></Data>
          <Data name="coord_source"><value>osm_en</value></Data>
          <Data name="ttg_url"><value>https://www.thaitrainguide.com/stations/southern-line/khlong-maha-sawat/</value></Data>
          <Data name="is_new"><value>False</value></Data>
        </ExtendedData>
        <Point><coordinates>100.2507309,13.8088548,0</coordinates></Point>
      </Placemark>
      <Placemark>
        <name>Khlong Ngae</name>
        <description>&lt;b&gt;Khlong Ngae / คลองแงะ&lt;/b&gt;&lt;br/&gt;Code:คง. Class:1 Line:Southern&lt;br/&gt;District:Sadao Province:Songkhla&lt;br/&gt;Source:osm_th_raw &lt;a href='https://www.thaitrainguide.com/stations/southern-line/khlong-ngae/'&gt;TTG&lt;/a&gt;</description>
        <styleUrl>#style_class_1</styleUrl>
        <ExtendedData>
          <Data name="name_en"><value>Khlong Ngae</value></Data>
          <Data name="name_th"><value>คลองแงะ</value></Data>
          <Data name="code"><value>คง.</value></Data>
          <Data name="class"><value>1</value></Data>
          <Data name="line"><value>Southern</value></Data>
          <Data name="district"><value>Sadao</value></Data>
          <Data name="province"><value>Songkhla</value></Data>
          <Data name="lat"><value>6.7910126</value></Data>
          <Data name="lon"><value>100.4525186</value></Data>
          <Data name="coord_source"><value>osm_th_raw</value></Data>
          <Data name="ttg_url"><value>https://www.thaitrainguide.com/stations/southern-line/khlong-ngae/</value></Data>
          <Data name="is_new"><value>False</value></Data>
        </ExtendedData>
        <Point><coordinates>100.4525186,6.7910126,0</coordinates></Point>
      </Placemark>
      <Placemark>
        <name>Khlong Prap</name>
        <description>&lt;b&gt;Khlong Prap / คลองปราบ&lt;/b&gt;&lt;br/&gt;Code: Class:Halt Line:Southern&lt;br/&gt;District: Province:&lt;br/&gt;Source:osm_fuzzy_en_0.95 &lt;a href='https://www.thaitrainguide.com/stations/southern-line/khlong-prap/'&gt;TTG&lt;/a&gt;</description>
        <styleUrl>#style_class_Halt</styleUrl>
        <ExtendedData>
          <Data name="name_en"><value>Khlong Prap</value></Data>
          <Data name="name_th"><value>คลองปราบ</value></Data>
          <Data name="code"><value></value></Data>
          <Data name="class"><value>Halt</value></Data>
          <Data name="line"><value>Southern</value></Data>
          <Data name="district"><value></value></Data>
          <Data name="province"><value></value></Data>
          <Data name="lat"><value>8.7455991</value></Data>
          <Data name="lon"><value>99.3575691</value></Data>
          <Data name="coord_source"><value>osm_fuzzy_en_0.95</value></Data>
          <Data name="ttg_url"><value>https://www.thaitrainguide.com/stations/southern-line/khlong-prap/</value></Data>
          <Data name="is_new"><value>False</value></Data>
        </ExtendedData>
        <Point><coordinates>99.3575691,8.7455991,0</coordinates></Point>
      </Placemark>
      <Placemark>
        <name>Khlong Sai</name>
        <description>&lt;b&gt;Khlong Sai / คลองทราย&lt;/b&gt;&lt;br/&gt;Code: Class:Halt Line:Southern&lt;br/&gt;District: Province:&lt;br/&gt;Source:osm_en &lt;a href='https://www.thaitrainguide.com/stations/southern-line/khlong-sai-2/'&gt;TTG&lt;/a&gt;</description>
        <styleUrl>#style_class_Halt</styleUrl>
        <ExtendedData>
          <Data name="name_en"><value>Khlong Sai</value></Data>
          <Data name="name_th"><value>คลองทราย</value></Data>
          <Data name="code"><value></value></Data>
          <Data name="class"><value>Halt</value></Data>
          <Data name="line"><value>Southern</value></Data>
          <Data name="district"><value></value></Data>
          <Data name="province"><value></value></Data>
          <Data name="lat"><value>6.6445041</value></Data>
          <Data name="lon"><value>101.2184587</value></Data>
          <Data name="coord_source"><value>osm_en</value></Data>
          <Data name="ttg_url"><value>https://www.thaitrainguide.com/stations/southern-line/khlong-sai-2/</value></Data>
          <Data name="is_new"><value>False</value></Data>
        </ExtendedData>
        <Point><coordinates>101.2184587,6.6445041,0</coordinates></Point>
      </Placemark>
      <Placemark>
        <name>Khlong Sun</name>
        <description>&lt;b&gt;Khlong Sun / คลองสูญ&lt;/b&gt;&lt;br/&gt;Code: Class:Halt Line:Southern&lt;br/&gt;District: Province:&lt;br/&gt;Source:osm_en &lt;a href='https://www.thaitrainguide.com/stations/southern-line/khlong-sun/'&gt;TTG&lt;/a&gt;</description>
        <styleUrl>#style_class_Halt</styleUrl>
        <ExtendedData>
          <Data name="name_en"><value>Khlong Sun</value></Data>
          <Data name="name_th"><value>คลองสูญ</value></Data>
          <Data name="code"><value></value></Data>
          <Data name="class"><value>Halt</value></Data>
          <Data name="line"><value>Southern</value></Data>
          <Data name="district"><value></value></Data>
          <Data name="province"><value></value></Data>
          <Data name="lat"><value>8.6752867</value></Data>
          <Data name="lon"><value>99.3555534</value></Data>
          <Data name="coord_source"><value>osm_en</value></Data>
          <Data name="ttg_url"><value>https://www.thaitrainguide.com/stations/southern-line/khlong-sun/</value></Data>
          <Data name="is_new"><value>False</value></Data>
        </ExtendedData>
        <Point><coordinates>99.3555534,8.6752867,0</coordinates></Point>
      </Placemark>
      <Placemark>
        <name>Khlong Ta Khot</name>
        <description>&lt;b&gt;Khlong Ta Khot / คลองตาคด&lt;/b&gt;&lt;br/&gt;Code: Class:Halt Line:Southern&lt;br/&gt;District: Province:&lt;br/&gt;Source:osm_en &lt;a href='https://www.thaitrainguide.com/stations/southern-line/khlong-ta-khot/'&gt;TTG&lt;/a&gt;</description>
        <styleUrl>#style_class_Halt</styleUrl>
        <ExtendedData>
          <Data name="name_en"><value>Khlong Ta Khot</value></Data>
          <Data name="name_th"><value>คลองตาคด</value></Data>
          <Data name="code"><value></value></Data>
          <Data name="class"><value>Halt</value></Data>
          <Data name="line"><value>Southern</value></Data>
          <Data name="district"><value></value></Data>
          <Data name="province"><value></value></Data>
          <Data name="lat"><value>13.7344531</value></Data>
          <Data name="lon"><value>99.8499673</value></Data>
          <Data name="coord_source"><value>osm_en</value></Data>
          <Data name="ttg_url"><value>https://www.thaitrainguide.com/stations/southern-line/khlong-ta-khot/</value></Data>
          <Data name="is_new"><value>False</value></Data>
        </ExtendedData>
        <Point><coordinates>99.8499673,13.7344531,0</coordinates></Point>
      </Placemark>
      <Placemark>
        <name>Khlong Wang Chang</name>
        <description>&lt;b&gt;Khlong Wang Chang / คลองวังช้าง&lt;/b&gt;&lt;br/&gt;Code: Class:Halt Line:Southern&lt;br/&gt;District: Province:&lt;br/&gt;Source:osm_en &lt;a href='https://www.thaitrainguide.com/stations/southern-line/khlong-wang-chang/'&gt;TTG&lt;/a&gt;</description>
        <styleUrl>#style_class_Halt</styleUrl>
        <ExtendedData>
          <Data name="name_en"><value>Khlong Wang Chang</value></Data>
          <Data name="name_th"><value>คลองวังช้าง</value></Data>
          <Data name="code"><value></value></Data>
          <Data name="class"><value>Halt</value></Data>
          <Data name="line"><value>Southern</value></Data>
          <Data name="district"><value></value></Data>
          <Data name="province"><value></value></Data>
          <Data name="lat"><value>10.7524393</value></Data>
          <Data name="lon"><value>99.3346742</value></Data>
          <Data name="coord_source"><value>osm_en</value></Data>
          <Data name="ttg_url"><value>https://www.thaitrainguide.com/stations/southern-line/khlong-wang-chang/</value></Data>
          <Data name="is_new"><value>False</value></Data>
        </ExtendedData>
        <Point><coordinates>99.3346742,10.7524393,0</coordinates></Point>
      </Placemark>
      <Placemark>
        <name>Khlong Ya</name>
        <description>&lt;b&gt;Khlong Ya / คลองยา&lt;/b&gt;&lt;br/&gt;Code: Class:Halt Line:Southern&lt;br/&gt;District: Province:&lt;br/&gt;Source:osm_en &lt;a href='https://www.thaitrainguide.com/stations/southern-line/khlong-ya/'&gt;TTG&lt;/a&gt;</description>
        <styleUrl>#style_class_Halt</styleUrl>
        <ExtendedData>
          <Data name="name_en"><value>Khlong Ya</value></Data>
          <Data name="name_th"><value>คลองยา</value></Data>
          <Data name="code"><value></value></Data>
          <Data name="class"><value>Halt</value></Data>
          <Data name="line"><value>Southern</value></Data>
          <Data name="district"><value></value></Data>
          <Data name="province"><value></value></Data>
          <Data name="lat"><value>8.9262458</value></Data>
          <Data name="lon"><value>99.3012301</value></Data>
          <Data name="coord_source"><value>osm_en</value></Data>
          <Data name="ttg_url"><value>https://www.thaitrainguide.com/stations/southern-line/khlong-ya/</value></Data>
          <Data name="is_new"><value>False</value></Data>
        </ExtendedData>
        <Point><coordinates>99.3012301,8.9262458,0</coordinates></Point>
      </Placemark>
      <Placemark>
        <name>Khlong Yan</name>
        <description>&lt;b&gt;Khlong Yan / คลองยา&lt;/b&gt;&lt;br/&gt;Code: Class:Halt Line:Southern&lt;br/&gt;District: Province:&lt;br/&gt;Source:osm_fuzzy_en_0.95 </description>
        <styleUrl>#style_class_Halt</styleUrl>
        <ExtendedData>
          <Data name="name_en"><value>Khlong Yan</value></Data>
          <Data name="name_th"><value>คลองยา</value></Data>
          <Data name="code"><value></value></Data>
          <Data name="class"><value>Halt</value></Data>
          <Data name="line"><value>Southern</value></Data>
          <Data name="district"><value></value></Data>
          <Data name="province"><value></value></Data>
          <Data name="lat"><value>8.9262458</value></Data>
          <Data name="lon"><value>99.3012301</value></Data>
          <Data name="coord_source"><value>osm_fuzzy_en_0.95</value></Data>
          <Data name="ttg_url"><value></value></Data>
          <Data name="is_new"><value>False</value></Data>
        </ExtendedData>
        <Point><coordinates>99.3012301,8.9262458,0</coordinates></Point>
      </Placemark>
      <Placemark>
        <name>Khok Khram</name>
        <description>&lt;b&gt;Khok Khram / โคกคราม&lt;/b&gt;&lt;br/&gt;Code: Class:Halt Line:Southern&lt;br/&gt;District: Province:&lt;br/&gt;Source:osm_en </description>
        <styleUrl>#style_class_Halt</styleUrl>
        <ExtendedData>
          <Data name="name_en"><value>Khok Khram</value></Data>
          <Data name="name_th"><value>โคกคราม</value></Data>
          <Data name="code"><value></value></Data>
          <Data name="class"><value>Halt</value></Data>
          <Data name="line"><value>Southern</value></Data>
          <Data name="district"><value></value></Data>
          <Data name="province"><value></value></Data>
          <Data name="lat"><value>8.2505904</value></Data>
          <Data name="lon"><value>99.9427088</value></Data>
          <Data name="coord_source"><value>osm_en</value></Data>
          <Data name="ttg_url"><value></value></Data>
          <Data name="is_new"><value>False</value></Data>
        </ExtendedData>
        <Point><coordinates>99.9427088,8.2505904,0</coordinates></Point>
      </Placemark>
      <Placemark>
        <name>Khok Sai</name>
        <description>&lt;b&gt;Khok Sai / โคกทราย&lt;/b&gt;&lt;br/&gt;Code: Class:Halt Line:Southern&lt;br/&gt;District: Province:&lt;br/&gt;Source:osm_en &lt;a href='https://www.thaitrainguide.com/stations/southern-line/khok-sai/'&gt;TTG&lt;/a&gt;</description>
        <styleUrl>#style_class_Halt</styleUrl>
        <ExtendedData>
          <Data name="name_en"><value>Khok Sai</value></Data>
          <Data name="name_th"><value>โคกทราย</value></Data>
          <Data name="code"><value></value></Data>
          <Data name="class"><value>Halt</value></Data>
          <Data name="line"><value>Southern</value></Data>
          <Data name="district"><value></value></Data>
          <Data name="province"><value></value></Data>
          <Data name="lat"><value>7.2379031</value></Data>
          <Data name="lon"><value>100.3115482</value></Data>
          <Data name="coord_source"><value>osm_en</value></Data>
          <Data name="ttg_url"><value>https://www.thaitrainguide.com/stations/southern-line/khok-sai/</value></Data>
          <Data name="is_new"><value>False</value></Data>
        </ExtendedData>
        <Point><coordinates>100.3115482,7.2379031,0</coordinates></Point>
      </Placemark>
      <Placemark>
        <name>Khok Saya</name>
        <description>&lt;b&gt;Khok Saya / โคกสยา&lt;/b&gt;&lt;br/&gt;Code: Class:Halt Line:Southern&lt;br/&gt;District: Province:&lt;br/&gt;Source:osm_en &lt;a href='https://www.thaitrainguide.com/stations/southern-line/khok-sahya/'&gt;TTG&lt;/a&gt;</description>
        <styleUrl>#style_class_Halt</styleUrl>
        <ExtendedData>
          <Data name="name_en"><value>Khok Saya</value></Data>
          <Data name="name_th"><value>โคกสยา</value></Data>
          <Data name="code"><value></value></Data>
          <Data name="class"><value>Halt</value></Data>
          <Data name="line"><value>Southern</value></Data>
          <Data name="district"><value></value></Data>
          <Data name="province"><value></value></Data>
          <Data name="lat"><value>6.0338252</value></Data>
          <Data name="lon"><value>101.9163307</value></Data>
          <Data name="coord_source"><value>osm_en</value></Data>
          <Data name="ttg_url"><value>https://www.thaitrainguide.com/stations/southern-line/khok-sahya/</value></Data>
          <Data name="is_new"><value>False</value></Data>
        </ExtendedData>
        <Point><coordinates>101.9163307,6.0338252,0</coordinates></Point>
      </Placemark>
      <Placemark>
        <name>Khok Ta Hom</name>
        <description>&lt;b&gt;Khok Ta Hom / โคกตาหอม&lt;/b&gt;&lt;br/&gt;Code: Class:Halt Line:Southern&lt;br/&gt;District: Province:&lt;br/&gt;Source:osm_en &lt;a href='https://www.thaitrainguide.com/stations/southern-line/khok-ta-hom/'&gt;TTG&lt;/a&gt;</description>
        <styleUrl>#style_class_Halt</styleUrl>
        <ExtendedData>
          <Data name="name_en"><value>Khok Ta Hom</value></Data>
          <Data name="name_th"><value>โคกตาหอม</value></Data>
          <Data name="code"><value></value></Data>
          <Data name="class"><value>Halt</value></Data>
          <Data name="line"><value>Southern</value></Data>
          <Data name="district"><value></value></Data>
          <Data name="province"><value></value></Data>
          <Data name="lat"><value>11.4060802</value></Data>
          <Data name="lon"><value>99.5944197</value></Data>
          <Data name="coord_source"><value>osm_en</value></Data>
          <Data name="ttg_url"><value>https://www.thaitrainguide.com/stations/southern-line/khok-ta-hom/</value></Data>
          <Data name="is_new"><value>False</value></Data>
        </ExtendedData>
        <Point><coordinates>99.5944197,11.4060802,0</coordinates></Point>
      </Placemark>
      <Placemark>
        <name>Khuan Hin Mui</name>
        <description>&lt;b&gt;Khuan Hin Mui / ควนหินมุ้ย&lt;/b&gt;&lt;br/&gt;Code: Class:Halt Line:Southern&lt;br/&gt;District: Province:&lt;br/&gt;Source:osm_en &lt;a href='https://www.thaitrainguide.com/stations/southern-line/khuan-hin-mui/'&gt;TTG&lt;/a&gt;</description>
        <styleUrl>#style_class_Halt</styleUrl>
        <ExtendedData>
          <Data name="name_en"><value>Khuan Hin Mui</value></Data>
          <Data name="name_th"><value>ควนหินมุ้ย</value></Data>
          <Data name="code"><value></value></Data>
          <Data name="class"><value>Halt</value></Data>
          <Data name="line"><value>Southern</value></Data>
          <Data name="district"><value></value></Data>
          <Data name="province"><value></value></Data>
          <Data name="lat"><value>10.0098378</value></Data>
          <Data name="lon"><value>99.0912635</value></Data>
          <Data name="coord_source"><value>osm_en</value></Data>
          <Data name="ttg_url"><value>https://www.thaitrainguide.com/stations/southern-line/khuan-hin-mui/</value></Data>
          <Data name="is_new"><value>False</value></Data>
        </ExtendedData>
        <Point><coordinates>99.0912635,10.0098378,0</coordinates></Point>
      </Placemark>
      <Placemark>
        <name>Khuan Khiam</name>
        <description>&lt;b&gt;Khuan Khiam / ควนเคี่ยม&lt;/b&gt;&lt;br/&gt;Code: Class:Halt Line:Southern&lt;br/&gt;District: Province:&lt;br/&gt;Source:osm_en &lt;a href='https://www.thaitrainguide.com/stations/southern-line/khuan-khiam/'&gt;TTG&lt;/a&gt;</description>
        <styleUrl>#style_class_Halt</styleUrl>
        <ExtendedData>
          <Data name="name_en"><value>Khuan Khiam</value></Data>
          <Data name="name_th"><value>ควนเคี่ยม</value></Data>
          <Data name="code"><value></value></Data>
          <Data name="class"><value>Halt</value></Data>
          <Data name="line"><value>Southern</value></Data>
          <Data name="district"><value></value></Data>
          <Data name="province"><value></value></Data>
          <Data name="lat"><value>7.34724</value></Data>
          <Data name="lon"><value>100.2309929</value></Data>
          <Data name="coord_source"><value>osm_en</value></Data>
          <Data name="ttg_url"><value>https://www.thaitrainguide.com/stations/southern-line/khuan-khiam/</value></Data>
          <Data name="is_new"><value>False</value></Data>
        </ExtendedData>
        <Point><coordinates>100.2309929,7.34724,0</coordinates></Point>
      </Placemark>
      <Placemark>
        <name>Khuan Niang</name>
        <description>&lt;b&gt;Khuan Niang / ควนเนียง&lt;/b&gt;&lt;br/&gt;Code:เน. Class:2 Line:Southern&lt;br/&gt;District:Khuan Niang Province:Songkhla&lt;br/&gt;Source:osm_th_raw &lt;a href='https://www.thaitrainguide.com/stations/southern-line/khuan-niang/'&gt;TTG&lt;/a&gt;</description>
        <styleUrl>#style_class_2</styleUrl>
        <ExtendedData>
          <Data name="name_en"><value>Khuan Niang</value></Data>
          <Data name="name_th"><value>ควนเนียง</value></Data>
          <Data name="code"><value>เน.</value></Data>
          <Data name="class"><value>2</value></Data>
          <Data name="line"><value>Southern</value></Data>
          <Data name="district"><value>Khuan Niang</value></Data>
          <Data name="province"><value>Songkhla</value></Data>
          <Data name="lat"><value>7.192323</value></Data>
          <Data name="lon"><value>100.3503621</value></Data>
          <Data name="coord_source"><value>osm_th_raw</value></Data>
          <Data name="ttg_url"><value>https://www.thaitrainguide.com/stations/southern-line/khuan-niang/</value></Data>
          <Data name="is_new"><value>False</value></Data>
        </ExtendedData>
        <Point><coordinates>100.3503621,7.192323,0</coordinates></Point>
      </Placemark>
      <Placemark>
        <name>Khuan Nong Khwa</name>
        <description>&lt;b&gt;Khuan Nong Khwa / ควนหนองคว้า&lt;/b&gt;&lt;br/&gt;Code: Class:Halt Line:Southern&lt;br/&gt;District: Province:&lt;br/&gt;Source:osm_en &lt;a href='https://www.thaitrainguide.com/stations/southern-line/khuan-nong-khwa/'&gt;TTG&lt;/a&gt;</description>
        <styleUrl>#style_class_Halt</styleUrl>
        <ExtendedData>
          <Data name="name_en"><value>Khuan Nong Khwa</value></Data>
          <Data name="name_th"><value>ควนหนองคว้า</value></Data>
          <Data name="code"><value></value></Data>
          <Data name="class"><value>Halt</value></Data>
          <Data name="line"><value>Southern</value></Data>
          <Data name="district"><value></value></Data>
          <Data name="province"><value></value></Data>
          <Data name="lat"><value>8.1043111</value></Data>
          <Data name="lon"><value>99.9369431</value></Data>
          <Data name="coord_source"><value>osm_en</value></Data>
          <Data name="ttg_url"><value>https://www.thaitrainguide.com/stations/southern-line/khuan-nong-khwa/</value></Data>
          <Data name="is_new"><value>False</value></Data>
        </ExtendedData>
        <Point><coordinates>99.9369431,8.1043111,0</coordinates></Point>
      </Placemark>
      <Placemark>
        <name>Khuan Phra</name>
        <description>&lt;b&gt;Khuan Phra / ควนพระ&lt;/b&gt;&lt;br/&gt;Code: Class:Halt Line:Southern&lt;br/&gt;District: Province:&lt;br/&gt;Source:osm_en &lt;a href='https://www.thaitrainguide.com/stations/southern-line/khuan-phra/'&gt;TTG&lt;/a&gt;</description>
        <styleUrl>#style_class_Halt</styleUrl>
        <ExtendedData>
          <Data name="name_en"><value>Khuan Phra</value></Data>
          <Data name="name_th"><value>ควนพระ</value></Data>
          <Data name="code"><value></value></Data>
          <Data name="class"><value>Halt</value></Data>
          <Data name="line"><value>Southern</value></Data>
          <Data name="district"><value></value></Data>
          <Data name="province"><value></value></Data>
          <Data name="lat"><value>7.3757216</value></Data>
          <Data name="lon"><value>100.2012519</value></Data>
          <Data name="coord_source"><value>osm_en</value></Data>
          <Data name="ttg_url"><value>https://www.thaitrainguide.com/stations/southern-line/khuan-phra/</value></Data>
          <Data name="is_new"><value>False</value></Data>
        </ExtendedData>
        <Point><coordinates>100.2012519,7.3757216,0</coordinates></Point>
      </Placemark>
      <Placemark>
        <name>Khwae Noi</name>
        <description>&lt;b&gt;Khwae Noi&lt;/b&gt;&lt;br/&gt;Code: Class:Unknown Line:Southern&lt;br/&gt;District: Province:&lt;br/&gt;Source:thaitrainguide </description>
        <styleUrl>#style_class_Unknown</styleUrl>
        <ExtendedData>
          <Data name="name_en"><value>Khwae Noi</value></Data>
          <Data name="name_th"><value></value></Data>
          <Data name="code"><value></value></Data>
          <Data name="class"><value>Unknown</value></Data>
          <Data name="line"><value>Southern</value></Data>
          <Data name="district"><value></value></Data>
          <Data name="province"><value></value></Data>
          <Data name="lat"><value>16.9536118</value></Data>
          <Data name="lon"><value>100.2323566</value></Data>
          <Data name="coord_source"><value>thaitrainguide</value></Data>
          <Data name="ttg_url"><value></value></Data>
          <Data name="is_new"><value>True</value></Data>
        </ExtendedData>
        <Point><coordinates>100.2323566,16.9536118,0</coordinates></Point>
      </Placemark>
      <Placemark>
        <name>Ko Maha Mongkol</name>
        <description>&lt;b&gt;Ko Maha Mongkol / เกาะมหามงคล&lt;/b&gt;&lt;br/&gt;Code: Class:Halt Line:Southern&lt;br/&gt;District: Province:&lt;br/&gt;Source:osm_fuzzy_en_0.90 </description>
        <styleUrl>#style_class_Halt</styleUrl>
        <ExtendedData>
          <Data name="name_en"><value>Ko Maha Mongkol</value></Data>
          <Data name="name_th"><value>เกาะมหามงคล</value></Data>
          <Data name="code"><value></value></Data>
          <Data name="class"><value>Halt</value></Data>
          <Data name="line"><value>Southern</value></Data>
          <Data name="district"><value></value></Data>
          <Data name="province"><value></value></Data>
          <Data name="lat"><value>14.1553179</value></Data>
          <Data name="lon"><value>99.1069168</value></Data>
          <Data name="coord_source"><value>osm_fuzzy_en_0.90</value></Data>
          <Data name="ttg_url"><value></value></Data>
          <Data name="is_new"><value>False</value></Data>
        </ExtendedData>
        <Point><coordinates>99.1069168,14.1553179,0</coordinates></Point>
      </Placemark>
      <Placemark>
        <name>Ko Saba</name>
        <description>&lt;b&gt;Ko Saba / เกาะสะบ้า&lt;/b&gt;&lt;br/&gt;Code:กส. Class:2 Line:Southern&lt;br/&gt;District:Thepha Province:Songkhla&lt;br/&gt;Source:osm_th_raw &lt;a href='https://www.thaitrainguide.com/stations/southern-line/ko-saba/'&gt;TTG&lt;/a&gt;</description>
        <styleUrl>#style_class_2</styleUrl>
        <ExtendedData>
          <Data name="name_en"><value>Ko Saba</value></Data>
          <Data name="name_th"><value>เกาะสะบ้า</value></Data>
          <Data name="code"><value>กส.</value></Data>
          <Data name="class"><value>2</value></Data>
          <Data name="line"><value>Southern</value></Data>
          <Data name="district"><value>Thepha</value></Data>
          <Data name="province"><value>Songkhla</value></Data>
          <Data name="lat"><value>6.8641192</value></Data>
          <Data name="lon"><value>100.8789057</value></Data>
          <Data name="coord_source"><value>osm_th_raw</value></Data>
          <Data name="ttg_url"><value>https://www.thaitrainguide.com/stations/southern-line/ko-saba/</value></Data>
          <Data name="is_new"><value>False</value></Data>
        </ExtendedData>
        <Point><coordinates>100.8789057,6.8641192,0</coordinates></Point>
      </Placemark>
      <Placemark>
        <name>Krabiat</name>
        <description>&lt;b&gt;Krabiat / กระเบียด&lt;/b&gt;&lt;br/&gt;Code: Class:Halt Line:Southern&lt;br/&gt;District: Province:&lt;br/&gt;Source:osm_en &lt;a href='https://www.thaitrainguide.com/stations/southern-line/huai-prik/'&gt;TTG&lt;/a&gt;</description>
        <styleUrl>#style_class_Halt</styleUrl>
        <ExtendedData>
          <Data name="name_en"><value>Krabiat</value></Data>
          <Data name="name_th"><value>กระเบียด</value></Data>
          <Data name="code"><value></value></Data>
          <Data name="class"><value>Halt</value></Data>
          <Data name="line"><value>Southern</value></Data>
          <Data name="district"><value></value></Data>
          <Data name="province"><value></value></Data>
          <Data name="lat"><value>8.5251812</value></Data>
          <Data name="lon"><value>99.4733724</value></Data>
          <Data name="coord_source"><value>osm_en</value></Data>
          <Data name="ttg_url"><value>https://www.thaitrainguide.com/stations/southern-line/huai-prik/</value></Data>
          <Data name="is_new"><value>False</value></Data>
        </ExtendedData>
        <Point><coordinates>99.4733724,8.5251812,0</coordinates></Point>
      </Placemark>
      <Placemark>
        <name>Kui Buri</name>
        <description>&lt;b&gt;Kui Buri / กุยบุรี&lt;/b&gt;&lt;br/&gt;Code:กย. Class:2 Line:Southern&lt;br/&gt;District:Kui Buri Province:Prachuap Khiri Khan&lt;br/&gt;Source:osm_th_raw &lt;a href='https://www.thaitrainguide.com/stations/southern-line/kui-buri/'&gt;TTG&lt;/a&gt;</description>
        <styleUrl>#style_class_2</styleUrl>
        <ExtendedData>
          <Data name="name_en"><value>Kui Buri</value></Data>
          <Data name="name_th"><value>กุยบุรี</value></Data>
          <Data name="code"><value>กย.</value></Data>
          <Data name="class"><value>2</value></Data>
          <Data name="line"><value>Southern</value></Data>
          <Data name="district"><value>Kui Buri</value></Data>
          <Data name="province"><value>Prachuap Khiri Khan</value></Data>
          <Data name="lat"><value>12.0695533</value></Data>
          <Data name="lon"><value>99.8720733</value></Data>
          <Data name="coord_source"><value>osm_th_raw</value></Data>
          <Data name="ttg_url"><value>https://www.thaitrainguide.com/stations/southern-line/kui-buri/</value></Data>
          <Data name="is_new"><value>False</value></Data>
        </ExtendedData>
        <Point><coordinates>99.8720733,12.0695533,0</coordinates></Point>
      </Placemark>
      <Placemark>
        <name>Laem Tanot</name>
        <description>&lt;b&gt;Laem Tanot / แหลมโตนด&lt;/b&gt;&lt;br/&gt;Code: Class:Halt Line:Southern&lt;br/&gt;District: Province:&lt;br/&gt;Source:osm_en &lt;a href='https://www.thaitrainguide.com/stations/southern-line/laem-tanot/'&gt;TTG&lt;/a&gt;</description>
        <styleUrl>#style_class_Halt</styleUrl>
        <ExtendedData>
          <Data name="name_en"><value>Laem Tanot</value></Data>
          <Data name="name_th"><value>แหลมโตนด</value></Data>
          <Data name="code"><value></value></Data>
          <Data name="class"><value>Halt</value></Data>
          <Data name="line"><value>Southern</value></Data>
          <Data name="district"><value></value></Data>
          <Data name="province"><value></value></Data>
          <Data name="lat"><value>7.8133254</value></Data>
          <Data name="lon"><value>100.0473333</value></Data>
          <Data name="coord_source"><value>osm_en</value></Data>
          <Data name="ttg_url"><value>https://www.thaitrainguide.com/stations/southern-line/laem-tanot/</value></Data>
          <Data name="is_new"><value>False</value></Data>
        </ExtendedData>
        <Point><coordinates>100.0473333,7.8133254,0</coordinates></Point>
      </Placemark>
      <Placemark>
        <name>Lak Chang</name>
        <description>&lt;b&gt;Lak Chang / หลักช้าง&lt;/b&gt;&lt;br/&gt;Code: Class:Halt Line:Southern&lt;br/&gt;District: Province:&lt;br/&gt;Source:osm_en &lt;a href='https://www.thaitrainguide.com/stations/southern-line/lak-chang/'&gt;TTG&lt;/a&gt;</description>
        <styleUrl>#style_class_Halt</styleUrl>
        <ExtendedData>
          <Data name="name_en"><value>Lak Chang</value></Data>
          <Data name="name_th"><value>หลักช้าง</value></Data>
          <Data name="code"><value></value></Data>
          <Data name="class"><value>Halt</value></Data>
          <Data name="line"><value>Southern</value></Data>
          <Data name="district"><value></value></Data>
          <Data name="province"><value></value></Data>
          <Data name="lat"><value>8.322138</value></Data>
          <Data name="lon"><value>99.5476544</value></Data>
          <Data name="coord_source"><value>osm_en</value></Data>
          <Data name="ttg_url"><value>https://www.thaitrainguide.com/stations/southern-line/lak-chang/</value></Data>
          <Data name="is_new"><value>False</value></Data>
        </ExtendedData>
        <Point><coordinates>99.5476544,8.322138,0</coordinates></Point>
      </Placemark>
      <Placemark>
        <name>Lalo</name>
        <description>&lt;b&gt;Lalo / ลาโละ&lt;/b&gt;&lt;br/&gt;Code: Class:Halt Line:Southern&lt;br/&gt;District: Province:&lt;br/&gt;Source:osm_en </description>
        <styleUrl>#style_class_Halt</styleUrl>
        <ExtendedData>
          <Data name="name_en"><value>Lalo</value></Data>
          <Data name="name_th"><value>ลาโละ</value></Data>
          <Data name="code"><value></value></Data>
          <Data name="class"><value>Halt</value></Data>
          <Data name="line"><value>Southern</value></Data>
          <Data name="district"><value></value></Data>
          <Data name="province"><value></value></Data>
          <Data name="lat"><value>6.3553992</value></Data>
          <Data name="lon"><value>101.5792567</value></Data>
          <Data name="coord_source"><value>osm_en</value></Data>
          <Data name="ttg_url"><value></value></Data>
          <Data name="is_new"><value>False</value></Data>
        </ExtendedData>
        <Point><coordinates>101.5792567,6.3553992,0</coordinates></Point>
      </Placemark>
      <Placemark>
        <name>Lamae</name>
        <description>&lt;b&gt;Lamae / ละแม&lt;/b&gt;&lt;br/&gt;Code:แม. Class:2 Line:Southern&lt;br/&gt;District:Lamae Province:Chumphon&lt;br/&gt;Source:osm_th_raw &lt;a href='https://www.thaitrainguide.com/stations/southern-line/lamae/'&gt;TTG&lt;/a&gt;</description>
        <styleUrl>#style_class_2</styleUrl>
        <ExtendedData>
          <Data name="name_en"><value>Lamae</value></Data>
          <Data name="name_th"><value>ละแม</value></Data>
          <Data name="code"><value>แม.</value></Data>
          <Data name="class"><value>2</value></Data>
          <Data name="line"><value>Southern</value></Data>
          <Data name="district"><value>Lamae</value></Data>
          <Data name="province"><value>Chumphon</value></Data>
          <Data name="lat"><value>9.7747142</value></Data>
          <Data name="lon"><value>99.107713</value></Data>
          <Data name="coord_source"><value>osm_th_raw</value></Data>
          <Data name="ttg_url"><value>https://www.thaitrainguide.com/stations/southern-line/lamae/</value></Data>
          <Data name="is_new"><value>False</value></Data>
        </ExtendedData>
        <Point><coordinates>99.107713,9.7747142,0</coordinates></Point>
      </Placemark>
      <Placemark>
        <name>Lang Suan</name>
        <description>&lt;b&gt;Lang Suan / หลังสวน&lt;/b&gt;&lt;br/&gt;Code:งส. Class:1 Line:Southern&lt;br/&gt;District:Lang Suan Province:Chumphon&lt;br/&gt;Source:osm_th_raw &lt;a href='https://www.thaitrainguide.com/stations/southern-line/lang-suan/'&gt;TTG&lt;/a&gt;</description>
        <styleUrl>#style_class_1</styleUrl>
        <ExtendedData>
          <Data name="name_en"><value>Lang Suan</value></Data>
          <Data name="name_th"><value>หลังสวน</value></Data>
          <Data name="code"><value>งส.</value></Data>
          <Data name="class"><value>1</value></Data>
          <Data name="line"><value>Southern</value></Data>
          <Data name="district"><value>Lang Suan</value></Data>
          <Data name="province"><value>Chumphon</value></Data>
          <Data name="lat"><value>9.9492883</value></Data>
          <Data name="lon"><value>99.0764176</value></Data>
          <Data name="coord_source"><value>osm_th_raw</value></Data>
          <Data name="ttg_url"><value>https://www.thaitrainguide.com/stations/southern-line/lang-suan/</value></Data>
          <Data name="is_new"><value>False</value></Data>
        </ExtendedData>
        <Point><coordinates>99.0764176,9.9492883,0</coordinates></Point>
      </Placemark>
      <Placemark>
        <name>Luk Kae</name>
        <description>&lt;b&gt;Luk Kae / ลูกแก&lt;/b&gt;&lt;br/&gt;Code:ลแ. Class:2 Line:Southern&lt;br/&gt;District:Tha Maka Province:Kanchanaburi&lt;br/&gt;Source:osm_th_raw </description>
        <styleUrl>#style_class_2</styleUrl>
        <ExtendedData>
          <Data name="name_en"><value>Luk Kae</value></Data>
          <Data name="name_th"><value>ลูกแก</value></Data>
          <Data name="code"><value>ลแ.</value></Data>
          <Data name="class"><value>2</value></Data>
          <Data name="line"><value>Southern</value></Data>
          <Data name="district"><value>Tha Maka</value></Data>
          <Data name="province"><value>Kanchanaburi</value></Data>
          <Data name="lat"><value>13.8705578</value></Data>
          <Data name="lon"><value>99.8220991</value></Data>
          <Data name="coord_source"><value>osm_th_raw</value></Data>
          <Data name="ttg_url"><value></value></Data>
          <Data name="is_new"><value>False</value></Data>
        </ExtendedData>
        <Point><coordinates>99.8220991,13.8705578,0</coordinates></Point>
      </Placemark>
      <Placemark>
        <name>Lumsum</name>
        <description>&lt;b&gt;Lumsum / ลุ่มสุ่ม&lt;/b&gt;&lt;br/&gt;Code: Class:Halt Line:Southern&lt;br/&gt;District: Province:&lt;br/&gt;Source:osm_fuzzy_en_0.92 </description>
        <styleUrl>#style_class_Halt</styleUrl>
        <ExtendedData>
          <Data name="name_en"><value>Lumsum</value></Data>
          <Data name="name_th"><value>ลุ่มสุ่ม</value></Data>
          <Data name="code"><value></value></Data>
          <Data name="class"><value>Halt</value></Data>
          <Data name="line"><value>Southern</value></Data>
          <Data name="district"><value></value></Data>
          <Data name="province"><value></value></Data>
          <Data name="lat"><value>14.0927304</value></Data>
          <Data name="lon"><value>99.1818224</value></Data>
          <Data name="coord_source"><value>osm_fuzzy_en_0.92</value></Data>
          <Data name="ttg_url"><value></value></Data>
          <Data name="is_new"><value>False</value></Data>
        </ExtendedData>
        <Point><coordinates>99.1818224,14.0927304,0</coordinates></Point>
      </Placemark>
      <Placemark>
        <name>Mai Kaen</name>
        <description>&lt;b&gt;Mai Kaen / ไม้แก่น&lt;/b&gt;&lt;br/&gt;Code: Class:Halt Line:Southern&lt;br/&gt;District: Province:&lt;br/&gt;Source:osm_en </description>
        <styleUrl>#style_class_Halt</styleUrl>
        <ExtendedData>
          <Data name="name_en"><value>Mai Kaen</value></Data>
          <Data name="name_th"><value>ไม้แก่น</value></Data>
          <Data name="code"><value></value></Data>
          <Data name="class"><value>Halt</value></Data>
          <Data name="line"><value>Southern</value></Data>
          <Data name="district"><value></value></Data>
          <Data name="province"><value></value></Data>
          <Data name="lat"><value>6.5116868</value></Data>
          <Data name="lon"><value>101.3683484</value></Data>
          <Data name="coord_source"><value>osm_en</value></Data>
          <Data name="ttg_url"><value></value></Data>
          <Data name="is_new"><value>False</value></Data>
        </ExtendedData>
        <Point><coordinates>101.3683484,6.5116868,0</coordinates></Point>
      </Placemark>
      <Placemark>
        <name>Maluan</name>
        <description>&lt;b&gt;Maluan / มะลวน&lt;/b&gt;&lt;br/&gt;Code: Class:Halt Line:Southern&lt;br/&gt;District: Province:&lt;br/&gt;Source:osm_en &lt;a href='https://www.thaitrainguide.com/stations/southern-line/maluan/'&gt;TTG&lt;/a&gt;</description>
        <styleUrl>#style_class_Halt</styleUrl>
        <ExtendedData>
          <Data name="name_en"><value>Maluan</value></Data>
          <Data name="name_th"><value>มะลวน</value></Data>
          <Data name="code"><value></value></Data>
          <Data name="class"><value>Halt</value></Data>
          <Data name="line"><value>Southern</value></Data>
          <Data name="district"><value></value></Data>
          <Data name="province"><value></value></Data>
          <Data name="lat"><value>9.1653957</value></Data>
          <Data name="lon"><value>99.158984</value></Data>
          <Data name="coord_source"><value>osm_en</value></Data>
          <Data name="ttg_url"><value>https://www.thaitrainguide.com/stations/southern-line/maluan/</value></Data>
          <Data name="is_new"><value>False</value></Data>
        </ExtendedData>
        <Point><coordinates>99.158984,9.1653957,0</coordinates></Point>
      </Placemark>
      <Placemark>
        <name>Mamuang Song Ton</name>
        <description>&lt;b&gt;Mamuang Song Ton / มะม่วงสองต้น&lt;/b&gt;&lt;br/&gt;Code: Class:Halt Line:Southern&lt;br/&gt;District: Province:&lt;br/&gt;Source:osm_en </description>
        <styleUrl>#style_class_Halt</styleUrl>
        <ExtendedData>
          <Data name="name_en"><value>Mamuang Song Ton</value></Data>
          <Data name="name_th"><value>มะม่วงสองต้น</value></Data>
          <Data name="code"><value></value></Data>
          <Data name="class"><value>Halt</value></Data>
          <Data name="line"><value>Southern</value></Data>
          <Data name="district"><value></value></Data>
          <Data name="province"><value></value></Data>
          <Data name="lat"><value>8.3956273</value></Data>
          <Data name="lon"><value>99.9458698</value></Data>
          <Data name="coord_source"><value>osm_en</value></Data>
          <Data name="ttg_url"><value></value></Data>
          <Data name="is_new"><value>False</value></Data>
        </ExtendedData>
        <Point><coordinates>99.9458698,8.3956273,0</coordinates></Point>
      </Placemark>
      <Placemark>
        <name>Map Ammarit</name>
        <description>&lt;b&gt;Map Ammarit / มาบอำมฤต&lt;/b&gt;&lt;br/&gt;Code:มร. Class:2 Line:Southern&lt;br/&gt;District:Pathio Province:Chumphon&lt;br/&gt;Source:osm_th_raw &lt;a href='https://www.thaitrainguide.com/stations/southern-line/map-ammarit/'&gt;TTG&lt;/a&gt;</description>
        <styleUrl>#style_class_2</styleUrl>
        <ExtendedData>
          <Data name="name_en"><value>Map Ammarit</value></Data>
          <Data name="name_th"><value>มาบอำมฤต</value></Data>
          <Data name="code"><value>มร.</value></Data>
          <Data name="class"><value>2</value></Data>
          <Data name="line"><value>Southern</value></Data>
          <Data name="district"><value>Pathio</value></Data>
          <Data name="province"><value>Chumphon</value></Data>
          <Data name="lat"><value>10.8693013</value></Data>
          <Data name="lon"><value>99.3425951</value></Data>
          <Data name="coord_source"><value>osm_th_raw</value></Data>
          <Data name="ttg_url"><value>https://www.thaitrainguide.com/stations/southern-line/map-ammarit/</value></Data>
          <Data name="is_new"><value>False</value></Data>
        </ExtendedData>
        <Point><coordinates>99.3425951,10.8693013,0</coordinates></Point>
      </Placemark>
      <Placemark>
        <name>Maruebo</name>
        <description>&lt;b&gt;Maruebo / มะรือโบ&lt;/b&gt;&lt;br/&gt;Code:โบ. Class:2 Line:Southern&lt;br/&gt;District:Ra-ngae Province:Narathiwat&lt;br/&gt;Source:osm_th_raw </description>
        <styleUrl>#style_class_2</styleUrl>
        <ExtendedData>
          <Data name="name_en"><value>Maruebo</value></Data>
          <Data name="name_th"><value>มะรือโบ</value></Data>
          <Data name="code"><value>โบ.</value></Data>
          <Data name="class"><value>2</value></Data>
          <Data name="line"><value>Southern</value></Data>
          <Data name="district"><value>Ra-ngae</value></Data>
          <Data name="province"><value>Narathiwat</value></Data>
          <Data name="lat"><value>6.3348201</value></Data>
          <Data name="lon"><value>101.6386887</value></Data>
          <Data name="coord_source"><value>osm_th_raw</value></Data>
          <Data name="ttg_url"><value></value></Data>
          <Data name="is_new"><value>False</value></Data>
        </ExtendedData>
        <Point><coordinates>101.6386887,6.3348201,0</coordinates></Point>
      </Placemark>
      <Placemark>
        <name>Na Bon</name>
        <description>&lt;b&gt;Na Bon / นาบอน&lt;/b&gt;&lt;br/&gt;Code:าอ. Class:2 Line:Southern&lt;br/&gt;District:Na Bon Province:Nakhon Si Thammarat&lt;br/&gt;Source:osm_th_raw &lt;a href='https://www.thaitrainguide.com/stations/southern-line/na-bon/'&gt;TTG&lt;/a&gt;</description>
        <styleUrl>#style_class_2</styleUrl>
        <ExtendedData>
          <Data name="name_en"><value>Na Bon</value></Data>
          <Data name="name_th"><value>นาบอน</value></Data>
          <Data name="code"><value>าอ.</value></Data>
          <Data name="class"><value>2</value></Data>
          <Data name="line"><value>Southern</value></Data>
          <Data name="district"><value>Na Bon</value></Data>
          <Data name="province"><value>Nakhon Si Thammarat</value></Data>
          <Data name="lat"><value>8.2658818</value></Data>
          <Data name="lon"><value>99.5960322</value></Data>
          <Data name="coord_source"><value>osm_th_raw</value></Data>
          <Data name="ttg_url"><value>https://www.thaitrainguide.com/stations/southern-line/na-bon/</value></Data>
          <Data name="is_new"><value>False</value></Data>
        </ExtendedData>
        <Point><coordinates>99.5960322,8.2658818,0</coordinates></Point>
      </Placemark>
      <Placemark>
        <name>Na Cha-ang</name>
        <description>&lt;b&gt;Na Cha-ang / นาชะอัง&lt;/b&gt;&lt;br/&gt;Code: Class:Halt Line:Southern&lt;br/&gt;District: Province:&lt;br/&gt;Source:osm_en &lt;a href='https://www.thaitrainguide.com/stations/southern-line/na-cha-ang/'&gt;TTG&lt;/a&gt;</description>
        <styleUrl>#style_class_Halt</styleUrl>
        <ExtendedData>
          <Data name="name_en"><value>Na Cha-ang</value></Data>
          <Data name="name_th"><value>นาชะอัง</value></Data>
          <Data name="code"><value></value></Data>
          <Data name="class"><value>Halt</value></Data>
          <Data name="line"><value>Southern</value></Data>
          <Data name="district"><value></value></Data>
          <Data name="province"><value></value></Data>
          <Data name="lat"><value>10.5360126</value></Data>
          <Data name="lon"><value>99.206769</value></Data>
          <Data name="coord_source"><value>osm_en</value></Data>
          <Data name="ttg_url"><value>https://www.thaitrainguide.com/stations/southern-line/na-cha-ang/</value></Data>
          <Data name="is_new"><value>False</value></Data>
        </ExtendedData>
        <Point><coordinates>99.206769,10.5360126,0</coordinates></Point>
      </Placemark>
      <Placemark>
        <name>Na Kann</name>
        <description>&lt;b&gt;Na Kann / นากาญจน์&lt;/b&gt;&lt;br/&gt;Code: Class:Halt Line:Southern&lt;br/&gt;District: Province:&lt;br/&gt;Source:osm_sched </description>
        <styleUrl>#style_class_Halt</styleUrl>
        <ExtendedData>
          <Data name="name_en"><value>Na Kann</value></Data>
          <Data name="name_th"><value>นากาญจน์</value></Data>
          <Data name="code"><value></value></Data>
          <Data name="class"><value>Halt</value></Data>
          <Data name="line"><value>Southern</value></Data>
          <Data name="district"><value></value></Data>
          <Data name="province"><value></value></Data>
          <Data name="lat"><value>13.9334539</value></Data>
          <Data name="lon"><value>99.4477333</value></Data>
          <Data name="coord_source"><value>osm_sched</value></Data>
          <Data name="ttg_url"><value></value></Data>
          <Data name="is_new"><value>False</value></Data>
        </ExtendedData>
        <Point><coordinates>99.4477333,13.9334539,0</coordinates></Point>
      </Placemark>
      <Placemark>
        <name>Na Muang</name>
        <description>&lt;b&gt;Na Muang / นาม่วง&lt;/b&gt;&lt;br/&gt;Code:มง. Class:2 Line:Southern&lt;br/&gt;District:Na Mom Province:Songkhla&lt;br/&gt;Source:osm_th_raw &lt;a href='https://www.thaitrainguide.com/stations/southern-line/na-muang/'&gt;TTG&lt;/a&gt;</description>
        <styleUrl>#style_class_2</styleUrl>
        <ExtendedData>
          <Data name="name_en"><value>Na Muang</value></Data>
          <Data name="name_th"><value>นาม่วง</value></Data>
          <Data name="code"><value>มง.</value></Data>
          <Data name="class"><value>2</value></Data>
          <Data name="line"><value>Southern</value></Data>
          <Data name="district"><value>Na Mom</value></Data>
          <Data name="province"><value>Songkhla</value></Data>
          <Data name="lat"><value>6.9655539</value></Data>
          <Data name="lon"><value>100.5551915</value></Data>
          <Data name="coord_source"><value>osm_th_raw</value></Data>
          <Data name="ttg_url"><value>https://www.thaitrainguide.com/stations/southern-line/na-muang/</value></Data>
          <Data name="is_new"><value>False</value></Data>
        </ExtendedData>
        <Point><coordinates>100.5551915,6.9655539,0</coordinates></Point>
      </Placemark>
      <Placemark>
        <name>Na Phak Khuang</name>
        <description>&lt;b&gt;Na Phak Khuang / นาผักขวง&lt;/b&gt;&lt;br/&gt;Code: Class:Halt Line:Southern&lt;br/&gt;District: Province:&lt;br/&gt;Source:osm_en &lt;a href='https://www.thaitrainguide.com/stations/southern-line/na-phak-khuang/'&gt;TTG&lt;/a&gt;</description>
        <styleUrl>#style_class_Halt</styleUrl>
        <ExtendedData>
          <Data name="name_en"><value>Na Phak Khuang</value></Data>
          <Data name="name_th"><value>นาผักขวง</value></Data>
          <Data name="code"><value></value></Data>
          <Data name="class"><value>Halt</value></Data>
          <Data name="line"><value>Southern</value></Data>
          <Data name="district"><value></value></Data>
          <Data name="province"><value></value></Data>
          <Data name="lat"><value>11.2588976</value></Data>
          <Data name="lon"><value>99.5310888</value></Data>
          <Data name="coord_source"><value>osm_en</value></Data>
          <Data name="ttg_url"><value>https://www.thaitrainguide.com/stations/southern-line/na-phak-khuang/</value></Data>
          <Data name="is_new"><value>False</value></Data>
        </ExtendedData>
        <Point><coordinates>99.5310888,11.2588976,0</coordinates></Point>
      </Placemark>
      <Placemark>
        <name>Na Pradu</name>
        <description>&lt;b&gt;Na Pradu / นาประดู่&lt;/b&gt;&lt;br/&gt;Code:าด. Class:2 Line:Southern&lt;br/&gt;District:Khok Pho Province:Pattani&lt;br/&gt;Source:osm_th_raw &lt;a href='https://www.thaitrainguide.com/stations/southern-line/na-pradu/'&gt;TTG&lt;/a&gt;</description>
        <styleUrl>#style_class_2</styleUrl>
        <ExtendedData>
          <Data name="name_en"><value>Na Pradu</value></Data>
          <Data name="name_th"><value>นาประดู่</value></Data>
          <Data name="code"><value>าด.</value></Data>
          <Data name="class"><value>2</value></Data>
          <Data name="line"><value>Southern</value></Data>
          <Data name="district"><value>Khok Pho</value></Data>
          <Data name="province"><value>Pattani</value></Data>
          <Data name="lat"><value>6.6829223</value></Data>
          <Data name="lon"><value>101.1432562</value></Data>
          <Data name="coord_source"><value>osm_th_raw</value></Data>
          <Data name="ttg_url"><value>https://www.thaitrainguide.com/stations/southern-line/na-pradu/</value></Data>
          <Data name="is_new"><value>False</value></Data>
        </ExtendedData>
        <Point><coordinates>101.1432562,6.6829223,0</coordinates></Point>
      </Placemark>
      <Placemark>
        <name>Na Pru</name>
        <description>&lt;b&gt;Na Pru&lt;/b&gt;&lt;br/&gt;Code: Class:Unknown Line:Southern&lt;br/&gt;District: Province:&lt;br/&gt;Source:thaitrainguide &lt;a href='https://www.thaitrainguide.com/stations/southern-line/na-prue/'&gt;TTG&lt;/a&gt;</description>
        <styleUrl>#style_class_Unknown</styleUrl>
        <ExtendedData>
          <Data name="name_en"><value>Na Pru</value></Data>
          <Data name="name_th"><value></value></Data>
          <Data name="code"><value></value></Data>
          <Data name="class"><value>Unknown</value></Data>
          <Data name="line"><value>Southern</value></Data>
          <Data name="district"><value></value></Data>
          <Data name="province"><value></value></Data>
          <Data name="lat"><value>7.5941217</value></Data>
          <Data name="lon"><value>100.0933182</value></Data>
          <Data name="coord_source"><value>thaitrainguide</value></Data>
          <Data name="ttg_url"><value>https://www.thaitrainguide.com/stations/southern-line/na-prue/</value></Data>
          <Data name="is_new"><value>True</value></Data>
        </ExtendedData>
        <Point><coordinates>100.0933182,7.5941217,0</coordinates></Point>
      </Placemark>
      <Placemark>
        <name>Na Prue</name>
        <description>&lt;b&gt;Na Prue / นาปรือ&lt;/b&gt;&lt;br/&gt;Code: Class:Halt Line:Southern&lt;br/&gt;District: Province:&lt;br/&gt;Source:unverified </description>
        <styleUrl>#style_class_Halt</styleUrl>
        <ExtendedData>
          <Data name="name_en"><value>Na Prue</value></Data>
          <Data name="name_th"><value>นาปรือ</value></Data>
          <Data name="code"><value></value></Data>
          <Data name="class"><value>Halt</value></Data>
          <Data name="line"><value>Southern</value></Data>
          <Data name="district"><value></value></Data>
          <Data name="province"><value></value></Data>
          <Data name="lat"><value>7.594</value></Data>
          <Data name="lon"><value>100.0932</value></Data>
          <Data name="coord_source"><value>unverified</value></Data>
          <Data name="ttg_url"><value></value></Data>
          <Data name="is_new"><value>False</value></Data>
        </ExtendedData>
        <Point><coordinates>100.0932,7.594,0</coordinates></Point>
      </Placemark>
      <Placemark>
        <name>Na San</name>
        <description>&lt;b&gt;Na San / นาสาร&lt;/b&gt;&lt;br/&gt;Code:นส. Class:1 Line:Southern&lt;br/&gt;District:Ban Na San Province:Surat Thani&lt;br/&gt;Source:osm_th_raw &lt;a href='https://www.thaitrainguide.com/stations/southern-line/na-san/'&gt;TTG&lt;/a&gt;</description>
        <styleUrl>#style_class_1</styleUrl>
        <ExtendedData>
          <Data name="name_en"><value>Na San</value></Data>
          <Data name="name_th"><value>นาสาร</value></Data>
          <Data name="code"><value>นส.</value></Data>
          <Data name="class"><value>1</value></Data>
          <Data name="line"><value>Southern</value></Data>
          <Data name="district"><value>Ban Na San</value></Data>
          <Data name="province"><value>Surat Thani</value></Data>
          <Data name="lat"><value>8.8012577</value></Data>
          <Data name="lon"><value>99.3622274</value></Data>
          <Data name="coord_source"><value>osm_th_raw</value></Data>
          <Data name="ttg_url"><value>https://www.thaitrainguide.com/stations/southern-line/na-san/</value></Data>
          <Data name="is_new"><value>False</value></Data>
        </ExtendedData>
        <Point><coordinates>99.3622274,8.8012577,0</coordinates></Point>
      </Placemark>
      <Placemark>
        <name>Nakhon Chai Si</name>
        <description>&lt;b&gt;Nakhon Chai Si / นครชัยศรี&lt;/b&gt;&lt;br/&gt;Code:รช. Class:2 Line:Southern&lt;br/&gt;District:Nakhon Chai Si Province:Nakhon Pathom&lt;br/&gt;Source:osm_th_raw &lt;a href='https://www.thaitrainguide.com/stations/southern-line/nakhon-chai-si/'&gt;TTG&lt;/a&gt;</description>
        <styleUrl>#style_class_2</styleUrl>
        <ExtendedData>
          <Data name="name_en"><value>Nakhon Chai Si</value></Data>
          <Data name="name_th"><value>นครชัยศรี</value></Data>
          <Data name="code"><value>รช.</value></Data>
          <Data name="class"><value>2</value></Data>
          <Data name="line"><value>Southern</value></Data>
          <Data name="district"><value>Nakhon Chai Si</value></Data>
          <Data name="province"><value>Nakhon Pathom</value></Data>
          <Data name="lat"><value>13.8061763</value></Data>
          <Data name="lon"><value>100.176047</value></Data>
          <Data name="coord_source"><value>osm_th_raw</value></Data>
          <Data name="ttg_url"><value>https://www.thaitrainguide.com/stations/southern-line/nakhon-chai-si/</value></Data>
          <Data name="is_new"><value>False</value></Data>
        </ExtendedData>
        <Point><coordinates>100.176047,13.8061763,0</coordinates></Point>
      </Placemark>
      <Placemark>
        <name>Nakhon Chum</name>
        <description>&lt;b&gt;Nakhon Chum / นครชุมน์&lt;/b&gt;&lt;br/&gt;Code: Class:Halt Line:Southern&lt;br/&gt;District: Province:&lt;br/&gt;Source:osm_en &lt;a href='https://www.thaitrainguide.com/stations/southern-line/nakhon-chum/'&gt;TTG&lt;/a&gt;</description>
        <styleUrl>#style_class_Halt</styleUrl>
        <ExtendedData>
          <Data name="name_en"><value>Nakhon Chum</value></Data>
          <Data name="name_th"><value>นครชุมน์</value></Data>
          <Data name="code"><value></value></Data>
          <Data name="class"><value>Halt</value></Data>
          <Data name="line"><value>Southern</value></Data>
          <Data name="district"><value></value></Data>
          <Data name="province"><value></value></Data>
          <Data name="lat"><value>13.7659756</value></Data>
          <Data name="lon"><value>99.8554475</value></Data>
          <Data name="coord_source"><value>osm_en</value></Data>
          <Data name="ttg_url"><value>https://www.thaitrainguide.com/stations/southern-line/nakhon-chum/</value></Data>
          <Data name="is_new"><value>False</value></Data>
        </ExtendedData>
        <Point><coordinates>99.8554475,13.7659756,0</coordinates></Point>
      </Placemark>
      <Placemark>
        <name>Nakhon Pathom</name>
        <description>&lt;b&gt;Nakhon Pathom / นครปฐม&lt;/b&gt;&lt;br/&gt;Code:คฐ. Class:1 Line:Southern&lt;br/&gt;District:Mueang Province:Nakhon Pathom&lt;br/&gt;Source:google_places &lt;a href='https://www.thaitrainguide.com/stations/southern-line/nakhon-pathom/'&gt;TTG&lt;/a&gt;</description>
        <styleUrl>#style_class_1</styleUrl>
        <ExtendedData>
          <Data name="name_en"><value>Nakhon Pathom</value></Data>
          <Data name="name_th"><value>นครปฐม</value></Data>
          <Data name="code"><value>คฐ.</value></Data>
          <Data name="class"><value>1</value></Data>
          <Data name="line"><value>Southern</value></Data>
          <Data name="district"><value>Mueang</value></Data>
          <Data name="province"><value>Nakhon Pathom</value></Data>
          <Data name="lat"><value>13.8244</value></Data>
          <Data name="lon"><value>100.0594</value></Data>
          <Data name="coord_source"><value>google_places</value></Data>
          <Data name="ttg_url"><value>https://www.thaitrainguide.com/stations/southern-line/nakhon-pathom/</value></Data>
          <Data name="is_new"><value>False</value></Data>
        </ExtendedData>
        <Point><coordinates>100.0594,13.8244,0</coordinates></Point>
      </Placemark>
      <Placemark>
        <name>Nakhon Si Thammarat</name>
        <description>&lt;b&gt;Nakhon Si Thammarat / นครศรีธรรมราช&lt;/b&gt;&lt;br/&gt;Code:ธำ. Class:1 Line:Southern&lt;br/&gt;District:Mueang Province:Nakhon Si Thammarat&lt;br/&gt;Source:google_places </description>
        <styleUrl>#style_class_1</styleUrl>
        <ExtendedData>
          <Data name="name_en"><value>Nakhon Si Thammarat</value></Data>
          <Data name="name_th"><value>นครศรีธรรมราช</value></Data>
          <Data name="code"><value>ธำ.</value></Data>
          <Data name="class"><value>1</value></Data>
          <Data name="line"><value>Southern</value></Data>
          <Data name="district"><value>Mueang</value></Data>
          <Data name="province"><value>Nakhon Si Thammarat</value></Data>
          <Data name="lat"><value>8.4395</value></Data>
          <Data name="lon"><value>99.9599</value></Data>
          <Data name="coord_source"><value>google_places</value></Data>
          <Data name="ttg_url"><value></value></Data>
          <Data name="is_new"><value>False</value></Data>
        </ExtendedData>
        <Point><coordinates>99.9599,8.4395,0</coordinates></Point>
      </Placemark>
      <Placemark>
        <name>Nam Tok</name>
        <description>&lt;b&gt;Nam Tok / น้ำตก&lt;/b&gt;&lt;br/&gt;Code:าต. Class:2 Line:Southern&lt;br/&gt;District:Sai Yok Province:Kanchanaburi&lt;br/&gt;Source:osm_th_raw </description>
        <styleUrl>#style_class_2</styleUrl>
        <ExtendedData>
          <Data name="name_en"><value>Nam Tok</value></Data>
          <Data name="name_th"><value>น้ำตก</value></Data>
          <Data name="code"><value>าต.</value></Data>
          <Data name="class"><value>2</value></Data>
          <Data name="line"><value>Southern</value></Data>
          <Data name="district"><value>Sai Yok</value></Data>
          <Data name="province"><value>Kanchanaburi</value></Data>
          <Data name="lat"><value>14.2321281</value></Data>
          <Data name="lon"><value>99.0678579</value></Data>
          <Data name="coord_source"><value>osm_th_raw</value></Data>
          <Data name="ttg_url"><value></value></Data>
          <Data name="is_new"><value>False</value></Data>
        </ExtendedData>
        <Point><coordinates>99.0678579,14.2321281,0</coordinates></Point>
      </Placemark>
      <Placemark>
        <name>Nam Tok Sai Yok Noi</name>
        <description>&lt;b&gt;Nam Tok Sai Yok Noi&lt;/b&gt;&lt;br/&gt;Code: Class:Unknown Line:Southern&lt;br/&gt;District: Province:&lt;br/&gt;Source:thaitrainguide </description>
        <styleUrl>#style_class_Unknown</styleUrl>
        <ExtendedData>
          <Data name="name_en"><value>Nam Tok Sai Yok Noi</value></Data>
          <Data name="name_th"><value></value></Data>
          <Data name="code"><value></value></Data>
          <Data name="class"><value>Unknown</value></Data>
          <Data name="line"><value>Southern</value></Data>
          <Data name="district"><value></value></Data>
          <Data name="province"><value></value></Data>
          <Data name="lat"><value>14.2374967</value></Data>
          <Data name="lon"><value>99.0587999</value></Data>
          <Data name="coord_source"><value>thaitrainguide</value></Data>
          <Data name="ttg_url"><value></value></Data>
          <Data name="is_new"><value>True</value></Data>
        </ExtendedData>
        <Point><coordinates>99.0587999,14.2374967,0</coordinates></Point>
      </Placemark>
      <Placemark>
        <name>Nong Chok</name>
        <description>&lt;b&gt;Nong Chok / หนองจอก&lt;/b&gt;&lt;br/&gt;Code:หจ. Class:2 Line:Southern&lt;br/&gt;District:Tha Yang Province:Phetchaburi&lt;br/&gt;Source:osm_th_raw &lt;a href='https://www.thaitrainguide.com/stations/southern-line/nong-chok/'&gt;TTG&lt;/a&gt;</description>
        <styleUrl>#style_class_2</styleUrl>
        <ExtendedData>
          <Data name="name_en"><value>Nong Chok</value></Data>
          <Data name="name_th"><value>หนองจอก</value></Data>
          <Data name="code"><value>หจ.</value></Data>
          <Data name="class"><value>2</value></Data>
          <Data name="line"><value>Southern</value></Data>
          <Data name="district"><value>Tha Yang</value></Data>
          <Data name="province"><value>Phetchaburi</value></Data>
          <Data name="lat"><value>12.9533134</value></Data>
          <Data name="lon"><value>99.9665562</value></Data>
          <Data name="coord_source"><value>osm_th_raw</value></Data>
          <Data name="ttg_url"><value>https://www.thaitrainguide.com/stations/southern-line/nong-chok/</value></Data>
          <Data name="is_new"><value>False</value></Data>
        </ExtendedData>
        <Point><coordinates>99.9665562,12.9533134,0</coordinates></Point>
      </Placemark>
      <Placemark>
        <name>Nong Hin</name>
        <description>&lt;b&gt;Nong Hin / หนองหิน&lt;/b&gt;&lt;br/&gt;Code: Class:Halt Line:Southern&lt;br/&gt;District: Province:&lt;br/&gt;Source:osm_en &lt;a href='https://www.thaitrainguide.com/stations/southern-line/nong-hin/'&gt;TTG&lt;/a&gt;</description>
        <styleUrl>#style_class_Halt</styleUrl>
        <ExtendedData>
          <Data name="name_en"><value>Nong Hin</value></Data>
          <Data name="name_th"><value>หนองหิน</value></Data>
          <Data name="code"><value></value></Data>
          <Data name="class"><value>Halt</value></Data>
          <Data name="line"><value>Southern</value></Data>
          <Data name="district"><value></value></Data>
          <Data name="province"><value></value></Data>
          <Data name="lat"><value>11.7421762</value></Data>
          <Data name="lon"><value>99.7675179</value></Data>
          <Data name="coord_source"><value>osm_en</value></Data>
          <Data name="ttg_url"><value>https://www.thaitrainguide.com/stations/southern-line/nong-hin/</value></Data>
          <Data name="is_new"><value>False</value></Data>
        </ExtendedData>
        <Point><coordinates>99.7675179,11.7421762,0</coordinates></Point>
      </Placemark>
      <Placemark>
        <name>Nong Jik</name>
        <description>&lt;b&gt;Nong Jik / หนองจิก&lt;/b&gt;&lt;br/&gt;Code: Class:Halt Line:Southern&lt;br/&gt;District: Province:&lt;br/&gt;Source:osm_fuzzy_en_0.82 &lt;a href='https://www.thaitrainguide.com/stations/southern-line/nong-jik/'&gt;TTG&lt;/a&gt;</description>
        <styleUrl>#style_class_Halt</styleUrl>
        <ExtendedData>
          <Data name="name_en"><value>Nong Jik</value></Data>
          <Data name="name_th"><value>หนองจิก</value></Data>
          <Data name="code"><value></value></Data>
          <Data name="class"><value>Halt</value></Data>
          <Data name="line"><value>Southern</value></Data>
          <Data name="district"><value></value></Data>
          <Data name="province"><value></value></Data>
          <Data name="lat"><value>7.9265993</value></Data>
          <Data name="lon"><value>100.0064179</value></Data>
          <Data name="coord_source"><value>osm_fuzzy_en_0.82</value></Data>
          <Data name="ttg_url"><value>https://www.thaitrainguide.com/stations/southern-line/nong-jik/</value></Data>
          <Data name="is_new"><value>False</value></Data>
        </ExtendedData>
        <Point><coordinates>100.0064179,7.9265993,0</coordinates></Point>
      </Placemark>
      <Placemark>
        <name>Nong Kae</name>
        <description>&lt;b&gt;Nong Kae / หนองแก&lt;/b&gt;&lt;br/&gt;Code: Class:Halt Line:Southern&lt;br/&gt;District: Province:&lt;br/&gt;Source:osm_en &lt;a href='https://www.thaitrainguide.com/stations/southern-line/nong-kae/'&gt;TTG&lt;/a&gt;</description>
        <styleUrl>#style_class_Halt</styleUrl>
        <ExtendedData>
          <Data name="name_en"><value>Nong Kae</value></Data>
          <Data name="name_th"><value>หนองแก</value></Data>
          <Data name="code"><value></value></Data>
          <Data name="class"><value>Halt</value></Data>
          <Data name="line"><value>Southern</value></Data>
          <Data name="district"><value></value></Data>
          <Data name="province"><value></value></Data>
          <Data name="lat"><value>12.5328272</value></Data>
          <Data name="lon"><value>99.96458</value></Data>
          <Data name="coord_source"><value>osm_en</value></Data>
          <Data name="ttg_url"><value>https://www.thaitrainguide.com/stations/southern-line/nong-kae/</value></Data>
          <Data name="is_new"><value>False</value></Data>
        </ExtendedData>
        <Point><coordinates>99.96458,12.5328272,0</coordinates></Point>
      </Placemark>
      <Placemark>
        <name>Nong Khang</name>
        <description>&lt;b&gt;Nong Khang / หนองคาง&lt;/b&gt;&lt;br/&gt;Code: Class:Halt Line:Southern&lt;br/&gt;District: Province:&lt;br/&gt;Source:osm_en &lt;a href='https://www.thaitrainguide.com/stations/southern-line/nong-khang/'&gt;TTG&lt;/a&gt;</description>
        <styleUrl>#style_class_Halt</styleUrl>
        <ExtendedData>
          <Data name="name_en"><value>Nong Khang</value></Data>
          <Data name="name_th"><value>หนองคาง</value></Data>
          <Data name="code"><value></value></Data>
          <Data name="class"><value>Halt</value></Data>
          <Data name="line"><value>Southern</value></Data>
          <Data name="district"><value></value></Data>
          <Data name="province"><value></value></Data>
          <Data name="lat"><value>12.2842612</value></Data>
          <Data name="lon"><value>99.8906083</value></Data>
          <Data name="coord_source"><value>osm_en</value></Data>
          <Data name="ttg_url"><value>https://www.thaitrainguide.com/stations/southern-line/nong-khang/</value></Data>
          <Data name="is_new"><value>False</value></Data>
        </ExtendedData>
        <Point><coordinates>99.8906083,12.2842612,0</coordinates></Point>
      </Placemark>
      <Placemark>
        <name>Nong Mai Luang</name>
        <description>&lt;b&gt;Nong Mai Luang / หนองไม้เหลือง&lt;/b&gt;&lt;br/&gt;Code: Class:Halt Line:Southern&lt;br/&gt;District: Province:&lt;br/&gt;Source:osm_fuzzy_en_0.97 &lt;a href='https://www.thaitrainguide.com/stations/southern-line/nong-mai-luang/'&gt;TTG&lt;/a&gt;</description>
        <styleUrl>#style_class_Halt</styleUrl>
        <ExtendedData>
          <Data name="name_en"><value>Nong Mai Luang</value></Data>
          <Data name="name_th"><value>หนองไม้เหลือง</value></Data>
          <Data name="code"><value></value></Data>
          <Data name="class"><value>Halt</value></Data>
          <Data name="line"><value>Southern</value></Data>
          <Data name="district"><value></value></Data>
          <Data name="province"><value></value></Data>
          <Data name="lat"><value>13.0046115</value></Data>
          <Data name="lon"><value>99.9624934</value></Data>
          <Data name="coord_source"><value>osm_fuzzy_en_0.97</value></Data>
          <Data name="ttg_url"><value>https://www.thaitrainguide.com/stations/southern-line/nong-mai-luang/</value></Data>
          <Data name="is_new"><value>False</value></Data>
        </ExtendedData>
        <Point><coordinates>99.9624934,13.0046115,0</coordinates></Point>
      </Placemark>
      <Placemark>
        <name>Nong Mongkhon</name>
        <description>&lt;b&gt;Nong Mongkhon / หนองมงคล&lt;/b&gt;&lt;br/&gt;Code: Class:Halt Line:Southern&lt;br/&gt;District: Province:&lt;br/&gt;Source:osm_en &lt;a href='https://www.thaitrainguide.com/stations/southern-line/nong-mongkhon/'&gt;TTG&lt;/a&gt;</description>
        <styleUrl>#style_class_Halt</styleUrl>
        <ExtendedData>
          <Data name="name_en"><value>Nong Mongkhon</value></Data>
          <Data name="name_th"><value>หนองมงคล</value></Data>
          <Data name="code"><value></value></Data>
          <Data name="class"><value>Halt</value></Data>
          <Data name="line"><value>Southern</value></Data>
          <Data name="district"><value></value></Data>
          <Data name="province"><value></value></Data>
          <Data name="lat"><value>11.3042356</value></Data>
          <Data name="lon"><value>99.5452462</value></Data>
          <Data name="coord_source"><value>osm_en</value></Data>
          <Data name="ttg_url"><value>https://www.thaitrainguide.com/stations/southern-line/nong-mongkhon/</value></Data>
          <Data name="is_new"><value>False</value></Data>
        </ExtendedData>
        <Point><coordinates>99.5452462,11.3042356,0</coordinates></Point>
      </Placemark>
      <Placemark>
        <name>Nong Nian</name>
        <description>&lt;b&gt;Nong Nian / หนองเนียน&lt;/b&gt;&lt;br/&gt;Code: Class:Halt Line:Southern&lt;br/&gt;District: Province:&lt;br/&gt;Source:osm_en &lt;a href='https://www.thaitrainguide.com/stations/southern-line/nong-nian/'&gt;TTG&lt;/a&gt;</description>
        <styleUrl>#style_class_Halt</styleUrl>
        <ExtendedData>
          <Data name="name_en"><value>Nong Nian</value></Data>
          <Data name="name_th"><value>หนองเนียน</value></Data>
          <Data name="code"><value></value></Data>
          <Data name="class"><value>Halt</value></Data>
          <Data name="line"><value>Southern</value></Data>
          <Data name="district"><value></value></Data>
          <Data name="province"><value></value></Data>
          <Data name="lat"><value>10.5753782</value></Data>
          <Data name="lon"><value>99.2163731</value></Data>
          <Data name="coord_source"><value>osm_en</value></Data>
          <Data name="ttg_url"><value>https://www.thaitrainguide.com/stations/southern-line/nong-nian/</value></Data>
          <Data name="is_new"><value>False</value></Data>
        </ExtendedData>
        <Point><coordinates>99.2163731,10.5753782,0</coordinates></Point>
      </Placemark>
      <Placemark>
        <name>Nong Pla Lai</name>
        <description>&lt;b&gt;Nong Pla Lai / หนองปลาไหล&lt;/b&gt;&lt;br/&gt;Code: Class:Halt Line:Southern&lt;br/&gt;District: Province:&lt;br/&gt;Source:osm_en &lt;a href='https://www.thaitrainguide.com/stations/southern-line/nong-pla-lai/'&gt;TTG&lt;/a&gt;</description>
        <styleUrl>#style_class_Halt</styleUrl>
        <ExtendedData>
          <Data name="name_en"><value>Nong Pla Lai</value></Data>
          <Data name="name_th"><value>หนองปลาไหล</value></Data>
          <Data name="code"><value></value></Data>
          <Data name="class"><value>Halt</value></Data>
          <Data name="line"><value>Southern</value></Data>
          <Data name="district"><value></value></Data>
          <Data name="province"><value></value></Data>
          <Data name="lat"><value>13.1892424</value></Data>
          <Data name="lon"><value>99.8719177</value></Data>
          <Data name="coord_source"><value>osm_en</value></Data>
          <Data name="ttg_url"><value>https://www.thaitrainguide.com/stations/southern-line/nong-pla-lai/</value></Data>
          <Data name="is_new"><value>False</value></Data>
        </ExtendedData>
        <Point><coordinates>99.8719177,13.1892424,0</coordinates></Point>
      </Placemark>
      <Placemark>
        <name>Nong Pladuk Junction</name>
        <description>&lt;b&gt;Nong Pladuk Junction / ชุมทางหนองปลาดุก&lt;/b&gt;&lt;br/&gt;Code:ปด. Class:2 Line:Southern&lt;br/&gt;District:Ban Pong Province:Ratchaburi&lt;br/&gt;Source:osm_th_raw &lt;a href='https://www.thaitrainguide.com/stations/southern-line/nong-pladuk-junction/'&gt;TTG&lt;/a&gt;</description>
        <styleUrl>#style_class_2</styleUrl>
        <ExtendedData>
          <Data name="name_en"><value>Nong Pladuk Junction</value></Data>
          <Data name="name_th"><value>ชุมทางหนองปลาดุก</value></Data>
          <Data name="code"><value>ปด.</value></Data>
          <Data name="class"><value>2</value></Data>
          <Data name="line"><value>Southern</value></Data>
          <Data name="district"><value>Ban Pong</value></Data>
          <Data name="province"><value>Ratchaburi</value></Data>
          <Data name="lat"><value>13.8176406</value></Data>
          <Data name="lon"><value>99.9108884</value></Data>
          <Data name="coord_source"><value>osm_th_raw</value></Data>
          <Data name="ttg_url"><value>https://www.thaitrainguide.com/stations/southern-line/nong-pladuk-junction/</value></Data>
          <Data name="is_new"><value>False</value></Data>
        </ExtendedData>
        <Point><coordinates>99.9108884,13.8176406,0</coordinates></Point>
      </Placemark>
      <Placemark>
        <name>Nong Sala</name>
        <description>&lt;b&gt;Nong Sala / หนองศาลา&lt;/b&gt;&lt;br/&gt;Code: Class:Halt Line:Southern&lt;br/&gt;District: Province:&lt;br/&gt;Source:osm_en &lt;a href='https://www.thaitrainguide.com/stations/southern-line/nong-sala/'&gt;TTG&lt;/a&gt;</description>
        <styleUrl>#style_class_Halt</styleUrl>
        <ExtendedData>
          <Data name="name_en"><value>Nong Sala</value></Data>
          <Data name="name_th"><value>หนองศาลา</value></Data>
          <Data name="code"><value></value></Data>
          <Data name="class"><value>Halt</value></Data>
          <Data name="line"><value>Southern</value></Data>
          <Data name="district"><value></value></Data>
          <Data name="province"><value></value></Data>
          <Data name="lat"><value>12.9036673</value></Data>
          <Data name="lon"><value>99.9705603</value></Data>
          <Data name="coord_source"><value>osm_en</value></Data>
          <Data name="ttg_url"><value>https://www.thaitrainguide.com/stations/southern-line/nong-sala/</value></Data>
          <Data name="is_new"><value>False</value></Data>
        </ExtendedData>
        <Point><coordinates>99.9705603,12.9036673,0</coordinates></Point>
      </Placemark>
      <Placemark>
        <name>Nong Suea</name>
        <description>&lt;b&gt;Nong Suea / หนองแสง&lt;/b&gt;&lt;br/&gt;Code: Class:Halt Line:Southern&lt;br/&gt;District: Province:&lt;br/&gt;Source:osm_fuzzy_en_0.84 </description>
        <styleUrl>#style_class_Halt</styleUrl>
        <ExtendedData>
          <Data name="name_en"><value>Nong Suea</value></Data>
          <Data name="name_th"><value>หนองแสง</value></Data>
          <Data name="code"><value></value></Data>
          <Data name="class"><value>Halt</value></Data>
          <Data name="line"><value>Southern</value></Data>
          <Data name="district"><value></value></Data>
          <Data name="province"><value></value></Data>
          <Data name="lat"><value>14.0521964</value></Data>
          <Data name="lon"><value>101.5704863</value></Data>
          <Data name="coord_source"><value>osm_fuzzy_en_0.84</value></Data>
          <Data name="ttg_url"><value></value></Data>
          <Data name="is_new"><value>False</value></Data>
        </ExtendedData>
        <Point><coordinates>101.5704863,14.0521964,0</coordinates></Point>
      </Placemark>
      <Placemark>
        <name>Pa Phai</name>
        <description>&lt;b&gt;Pa Phai / ป่าไผ่&lt;/b&gt;&lt;br/&gt;Code: Class:Halt Line:Southern&lt;br/&gt;District: Province:&lt;br/&gt;Source:osm_en </description>
        <styleUrl>#style_class_Halt</styleUrl>
        <ExtendedData>
          <Data name="name_en"><value>Pa Phai</value></Data>
          <Data name="name_th"><value>ป่าไผ่</value></Data>
          <Data name="code"><value></value></Data>
          <Data name="class"><value>Halt</value></Data>
          <Data name="line"><value>Southern</value></Data>
          <Data name="district"><value></value></Data>
          <Data name="province"><value></value></Data>
          <Data name="lat"><value>6.2672682</value></Data>
          <Data name="lon"><value>101.75983</value></Data>
          <Data name="coord_source"><value>osm_en</value></Data>
          <Data name="ttg_url"><value></value></Data>
          <Data name="is_new"><value>False</value></Data>
        </ExtendedData>
        <Point><coordinates>101.75983,6.2672682,0</coordinates></Point>
      </Placemark>
      <Placemark>
        <name>Pa Rai</name>
        <description>&lt;b&gt;Pa Rai / ป่าไร่&lt;/b&gt;&lt;br/&gt;Code: Class:Halt Line:Southern&lt;br/&gt;District: Province:&lt;br/&gt;Source:osm_en </description>
        <styleUrl>#style_class_Halt</styleUrl>
        <ExtendedData>
          <Data name="name_en"><value>Pa Rai</value></Data>
          <Data name="name_th"><value>ป่าไร่</value></Data>
          <Data name="code"><value></value></Data>
          <Data name="class"><value>Halt</value></Data>
          <Data name="line"><value>Southern</value></Data>
          <Data name="district"><value></value></Data>
          <Data name="province"><value></value></Data>
          <Data name="lat"><value>6.6628854</value></Data>
          <Data name="lon"><value>101.1799219</value></Data>
          <Data name="coord_source"><value>osm_en</value></Data>
          <Data name="ttg_url"><value></value></Data>
          <Data name="is_new"><value>False</value></Data>
        </ExtendedData>
        <Point><coordinates>101.1799219,6.6628854,0</coordinates></Point>
      </Placemark>
      <Placemark>
        <name>Padang Besar</name>
        <description>&lt;b&gt;Padang Besar / ปาดังเบซาร์&lt;/b&gt;&lt;br/&gt;Code:ปซ.2 Class:1 Line:Southern&lt;br/&gt;District:Sadao Province:Songkhla&lt;br/&gt;Source:nominatim &lt;a href='https://www.thaitrainguide.com/stations/southern-line/padang-besar/'&gt;TTG&lt;/a&gt;</description>
        <styleUrl>#style_class_1</styleUrl>
        <ExtendedData>
          <Data name="name_en"><value>Padang Besar</value></Data>
          <Data name="name_th"><value>ปาดังเบซาร์</value></Data>
          <Data name="code"><value>ปซ.2</value></Data>
          <Data name="class"><value>1</value></Data>
          <Data name="line"><value>Southern</value></Data>
          <Data name="district"><value>Sadao</value></Data>
          <Data name="province"><value>Songkhla</value></Data>
          <Data name="lat"><value>6.6688351</value></Data>
          <Data name="lon"><value>100.324497</value></Data>
          <Data name="coord_source"><value>nominatim</value></Data>
          <Data name="ttg_url"><value>https://www.thaitrainguide.com/stations/southern-line/padang-besar/</value></Data>
          <Data name="is_new"><value>False</value></Data>
        </ExtendedData>
        <Point><coordinates>100.324497,6.6688351,0</coordinates></Point>
      </Placemark>
      <Placemark>
        <name>Padang Besar (Thai)</name>
        <description>&lt;b&gt;Padang Besar (Thai)&lt;/b&gt;&lt;br/&gt;Code: Class:Unknown Line:Southern&lt;br/&gt;District: Province:&lt;br/&gt;Source:thaitrainguide &lt;a href='https://www.thaitrainguide.com/stations/southern-line/padang-besar-thai/'&gt;TTG&lt;/a&gt;</description>
        <styleUrl>#style_class_Unknown</styleUrl>
        <ExtendedData>
          <Data name="name_en"><value>Padang Besar (Thai)</value></Data>
          <Data name="name_th"><value></value></Data>
          <Data name="code"><value></value></Data>
          <Data name="class"><value>Unknown</value></Data>
          <Data name="line"><value>Southern</value></Data>
          <Data name="district"><value></value></Data>
          <Data name="province"><value></value></Data>
          <Data name="lat"><value>6.6688632</value></Data>
          <Data name="lon"><value>100.3243915</value></Data>
          <Data name="coord_source"><value>thaitrainguide</value></Data>
          <Data name="ttg_url"><value>https://www.thaitrainguide.com/stations/southern-line/padang-besar-thai/</value></Data>
          <Data name="is_new"><value>True</value></Data>
        </ExtendedData>
        <Point><coordinates>100.3243915,6.6688632,0</coordinates></Point>
      </Placemark>
      <Placemark>
        <name>Pak Khlong</name>
        <description>&lt;b&gt;Pak Khlong / ปากคลอง&lt;/b&gt;&lt;br/&gt;Code:ปค. Class:2 Line:Southern&lt;br/&gt;District:Khuan Khanun Province:Phatthalung&lt;br/&gt;Source:osm_th_raw &lt;a href='https://www.thaitrainguide.com/stations/southern-line/pak-khlong/'&gt;TTG&lt;/a&gt;</description>
        <styleUrl>#style_class_2</styleUrl>
        <ExtendedData>
          <Data name="name_en"><value>Pak Khlong</value></Data>
          <Data name="name_th"><value>ปากคลอง</value></Data>
          <Data name="code"><value>ปค.</value></Data>
          <Data name="class"><value>2</value></Data>
          <Data name="line"><value>Southern</value></Data>
          <Data name="district"><value>Khuan Khanun</value></Data>
          <Data name="province"><value>Phatthalung</value></Data>
          <Data name="lat"><value>7.7371105</value></Data>
          <Data name="lon"><value>100.0769296</value></Data>
          <Data name="coord_source"><value>osm_th_raw</value></Data>
          <Data name="ttg_url"><value>https://www.thaitrainguide.com/stations/southern-line/pak-khlong/</value></Data>
          <Data name="is_new"><value>False</value></Data>
        </ExtendedData>
        <Point><coordinates>100.0769296,7.7371105,0</coordinates></Point>
      </Placemark>
      <Placemark>
        <name>Pak Tako</name>
        <description>&lt;b&gt;Pak Tako / ปากตะโก&lt;/b&gt;&lt;br/&gt;Code:ตก. Class:2 Line:Southern&lt;br/&gt;District:Thung Tako Province:Chumphon&lt;br/&gt;Source:osm_th_raw &lt;a href='https://www.thaitrainguide.com/stations/southern-line/pak-tako/'&gt;TTG&lt;/a&gt;</description>
        <styleUrl>#style_class_2</styleUrl>
        <ExtendedData>
          <Data name="name_en"><value>Pak Tako</value></Data>
          <Data name="name_th"><value>ปากตะโก</value></Data>
          <Data name="code"><value>ตก.</value></Data>
          <Data name="class"><value>2</value></Data>
          <Data name="line"><value>Southern</value></Data>
          <Data name="district"><value>Thung Tako</value></Data>
          <Data name="province"><value>Chumphon</value></Data>
          <Data name="lat"><value>10.0919069</value></Data>
          <Data name="lon"><value>99.1023848</value></Data>
          <Data name="coord_source"><value>osm_th_raw</value></Data>
          <Data name="ttg_url"><value>https://www.thaitrainguide.com/stations/southern-line/pak-tako/</value></Data>
          <Data name="is_new"><value>False</value></Data>
        </ExtendedData>
        <Point><coordinates>99.1023848,10.0919069,0</coordinates></Point>
      </Placemark>
      <Placemark>
        <name>Pak Tho</name>
        <description>&lt;b&gt;Pak Tho / ปากท่อ&lt;/b&gt;&lt;br/&gt;Code:ปท. Class:2 Line:Southern&lt;br/&gt;District:Pak Tho Province:Ratchaburi&lt;br/&gt;Source:osm_th_raw &lt;a href='https://www.thaitrainguide.com/stations/southern-line/pak-tho/'&gt;TTG&lt;/a&gt;</description>
        <styleUrl>#style_class_2</styleUrl>
        <ExtendedData>
          <Data name="name_en"><value>Pak Tho</value></Data>
          <Data name="name_th"><value>ปากท่อ</value></Data>
          <Data name="code"><value>ปท.</value></Data>
          <Data name="class"><value>2</value></Data>
          <Data name="line"><value>Southern</value></Data>
          <Data name="district"><value>Pak Tho</value></Data>
          <Data name="province"><value>Ratchaburi</value></Data>
          <Data name="lat"><value>13.3743276</value></Data>
          <Data name="lon"><value>99.8436145</value></Data>
          <Data name="coord_source"><value>osm_th_raw</value></Data>
          <Data name="ttg_url"><value>https://www.thaitrainguide.com/stations/southern-line/pak-tho/</value></Data>
          <Data name="is_new"><value>False</value></Data>
        </ExtendedData>
        <Point><coordinates>99.8436145,13.3743276,0</coordinates></Point>
      </Placemark>
      <Placemark>
        <name>Pathio</name>
        <description>&lt;b&gt;Pathio / ปะทิว&lt;/b&gt;&lt;br/&gt;Code:ะท. Class:1 Line:Southern&lt;br/&gt;District:Pathio Province:Chumphon&lt;br/&gt;Source:osm_th_raw </description>
        <styleUrl>#style_class_1</styleUrl>
        <ExtendedData>
          <Data name="name_en"><value>Pathio</value></Data>
          <Data name="name_th"><value>ปะทิว</value></Data>
          <Data name="code"><value>ะท.</value></Data>
          <Data name="class"><value>1</value></Data>
          <Data name="line"><value>Southern</value></Data>
          <Data name="district"><value>Pathio</value></Data>
          <Data name="province"><value>Chumphon</value></Data>
          <Data name="lat"><value>10.7111859</value></Data>
          <Data name="lon"><value>99.3162929</value></Data>
          <Data name="coord_source"><value>osm_th_raw</value></Data>
          <Data name="ttg_url"><value></value></Data>
          <Data name="is_new"><value>False</value></Data>
        </ExtendedData>
        <Point><coordinates>99.3162929,10.7111859,0</coordinates></Point>
      </Placemark>
      <Placemark>
        <name>Pathiu</name>
        <description>&lt;b&gt;Pathiu&lt;/b&gt;&lt;br/&gt;Code: Class:Unknown Line:Southern&lt;br/&gt;District: Province:&lt;br/&gt;Source:thaitrainguide &lt;a href='https://www.thaitrainguide.com/stations/southern-line/pathiu/'&gt;TTG&lt;/a&gt;</description>
        <styleUrl>#style_class_Unknown</styleUrl>
        <ExtendedData>
          <Data name="name_en"><value>Pathiu</value></Data>
          <Data name="name_th"><value></value></Data>
          <Data name="code"><value></value></Data>
          <Data name="class"><value>Unknown</value></Data>
          <Data name="line"><value>Southern</value></Data>
          <Data name="district"><value></value></Data>
          <Data name="province"><value></value></Data>
          <Data name="lat"><value>10.7112748</value></Data>
          <Data name="lon"><value>99.3161922</value></Data>
          <Data name="coord_source"><value>thaitrainguide</value></Data>
          <Data name="ttg_url"><value>https://www.thaitrainguide.com/stations/southern-line/pathiu/</value></Data>
          <Data name="is_new"><value>True</value></Data>
        </ExtendedData>
        <Point><coordinates>99.3161922,10.7112748,0</coordinates></Point>
      </Placemark>
      <Placemark>
        <name>Pattani</name>
        <description>&lt;b&gt;Pattani / ปัตตานี&lt;/b&gt;&lt;br/&gt;Code:นี. Class:1 Line:Southern&lt;br/&gt;District:Khok Pho Province:Pattani&lt;br/&gt;Source:osm_th_raw &lt;a href='https://www.thaitrainguide.com/stations/southern-line/pattani/'&gt;TTG&lt;/a&gt;</description>
        <styleUrl>#style_class_1</styleUrl>
        <ExtendedData>
          <Data name="name_en"><value>Pattani</value></Data>
          <Data name="name_th"><value>ปัตตานี</value></Data>
          <Data name="code"><value>นี.</value></Data>
          <Data name="class"><value>1</value></Data>
          <Data name="line"><value>Southern</value></Data>
          <Data name="district"><value>Khok Pho</value></Data>
          <Data name="province"><value>Pattani</value></Data>
          <Data name="lat"><value>6.7290309</value></Data>
          <Data name="lon"><value>101.0944873</value></Data>
          <Data name="coord_source"><value>osm_th_raw</value></Data>
          <Data name="ttg_url"><value>https://www.thaitrainguide.com/stations/southern-line/pattani/</value></Data>
          <Data name="is_new"><value>False</value></Data>
        </ExtendedData>
        <Point><coordinates>101.0944873,6.7290309,0</coordinates></Point>
      </Placemark>
      <Placemark>
        <name>Phatthalung</name>
        <description>&lt;b&gt;Phatthalung / พัทลุง&lt;/b&gt;&lt;br/&gt;Code:พท. Class:1 Line:Southern&lt;br/&gt;District:Mueang Province:Phatthalung&lt;br/&gt;Source:osm_th_raw &lt;a href='https://www.thaitrainguide.com/stations/southern-line/phatthalung/'&gt;TTG&lt;/a&gt;</description>
        <styleUrl>#style_class_1</styleUrl>
        <ExtendedData>
          <Data name="name_en"><value>Phatthalung</value></Data>
          <Data name="name_th"><value>พัทลุง</value></Data>
          <Data name="code"><value>พท.</value></Data>
          <Data name="class"><value>1</value></Data>
          <Data name="line"><value>Southern</value></Data>
          <Data name="district"><value>Mueang</value></Data>
          <Data name="province"><value>Phatthalung</value></Data>
          <Data name="lat"><value>7.6209574</value></Data>
          <Data name="lon"><value>100.0857001</value></Data>
          <Data name="coord_source"><value>osm_th_raw</value></Data>
          <Data name="ttg_url"><value>https://www.thaitrainguide.com/stations/southern-line/phatthalung/</value></Data>
          <Data name="is_new"><value>False</value></Data>
        </ExtendedData>
        <Point><coordinates>100.0857001,7.6209574,0</coordinates></Point>
      </Placemark>
      <Placemark>
        <name>Phetchaburi</name>
        <description>&lt;b&gt;Phetchaburi / เพชรบุรี&lt;/b&gt;&lt;br/&gt;Code:พบ. Class:1 Line:Southern&lt;br/&gt;District:Mueang Province:Phetchaburi&lt;br/&gt;Source:osm_th_raw &lt;a href='https://www.thaitrainguide.com/stations/southern-line/phetchaburi/'&gt;TTG&lt;/a&gt;</description>
        <styleUrl>#style_class_1</styleUrl>
        <ExtendedData>
          <Data name="name_en"><value>Phetchaburi</value></Data>
          <Data name="name_th"><value>เพชรบุรี</value></Data>
          <Data name="code"><value>พบ.</value></Data>
          <Data name="class"><value>1</value></Data>
          <Data name="line"><value>Southern</value></Data>
          <Data name="district"><value>Mueang</value></Data>
          <Data name="province"><value>Phetchaburi</value></Data>
          <Data name="lat"><value>13.7491853</value></Data>
          <Data name="lon"><value>100.5634165</value></Data>
          <Data name="coord_source"><value>osm_th_raw</value></Data>
          <Data name="ttg_url"><value>https://www.thaitrainguide.com/stations/southern-line/phetchaburi/</value></Data>
          <Data name="is_new"><value>False</value></Data>
        </ExtendedData>
        <Point><coordinates>100.5634165,13.7491853,0</coordinates></Point>
      </Placemark>
      <Placemark>
        <name>Pho Than Klai Wachasit</name>
        <description>&lt;b&gt;Pho Than Klai Wachasit / พ่อท่านคล้ายวาจาสิทธิ์&lt;/b&gt;&lt;br/&gt;Code: Class:Halt Line:Southern&lt;br/&gt;District: Province:&lt;br/&gt;Source:osm_fuzzy_en_0.98 &lt;a href='https://www.thaitrainguide.com/stations/southern-line/pho-than-klai-wachasit/'&gt;TTG&lt;/a&gt;</description>
        <styleUrl>#style_class_Halt</styleUrl>
        <ExtendedData>
          <Data name="name_en"><value>Pho Than Klai Wachasit</value></Data>
          <Data name="name_th"><value>พ่อท่านคล้ายวาจาสิทธิ์</value></Data>
          <Data name="code"><value></value></Data>
          <Data name="class"><value>Halt</value></Data>
          <Data name="line"><value>Southern</value></Data>
          <Data name="district"><value></value></Data>
          <Data name="province"><value></value></Data>
          <Data name="lat"><value>8.3733916</value></Data>
          <Data name="lon"><value>99.5436336</value></Data>
          <Data name="coord_source"><value>osm_fuzzy_en_0.98</value></Data>
          <Data name="ttg_url"><value>https://www.thaitrainguide.com/stations/southern-line/pho-than-klai-wachasit/</value></Data>
          <Data name="is_new"><value>False</value></Data>
        </ExtendedData>
        <Point><coordinates>99.5436336,8.3733916,0</coordinates></Point>
      </Placemark>
      <Placemark>
        <name>Photharam</name>
        <description>&lt;b&gt;Photharam / โพธาราม&lt;/b&gt;&lt;br/&gt;Code:พร. Class:1 Line:Southern&lt;br/&gt;District:Photharam Province:Ratchaburi&lt;br/&gt;Source:osm_th_raw &lt;a href='https://www.thaitrainguide.com/stations/southern-line/photharam/'&gt;TTG&lt;/a&gt;</description>
        <styleUrl>#style_class_1</styleUrl>
        <ExtendedData>
          <Data name="name_en"><value>Photharam</value></Data>
          <Data name="name_th"><value>โพธาราม</value></Data>
          <Data name="code"><value>พร.</value></Data>
          <Data name="class"><value>1</value></Data>
          <Data name="line"><value>Southern</value></Data>
          <Data name="district"><value>Photharam</value></Data>
          <Data name="province"><value>Ratchaburi</value></Data>
          <Data name="lat"><value>13.6936859</value></Data>
          <Data name="lon"><value>99.8507326</value></Data>
          <Data name="coord_source"><value>osm_th_raw</value></Data>
          <Data name="ttg_url"><value>https://www.thaitrainguide.com/stations/southern-line/photharam/</value></Data>
          <Data name="is_new"><value>False</value></Data>
        </ExtendedData>
        <Point><coordinates>99.8507326,13.6936859,0</coordinates></Point>
      </Placemark>
      <Placemark>
        <name>Phrong Madua</name>
        <description>&lt;b&gt;Phrong Madua&lt;/b&gt;&lt;br/&gt;Code: Class:Unknown Line:Southern&lt;br/&gt;District: Province:&lt;br/&gt;Source:thaitrainguide &lt;a href='https://www.thaitrainguide.com/stations/southern-line/phrong-madua/'&gt;TTG&lt;/a&gt;</description>
        <styleUrl>#style_class_Unknown</styleUrl>
        <ExtendedData>
          <Data name="name_en"><value>Phrong Madua</value></Data>
          <Data name="name_th"><value></value></Data>
          <Data name="code"><value></value></Data>
          <Data name="class"><value>Unknown</value></Data>
          <Data name="line"><value>Southern</value></Data>
          <Data name="district"><value></value></Data>
          <Data name="province"><value></value></Data>
          <Data name="lat"><value>13.822378</value></Data>
          <Data name="lon"><value>99.9924955</value></Data>
          <Data name="coord_source"><value>thaitrainguide</value></Data>
          <Data name="ttg_url"><value>https://www.thaitrainguide.com/stations/southern-line/phrong-madua/</value></Data>
          <Data name="is_new"><value>True</value></Data>
        </ExtendedData>
        <Point><coordinates>99.9924955,13.822378,0</coordinates></Point>
      </Placemark>
      <Placemark>
        <name>Phrong Maduea</name>
        <description>&lt;b&gt;Phrong Maduea / โพรงมะเดื่อ&lt;/b&gt;&lt;br/&gt;Code: Class:Halt Line:Southern&lt;br/&gt;District: Province:&lt;br/&gt;Source:osm_fuzzy_en_0.96 </description>
        <styleUrl>#style_class_Halt</styleUrl>
        <ExtendedData>
          <Data name="name_en"><value>Phrong Maduea</value></Data>
          <Data name="name_th"><value>โพรงมะเดื่อ</value></Data>
          <Data name="code"><value></value></Data>
          <Data name="class"><value>Halt</value></Data>
          <Data name="line"><value>Southern</value></Data>
          <Data name="district"><value></value></Data>
          <Data name="province"><value></value></Data>
          <Data name="lat"><value>13.8222782</value></Data>
          <Data name="lon"><value>99.992481</value></Data>
          <Data name="coord_source"><value>osm_fuzzy_en_0.96</value></Data>
          <Data name="ttg_url"><value></value></Data>
          <Data name="is_new"><value>False</value></Data>
        </ExtendedData>
        <Point><coordinates>99.992481,13.8222782,0</coordinates></Point>
      </Placemark>
      <Placemark>
        <name>Phruphi</name>
        <description>&lt;b&gt;Phruphi / พรุพี&lt;/b&gt;&lt;br/&gt;Code: Class:Halt Line:Southern&lt;br/&gt;District: Province:&lt;br/&gt;Source:osm_fuzzy_en_0.93 &lt;a href='https://www.thaitrainguide.com/stations/southern-line/phruphi/'&gt;TTG&lt;/a&gt;</description>
        <styleUrl>#style_class_Halt</styleUrl>
        <ExtendedData>
          <Data name="name_en"><value>Phruphi</value></Data>
          <Data name="name_th"><value>พรุพี</value></Data>
          <Data name="code"><value></value></Data>
          <Data name="class"><value>Halt</value></Data>
          <Data name="line"><value>Southern</value></Data>
          <Data name="district"><value></value></Data>
          <Data name="province"><value></value></Data>
          <Data name="lat"><value>8.7085139</value></Data>
          <Data name="lon"><value>99.3535366</value></Data>
          <Data name="coord_source"><value>osm_fuzzy_en_0.93</value></Data>
          <Data name="ttg_url"><value>https://www.thaitrainguide.com/stations/southern-line/phruphi/</value></Data>
          <Data name="is_new"><value>False</value></Data>
        </ExtendedData>
        <Point><coordinates>99.3535366,8.7085139,0</coordinates></Point>
      </Placemark>
      <Placemark>
        <name>Phuttamonthon Sai 2</name>
        <description>&lt;b&gt;Phuttamonthon Sai 2 / พุทธมณฑลสาย 2&lt;/b&gt;&lt;br/&gt;Code: Class:Halt Line:Southern&lt;br/&gt;District: Province:&lt;br/&gt;Source:osm_fuzzy_en_0.97 </description>
        <styleUrl>#style_class_Halt</styleUrl>
        <ExtendedData>
          <Data name="name_en"><value>Phuttamonthon Sai 2</value></Data>
          <Data name="name_th"><value>พุทธมณฑลสาย 2</value></Data>
          <Data name="code"><value></value></Data>
          <Data name="class"><value>Halt</value></Data>
          <Data name="line"><value>Southern</value></Data>
          <Data name="district"><value></value></Data>
          <Data name="province"><value></value></Data>
          <Data name="lat"><value>13.8000507</value></Data>
          <Data name="lon"><value>100.3950237</value></Data>
          <Data name="coord_source"><value>osm_fuzzy_en_0.97</value></Data>
          <Data name="ttg_url"><value></value></Data>
          <Data name="is_new"><value>False</value></Data>
        </ExtendedData>
        <Point><coordinates>100.3950237,13.8000507,0</coordinates></Point>
      </Placemark>
      <Placemark>
        <name>Prachuap Khiri Khan</name>
        <description>&lt;b&gt;Prachuap Khiri Khan / ประจวบคีรีขันธ์&lt;/b&gt;&lt;br/&gt;Code:จข. Class:1 Line:Southern&lt;br/&gt;District:Mueang Province:Prachuap Khiri Khan&lt;br/&gt;Source:osm_th_raw &lt;a href='https://www.thaitrainguide.com/stations/southern-line/prachuap-khiri-khan/'&gt;TTG&lt;/a&gt;</description>
        <styleUrl>#style_class_1</styleUrl>
        <ExtendedData>
          <Data name="name_en"><value>Prachuap Khiri Khan</value></Data>
          <Data name="name_th"><value>ประจวบคีรีขันธ์</value></Data>
          <Data name="code"><value>จข.</value></Data>
          <Data name="class"><value>1</value></Data>
          <Data name="line"><value>Southern</value></Data>
          <Data name="district"><value>Mueang</value></Data>
          <Data name="province"><value>Prachuap Khiri Khan</value></Data>
          <Data name="lat"><value>11.8077762</value></Data>
          <Data name="lon"><value>99.7937417</value></Data>
          <Data name="coord_source"><value>osm_th_raw</value></Data>
          <Data name="ttg_url"><value>https://www.thaitrainguide.com/stations/southern-line/prachuap-khiri-khan/</value></Data>
          <Data name="is_new"><value>False</value></Data>
        </ExtendedData>
        <Point><coordinates>99.7937417,11.8077762,0</coordinates></Point>
      </Placemark>
      <Placemark>
        <name>Pran Buri</name>
        <description>&lt;b&gt;Pran Buri / ปราณบุรี&lt;/b&gt;&lt;br/&gt;Code:ปน. Class:1 Line:Southern&lt;br/&gt;District:Pran Buri Province:Prachuap Khiri Khan&lt;br/&gt;Source:osm_th_raw &lt;a href='https://www.thaitrainguide.com/stations/southern-line/pran-buri/'&gt;TTG&lt;/a&gt;</description>
        <styleUrl>#style_class_1</styleUrl>
        <ExtendedData>
          <Data name="name_en"><value>Pran Buri</value></Data>
          <Data name="name_th"><value>ปราณบุรี</value></Data>
          <Data name="code"><value>ปน.</value></Data>
          <Data name="class"><value>1</value></Data>
          <Data name="line"><value>Southern</value></Data>
          <Data name="district"><value>Pran Buri</value></Data>
          <Data name="province"><value>Prachuap Khiri Khan</value></Data>
          <Data name="lat"><value>12.3764448</value></Data>
          <Data name="lon"><value>99.9261691</value></Data>
          <Data name="coord_source"><value>osm_th_raw</value></Data>
          <Data name="ttg_url"><value>https://www.thaitrainguide.com/stations/southern-line/pran-buri/</value></Data>
          <Data name="is_new"><value>False</value></Data>
        </ExtendedData>
        <Point><coordinates>99.9261691,12.3764448,0</coordinates></Point>
      </Placemark>
      <Placemark>
        <name>Raman</name>
        <description>&lt;b&gt;Raman / รามัน&lt;/b&gt;&lt;br/&gt;Code:รั. Class:2 Line:Southern&lt;br/&gt;District:Raman Province:Yala&lt;br/&gt;Source:osm_th_raw </description>
        <styleUrl>#style_class_2</styleUrl>
        <ExtendedData>
          <Data name="name_en"><value>Raman</value></Data>
          <Data name="name_th"><value>รามัน</value></Data>
          <Data name="code"><value>รั.</value></Data>
          <Data name="class"><value>2</value></Data>
          <Data name="line"><value>Southern</value></Data>
          <Data name="district"><value>Raman</value></Data>
          <Data name="province"><value>Yala</value></Data>
          <Data name="lat"><value>6.4769315</value></Data>
          <Data name="lon"><value>101.4318393</value></Data>
          <Data name="coord_source"><value>osm_th_raw</value></Data>
          <Data name="ttg_url"><value></value></Data>
          <Data name="is_new"><value>False</value></Data>
        </ExtendedData>
        <Point><coordinates>101.4318393,6.4769315,0</coordinates></Point>
      </Placemark>
      <Placemark>
        <name>Ratchaburi</name>
        <description>&lt;b&gt;Ratchaburi / ราชบุรี&lt;/b&gt;&lt;br/&gt;Code:รร. Class:1 Line:Southern&lt;br/&gt;District:Mueang Province:Ratchaburi&lt;br/&gt;Source:osm_th_raw &lt;a href='https://www.thaitrainguide.com/stations/southern-line/ratchaburi/'&gt;TTG&lt;/a&gt;</description>
        <styleUrl>#style_class_1</styleUrl>
        <ExtendedData>
          <Data name="name_en"><value>Ratchaburi</value></Data>
          <Data name="name_th"><value>ราชบุรี</value></Data>
          <Data name="code"><value>รร.</value></Data>
          <Data name="class"><value>1</value></Data>
          <Data name="line"><value>Southern</value></Data>
          <Data name="district"><value>Mueang</value></Data>
          <Data name="province"><value>Ratchaburi</value></Data>
          <Data name="lat"><value>13.5305802</value></Data>
          <Data name="lon"><value>99.8242617</value></Data>
          <Data name="coord_source"><value>osm_th_raw</value></Data>
          <Data name="ttg_url"><value>https://www.thaitrainguide.com/stations/southern-line/ratchaburi/</value></Data>
          <Data name="is_new"><value>False</value></Data>
        </ExtendedData>
        <Point><coordinates>99.8242617,13.5305802,0</coordinates></Point>
      </Placemark>
      <Placemark>
        <name>Ron Phibun</name>
        <description>&lt;b&gt;Ron Phibun / ร่อนพิบูลย์&lt;/b&gt;&lt;br/&gt;Code:รบ. Class:2 Line:Southern&lt;br/&gt;District:Ron Phibun Province:Nakhon Si Thammarat&lt;br/&gt;Source:osm_th_raw &lt;a href='https://www.thaitrainguide.com/stations/southern-line/ron-phibun/'&gt;TTG&lt;/a&gt;</description>
        <styleUrl>#style_class_2</styleUrl>
        <ExtendedData>
          <Data name="name_en"><value>Ron Phibun</value></Data>
          <Data name="name_th"><value>ร่อนพิบูลย์</value></Data>
          <Data name="code"><value>รบ.</value></Data>
          <Data name="class"><value>2</value></Data>
          <Data name="line"><value>Southern</value></Data>
          <Data name="district"><value>Ron Phibun</value></Data>
          <Data name="province"><value>Nakhon Si Thammarat</value></Data>
          <Data name="lat"><value>8.1541306</value></Data>
          <Data name="lon"><value>99.8407292</value></Data>
          <Data name="coord_source"><value>osm_th_raw</value></Data>
          <Data name="ttg_url"><value>https://www.thaitrainguide.com/stations/southern-line/ron-phibun/</value></Data>
          <Data name="is_new"><value>False</value></Data>
        </ExtendedData>
        <Point><coordinates>99.8407292,8.1541306,0</coordinates></Point>
      </Placemark>
      <Placemark>
        <name>Rueso</name>
        <description>&lt;b&gt;Rueso / รือเสาะ&lt;/b&gt;&lt;br/&gt;Code:สะ. Class:2 Line:Southern&lt;br/&gt;District:Rueso Province:Narathiwat&lt;br/&gt;Source:osm_th_raw </description>
        <styleUrl>#style_class_2</styleUrl>
        <ExtendedData>
          <Data name="name_en"><value>Rueso</value></Data>
          <Data name="name_th"><value>รือเสาะ</value></Data>
          <Data name="code"><value>สะ.</value></Data>
          <Data name="class"><value>2</value></Data>
          <Data name="line"><value>Southern</value></Data>
          <Data name="district"><value>Rueso</value></Data>
          <Data name="province"><value>Narathiwat</value></Data>
          <Data name="lat"><value>6.3939883</value></Data>
          <Data name="lon"><value>101.5153695</value></Data>
          <Data name="coord_source"><value>osm_th_raw</value></Data>
          <Data name="ttg_url"><value></value></Data>
          <Data name="is_new"><value>False</value></Data>
        </ExtendedData>
        <Point><coordinates>101.5153695,6.3939883,0</coordinates></Point>
      </Placemark>
      <Placemark>
        <name>Sa Kosi Narai</name>
        <description>&lt;b&gt;Sa Kosi Narai / สระโกสินารายณ์&lt;/b&gt;&lt;br/&gt;Code: Class:Halt Line:Southern&lt;br/&gt;District: Province:&lt;br/&gt;Source:osm_fuzzy_en_0.96 </description>
        <styleUrl>#style_class_Halt</styleUrl>
        <ExtendedData>
          <Data name="name_en"><value>Sa Kosi Narai</value></Data>
          <Data name="name_th"><value>สระโกสินารายณ์</value></Data>
          <Data name="code"><value></value></Data>
          <Data name="class"><value>Halt</value></Data>
          <Data name="line"><value>Southern</value></Data>
          <Data name="district"><value></value></Data>
          <Data name="province"><value></value></Data>
          <Data name="lat"><value>13.8503382</value></Data>
          <Data name="lon"><value>99.8495351</value></Data>
          <Data name="coord_source"><value>osm_fuzzy_en_0.96</value></Data>
          <Data name="ttg_url"><value></value></Data>
          <Data name="is_new"><value>False</value></Data>
        </ExtendedData>
        <Point><coordinates>99.8495351,13.8503382,0</coordinates></Point>
      </Placemark>
      <Placemark>
        <name>Saeng Daet</name>
        <description>&lt;b&gt;Saeng Daet / แสงแดด&lt;/b&gt;&lt;br/&gt;Code: Class:Halt Line:Southern&lt;br/&gt;District: Province:&lt;br/&gt;Source:osm_en &lt;a href='https://www.thaitrainguide.com/stations/southern-line/saeng-daet/'&gt;TTG&lt;/a&gt;</description>
        <styleUrl>#style_class_Halt</styleUrl>
        <ExtendedData>
          <Data name="name_en"><value>Saeng Daet</value></Data>
          <Data name="name_th"><value>แสงแดด</value></Data>
          <Data name="code"><value></value></Data>
          <Data name="class"><value>Halt</value></Data>
          <Data name="line"><value>Southern</value></Data>
          <Data name="district"><value></value></Data>
          <Data name="province"><value></value></Data>
          <Data name="lat"><value>10.4736982</value></Data>
          <Data name="lon"><value>99.1551651</value></Data>
          <Data name="coord_source"><value>osm_en</value></Data>
          <Data name="ttg_url"><value>https://www.thaitrainguide.com/stations/southern-line/saeng-daet/</value></Data>
          <Data name="is_new"><value>False</value></Data>
        </ExtendedData>
        <Point><coordinates>99.1551651,10.4736982,0</coordinates></Point>
      </Placemark>
      <Placemark>
        <name>Sai Yai</name>
        <description>&lt;b&gt;Sai Yai / ใสใหญ่&lt;/b&gt;&lt;br/&gt;Code: Class:Halt Line:Southern&lt;br/&gt;District: Province:&lt;br/&gt;Source:osm_en &lt;a href='https://www.thaitrainguide.com/stations/southern-line/sai-yai/'&gt;TTG&lt;/a&gt;</description>
        <styleUrl>#style_class_Halt</styleUrl>
        <ExtendedData>
          <Data name="name_en"><value>Sai Yai</value></Data>
          <Data name="name_th"><value>ใสใหญ่</value></Data>
          <Data name="code"><value></value></Data>
          <Data name="class"><value>Halt</value></Data>
          <Data name="line"><value>Southern</value></Data>
          <Data name="district"><value></value></Data>
          <Data name="province"><value></value></Data>
          <Data name="lat"><value>8.1602892</value></Data>
          <Data name="lon"><value>99.7214699</value></Data>
          <Data name="coord_source"><value>osm_en</value></Data>
          <Data name="ttg_url"><value>https://www.thaitrainguide.com/stations/southern-line/sai-yai/</value></Data>
          <Data name="is_new"><value>False</value></Data>
        </ExtendedData>
        <Point><coordinates>99.7214699,8.1602892,0</coordinates></Point>
      </Placemark>
      <Placemark>
        <name>Sala Thammasop</name>
        <description>&lt;b&gt;Sala Thammasop / ศาลาธรรมสพน์&lt;/b&gt;&lt;br/&gt;Code: Class:Halt Line:Southern&lt;br/&gt;District: Province:&lt;br/&gt;Source:osm_en </description>
        <styleUrl>#style_class_Halt</styleUrl>
        <ExtendedData>
          <Data name="name_en"><value>Sala Thammasop</value></Data>
          <Data name="name_th"><value>ศาลาธรรมสพน์</value></Data>
          <Data name="code"><value></value></Data>
          <Data name="class"><value>Halt</value></Data>
          <Data name="line"><value>Southern</value></Data>
          <Data name="district"><value></value></Data>
          <Data name="province"><value></value></Data>
          <Data name="lat"><value>13.8008757</value></Data>
          <Data name="lon"><value>100.3707398</value></Data>
          <Data name="coord_source"><value>osm_en</value></Data>
          <Data name="ttg_url"><value></value></Data>
          <Data name="is_new"><value>False</value></Data>
        </ExtendedData>
        <Point><coordinates>100.3707398,13.8008757,0</coordinates></Point>
      </Placemark>
      <Placemark>
        <name>Salaya</name>
        <description>&lt;b&gt;Salaya / ศาลายา&lt;/b&gt;&lt;br/&gt;Code:ลย. Class:1 Line:Southern&lt;br/&gt;District:Phutthamonthon Province:Nakhon Pathom&lt;br/&gt;Source:osm_th_raw </description>
        <styleUrl>#style_class_1</styleUrl>
        <ExtendedData>
          <Data name="name_en"><value>Salaya</value></Data>
          <Data name="name_th"><value>ศาลายา</value></Data>
          <Data name="code"><value>ลย.</value></Data>
          <Data name="class"><value>1</value></Data>
          <Data name="line"><value>Southern</value></Data>
          <Data name="district"><value>Phutthamonthon</value></Data>
          <Data name="province"><value>Nakhon Pathom</value></Data>
          <Data name="lat"><value>13.8024806</value></Data>
          <Data name="lon"><value>100.3243619</value></Data>
          <Data name="coord_source"><value>osm_th_raw</value></Data>
          <Data name="ttg_url"><value></value></Data>
          <Data name="is_new"><value>False</value></Data>
        </ExtendedData>
        <Point><coordinates>100.3243619,13.8024806,0</coordinates></Point>
      </Placemark>
      <Placemark>
        <name>Salaya Station</name>
        <description>&lt;b&gt;Salaya Station&lt;/b&gt;&lt;br/&gt;Code: Class:Unknown Line:Southern&lt;br/&gt;District: Province:&lt;br/&gt;Source:thaitrainguide &lt;a href='https://www.thaitrainguide.com/stations/southern-line/sala-ya/'&gt;TTG&lt;/a&gt;</description>
        <styleUrl>#style_class_Unknown</styleUrl>
        <ExtendedData>
          <Data name="name_en"><value>Salaya Station</value></Data>
          <Data name="name_th"><value></value></Data>
          <Data name="code"><value></value></Data>
          <Data name="class"><value>Unknown</value></Data>
          <Data name="line"><value>Southern</value></Data>
          <Data name="district"><value></value></Data>
          <Data name="province"><value></value></Data>
          <Data name="lat"><value>13.8025755</value></Data>
          <Data name="lon"><value>100.3243471</value></Data>
          <Data name="coord_source"><value>thaitrainguide</value></Data>
          <Data name="ttg_url"><value>https://www.thaitrainguide.com/stations/southern-line/sala-ya/</value></Data>
          <Data name="is_new"><value>True</value></Data>
        </ExtendedData>
        <Point><coordinates>100.3243471,13.8025755,0</coordinates></Point>
      </Placemark>
      <Placemark>
        <name>Sam Krathai</name>
        <description>&lt;b&gt;Sam Krathai / สามกระทาย&lt;/b&gt;&lt;br/&gt;Code: Class:Halt Line:Southern&lt;br/&gt;District: Province:&lt;br/&gt;Source:osm_en </description>
        <styleUrl>#style_class_Halt</styleUrl>
        <ExtendedData>
          <Data name="name_en"><value>Sam Krathai</value></Data>
          <Data name="name_th"><value>สามกระทาย</value></Data>
          <Data name="code"><value></value></Data>
          <Data name="class"><value>Halt</value></Data>
          <Data name="line"><value>Southern</value></Data>
          <Data name="district"><value></value></Data>
          <Data name="province"><value></value></Data>
          <Data name="lat"><value>12.1603909</value></Data>
          <Data name="lon"><value>99.8610696</value></Data>
          <Data name="coord_source"><value>osm_en</value></Data>
          <Data name="ttg_url"><value></value></Data>
          <Data name="is_new"><value>False</value></Data>
        </ExtendedData>
        <Point><coordinates>99.8610696,12.1603909,0</coordinates></Point>
      </Placemark>
      <Placemark>
        <name>Sam Roi Yot</name>
        <description>&lt;b&gt;Sam Roi Yot / สามร้อยยอด&lt;/b&gt;&lt;br/&gt;Code:สย. Class:2 Line:Southern&lt;br/&gt;District:Sam Roi Yot Province:Prachuap Khiri Khan&lt;br/&gt;Source:osm_th_raw &lt;a href='https://www.thaitrainguide.com/stations/southern-line/sam-roi-yot/'&gt;TTG&lt;/a&gt;</description>
        <styleUrl>#style_class_2</styleUrl>
        <ExtendedData>
          <Data name="name_en"><value>Sam Roi Yot</value></Data>
          <Data name="name_th"><value>สามร้อยยอด</value></Data>
          <Data name="code"><value>สย.</value></Data>
          <Data name="class"><value>2</value></Data>
          <Data name="line"><value>Southern</value></Data>
          <Data name="district"><value>Sam Roi Yot</value></Data>
          <Data name="province"><value>Prachuap Khiri Khan</value></Data>
          <Data name="lat"><value>12.2126233</value></Data>
          <Data name="lon"><value>99.8807861</value></Data>
          <Data name="coord_source"><value>osm_th_raw</value></Data>
          <Data name="ttg_url"><value>https://www.thaitrainguide.com/stations/southern-line/sam-roi-yot/</value></Data>
          <Data name="is_new"><value>False</value></Data>
        </ExtendedData>
        <Point><coordinates>99.8807861,12.2126233,0</coordinates></Point>
      </Placemark>
      <Placemark>
        <name>Sanam Chandra Palace</name>
        <description>&lt;b&gt;Sanam Chandra Palace / พระราชวังสนามจันทร์&lt;/b&gt;&lt;br/&gt;Code: Class:Halt Line:Southern&lt;br/&gt;District: Province:&lt;br/&gt;Source:osm_en &lt;a href='https://www.thaitrainguide.com/stations/southern-line/sanam-chandra-palace/'&gt;TTG&lt;/a&gt;</description>
        <styleUrl>#style_class_Halt</styleUrl>
        <ExtendedData>
          <Data name="name_en"><value>Sanam Chandra Palace</value></Data>
          <Data name="name_th"><value>พระราชวังสนามจันทร์</value></Data>
          <Data name="code"><value></value></Data>
          <Data name="class"><value>Halt</value></Data>
          <Data name="line"><value>Southern</value></Data>
          <Data name="district"><value></value></Data>
          <Data name="province"><value></value></Data>
          <Data name="lat"><value>13.8238866</value></Data>
          <Data name="lon"><value>100.0413206</value></Data>
          <Data name="coord_source"><value>osm_en</value></Data>
          <Data name="ttg_url"><value>https://www.thaitrainguide.com/stations/southern-line/sanam-chandra-palace/</value></Data>
          <Data name="is_new"><value>False</value></Data>
        </ExtendedData>
        <Point><coordinates>100.0413206,13.8238866,0</coordinates></Point>
      </Placemark>
      <Placemark>
        <name>Sang Krathai</name>
        <description>&lt;b&gt;Sang Krathai&lt;/b&gt;&lt;br/&gt;Code: Class:Unknown Line:Southern&lt;br/&gt;District: Province:&lt;br/&gt;Source:thaitrainguide &lt;a href='https://www.thaitrainguide.com/stations/southern-line/sam-krathai/'&gt;TTG&lt;/a&gt;</description>
        <styleUrl>#style_class_Unknown</styleUrl>
        <ExtendedData>
          <Data name="name_en"><value>Sang Krathai</value></Data>
          <Data name="name_th"><value></value></Data>
          <Data name="code"><value></value></Data>
          <Data name="class"><value>Unknown</value></Data>
          <Data name="line"><value>Southern</value></Data>
          <Data name="district"><value></value></Data>
          <Data name="province"><value></value></Data>
          <Data name="lat"><value>12.1605798</value></Data>
          <Data name="lon"><value>99.8608287</value></Data>
          <Data name="coord_source"><value>thaitrainguide</value></Data>
          <Data name="ttg_url"><value>https://www.thaitrainguide.com/stations/southern-line/sam-krathai/</value></Data>
          <Data name="is_new"><value>True</value></Data>
        </ExtendedData>
        <Point><coordinates>99.8608287,12.1605798,0</coordinates></Point>
      </Placemark>
      <Placemark>
        <name>Saphan Khwae Yai</name>
        <description>&lt;b&gt;Saphan Khwae Yai / สะพานแควใหญ่&lt;/b&gt;&lt;br/&gt;Code: Class:Halt Line:Southern&lt;br/&gt;District: Province:&lt;br/&gt;Source:osm_en </description>
        <styleUrl>#style_class_Halt</styleUrl>
        <ExtendedData>
          <Data name="name_en"><value>Saphan Khwae Yai</value></Data>
          <Data name="name_th"><value>สะพานแควใหญ่</value></Data>
          <Data name="code"><value></value></Data>
          <Data name="class"><value>Halt</value></Data>
          <Data name="line"><value>Southern</value></Data>
          <Data name="district"><value></value></Data>
          <Data name="province"><value></value></Data>
          <Data name="lat"><value>14.0431561</value></Data>
          <Data name="lon"><value>99.5049234</value></Data>
          <Data name="coord_source"><value>osm_en</value></Data>
          <Data name="ttg_url"><value></value></Data>
          <Data name="is_new"><value>False</value></Data>
        </ExtendedData>
        <Point><coordinates>99.5049234,14.0431561,0</coordinates></Point>
      </Placemark>
      <Placemark>
        <name>Saphan Tham Krasae</name>
        <description>&lt;b&gt;Saphan Tham Krasae / ถ้ำกระแซ&lt;/b&gt;&lt;br/&gt;Code: Class:Halt Line:Southern&lt;br/&gt;District: Province:&lt;br/&gt;Source:unverified </description>
        <styleUrl>#style_class_Halt</styleUrl>
        <ExtendedData>
          <Data name="name_en"><value>Saphan Tham Krasae</value></Data>
          <Data name="name_th"><value>ถ้ำกระแซ</value></Data>
          <Data name="code"><value></value></Data>
          <Data name="class"><value>Halt</value></Data>
          <Data name="line"><value>Southern</value></Data>
          <Data name="district"><value></value></Data>
          <Data name="province"><value></value></Data>
          <Data name="lat"><value>14.1061329</value></Data>
          <Data name="lon"><value>99.1654635</value></Data>
          <Data name="coord_source"><value>unverified</value></Data>
          <Data name="ttg_url"><value></value></Data>
          <Data name="is_new"><value>False</value></Data>
        </ExtendedData>
        <Point><coordinates>99.1654635,14.1061329,0</coordinates></Point>
      </Placemark>
      <Placemark>
        <name>Saphli</name>
        <description>&lt;b&gt;Saphli / สะพลี&lt;/b&gt;&lt;br/&gt;Code: Class:Halt Line:Southern&lt;br/&gt;District: Province:&lt;br/&gt;Source:osm_fuzzy_en_0.92 &lt;a href='https://www.thaitrainguide.com/stations/southern-line/saphli/'&gt;TTG&lt;/a&gt;</description>
        <styleUrl>#style_class_Halt</styleUrl>
        <ExtendedData>
          <Data name="name_en"><value>Saphli</value></Data>
          <Data name="name_th"><value>สะพลี</value></Data>
          <Data name="code"><value></value></Data>
          <Data name="class"><value>Halt</value></Data>
          <Data name="line"><value>Southern</value></Data>
          <Data name="district"><value></value></Data>
          <Data name="province"><value></value></Data>
          <Data name="lat"><value>10.6097029</value></Data>
          <Data name="lon"><value>99.2389373</value></Data>
          <Data name="coord_source"><value>osm_fuzzy_en_0.92</value></Data>
          <Data name="ttg_url"><value>https://www.thaitrainguide.com/stations/southern-line/saphli/</value></Data>
          <Data name="is_new"><value>False</value></Data>
        </ExtendedData>
        <Point><coordinates>99.2389373,10.6097029,0</coordinates></Point>
      </Placemark>
      <Placemark>
        <name>Sawi</name>
        <description>&lt;b&gt;Sawi / สวี&lt;/b&gt;&lt;br/&gt;Code:ะว. Class:1 Line:Southern&lt;br/&gt;District:Sawi Province:Chumphon&lt;br/&gt;Source:osm_th_raw &lt;a href='https://www.thaitrainguide.com/stations/southern-line/sawi/'&gt;TTG&lt;/a&gt;</description>
        <styleUrl>#style_class_1</styleUrl>
        <ExtendedData>
          <Data name="name_en"><value>Sawi</value></Data>
          <Data name="name_th"><value>สวี</value></Data>
          <Data name="code"><value>ะว.</value></Data>
          <Data name="class"><value>1</value></Data>
          <Data name="line"><value>Southern</value></Data>
          <Data name="district"><value>Sawi</value></Data>
          <Data name="province"><value>Chumphon</value></Data>
          <Data name="lat"><value>10.2363261</value></Data>
          <Data name="lon"><value>99.1048493</value></Data>
          <Data name="coord_source"><value>osm_th_raw</value></Data>
          <Data name="ttg_url"><value>https://www.thaitrainguide.com/stations/southern-line/sawi/</value></Data>
          <Data name="is_new"><value>False</value></Data>
        </ExtendedData>
        <Point><coordinates>99.1048493,10.2363261,0</coordinates></Point>
      </Placemark>
      <Placemark>
        <name>Su-ngai Kolok</name>
        <description>&lt;b&gt;Su-ngai Kolok / สุไหงโก-ลก&lt;/b&gt;&lt;br/&gt;Code:โล. Class:1 Line:Southern&lt;br/&gt;District:Su-ngai Kolok Province:Narathiwat&lt;br/&gt;Source:osm_th_raw &lt;a href='https://www.thaitrainguide.com/stations/southern-line/su-ngai-kolok/'&gt;TTG&lt;/a&gt;</description>
        <styleUrl>#style_class_1</styleUrl>
        <ExtendedData>
          <Data name="name_en"><value>Su-ngai Kolok</value></Data>
          <Data name="name_th"><value>สุไหงโก-ลก</value></Data>
          <Data name="code"><value>โล.</value></Data>
          <Data name="class"><value>1</value></Data>
          <Data name="line"><value>Southern</value></Data>
          <Data name="district"><value>Su-ngai Kolok</value></Data>
          <Data name="province"><value>Narathiwat</value></Data>
          <Data name="lat"><value>6.025835</value></Data>
          <Data name="lon"><value>101.9648997</value></Data>
          <Data name="coord_source"><value>osm_th_raw</value></Data>
          <Data name="ttg_url"><value>https://www.thaitrainguide.com/stations/southern-line/su-ngai-kolok/</value></Data>
          <Data name="is_new"><value>False</value></Data>
        </ExtendedData>
        <Point><coordinates>101.9648997,6.025835,0</coordinates></Point>
      </Placemark>
      <Placemark>
        <name>Su-ngai Padi</name>
        <description>&lt;b&gt;Su-ngai Padi / สุไหงปาดี&lt;/b&gt;&lt;br/&gt;Code:งด. Class:1 Line:Southern&lt;br/&gt;District:Su-ngai Padi Province:Narathiwat&lt;br/&gt;Source:osm_th_raw </description>
        <styleUrl>#style_class_1</styleUrl>
        <ExtendedData>
          <Data name="name_en"><value>Su-ngai Padi</value></Data>
          <Data name="name_th"><value>สุไหงปาดี</value></Data>
          <Data name="code"><value>งด.</value></Data>
          <Data name="class"><value>1</value></Data>
          <Data name="line"><value>Southern</value></Data>
          <Data name="district"><value>Su-ngai Padi</value></Data>
          <Data name="province"><value>Narathiwat</value></Data>
          <Data name="lat"><value>6.0858661</value></Data>
          <Data name="lon"><value>101.8809445</value></Data>
          <Data name="coord_source"><value>osm_th_raw</value></Data>
          <Data name="ttg_url"><value></value></Data>
          <Data name="is_new"><value>False</value></Data>
        </ExtendedData>
        <Point><coordinates>101.8809445,6.0858661,0</coordinates></Point>
      </Placemark>
      <Placemark>
        <name>Suan Soan Pradipat</name>
        <description>&lt;b&gt;Suan Soan Pradipat&lt;/b&gt;&lt;br/&gt;Code: Class:Unknown Line:Southern&lt;br/&gt;District: Province:&lt;br/&gt;Source:thaitrainguide &lt;a href='https://www.thaitrainguide.com/stations/southern-line/suan-son-pradipat/'&gt;TTG&lt;/a&gt;</description>
        <styleUrl>#style_class_Unknown</styleUrl>
        <ExtendedData>
          <Data name="name_en"><value>Suan Soan Pradipat</value></Data>
          <Data name="name_th"><value></value></Data>
          <Data name="code"><value></value></Data>
          <Data name="class"><value>Unknown</value></Data>
          <Data name="line"><value>Southern</value></Data>
          <Data name="district"><value></value></Data>
          <Data name="province"><value></value></Data>
          <Data name="lat"><value>12.498723</value></Data>
          <Data name="lon"><value>99.9724271</value></Data>
          <Data name="coord_source"><value>thaitrainguide</value></Data>
          <Data name="ttg_url"><value>https://www.thaitrainguide.com/stations/southern-line/suan-son-pradipat/</value></Data>
          <Data name="is_new"><value>True</value></Data>
        </ExtendedData>
        <Point><coordinates>99.9724271,12.498723,0</coordinates></Point>
      </Placemark>
      <Placemark>
        <name>Suan Son Pradiphat</name>
        <description>&lt;b&gt;Suan Son Pradiphat / สวนสนประดิพัทธ์&lt;/b&gt;&lt;br/&gt;Code: Class:Halt Line:Southern&lt;br/&gt;District: Province:&lt;br/&gt;Source:osm_en </description>
        <styleUrl>#style_class_Halt</styleUrl>
        <ExtendedData>
          <Data name="name_en"><value>Suan Son Pradiphat</value></Data>
          <Data name="name_th"><value>สวนสนประดิพัทธ์</value></Data>
          <Data name="code"><value></value></Data>
          <Data name="class"><value>Halt</value></Data>
          <Data name="line"><value>Southern</value></Data>
          <Data name="district"><value></value></Data>
          <Data name="province"><value></value></Data>
          <Data name="lat"><value>12.4999283</value></Data>
          <Data name="lon"><value>99.9722806</value></Data>
          <Data name="coord_source"><value>osm_en</value></Data>
          <Data name="ttg_url"><value></value></Data>
          <Data name="is_new"><value>False</value></Data>
        </ExtendedData>
        <Point><coordinates>99.9722806,12.4999283,0</coordinates></Point>
      </Placemark>
      <Placemark>
        <name>Suphan Buri</name>
        <description>&lt;b&gt;Suphan Buri / สุพรรณบุรี&lt;/b&gt;&lt;br/&gt;Code:สพ. Class:2 Line:Southern&lt;br/&gt;District:Mueang Province:Suphan Buri&lt;br/&gt;Source:osm_th_raw </description>
        <styleUrl>#style_class_2</styleUrl>
        <ExtendedData>
          <Data name="name_en"><value>Suphan Buri</value></Data>
          <Data name="name_th"><value>สุพรรณบุรี</value></Data>
          <Data name="code"><value>สพ.</value></Data>
          <Data name="class"><value>2</value></Data>
          <Data name="line"><value>Southern</value></Data>
          <Data name="district"><value>Mueang</value></Data>
          <Data name="province"><value>Suphan Buri</value></Data>
          <Data name="lat"><value>14.465631</value></Data>
          <Data name="lon"><value>100.0950009</value></Data>
          <Data name="coord_source"><value>osm_th_raw</value></Data>
          <Data name="ttg_url"><value></value></Data>
          <Data name="is_new"><value>False</value></Data>
        </ExtendedData>
        <Point><coordinates>100.0950009,14.465631,0</coordinates></Point>
      </Placemark>
      <Placemark>
        <name>Surat Thani</name>
        <description>&lt;b&gt;Surat Thani / สุราษฎร์ธานี&lt;/b&gt;&lt;br/&gt;Code:รท. Class:1 Line:Southern&lt;br/&gt;District:Phunphin Province:Surat Thani&lt;br/&gt;Source:osm_th_raw &lt;a href='https://www.thaitrainguide.com/stations/southern-line/surat-thani/'&gt;TTG&lt;/a&gt;</description>
        <styleUrl>#style_class_1</styleUrl>
        <ExtendedData>
          <Data name="name_en"><value>Surat Thani</value></Data>
          <Data name="name_th"><value>สุราษฎร์ธานี</value></Data>
          <Data name="code"><value>รท.</value></Data>
          <Data name="class"><value>1</value></Data>
          <Data name="line"><value>Southern</value></Data>
          <Data name="district"><value>Phunphin</value></Data>
          <Data name="province"><value>Surat Thani</value></Data>
          <Data name="lat"><value>9.1041506</value></Data>
          <Data name="lon"><value>99.230419</value></Data>
          <Data name="coord_source"><value>osm_th_raw</value></Data>
          <Data name="ttg_url"><value>https://www.thaitrainguide.com/stations/southern-line/surat-thani/</value></Data>
          <Data name="is_new"><value>False</value></Data>
        </ExtendedData>
        <Point><coordinates>99.230419,9.1041506,0</coordinates></Point>
      </Placemark>
      <Placemark>
        <name>Ta Paet</name>
        <description>&lt;b&gt;Ta Paet / ตาแปด&lt;/b&gt;&lt;br/&gt;Code: Class:Halt Line:Southern&lt;br/&gt;District: Province:&lt;br/&gt;Source:osm_en &lt;a href='https://www.thaitrainguide.com/stations/southern-line/ta-paet/'&gt;TTG&lt;/a&gt;</description>
        <styleUrl>#style_class_Halt</styleUrl>
        <ExtendedData>
          <Data name="name_en"><value>Ta Paet</value></Data>
          <Data name="name_th"><value>ตาแปด</value></Data>
          <Data name="code"><value></value></Data>
          <Data name="class"><value>Halt</value></Data>
          <Data name="line"><value>Southern</value></Data>
          <Data name="district"><value></value></Data>
          <Data name="province"><value></value></Data>
          <Data name="lat"><value>6.7800448</value></Data>
          <Data name="lon"><value>101.0269295</value></Data>
          <Data name="coord_source"><value>osm_en</value></Data>
          <Data name="ttg_url"><value>https://www.thaitrainguide.com/stations/southern-line/ta-paet/</value></Data>
          <Data name="is_new"><value>False</value></Data>
        </ExtendedData>
        <Point><coordinates>101.0269295,6.7800448,0</coordinates></Point>
      </Placemark>
      <Placemark>
        <name>Taling Chan Junction</name>
        <description>&lt;b&gt;Taling Chan Junction / ชุมทางตลิ่งชัน&lt;/b&gt;&lt;br/&gt;Code:ตช. Class:1 Line:Southern&lt;br/&gt;District:Taling Chan Province:Bangkok&lt;br/&gt;Source:osm_th_raw </description>
        <styleUrl>#style_class_1</styleUrl>
        <ExtendedData>
          <Data name="name_en"><value>Taling Chan Junction</value></Data>
          <Data name="name_th"><value>ชุมทางตลิ่งชัน</value></Data>
          <Data name="code"><value>ตช.</value></Data>
          <Data name="class"><value>1</value></Data>
          <Data name="line"><value>Southern</value></Data>
          <Data name="district"><value>Taling Chan</value></Data>
          <Data name="province"><value>Bangkok</value></Data>
          <Data name="lat"><value>13.7893537</value></Data>
          <Data name="lon"><value>100.440158</value></Data>
          <Data name="coord_source"><value>osm_th_raw</value></Data>
          <Data name="ttg_url"><value></value></Data>
          <Data name="is_new"><value>False</value></Data>
        </ExtendedData>
        <Point><coordinates>100.440158,13.7893537,0</coordinates></Point>
      </Placemark>
      <Placemark>
        <name>Tanyong Mat</name>
        <description>&lt;b&gt;Tanyong Mat / ตันหยงมัส&lt;/b&gt;&lt;br/&gt;Code:ยม. Class:1 Line:Southern&lt;br/&gt;District:Ra-ngae Province:Narathiwat&lt;br/&gt;Source:osm_th_raw </description>
        <styleUrl>#style_class_1</styleUrl>
        <ExtendedData>
          <Data name="name_en"><value>Tanyong Mat</value></Data>
          <Data name="name_th"><value>ตันหยงมัส</value></Data>
          <Data name="code"><value>ยม.</value></Data>
          <Data name="class"><value>1</value></Data>
          <Data name="line"><value>Southern</value></Data>
          <Data name="district"><value>Ra-ngae</value></Data>
          <Data name="province"><value>Narathiwat</value></Data>
          <Data name="lat"><value>6.2924946</value></Data>
          <Data name="lon"><value>101.713793</value></Data>
          <Data name="coord_source"><value>osm_th_raw</value></Data>
          <Data name="ttg_url"><value></value></Data>
          <Data name="is_new"><value>False</value></Data>
        </ExtendedData>
        <Point><coordinates>101.713793,6.2924946,0</coordinates></Point>
      </Placemark>
      <Placemark>
        <name>Tase</name>
        <description>&lt;b&gt;Tase / ตาเซะ&lt;/b&gt;&lt;br/&gt;Code: Class:Halt Line:Southern&lt;br/&gt;District: Province:&lt;br/&gt;Source:osm_en </description>
        <styleUrl>#style_class_Halt</styleUrl>
        <ExtendedData>
          <Data name="name_en"><value>Tase</value></Data>
          <Data name="name_th"><value>ตาเซะ</value></Data>
          <Data name="code"><value></value></Data>
          <Data name="class"><value>Halt</value></Data>
          <Data name="line"><value>Southern</value></Data>
          <Data name="district"><value></value></Data>
          <Data name="province"><value></value></Data>
          <Data name="lat"><value>6.6146526</value></Data>
          <Data name="lon"><value>101.2580581</value></Data>
          <Data name="coord_source"><value>osm_en</value></Data>
          <Data name="ttg_url"><value></value></Data>
          <Data name="is_new"><value>False</value></Data>
        </ExtendedData>
        <Point><coordinates>101.2580581,6.6146526,0</coordinates></Point>
      </Placemark>
      <Placemark>
        <name>Tha Chalaep</name>
        <description>&lt;b&gt;Tha Chalaep / ท่าแฉลบ&lt;/b&gt;&lt;br/&gt;Code: Class:Halt Line:Southern&lt;br/&gt;District: Province:&lt;br/&gt;Source:osm_en &lt;a href='https://www.thaitrainguide.com/stations/southern-line/tha-chalaep/'&gt;TTG&lt;/a&gt;</description>
        <styleUrl>#style_class_Halt</styleUrl>
        <ExtendedData>
          <Data name="name_en"><value>Tha Chalaep</value></Data>
          <Data name="name_th"><value>ท่าแฉลบ</value></Data>
          <Data name="code"><value></value></Data>
          <Data name="class"><value>Halt</value></Data>
          <Data name="line"><value>Southern</value></Data>
          <Data name="district"><value></value></Data>
          <Data name="province"><value></value></Data>
          <Data name="lat"><value>13.8122395</value></Data>
          <Data name="lon"><value>100.1317513</value></Data>
          <Data name="coord_source"><value>osm_en</value></Data>
          <Data name="ttg_url"><value>https://www.thaitrainguide.com/stations/southern-line/tha-chalaep/</value></Data>
          <Data name="is_new"><value>False</value></Data>
        </ExtendedData>
        <Point><coordinates>100.1317513,13.8122395,0</coordinates></Point>
      </Placemark>
      <Placemark>
        <name>Tha Chana</name>
        <description>&lt;b&gt;Tha Chana / ท่าชนะ&lt;/b&gt;&lt;br/&gt;Code:นะ. Class:2 Line:Southern&lt;br/&gt;District:Tha Chana Province:Surat Thani&lt;br/&gt;Source:osm_th_raw &lt;a href='https://www.thaitrainguide.com/stations/southern-line/tha-chana/'&gt;TTG&lt;/a&gt;</description>
        <styleUrl>#style_class_2</styleUrl>
        <ExtendedData>
          <Data name="name_en"><value>Tha Chana</value></Data>
          <Data name="name_th"><value>ท่าชนะ</value></Data>
          <Data name="code"><value>นะ.</value></Data>
          <Data name="class"><value>2</value></Data>
          <Data name="line"><value>Southern</value></Data>
          <Data name="district"><value>Tha Chana</value></Data>
          <Data name="province"><value>Surat Thani</value></Data>
          <Data name="lat"><value>9.5656451</value></Data>
          <Data name="lon"><value>99.1650513</value></Data>
          <Data name="coord_source"><value>osm_th_raw</value></Data>
          <Data name="ttg_url"><value>https://www.thaitrainguide.com/stations/southern-line/tha-chana/</value></Data>
          <Data name="is_new"><value>False</value></Data>
        </ExtendedData>
        <Point><coordinates>99.1650513,9.5656451,0</coordinates></Point>
      </Placemark>
      <Placemark>
        <name>Tha Chang</name>
        <description>&lt;b&gt;Tha Chang&lt;/b&gt;&lt;br/&gt;Code: Class:Unknown Line:Southern&lt;br/&gt;District: Province:&lt;br/&gt;Source:thaitrainguide &lt;a href='https://www.thaitrainguide.com/stations/southern-line/tha-chang/'&gt;TTG&lt;/a&gt;</description>
        <styleUrl>#style_class_Unknown</styleUrl>
        <ExtendedData>
          <Data name="name_en"><value>Tha Chang</value></Data>
          <Data name="name_th"><value></value></Data>
          <Data name="code"><value></value></Data>
          <Data name="class"><value>Unknown</value></Data>
          <Data name="line"><value>Southern</value></Data>
          <Data name="district"><value></value></Data>
          <Data name="province"><value></value></Data>
          <Data name="lat"><value>9.2753613</value></Data>
          <Data name="lon"><value>99.1993514</value></Data>
          <Data name="coord_source"><value>thaitrainguide</value></Data>
          <Data name="ttg_url"><value>https://www.thaitrainguide.com/stations/southern-line/tha-chang/</value></Data>
          <Data name="is_new"><value>True</value></Data>
        </ExtendedData>
        <Point><coordinates>99.1993514,9.2753613,0</coordinates></Point>
      </Placemark>
      <Placemark>
        <name>Tha Chang South</name>
        <description>&lt;b&gt;Tha Chang South / ท่าฉาง&lt;/b&gt;&lt;br/&gt;Code:ทฉ. Class:2 Line:Southern&lt;br/&gt;District:Tha Chang Province:Surat Thani&lt;br/&gt;Source:osm_th_raw </description>
        <styleUrl>#style_class_2</styleUrl>
        <ExtendedData>
          <Data name="name_en"><value>Tha Chang South</value></Data>
          <Data name="name_th"><value>ท่าฉาง</value></Data>
          <Data name="code"><value>ทฉ.</value></Data>
          <Data name="class"><value>2</value></Data>
          <Data name="line"><value>Southern</value></Data>
          <Data name="district"><value>Tha Chang</value></Data>
          <Data name="province"><value>Surat Thani</value></Data>
          <Data name="lat"><value>9.2753412</value></Data>
          <Data name="lon"><value>99.1994232</value></Data>
          <Data name="coord_source"><value>osm_th_raw</value></Data>
          <Data name="ttg_url"><value></value></Data>
          <Data name="is_new"><value>False</value></Data>
        </ExtendedData>
        <Point><coordinates>99.1994232,9.2753412,0</coordinates></Point>
      </Placemark>
      <Placemark>
        <name>Tha Kilen</name>
        <description>&lt;b&gt;Tha Kilen / ท่ากิเลน&lt;/b&gt;&lt;br/&gt;Code: Class:Halt Line:Southern&lt;br/&gt;District: Province:&lt;br/&gt;Source:osm_en </description>
        <styleUrl>#style_class_Halt</styleUrl>
        <ExtendedData>
          <Data name="name_en"><value>Tha Kilen</value></Data>
          <Data name="name_th"><value>ท่ากิเลน</value></Data>
          <Data name="code"><value></value></Data>
          <Data name="class"><value>Halt</value></Data>
          <Data name="line"><value>Southern</value></Data>
          <Data name="district"><value></value></Data>
          <Data name="province"><value></value></Data>
          <Data name="lat"><value>14.0405939</value></Data>
          <Data name="lon"><value>99.257234</value></Data>
          <Data name="coord_source"><value>osm_en</value></Data>
          <Data name="ttg_url"><value></value></Data>
          <Data name="is_new"><value>False</value></Data>
        </ExtendedData>
        <Point><coordinates>99.257234,14.0405939,0</coordinates></Point>
      </Placemark>
      <Placemark>
        <name>Tha Maenglak</name>
        <description>&lt;b&gt;Tha Maenglak / ท่าแมงลัก&lt;/b&gt;&lt;br/&gt;Code: Class:Halt Line:Southern&lt;br/&gt;District: Province:&lt;br/&gt;Source:osm_en &lt;a href='https://www.thaitrainguide.com/stations/southern-line/tha-maenglak/'&gt;TTG&lt;/a&gt;</description>
        <styleUrl>#style_class_Halt</styleUrl>
        <ExtendedData>
          <Data name="name_en"><value>Tha Maenglak</value></Data>
          <Data name="name_th"><value>ท่าแมงลัก</value></Data>
          <Data name="code"><value></value></Data>
          <Data name="class"><value>Halt</value></Data>
          <Data name="line"><value>Southern</value></Data>
          <Data name="district"><value></value></Data>
          <Data name="province"><value></value></Data>
          <Data name="lat"><value>6.8908467</value></Data>
          <Data name="lon"><value>100.805846</value></Data>
          <Data name="coord_source"><value>osm_en</value></Data>
          <Data name="ttg_url"><value>https://www.thaitrainguide.com/stations/southern-line/tha-maenglak/</value></Data>
          <Data name="is_new"><value>False</value></Data>
        </ExtendedData>
        <Point><coordinates>100.805846,6.8908467,0</coordinates></Point>
      </Placemark>
      <Placemark>
        <name>Tha Rua</name>
        <description>&lt;b&gt;Tha Rua&lt;/b&gt;&lt;br/&gt;Code: Class:Unknown Line:Southern&lt;br/&gt;District: Province:&lt;br/&gt;Source:thaitrainguide </description>
        <styleUrl>#style_class_Unknown</styleUrl>
        <ExtendedData>
          <Data name="name_en"><value>Tha Rua</value></Data>
          <Data name="name_th"><value></value></Data>
          <Data name="code"><value></value></Data>
          <Data name="class"><value>Unknown</value></Data>
          <Data name="line"><value>Southern</value></Data>
          <Data name="district"><value></value></Data>
          <Data name="province"><value></value></Data>
          <Data name="lat"><value>14.5624472</value></Data>
          <Data name="lon"><value>100.7242741</value></Data>
          <Data name="coord_source"><value>thaitrainguide</value></Data>
          <Data name="ttg_url"><value></value></Data>
          <Data name="is_new"><value>True</value></Data>
        </ExtendedData>
        <Point><coordinates>100.7242741,14.5624472,0</coordinates></Point>
      </Placemark>
      <Placemark>
        <name>Tha Ruea Noi</name>
        <description>&lt;b&gt;Tha Ruea Noi / ท่าเรือน้อย&lt;/b&gt;&lt;br/&gt;Code: Class:Halt Line:Southern&lt;br/&gt;District: Province:&lt;br/&gt;Source:osm_en </description>
        <styleUrl>#style_class_Halt</styleUrl>
        <ExtendedData>
          <Data name="name_en"><value>Tha Ruea Noi</value></Data>
          <Data name="name_th"><value>ท่าเรือน้อย</value></Data>
          <Data name="code"><value></value></Data>
          <Data name="class"><value>Halt</value></Data>
          <Data name="line"><value>Southern</value></Data>
          <Data name="district"><value></value></Data>
          <Data name="province"><value></value></Data>
          <Data name="lat"><value>13.9562</value></Data>
          <Data name="lon"><value>99.7517548</value></Data>
          <Data name="coord_source"><value>osm_en</value></Data>
          <Data name="ttg_url"><value></value></Data>
          <Data name="is_new"><value>False</value></Data>
        </ExtendedData>
        <Point><coordinates>99.7517548,13.9562,0</coordinates></Point>
      </Placemark>
      <Placemark>
        <name>Tha Ta Suea</name>
        <description>&lt;b&gt;Tha Ta Suea / ท่าตาเสือ&lt;/b&gt;&lt;br/&gt;Code: Class:Halt Line:Southern&lt;br/&gt;District: Province:&lt;br/&gt;Source:osm_en </description>
        <styleUrl>#style_class_Halt</styleUrl>
        <ExtendedData>
          <Data name="name_en"><value>Tha Ta Suea</value></Data>
          <Data name="name_th"><value>ท่าตาเสือ</value></Data>
          <Data name="code"><value></value></Data>
          <Data name="class"><value>Halt</value></Data>
          <Data name="line"><value>Southern</value></Data>
          <Data name="district"><value></value></Data>
          <Data name="province"><value></value></Data>
          <Data name="lat"><value>14.0046913</value></Data>
          <Data name="lon"><value>99.2873536</value></Data>
          <Data name="coord_source"><value>osm_en</value></Data>
          <Data name="ttg_url"><value></value></Data>
          <Data name="is_new"><value>False</value></Data>
        </ExtendedData>
        <Point><coordinates>99.2873536,14.0046913,0</coordinates></Point>
      </Placemark>
      <Placemark>
        <name>Tha Thong</name>
        <description>&lt;b&gt;Tha Thong / ท่าทอง&lt;/b&gt;&lt;br/&gt;Code: Class:Halt Line:Southern&lt;br/&gt;District: Province:&lt;br/&gt;Source:osm_en &lt;a href='https://www.thaitrainguide.com/stations/southern-line/tha-thong/'&gt;TTG&lt;/a&gt;</description>
        <styleUrl>#style_class_Halt</styleUrl>
        <ExtendedData>
          <Data name="name_en"><value>Tha Thong</value></Data>
          <Data name="name_th"><value>ท่าทอง</value></Data>
          <Data name="code"><value></value></Data>
          <Data name="class"><value>Halt</value></Data>
          <Data name="line"><value>Southern</value></Data>
          <Data name="district"><value></value></Data>
          <Data name="province"><value></value></Data>
          <Data name="lat"><value>10.0438934</value></Data>
          <Data name="lon"><value>99.0932623</value></Data>
          <Data name="coord_source"><value>osm_en</value></Data>
          <Data name="ttg_url"><value>https://www.thaitrainguide.com/stations/southern-line/tha-thong/</value></Data>
          <Data name="is_new"><value>False</value></Data>
        </ExtendedData>
        <Point><coordinates>99.0932623,10.0438934,0</coordinates></Point>
      </Placemark>
      <Placemark>
        <name>Than Pho</name>
        <description>&lt;b&gt;Than Pho / ทานพอ&lt;/b&gt;&lt;br/&gt;Code: Class:Halt Line:Southern&lt;br/&gt;District: Province:&lt;br/&gt;Source:osm_en </description>
        <styleUrl>#style_class_Halt</styleUrl>
        <ExtendedData>
          <Data name="name_en"><value>Than Pho</value></Data>
          <Data name="name_th"><value>ทานพอ</value></Data>
          <Data name="code"><value></value></Data>
          <Data name="class"><value>Halt</value></Data>
          <Data name="line"><value>Southern</value></Data>
          <Data name="district"><value></value></Data>
          <Data name="province"><value></value></Data>
          <Data name="lat"><value>8.4672406</value></Data>
          <Data name="lon"><value>99.4919428</value></Data>
          <Data name="coord_source"><value>osm_en</value></Data>
          <Data name="ttg_url"><value></value></Data>
          <Data name="is_new"><value>False</value></Data>
        </ExtendedData>
        <Point><coordinates>99.4919428,8.4672406,0</coordinates></Point>
      </Placemark>
      <Placemark>
        <name>Thanon Songpol</name>
        <description>&lt;b&gt;Thanon Songpol / ถนนทรงพล&lt;/b&gt;&lt;br/&gt;Code: Class:Halt Line:Southern&lt;br/&gt;District: Province:&lt;br/&gt;Source:osm_fuzzy_en_0.87 </description>
        <styleUrl>#style_class_Halt</styleUrl>
        <ExtendedData>
          <Data name="name_en"><value>Thanon Songpol</value></Data>
          <Data name="name_th"><value>ถนนทรงพล</value></Data>
          <Data name="code"><value></value></Data>
          <Data name="class"><value>Halt</value></Data>
          <Data name="line"><value>Southern</value></Data>
          <Data name="district"><value></value></Data>
          <Data name="province"><value></value></Data>
          <Data name="lat"><value>13.8167441</value></Data>
          <Data name="lon"><value>99.877273</value></Data>
          <Data name="coord_source"><value>osm_fuzzy_en_0.87</value></Data>
          <Data name="ttg_url"><value></value></Data>
          <Data name="is_new"><value>False</value></Data>
        </ExtendedData>
        <Point><coordinates>99.877273,13.8167441,0</coordinates></Point>
      </Placemark>
      <Placemark>
        <name>Thanpho Station</name>
        <description>&lt;b&gt;Thanpho Station&lt;/b&gt;&lt;br/&gt;Code: Class:Unknown Line:Southern&lt;br/&gt;District: Province:&lt;br/&gt;Source:thaitrainguide &lt;a href='https://www.thaitrainguide.com/stations/southern-line/thanpho/'&gt;TTG&lt;/a&gt;</description>
        <styleUrl>#style_class_Unknown</styleUrl>
        <ExtendedData>
          <Data name="name_en"><value>Thanpho Station</value></Data>
          <Data name="name_th"><value></value></Data>
          <Data name="code"><value></value></Data>
          <Data name="class"><value>Unknown</value></Data>
          <Data name="line"><value>Southern</value></Data>
          <Data name="district"><value></value></Data>
          <Data name="province"><value></value></Data>
          <Data name="lat"><value>8.4671538</value></Data>
          <Data name="lon"><value>99.4917713</value></Data>
          <Data name="coord_source"><value>thaitrainguide</value></Data>
          <Data name="ttg_url"><value>https://www.thaitrainguide.com/stations/southern-line/thanpho/</value></Data>
          <Data name="is_new"><value>True</value></Data>
        </ExtendedData>
        <Point><coordinates>99.4917713,8.4671538,0</coordinates></Point>
      </Placemark>
      <Placemark>
        <name>Thap Sakae</name>
        <description>&lt;b&gt;Thap Sakae / ทับสะแก&lt;/b&gt;&lt;br/&gt;Code:สก. Class:3 Line:Southern&lt;br/&gt;District:Thap Sakae Province:Prachuap Khiri Khan&lt;br/&gt;Source:osm_th_raw &lt;a href='https://www.thaitrainguide.com/stations/southern-line/thap-sakae/'&gt;TTG&lt;/a&gt;</description>
        <styleUrl>#style_class_3</styleUrl>
        <ExtendedData>
          <Data name="name_en"><value>Thap Sakae</value></Data>
          <Data name="name_th"><value>ทับสะแก</value></Data>
          <Data name="code"><value>สก.</value></Data>
          <Data name="class"><value>3</value></Data>
          <Data name="line"><value>Southern</value></Data>
          <Data name="district"><value>Thap Sakae</value></Data>
          <Data name="province"><value>Prachuap Khiri Khan</value></Data>
          <Data name="lat"><value>11.4990935</value></Data>
          <Data name="lon"><value>99.623055</value></Data>
          <Data name="coord_source"><value>osm_th_raw</value></Data>
          <Data name="ttg_url"><value>https://www.thaitrainguide.com/stations/southern-line/thap-sakae/</value></Data>
          <Data name="is_new"><value>False</value></Data>
        </ExtendedData>
        <Point><coordinates>99.623055,11.4990935,0</coordinates></Point>
      </Placemark>
      <Placemark>
        <name>Thepha</name>
        <description>&lt;b&gt;Thepha / เทพา&lt;/b&gt;&lt;br/&gt;Code:เท. Class:2 Line:Southern&lt;br/&gt;District:Thepha Province:Songkhla&lt;br/&gt;Source:osm_th_raw &lt;a href='https://www.thaitrainguide.com/stations/southern-line/thepha/'&gt;TTG&lt;/a&gt;</description>
        <styleUrl>#style_class_2</styleUrl>
        <ExtendedData>
          <Data name="name_en"><value>Thepha</value></Data>
          <Data name="name_th"><value>เทพา</value></Data>
          <Data name="code"><value>เท.</value></Data>
          <Data name="class"><value>2</value></Data>
          <Data name="line"><value>Southern</value></Data>
          <Data name="district"><value>Thepha</value></Data>
          <Data name="province"><value>Songkhla</value></Data>
          <Data name="lat"><value>6.8238492</value></Data>
          <Data name="lon"><value>100.970371</value></Data>
          <Data name="coord_source"><value>osm_th_raw</value></Data>
          <Data name="ttg_url"><value>https://www.thaitrainguide.com/stations/southern-line/thepha/</value></Data>
          <Data name="is_new"><value>False</value></Data>
        </ExtendedData>
        <Point><coordinates>100.970371,6.8238492,0</coordinates></Point>
      </Placemark>
      <Placemark>
        <name>Thi Wang</name>
        <description>&lt;b&gt;Thi Wang / ที่วัง&lt;/b&gt;&lt;br/&gt;Code: Class:Halt Line:Southern&lt;br/&gt;District: Province:&lt;br/&gt;Source:osm_en </description>
        <styleUrl>#style_class_Halt</styleUrl>
        <ExtendedData>
          <Data name="name_en"><value>Thi Wang</value></Data>
          <Data name="name_th"><value>ที่วัง</value></Data>
          <Data name="code"><value></value></Data>
          <Data name="class"><value>Halt</value></Data>
          <Data name="line"><value>Southern</value></Data>
          <Data name="district"><value></value></Data>
          <Data name="province"><value></value></Data>
          <Data name="lat"><value>8.0978292</value></Data>
          <Data name="lon"><value>99.6679751</value></Data>
          <Data name="coord_source"><value>osm_en</value></Data>
          <Data name="ttg_url"><value></value></Data>
          <Data name="is_new"><value>False</value></Data>
        </ExtendedData>
        <Point><coordinates>99.6679751,8.0978292,0</coordinates></Point>
      </Placemark>
      <Placemark>
        <name>Thon Buri</name>
        <description>&lt;b&gt;Thon Buri / ธนบุรี&lt;/b&gt;&lt;br/&gt;Code:ธบ. Class:1 Line:Southern&lt;br/&gt;District:Bangkok Noi Province:Bangkok&lt;br/&gt;Source:osm_th_raw </description>
        <styleUrl>#style_class_1</styleUrl>
        <ExtendedData>
          <Data name="name_en"><value>Thon Buri</value></Data>
          <Data name="name_th"><value>ธนบุรี</value></Data>
          <Data name="code"><value>ธบ.</value></Data>
          <Data name="class"><value>1</value></Data>
          <Data name="line"><value>Southern</value></Data>
          <Data name="district"><value>Bangkok Noi</value></Data>
          <Data name="province"><value>Bangkok</value></Data>
          <Data name="lat"><value>13.7605974</value></Data>
          <Data name="lon"><value>100.4787465</value></Data>
          <Data name="coord_source"><value>osm_th_raw</value></Data>
          <Data name="ttg_url"><value></value></Data>
          <Data name="is_new"><value>False</value></Data>
        </ExtendedData>
        <Point><coordinates>100.4787465,13.7605974,0</coordinates></Point>
      </Placemark>
      <Placemark>
        <name>Thung Kha</name>
        <description>&lt;b&gt;Thung Kha / ทุ่งคา&lt;/b&gt;&lt;br/&gt;Code: Class:Halt Line:Southern&lt;br/&gt;District: Province:&lt;br/&gt;Source:osm_en &lt;a href='https://www.thaitrainguide.com/stations/southern-line/thung-kha/'&gt;TTG&lt;/a&gt;</description>
        <styleUrl>#style_class_Halt</styleUrl>
        <ExtendedData>
          <Data name="name_en"><value>Thung Kha</value></Data>
          <Data name="name_th"><value>ทุ่งคา</value></Data>
          <Data name="code"><value></value></Data>
          <Data name="class"><value>Halt</value></Data>
          <Data name="line"><value>Southern</value></Data>
          <Data name="district"><value></value></Data>
          <Data name="province"><value></value></Data>
          <Data name="lat"><value>10.4025237</value></Data>
          <Data name="lon"><value>99.1377403</value></Data>
          <Data name="coord_source"><value>osm_en</value></Data>
          <Data name="ttg_url"><value>https://www.thaitrainguide.com/stations/southern-line/thung-kha/</value></Data>
          <Data name="is_new"><value>False</value></Data>
        </ExtendedData>
        <Point><coordinates>99.1377403,10.4025237,0</coordinates></Point>
      </Placemark>
      <Placemark>
        <name>Thung Mamao</name>
        <description>&lt;b&gt;Thung Mamao / ทุ่งมะเม่า&lt;/b&gt;&lt;br/&gt;Code: Class:Halt Line:Southern&lt;br/&gt;District: Province:&lt;br/&gt;Source:osm_en &lt;a href='https://www.thaitrainguide.com/stations/southern-line/thung-mamao/'&gt;TTG&lt;/a&gt;</description>
        <styleUrl>#style_class_Halt</styleUrl>
        <ExtendedData>
          <Data name="name_en"><value>Thung Mamao</value></Data>
          <Data name="name_th"><value>ทุ่งมะเม่า</value></Data>
          <Data name="code"><value></value></Data>
          <Data name="class"><value>Halt</value></Data>
          <Data name="line"><value>Southern</value></Data>
          <Data name="district"><value></value></Data>
          <Data name="province"><value></value></Data>
          <Data name="lat"><value>11.9216535</value></Data>
          <Data name="lon"><value>99.8196018</value></Data>
          <Data name="coord_source"><value>osm_en</value></Data>
          <Data name="ttg_url"><value>https://www.thaitrainguide.com/stations/southern-line/thung-mamao/</value></Data>
          <Data name="is_new"><value>False</value></Data>
        </ExtendedData>
        <Point><coordinates>99.8196018,11.9216535,0</coordinates></Point>
      </Placemark>
      <Placemark>
        <name>Thung Pradu</name>
        <description>&lt;b&gt;Thung Pradu / ทุ่งประดู่&lt;/b&gt;&lt;br/&gt;Code: Class:Halt Line:Southern&lt;br/&gt;District: Province:&lt;br/&gt;Source:osm_en &lt;a href='https://www.thaitrainguide.com/stations/southern-line/thung-pradu/'&gt;TTG&lt;/a&gt;</description>
        <styleUrl>#style_class_Halt</styleUrl>
        <ExtendedData>
          <Data name="name_en"><value>Thung Pradu</value></Data>
          <Data name="name_th"><value>ทุ่งประดู่</value></Data>
          <Data name="code"><value></value></Data>
          <Data name="class"><value>Halt</value></Data>
          <Data name="line"><value>Southern</value></Data>
          <Data name="district"><value></value></Data>
          <Data name="province"><value></value></Data>
          <Data name="lat"><value>11.5266045</value></Data>
          <Data name="lon"><value>99.6358286</value></Data>
          <Data name="coord_source"><value>osm_en</value></Data>
          <Data name="ttg_url"><value>https://www.thaitrainguide.com/stations/southern-line/thung-pradu/</value></Data>
          <Data name="is_new"><value>False</value></Data>
        </ExtendedData>
        <Point><coordinates>99.6358286,11.5266045,0</coordinates></Point>
      </Placemark>
      <Placemark>
        <name>Thung Song Junction</name>
        <description>&lt;b&gt;Thung Song Junction / ชุมทางทุ่งสง&lt;/b&gt;&lt;br/&gt;Code:ทส. Class:1 Line:Southern&lt;br/&gt;District:Thung Song Province:Nakhon Si Thammarat&lt;br/&gt;Source:osm_th_raw &lt;a href='https://www.thaitrainguide.com/stations/southern-line/thung-song-junction/'&gt;TTG&lt;/a&gt;</description>
        <styleUrl>#style_class_1</styleUrl>
        <ExtendedData>
          <Data name="name_en"><value>Thung Song Junction</value></Data>
          <Data name="name_th"><value>ชุมทางทุ่งสง</value></Data>
          <Data name="code"><value>ทส.</value></Data>
          <Data name="class"><value>1</value></Data>
          <Data name="line"><value>Southern</value></Data>
          <Data name="district"><value>Thung Song</value></Data>
          <Data name="province"><value>Nakhon Si Thammarat</value></Data>
          <Data name="lat"><value>8.1707443</value></Data>
          <Data name="lon"><value>99.6794995</value></Data>
          <Data name="coord_source"><value>osm_th_raw</value></Data>
          <Data name="ttg_url"><value>https://www.thaitrainguide.com/stations/southern-line/thung-song-junction/</value></Data>
          <Data name="is_new"><value>False</value></Data>
        </ExtendedData>
        <Point><coordinates>99.6794995,8.1707443,0</coordinates></Point>
      </Placemark>
      <Placemark>
        <name>Thung Thong</name>
        <description>&lt;b&gt;Thung Thong / ทุ่งทอง&lt;/b&gt;&lt;br/&gt;Code: Class:Halt Line:Southern&lt;br/&gt;District: Province:&lt;br/&gt;Source:osm_en </description>
        <styleUrl>#style_class_Halt</styleUrl>
        <ExtendedData>
          <Data name="name_en"><value>Thung Thong</value></Data>
          <Data name="name_th"><value>ทุ่งทอง</value></Data>
          <Data name="code"><value></value></Data>
          <Data name="class"><value>Halt</value></Data>
          <Data name="line"><value>Southern</value></Data>
          <Data name="district"><value></value></Data>
          <Data name="province"><value></value></Data>
          <Data name="lat"><value>13.9797447</value></Data>
          <Data name="lon"><value>99.6402703</value></Data>
          <Data name="coord_source"><value>osm_en</value></Data>
          <Data name="ttg_url"><value></value></Data>
          <Data name="is_new"><value>False</value></Data>
        </ExtendedData>
        <Point><coordinates>99.6402703,13.9797447,0</coordinates></Point>
      </Placemark>
      <Placemark>
        <name>To Deng</name>
        <description>&lt;b&gt;To Deng / โต๊ะเด็ง&lt;/b&gt;&lt;br/&gt;Code: Class:Halt Line:Southern&lt;br/&gt;District: Province:&lt;br/&gt;Source:osm_fuzzy_en_0.92 </description>
        <styleUrl>#style_class_Halt</styleUrl>
        <ExtendedData>
          <Data name="name_en"><value>To Deng</value></Data>
          <Data name="name_th"><value>โต๊ะเด็ง</value></Data>
          <Data name="code"><value></value></Data>
          <Data name="class"><value>Halt</value></Data>
          <Data name="line"><value>Southern</value></Data>
          <Data name="district"><value></value></Data>
          <Data name="province"><value></value></Data>
          <Data name="lat"><value>6.1190919</value></Data>
          <Data name="lon"><value>101.8583575</value></Data>
          <Data name="coord_source"><value>osm_fuzzy_en_0.92</value></Data>
          <Data name="ttg_url"><value></value></Data>
          <Data name="is_new"><value>False</value></Data>
        </ExtendedData>
        <Point><coordinates>101.8583575,6.1190919,0</coordinates></Point>
      </Placemark>
      <Placemark>
        <name>Ton Samrong</name>
        <description>&lt;b&gt;Ton Samrong / ต้นสำโรง&lt;/b&gt;&lt;br/&gt;Code: Class:Halt Line:Southern&lt;br/&gt;District: Province:&lt;br/&gt;Source:osm_en &lt;a href='https://www.thaitrainguide.com/stations/southern-line/ton-samrong/'&gt;TTG&lt;/a&gt;</description>
        <styleUrl>#style_class_Halt</styleUrl>
        <ExtendedData>
          <Data name="name_en"><value>Ton Samrong</value></Data>
          <Data name="name_th"><value>ต้นสำโรง</value></Data>
          <Data name="code"><value></value></Data>
          <Data name="class"><value>Halt</value></Data>
          <Data name="line"><value>Southern</value></Data>
          <Data name="district"><value></value></Data>
          <Data name="province"><value></value></Data>
          <Data name="lat"><value>13.8255586</value></Data>
          <Data name="lon"><value>100.091305</value></Data>
          <Data name="coord_source"><value>osm_en</value></Data>
          <Data name="ttg_url"><value>https://www.thaitrainguide.com/stations/southern-line/ton-samrong/</value></Data>
          <Data name="is_new"><value>False</value></Data>
        </ExtendedData>
        <Point><coordinates>100.091305,13.8255586,0</coordinates></Point>
      </Placemark>
      <Placemark>
        <name>Trang</name>
        <description>&lt;b&gt;Trang / ตรัง&lt;/b&gt;&lt;br/&gt;Code:ตร. Class:1 Line:Southern&lt;br/&gt;District:Mueang Province:Trang&lt;br/&gt;Source:osm_th_raw </description>
        <styleUrl>#style_class_1</styleUrl>
        <ExtendedData>
          <Data name="name_en"><value>Trang</value></Data>
          <Data name="name_th"><value>ตรัง</value></Data>
          <Data name="code"><value>ตร.</value></Data>
          <Data name="class"><value>1</value></Data>
          <Data name="line"><value>Southern</value></Data>
          <Data name="district"><value>Mueang</value></Data>
          <Data name="province"><value>Trang</value></Data>
          <Data name="lat"><value>7.5544139</value></Data>
          <Data name="lon"><value>99.6044951</value></Data>
          <Data name="coord_source"><value>osm_th_raw</value></Data>
          <Data name="ttg_url"><value></value></Data>
          <Data name="is_new"><value>False</value></Data>
        </ExtendedData>
        <Point><coordinates>99.6044951,7.5544139,0</coordinates></Point>
      </Placemark>
      <Placemark>
        <name>Wang Duan</name>
        <description>&lt;b&gt;Wang Duan / วังด้วน&lt;/b&gt;&lt;br/&gt;Code: Class:Halt Line:Southern&lt;br/&gt;District: Province:&lt;br/&gt;Source:osm_en &lt;a href='https://www.thaitrainguide.com/stations/southern-line/wang-duan/'&gt;TTG&lt;/a&gt;</description>
        <styleUrl>#style_class_Halt</styleUrl>
        <ExtendedData>
          <Data name="name_en"><value>Wang Duan</value></Data>
          <Data name="name_th"><value>วังด้วน</value></Data>
          <Data name="code"><value></value></Data>
          <Data name="class"><value>Halt</value></Data>
          <Data name="line"><value>Southern</value></Data>
          <Data name="district"><value></value></Data>
          <Data name="province"><value></value></Data>
          <Data name="lat"><value>11.6879245</value></Data>
          <Data name="lon"><value>99.7224194</value></Data>
          <Data name="coord_source"><value>osm_en</value></Data>
          <Data name="ttg_url"><value>https://www.thaitrainguide.com/stations/southern-line/wang-duan/</value></Data>
          <Data name="is_new"><value>False</value></Data>
        </ExtendedData>
        <Point><coordinates>99.7224194,11.6879245,0</coordinates></Point>
      </Placemark>
      <Placemark>
        <name>Wang Lan</name>
        <description>&lt;b&gt;Wang Lan / วังลาน&lt;/b&gt;&lt;br/&gt;Code: Class:Halt Line:Southern&lt;br/&gt;District: Province:&lt;br/&gt;Source:osm_en </description>
        <styleUrl>#style_class_Halt</styleUrl>
        <ExtendedData>
          <Data name="name_en"><value>Wang Lan</value></Data>
          <Data name="name_th"><value>วังลาน</value></Data>
          <Data name="code"><value></value></Data>
          <Data name="class"><value>Halt</value></Data>
          <Data name="line"><value>Southern</value></Data>
          <Data name="district"><value></value></Data>
          <Data name="province"><value></value></Data>
          <Data name="lat"><value>13.9615645</value></Data>
          <Data name="lon"><value>99.4618096</value></Data>
          <Data name="coord_source"><value>osm_en</value></Data>
          <Data name="ttg_url"><value></value></Data>
          <Data name="is_new"><value>False</value></Data>
        </ExtendedData>
        <Point><coordinates>99.4618096,13.9615645,0</coordinates></Point>
      </Placemark>
      <Placemark>
        <name>Wang Pho</name>
        <description>&lt;b&gt;Wang Pho / วังโพ&lt;/b&gt;&lt;br/&gt;Code: Class:Halt Line:Southern&lt;br/&gt;District: Province:&lt;br/&gt;Source:osm_en </description>
        <styleUrl>#style_class_Halt</styleUrl>
        <ExtendedData>
          <Data name="name_en"><value>Wang Pho</value></Data>
          <Data name="name_th"><value>วังโพ</value></Data>
          <Data name="code"><value></value></Data>
          <Data name="class"><value>Halt</value></Data>
          <Data name="line"><value>Southern</value></Data>
          <Data name="district"><value></value></Data>
          <Data name="province"><value></value></Data>
          <Data name="lat"><value>14.1202345</value></Data>
          <Data name="lon"><value>99.1395448</value></Data>
          <Data name="coord_source"><value>osm_en</value></Data>
          <Data name="ttg_url"><value></value></Data>
          <Data name="is_new"><value>False</value></Data>
        </ExtendedData>
        <Point><coordinates>99.1395448,14.1202345,0</coordinates></Point>
      </Placemark>
      <Placemark>
        <name>Wang Phong</name>
        <description>&lt;b&gt;Wang Phong / วังก์พง&lt;/b&gt;&lt;br/&gt;Code: Class:Halt Line:Southern&lt;br/&gt;District: Province:&lt;br/&gt;Source:osm_en &lt;a href='https://www.thaitrainguide.com/stations/southern-line/wang-phong/'&gt;TTG&lt;/a&gt;</description>
        <styleUrl>#style_class_Halt</styleUrl>
        <ExtendedData>
          <Data name="name_en"><value>Wang Phong</value></Data>
          <Data name="name_th"><value>วังก์พง</value></Data>
          <Data name="code"><value></value></Data>
          <Data name="class"><value>Halt</value></Data>
          <Data name="line"><value>Southern</value></Data>
          <Data name="district"><value></value></Data>
          <Data name="province"><value></value></Data>
          <Data name="lat"><value>12.4007827</value></Data>
          <Data name="lon"><value>99.9322068</value></Data>
          <Data name="coord_source"><value>osm_en</value></Data>
          <Data name="ttg_url"><value>https://www.thaitrainguide.com/stations/southern-line/wang-phong/</value></Data>
          <Data name="is_new"><value>False</value></Data>
        </ExtendedData>
        <Point><coordinates>99.9322068,12.4007827,0</coordinates></Point>
      </Placemark>
      <Placemark>
        <name>Wang Sing</name>
        <description>&lt;b&gt;Wang Sing / วังสิงห์&lt;/b&gt;&lt;br/&gt;Code: Class:Halt Line:Southern&lt;br/&gt;District: Province:&lt;br/&gt;Source:osm_en </description>
        <styleUrl>#style_class_Halt</styleUrl>
        <ExtendedData>
          <Data name="name_en"><value>Wang Sing</value></Data>
          <Data name="name_th"><value>วังสิงห์</value></Data>
          <Data name="code"><value></value></Data>
          <Data name="class"><value>Halt</value></Data>
          <Data name="line"><value>Southern</value></Data>
          <Data name="district"><value></value></Data>
          <Data name="province"><value></value></Data>
          <Data name="lat"><value>14.0732058</value></Data>
          <Data name="lon"><value>99.2263435</value></Data>
          <Data name="coord_source"><value>osm_en</value></Data>
          <Data name="ttg_url"><value></value></Data>
          <Data name="is_new"><value>False</value></Data>
        </ExtendedData>
        <Point><coordinates>99.2263435,14.0732058,0</coordinates></Point>
      </Placemark>
      <Placemark>
        <name>Wang Takhian</name>
        <description>&lt;b&gt;Wang Takhian / วังตะเคียน&lt;/b&gt;&lt;br/&gt;Code: Class:Halt Line:Southern&lt;br/&gt;District: Province:&lt;br/&gt;Source:osm_en </description>
        <styleUrl>#style_class_Halt</styleUrl>
        <ExtendedData>
          <Data name="name_en"><value>Wang Takhian</value></Data>
          <Data name="name_th"><value>วังตะเคียน</value></Data>
          <Data name="code"><value></value></Data>
          <Data name="class"><value>Halt</value></Data>
          <Data name="line"><value>Southern</value></Data>
          <Data name="district"><value></value></Data>
          <Data name="province"><value></value></Data>
          <Data name="lat"><value>13.9531039</value></Data>
          <Data name="lon"><value>99.3747712</value></Data>
          <Data name="coord_source"><value>osm_en</value></Data>
          <Data name="ttg_url"><value></value></Data>
          <Data name="is_new"><value>False</value></Data>
        </ExtendedData>
        <Point><coordinates>99.3747712,13.9531039,0</coordinates></Point>
      </Placemark>
      <Placemark>
        <name>Wang Wua</name>
        <description>&lt;b&gt;Wang Wua / วังวัว&lt;/b&gt;&lt;br/&gt;Code: Class:Halt Line:Southern&lt;br/&gt;District: Province:&lt;br/&gt;Source:osm_en </description>
        <styleUrl>#style_class_Halt</styleUrl>
        <ExtendedData>
          <Data name="name_en"><value>Wang Wua</value></Data>
          <Data name="name_th"><value>วังวัว</value></Data>
          <Data name="code"><value></value></Data>
          <Data name="class"><value>Halt</value></Data>
          <Data name="line"><value>Southern</value></Data>
          <Data name="district"><value></value></Data>
          <Data name="province"><value></value></Data>
          <Data name="lat"><value>8.355674</value></Data>
          <Data name="lon"><value>99.9408891</value></Data>
          <Data name="coord_source"><value>osm_en</value></Data>
          <Data name="ttg_url"><value></value></Data>
          <Data name="is_new"><value>False</value></Data>
        </ExtendedData>
        <Point><coordinates>99.9408891,8.355674,0</coordinates></Point>
      </Placemark>
      <Placemark>
        <name>Wang Yai</name>
        <description>&lt;b&gt;Wang Yai / วังใหญ่&lt;/b&gt;&lt;br/&gt;Code: Class:Halt Line:Southern&lt;br/&gt;District: Province:&lt;br/&gt;Source:osm_en </description>
        <styleUrl>#style_class_Halt</styleUrl>
        <ExtendedData>
          <Data name="name_en"><value>Wang Yai</value></Data>
          <Data name="name_th"><value>วังใหญ่</value></Data>
          <Data name="code"><value></value></Data>
          <Data name="class"><value>Halt</value></Data>
          <Data name="line"><value>Southern</value></Data>
          <Data name="district"><value></value></Data>
          <Data name="province"><value></value></Data>
          <Data name="lat"><value>14.1955825</value></Data>
          <Data name="lon"><value>99.0891995</value></Data>
          <Data name="coord_source"><value>osm_en</value></Data>
          <Data name="ttg_url"><value></value></Data>
          <Data name="is_new"><value>False</value></Data>
        </ExtendedData>
        <Point><coordinates>99.0891995,14.1955825,0</coordinates></Point>
      </Placemark>
      <Placemark>
        <name>Wang Yen</name>
        <description>&lt;b&gt;Wang Yen / วังเย็น&lt;/b&gt;&lt;br/&gt;Code: Class:Halt Line:Southern&lt;br/&gt;District: Province:&lt;br/&gt;Source:osm_en </description>
        <styleUrl>#style_class_Halt</styleUrl>
        <ExtendedData>
          <Data name="name_en"><value>Wang Yen</value></Data>
          <Data name="name_th"><value>วังเย็น</value></Data>
          <Data name="code"><value></value></Data>
          <Data name="class"><value>Halt</value></Data>
          <Data name="line"><value>Southern</value></Data>
          <Data name="district"><value></value></Data>
          <Data name="province"><value></value></Data>
          <Data name="lat"><value>13.9432669</value></Data>
          <Data name="lon"><value>99.4158946</value></Data>
          <Data name="coord_source"><value>osm_en</value></Data>
          <Data name="ttg_url"><value></value></Data>
          <Data name="is_new"><value>False</value></Data>
        </ExtendedData>
        <Point><coordinates>99.4158946,13.9432669,0</coordinates></Point>
      </Placemark>
      <Placemark>
        <name>Wat Chang Hai</name>
        <description>&lt;b&gt;Wat Chang Hai / วัดช้างให้&lt;/b&gt;&lt;br/&gt;Code: Class:Halt Line:Southern&lt;br/&gt;District: Province:&lt;br/&gt;Source:osm_en </description>
        <styleUrl>#style_class_Halt</styleUrl>
        <ExtendedData>
          <Data name="name_en"><value>Wat Chang Hai</value></Data>
          <Data name="name_th"><value>วัดช้างให้</value></Data>
          <Data name="code"><value></value></Data>
          <Data name="class"><value>Halt</value></Data>
          <Data name="line"><value>Southern</value></Data>
          <Data name="district"><value></value></Data>
          <Data name="province"><value></value></Data>
          <Data name="lat"><value>6.6673265</value></Data>
          <Data name="lon"><value>101.1703266</value></Data>
          <Data name="coord_source"><value>osm_en</value></Data>
          <Data name="ttg_url"><value></value></Data>
          <Data name="is_new"><value>False</value></Data>
        </ExtendedData>
        <Point><coordinates>101.1703266,6.6673265,0</coordinates></Point>
      </Placemark>
      <Placemark>
        <name>Wat Khuan Mit</name>
        <description>&lt;b&gt;Wat Khuan Mit / วัดควนมีด&lt;/b&gt;&lt;br/&gt;Code: Class:Halt Line:Southern&lt;br/&gt;District: Province:&lt;br/&gt;Source:osm_en &lt;a href='https://www.thaitrainguide.com/stations/southern-line/wat-khuan-mit/'&gt;TTG&lt;/a&gt;</description>
        <styleUrl>#style_class_Halt</styleUrl>
        <ExtendedData>
          <Data name="name_en"><value>Wat Khuan Mit</value></Data>
          <Data name="name_th"><value>วัดควนมีด</value></Data>
          <Data name="code"><value></value></Data>
          <Data name="class"><value>Halt</value></Data>
          <Data name="line"><value>Southern</value></Data>
          <Data name="district"><value></value></Data>
          <Data name="province"><value></value></Data>
          <Data name="lat"><value>6.9720868</value></Data>
          <Data name="lon"><value>100.6663893</value></Data>
          <Data name="coord_source"><value>osm_en</value></Data>
          <Data name="ttg_url"><value>https://www.thaitrainguide.com/stations/southern-line/wat-khuan-mit/</value></Data>
          <Data name="is_new"><value>False</value></Data>
        </ExtendedData>
        <Point><coordinates>100.6663893,6.9720868,0</coordinates></Point>
      </Placemark>
      <Placemark>
        <name>Wat Khuan Phayer</name>
        <description>&lt;b&gt;Wat Khuan Phayer / วัดควนเผยอ&lt;/b&gt;&lt;br/&gt;Code: Class:Halt Line:Southern&lt;br/&gt;District: Province:&lt;br/&gt;Source:osm_fuzzy_en_0.94 &lt;a href='https://www.thaitrainguide.com/stations/southern-line/wat-khuan-phayer/'&gt;TTG&lt;/a&gt;</description>
        <styleUrl>#style_class_Halt</styleUrl>
        <ExtendedData>
          <Data name="name_en"><value>Wat Khuan Phayer</value></Data>
          <Data name="name_th"><value>วัดควนเผยอ</value></Data>
          <Data name="code"><value></value></Data>
          <Data name="class"><value>Halt</value></Data>
          <Data name="line"><value>Southern</value></Data>
          <Data name="district"><value></value></Data>
          <Data name="province"><value></value></Data>
          <Data name="lat"><value>7.2594839</value></Data>
          <Data name="lon"><value>100.299337</value></Data>
          <Data name="coord_source"><value>osm_fuzzy_en_0.94</value></Data>
          <Data name="ttg_url"><value>https://www.thaitrainguide.com/stations/southern-line/wat-khuan-phayer/</value></Data>
          <Data name="is_new"><value>False</value></Data>
        </ExtendedData>
        <Point><coordinates>100.299337,7.2594839,0</coordinates></Point>
      </Placemark>
      <Placemark>
        <name>Wat Ngiu Rai</name>
        <description>&lt;b&gt;Wat Ngiu Rai / วัดงิ้วราย&lt;/b&gt;&lt;br/&gt;Code: Class:Halt Line:Southern&lt;br/&gt;District: Province:&lt;br/&gt;Source:osm_fuzzy_en_0.92 &lt;a href='https://www.thaitrainguide.com/stations/southern-line/wat-ngiu-rai/'&gt;TTG&lt;/a&gt;</description>
        <styleUrl>#style_class_Halt</styleUrl>
        <ExtendedData>
          <Data name="name_en"><value>Wat Ngiu Rai</value></Data>
          <Data name="name_th"><value>วัดงิ้วราย</value></Data>
          <Data name="code"><value></value></Data>
          <Data name="class"><value>Halt</value></Data>
          <Data name="line"><value>Southern</value></Data>
          <Data name="district"><value></value></Data>
          <Data name="province"><value></value></Data>
          <Data name="lat"><value>13.8079539</value></Data>
          <Data name="lon"><value>100.2160471</value></Data>
          <Data name="coord_source"><value>osm_fuzzy_en_0.92</value></Data>
          <Data name="ttg_url"><value>https://www.thaitrainguide.com/stations/southern-line/wat-ngiu-rai/</value></Data>
          <Data name="is_new"><value>False</value></Data>
        </ExtendedData>
        <Point><coordinates>100.2160471,13.8079539,0</coordinates></Point>
      </Placemark>
      <Placemark>
        <name>Wat Suwan</name>
        <description>&lt;b&gt;Wat Suwan / วัดสุวรรณ&lt;/b&gt;&lt;br/&gt;Code: Class:Halt Line:Southern&lt;br/&gt;District: Province:&lt;br/&gt;Source:osm_en &lt;a href='https://www.thaitrainguide.com/stations/southern-line/wat-suwan/'&gt;TTG&lt;/a&gt;</description>
        <styleUrl>#style_class_Halt</styleUrl>
        <ExtendedData>
          <Data name="name_en"><value>Wat Suwan</value></Data>
          <Data name="name_th"><value>วัดสุวรรณ</value></Data>
          <Data name="code"><value></value></Data>
          <Data name="class"><value>Halt</value></Data>
          <Data name="line"><value>Southern</value></Data>
          <Data name="district"><value></value></Data>
          <Data name="province"><value></value></Data>
          <Data name="lat"><value>13.8056747</value></Data>
          <Data name="lon"><value>100.2834246</value></Data>
          <Data name="coord_source"><value>osm_en</value></Data>
          <Data name="ttg_url"><value>https://www.thaitrainguide.com/stations/southern-line/wat-suwan/</value></Data>
          <Data name="is_new"><value>False</value></Data>
        </ExtendedData>
        <Point><coordinates>100.2834246,13.8056747,0</coordinates></Point>
      </Placemark>
      <Placemark>
        <name>Whagor</name>
        <description>&lt;b&gt;Whagor / หว้ากอ&lt;/b&gt;&lt;br/&gt;Code: Class:Halt Line:Southern&lt;br/&gt;District: Province:&lt;br/&gt;Source:unverified &lt;a href='https://www.thaitrainguide.com/stations/southern-line/whagor/'&gt;TTG&lt;/a&gt;</description>
        <styleUrl>#style_class_Halt</styleUrl>
        <ExtendedData>
          <Data name="name_en"><value>Whagor</value></Data>
          <Data name="name_th"><value>หว้ากอ</value></Data>
          <Data name="code"><value></value></Data>
          <Data name="class"><value>Halt</value></Data>
          <Data name="line"><value>Southern</value></Data>
          <Data name="district"><value></value></Data>
          <Data name="province"><value></value></Data>
          <Data name="lat"><value>11.7176547</value></Data>
          <Data name="lon"><value>99.7539158</value></Data>
          <Data name="coord_source"><value>unverified</value></Data>
          <Data name="ttg_url"><value>https://www.thaitrainguide.com/stations/southern-line/whagor/</value></Data>
          <Data name="is_new"><value>False</value></Data>
        </ExtendedData>
        <Point><coordinates>99.7539158,11.7176547,0</coordinates></Point>
      </Placemark>
      <Placemark>
        <name>Wisai</name>
        <description>&lt;b&gt;Wisai / วิสัย&lt;/b&gt;&lt;br/&gt;Code: Class:Halt Line:Southern&lt;br/&gt;District: Province:&lt;br/&gt;Source:osm_en &lt;a href='https://www.thaitrainguide.com/stations/southern-line/wisai/'&gt;TTG&lt;/a&gt;</description>
        <styleUrl>#style_class_Halt</styleUrl>
        <ExtendedData>
          <Data name="name_en"><value>Wisai</value></Data>
          <Data name="name_th"><value>วิสัย</value></Data>
          <Data name="code"><value></value></Data>
          <Data name="class"><value>Halt</value></Data>
          <Data name="line"><value>Southern</value></Data>
          <Data name="district"><value></value></Data>
          <Data name="province"><value></value></Data>
          <Data name="lat"><value>10.3282095</value></Data>
          <Data name="lon"><value>99.1116166</value></Data>
          <Data name="coord_source"><value>osm_en</value></Data>
          <Data name="ttg_url"><value>https://www.thaitrainguide.com/stations/southern-line/wisai/</value></Data>
          <Data name="is_new"><value>False</value></Data>
        </ExtendedData>
        <Point><coordinates>99.1116166,10.3282095,0</coordinates></Point>
      </Placemark>
      <Placemark>
        <name>Yala</name>
        <description>&lt;b&gt;Yala / ยะลา&lt;/b&gt;&lt;br/&gt;Code:ยล. Class:1 Line:Southern&lt;br/&gt;District:Mueang Province:Yala&lt;br/&gt;Source:osm_th_raw </description>
        <styleUrl>#style_class_1</styleUrl>
        <ExtendedData>
          <Data name="name_en"><value>Yala</value></Data>
          <Data name="name_th"><value>ยะลา</value></Data>
          <Data name="code"><value>ยล.</value></Data>
          <Data name="class"><value>1</value></Data>
          <Data name="line"><value>Southern</value></Data>
          <Data name="district"><value>Mueang</value></Data>
          <Data name="province"><value>Yala</value></Data>
          <Data name="lat"><value>6.5604967</value></Data>
          <Data name="lon"><value>101.2930041</value></Data>
          <Data name="coord_source"><value>osm_th_raw</value></Data>
          <Data name="ttg_url"><value></value></Data>
          <Data name="is_new"><value>False</value></Data>
        </ExtendedData>
        <Point><coordinates>101.2930041,6.5604967,0</coordinates></Point>
      </Placemark>
    </Folder>
  </Document>
</kml>
